full_name,first_name,last_name,linkedin_url,member_urn,public_identifier,city,state,country,location,company,job_title,source_file,dedup_key_used,company_description,company_employees,company_founded_year,company_industry,company_linkedin_id,company_linkedin_url,company_location,company_specialities,company_website,job_description,job_started_on,premium,profile_picture_url,recently_hired,summary,id,last_updated,headline,company_url,followers_count,personal_website,ism_batch_start,ism_batch_end,colleges,mobile_number,remark,category_1,category_2,personal_email,work_email,assumed_mobile_no,branch,degree,company_id,lead_status
Kamal Jain,Kamal,Jain,https://www.linkedin.com/in/kamal-jain-051a6b5,urn:li:member:17561725,kamal-jain-051a6b5,Guwahati,Assam,India,"Guwahati, Assam, India",K C and Sons,Managing Partner,10+yoe_global,member_urn,,,,,,,,,,,12/2012,true,https://media.licdn.com/dms/image/v2/C5603AQGvtI2EL9-bCg/profile-displayphoto-shrink_100_100/profile-displayphoto-shrink_100_100/0/1642307378952?e=1788998400&v=beta&t=YK1wbfL-arx51duYl8N9oWDoK3X3CFB0Fk9zTOYXmlw,false,"Managing Partner at K C & Sons, working across polymer manufacturing, recycling, distribution, and solar energy in North-East India. Career began with Tetra Tech India as an Environmental Engineer (2006–2009), building a strong foundation in sustainability and operations. Founded K C & Sons in 2010 as a flexible plastic manufacturing firm. Expanded into plastic recycling in 2017 to support responsible material use. Appointed in 2021 as DCA – North-East Region for HPCL-Mittal Energy Limited, managing polymer distribution across PP and PE segments. In 2025, added solar distribution to integrate clean energy into industrial operations. Focused on building a strong, future-ready industrial ecosystem combining polymers, recycling, and renewable energy.",223,2026-09-01 21:00:56.853 +0530,,,,,,,,,,,,"kamal.jain@tetratech.com, chemkamal@yahoo.co.in",kamal.jain@tetratech.com,,,,2066,
Kamal Nayan,Kamal,Nayan,https://www.linkedin.com/in/kamal-nayan-b5854b19,urn:li:member:64053428,kamal-nayan-b5854b19,,,Greater Delhi Area,Greater Delhi Area,Steel Authority of India Limited,Industrial Engineering,10+yoe_global,member_urn,,,,,,,,,,,,false,https://media.licdn.com/dms/image/v2/D5603AQGpq-oOK-nWlQ/profile-displayphoto-shrink_200_200/B56ZX3DE5IGcAY-/0/1743606534599?e=1788998400&v=beta&t=-1xYpBdztaNM9XpIZJH-yRg9ZuQVo6f3IazlDRfb74Y,false,"Expertise in cost optimization through systematic application of Value Engineering Experienced in CSR-led social engineering initiatives for sustainable community impact Proficient in e-auction, idle asset management, and resource optimization Strong background in project management, industrial operations, and HRD (Human Resource Development) Known for driving efficiency, value creation, and organizational excellence Aspires to contribute towards a blissful and high-quality life—personally and professionally Open to leadership roles such as a consultant CEO of a company or Consultant Director, enabling strategic impact and knowledge sharing",2508,2026-09-01 21:00:56.853 +0530,Business & Project Consultant| IIT Dhanbad,,,,,,,,,,,kamalnayan07@yahoo.co.in,,,,,2520,
KANAKA LATA DEVI,KANAKA LATA,DEVI,https://www.linkedin.com/in/kanaka-lata-devi-0842101a,urn:li:member:66210148,kanaka-lata-devi-0842101a,Gandhinagar,Gujarat,India,"Gandhinagar, Gujarat, India",GSPL INDIA TRANSCO LIMITED,Career transition,10+yoe_global,member_urn,,,,,,,,,,,,false,https://media.licdn.com/dms/image/v2/D4D03AQERYjB5bfy3Qg/profile-displayphoto-scale_200_200/B4DZnNx7ZqGwAY-/0/1760094045158?e=1788998400&v=beta&t=7mDUWRftlADZTj_ZFg0HCjsZ6tMVaiXbVLI9BJmmycY,false,"Transitioned from Geosciences to Gas Pipelines Transmission and subsequently to the City Gas Distribution (CGD) Procurement Department, where I manage materials sourcing, vendor coordination, contract support, and supply chain optimization to ensure timely and cost-effective material availability. This cross-functional experience across upstream, midstream, and downstream oil and gas operations has strengthened my technical, operational, and procurement expertise.",2515,2026-09-01 21:00:56.853 +0530,"Currently associated with the Materials Department at Gujarat Energy Limited (GEL), Gujarat",,,,,,,,,,,"kanakgeo@gmail.com, kanak.geo@gmail.com",,,,,1913,
Kapil Madhok,Kapil,Madhok,https://www.linkedin.com/in/kapil-madhok-39a95aa,urn:li:member:32220838,kapil-madhok-39a95aa,Bengaluru,Karnataka,India,"Bengaluru, Karnataka, India",Bosch Global Software Technologies,Associate Director - Projects,10+yoe_global,member_urn,,,,,,,,,,,,false,,false,"A seasoned IT professional with over two decades of experience, specializing in cloud strategy, delivery optimization, and business transformation. Proven track record of driving productivity, enhancing systems and procedures, and delivering significant contributions to business growth. In my most recent role, I was responsible for the end-to-end delivery and account management of a global team of 300+ engineers, managing an annual revenue exceeding US $25 million. o Recognized for managing large development releases for global customers like Sprint, Bell Canada, AT&T o Passionate about driving new technology adoption especially cloud-based solutions for achieving client's digital transformation o Adept at managing team sizes of over 300 (offshore & onshore) and annual revenues of over US $25 million o Demonstrated success in negotiating win-win compromises o Achieved and sustained a high degree of customer satisfaction through scalable solutions, support ecosystem, and effective communication tools and systems o Champion in achieving customer delight and driving CSAT scores up from low levels o Successfully executed several large onshore to offshore transition and knowledge transfer with onsite and remote teams o Recognized as an expert in raising incremental revenue through new business opportunity identification in existing customer portfolio, wallet share increase, and new product penetration o Skilled at managed global teams within traditional/matrix structures and significant diversity in scope, ambiguity, risk, and 3rd party dependencies o Experienced in recruiting at scale, setting and managing expectations, conflict resolution, and performance evaluation",3473,2026-09-01 21:00:56.853 +0530,Delivery Head | Delivery Strategy and Governance | Cloud Technology Expert,,,,,,,,,,,kmadhok@ibm.com,kmadhok@ibm.com,,,,1610,
Kishore Mondal,Kishore,Mondal,https://www.linkedin.com/in/kishore-mondal-27629aa2,urn:li:member:364991994,kishore-mondal-27629aa2,Angul,Odisha,India,"Angul, Odisha, India",Rungta Sons Pvt. Ltd.,General Manager,10+yoe_global,member_urn,,,,,,,,,,,4/2026,false,https://media.licdn.com/dms/image/v2/C5603AQHtJ63q0Qr_iA/profile-displayphoto-shrink_100_100/profile-displayphoto-shrink_100_100/0/1617706142466?e=1788998400&v=beta&t=Aas-TzKW71zVe3d9uyxFOGxdNoPo-VDBf2gplo9ZFQ4,false,"Experience: Over 18 years of working experience in mining industry and with good exposure in Exploration (Bauxite, Coal), Quality Control & Mine Planning and developed competency in different area of exploration activities, sampling, GIS, preparation of geological model, Resource & Reserve estimation, Pit & Dump design, Reserve Database preparation, Target & Detailed scheduling, Design Haul roads & lead-lift estimation and representation & technical report writing. Goals: To prosper in a challenging geological profession which ensure job satisfaction and career growth, same time want to make a healthy impression on company, to achieve its goal. Specialties: - Preparation of Geological database, Seam correlation and structural interpretation, fault modelling & Reserve and Resource evaluation, quality and structural reconciliation using software viz. Geovia-Minex 6.5.5 (for stratified deposits) and ore body/block model by Datamine studio 3 (bauxite) - Geological seam and 3D fault modelling, Pit & Dump design and Reserve database, Schedule Coal feed and OB excavation, Design Haul roads & lead-lift estimation, monthly quality parameter planning & schedule equipment deployment in the areas of mining. -Lithostructural mapping in different scale -QA/QC protocols in sampling and geostatistical analysis, -Exploration borehole planning for greenfield project as well as brown field project, lead exploration project, lithological logging, Reconciliation of lithological logging & geophysical log, seam correlation - Software skills: Minex, Datamine studio, Autocad 3D, Global Mapper, Arc GIS etc.",156,2026-09-01 21:00:56.853 +0530,,,,,,,,,,,,kishore.mondal@tatasteel.com,kishore.mondal@tatasteel.com,,,,2384,
KISLAY SRIVASTAVA,KISLAY,SRIVASTAVA,https://www.linkedin.com/in/kislay-srivastava-3525bab3,urn:li:member:404597870,kislay-srivastava-3525bab3,New Delhi,Delhi,India,"New Delhi, Delhi, India",RDSolutions,Senior Software Engineer,6-10yoe_global_indian,member_urn,,,,,,,,,,,,false,https://media.licdn.com/dms/image/v2/C4D03AQH-gQqgN4ArBA/profile-displayphoto-shrink_100_100/profile-displayphoto-shrink_100_100/0/1629274059842?e=1788998400&v=beta&t=aJzmIRuWHarcXqWm6nNKr6YXLMoTD1hIYiIeHyNO3Do,false,"With over 8 years of professional experience, I specialize in software development and infrastructure, with a focus on designing robust ETL/ELT pipelines, deploying scalable applications on Azure, and automating infrastructure using Terraform and Docker containers. Currently, I contribute as a Senior Software Engineer at RDSolutions, where our team streamlines data processing and enhances application reliability. Passionate about creating efficient and scalable solutions, I am dedicated to leveraging my expertise in software industry technologies to drive impactful results. My goal is to continue building fault-tolerant systems and advancing my skills in cloud-based application development to deliver innovative and reliable solutions.",2038,2026-09-01 21:00:56.853 +0530,RDSolutions,https://www.linkedin.com/company/rdsolutions-formerly-retail-data,1786,,2013,2015,"{""Indian Institute of Technology (Indian School of Mines), Dhanbad""}",,,,,kislay_srivastava@infosys.com,kislay_srivastava@infosys.com,,,,2348,
Koorma Rajendra Babu,Koorma,Rajendra Babu,https://www.linkedin.com/in/koorma-rajendra-babu-77879326,urn:li:member:91514252,koorma-rajendra-babu-77879326,Kakinada,Andhra Pradesh,India,"Kakinada, Andhra Pradesh, India","GMR Institute of Technology - Rajam , Andhra Pradesh",Assistant Professor,6-10yoe_global_indian,member_urn,,,,,,,,,,,,false,https://media.licdn.com/dms/image/v2/D4D03AQGV2H0EM7aTgw/profile-displayphoto-scale_200_200/B4DZlFj5lSGsAY-/0/1757808669173?e=1788998400&v=beta&t=jhN_rmbRriP65vBuoAbcH2PZsWFqaIDFFdqve4ZY87c,false,"Passionate Educator | Researcher | Transportation & Highway Engineering Enthusiast Dedicated Assistant Professor with a strong foundation in Transportation & Highway Engineering and a passion for shaping the next generation of engineers. With a Masters from NIT Warangal, I thrive at the intersection of teaching, research, and practical application, striving to make a meaningful impact in both academia and industry. Teaching & Mentorship: I believe in fostering curiosity-driven learning, making complex engineering concepts accessible, and empowering students to think critically. Research & Innovation: My interests lie in Traffic Engineering, Transportation Planning, and Sustainable Infrastructure Development, with a keen focus on applying advanced tools like AutoCAD, ArcGIS, and data-driven analysis to real-world challenges. Commitment to Growth: Beyond the classroom, I am a lifelong learner constantly exploring emerging trends in transportation systems, smart mobility solutions, and infrastructure resilience. With a strong academic background, hands-on experience, and an unwavering passion for knowledge-sharing, I strive to bridge the gap between theory and practice, equipping students with the skills to innovate, lead, and transform the field of transportation engineering.",2147,2026-09-01 21:00:56.853 +0530,"GMR Institute of Technology - Rajam , Andhra Pradesh",,1051,,2021,2025,"{""Indian Institute of Technology (Indian School of Mines), Dhanbad""}",,,,,koorma.rajendra@gmail.com,,,,,1877,
Kumar Tanmay,Kumar,Tanmay,https://www.linkedin.com/in/kumartanmay91,urn:li:member:219161597,kumartanmay91,Kolkata,West Bengal,India,"Kolkata, West Bengal, India",PwC India,,10+yoe_global,member_urn,,,,,,,,,,,,true,https://media.licdn.com/dms/image/v2/C4E03AQFZPq2_rQBsoQ/profile-displayphoto-shrink_100_100/profile-displayphoto-shrink_100_100/0/1611296267141?e=1788998400&v=beta&t=zE8bSKS_scQy3zD0YHLMaRfKVLhpMeS6bjFXRC_yQKw,false,,3481,2026-09-01 21:00:56.853 +0530,Strategy & growth consulting - ESDM and Semiconductor,,,,,,,,,,,kxt207@case.edu,kxt207@case.edu,,,,2327,
chetan V.,chetan,V.,https://www.linkedin.com/in/chetanism,urn:li:member:49205358,chetanism,,,India,India,Clik.ai,VP of Technology,10+yoe_global,member_urn,"Clik.ai builds human-assisted AI tools to accelerate underwriting of multifamily and commercial real estate properties. The platform provides the capability to ingest and analyse income statement and rent roll documents in pdf, scan or excel format and allows you to create investment models without any manual input. It is one of the most actively used platform by lenders and loan servicers in the US-commercial mortgage industry and as a platform for modelling multifamily investment returns and cashflows. Product list: AutoUW - AI to automate any CRE lending or servicing spreadsheet work InvestAssist - Advanced Multifamily Acquisition Modeling and Data Analytics Software OM Parser - Digitise any Offering Memorandum using AI Insurance Accord Parser - Automate the process of Insurance Accord form review and processing Appraisal Parser - AI based document parser for appraisal documents. It allows to digitise and extract important property info including rent comp, sales comp data from CRE appraisal PDFs. Explainer videos of few of our product suite offering: Invest Assist Walkthrough https://invest-assist.portal.trainn.co/share/CKF78nH8N78SFSX96kEO5Q AutoUW Walkthrough https://invest-assist.portal.trainn.co/share/57s34Snx7Xj8D3NyrP4hGQ SmartExtract Product Walkthrough https://invest-assist.portal.trainn.co/share/vwh0jtpwoDGasTE0WYtQcg Insurance Acord Product https://invest-assist.portal.trainn.co/share/uZW2ZvXxTIq7Zi3jz6w6Uw Clik.ai also offers robust APIs to technology team who can white label and host the extraction capabilities of CRE documents completely privately on their infrastructure. Our clients include: Leading banking institutions and debt brokerage companies like Newmark, Bellwether, Lument and others Portfolio managers and loan servicing firms Multifamily investors Technology companies like Property Management Software, Appraisal management, online CRE deal management and listing platforms and others",33,2017,"Technology, Information and Internet",13280628,https://ca.linkedin.com/company/cliktechnologies,"Toronto, Ontario, Canada","commercial real estate underwriting, rent roll analysis, multifamily underwriting, loan sizing, and OSAR analysis",https://clik.ai,,4/2023,false,https://media.licdn.com/dms/image/v2/D5603AQFMGrGeFmdXjw/profile-displayphoto-scale_200_200/B56Z9UdHCPIUAc-/0/1783828346355?e=1788998400&v=beta&t=Sq90TcADoSe7ndMb5vNia-iDv-hTzcbsM9NX7TWHuIo,false,"11th September 2012 - Till date: Talentica Softwares Pvt Ltd: I joined Talentica as a senior software developer, and presently working as a team lead. I have worked on Dhingana, CitrusPay and Opera Mediaworks Studio projects at Talentica. 10th September 2007 – 8th September 2012: Delcam Consulting and Technology Services, India, as a Senior Software Engineer. I am working on a CAM software PowerMILL which is the leading software in the CAM industry. 12th June 2006 – 31st August 2007: Infosys Technologies Ltd, as Software Engineer. I have 10 months experience in a data-warehousing project wherein I worked in ETL domain with very good hands-on experience on the tool Ab Initio. I have worked on 2 big projects and few minor requests till now.",828,2026-09-01 21:00:56.853 +0530,,,,,,,,,,,,chetan@clik.ai,chetan@clik.ai,,,,7,
Kunal Modak,Kunal,Modak,https://www.linkedin.com/in/kunal-modak-a1529233,urn:li:member:117142577,kunal-modak-a1529233,Pune District,Maharashtra,India,"Pune District, Maharashtra, India",BGRL,Scientist,6-10yoe_global_indian,member_urn,,,,,,,,,,,10/2018,false,https://media.licdn.com/dms/image/v2/D4D03AQGUJnLOcnVnSQ/profile-displayphoto-shrink_400_400/B4DZXtZPfOG8Ak-/0/1743444573699?e=1788998400&v=beta&t=Lb1fch6Y0FGBZfUYam1dvD5D3qbrJGBrqjUHueFkdVk,false,Former- PhD (Structural Geology) at Indian School of Mines. Dhanbad MTech in PETROLEUM EXPLORATION at Indian School of Mines. Dhanbad,168,2026-09-01 21:00:56.853 +0530,,,,,,,,,,,,kunal@ismdhanbad.ac.in,kunal@ismdhanbad.ac.in,,,,1587,
M.L. Dey,M.L.,Dey,https://www.linkedin.com/in/m-l-dey-77994b36,urn:li:member:127753869,m-l-dey-77994b36,Ahmedabad,Gujarat,India,"Ahmedabad, Gujarat, India",Oil and Natural Gas Corporation Ltd,Ex-GM (P),10+yoe_global,member_urn,,,,,,,,,,,,false,,false,,4111,2026-09-01 21:00:56.853 +0530,"Ex-Executive,Oil & Gas Industry",,,,,,,,,,,ml.dey1976@gmail.com,,,,,2245,
Malay Daripa,Malay,Daripa,https://www.linkedin.com/in/malay-daripa-38b6769,urn:li:member:28522907,malay-daripa-38b6769,Kolkata,West Bengal,India,"Kolkata, West Bengal, India",South West Mining Limited,Vice President Operations and Project,10+yoe_global,member_urn,,,,,,,,,,,3/2025,true,https://media.licdn.com/dms/image/v2/D4D03AQFtZaI8Msi6fQ/profile-displayphoto-shrink_100_100/B4DZVXaqD.HIAU-/0/1740928362128?e=1788998400&v=beta&t=_sr8PtiU29HphhBcL2RjQx-VhafPUIzQ4geOAwRCA7g,false,"A seasoned professional offering 32+ years of rich experience in working in Underground Hard Rock Mining, Base Metal, mechanized mines in Uranium, Copper, Lead-Zinc-Silver, Gemstone and Multi-Metal. Mine Planning, Standard Operating Procedure Development, and HSE Policy Implementation for Efficient and Risk-Free Mining Operations are some valued skills.",48,2026-09-01 21:00:56.853 +0530,,,,,,,,,,,,malay_daripa@yahoo.co.in,,,,,2495,
Manish Dua,Manish,Dua,https://www.linkedin.com/in/manish-dua-701a9528,urn:li:member:98236081,manish-dua-701a9528,,,India,India,Benchmark Mineral Intelligence,,10+yoe_global,member_urn,,,,,,,,,,,,false,https://media.licdn.com/dms/image/v2/C4D03AQG3N68wXFhuJw/profile-displayphoto-shrink_100_100/profile-displayphoto-shrink_100_100/0/1616670396539?e=1788998400&v=beta&t=pFqKnGkq_W9f9cimy40KfkxbIM6a8-6yXg0QXFjPHFk,false,"Commodities strategist and transactions specialist with more than 13 years of experience in corporate and investment strategies across battery supply chains, mining & metals, renewables, utilities, and others. I specialize in driving strategic initiatives, including investment evaluation, project finance, due diligence, M&A, fund raises, partnerships, entry strategies, and supply chain solutions. What sets my approach apart is the integration of macroeconomic trends, geoeconomic dynamics, and geopolitical equations into every analysis. I track how commodity cycles, trade policies, resource nationalism, sanctions regimes, and shifting great-power competition reshape critical mineral flows — from lithium and graphite to rare earths, iron ore, aluminum and copper. This macro-geopolitical overlay helps clients and investors anticipate supply disruptions, price volatility, and regulatory shifts well before they hit the balance sheet.Whether structuring offtake agreements, evaluating project bankability, or modeling entry strategies, I translate complex global equations into actionable investment and operational decisions.Open to conversations on battery-material supply chain strategy, critical minerals investment, or geopolitical risk mitigation in the materials-driven industrial shift.",2772,2026-09-01 21:00:56.853 +0530,Strategist ? Metals I Mining I Battery Materials I Energy,,,,,,,,,,,manishdua4@in.com,,,,,1585,
Manish Lohani,Manish,Lohani,https://www.linkedin.com/in/manishlohani,urn:li:member:14649083,manishlohani,Noida,Uttar Pradesh,India,"Noida, Uttar Pradesh, India",TOS Facilities Management Pvt Ltd,Director,10+yoe_global,member_urn,,,,,,,,,,"TOS is in the business of providing office facilities solutions. We work with the projects, infra and administration departments. We provide entire suite of services from Property identification; office interiors designing and creating; facility maintenance and annual maintenance contracts. Manage facilities at more than 250 touch points across the states. We have executed over 150 projects across North India for leading Bluechip companies. Worked in more than 7 states as turnkey interiors contractor.",10/2005,false,https://media.licdn.com/dms/image/v2/C4E03AQEZN0SvdaA5Yw/profile-displayphoto-shrink_100_100/profile-displayphoto-shrink_100_100/0/1539317964356?e=1788998400&v=beta&t=NjbekLLkdvCGSJmmUgGrm3qXoh6qQFXzbdt5R4a7YhE,false,"Worked on independent assignments and profit centre responsibilities with high growth companies. Handled large teams to deliver stretch targets. Initiated 2 start ups. I bring the ability of multi tasking and working in high pressure environment. The strength also lies in joining the dots which is helped by my Financial, Marketing & Operational acumen. Specialties: Entrepreneur abilities; working and growing with start ups; Operational execution abilities, business development abilities.",185,2026-09-01 21:00:56.853 +0530,,,,,,,,,,,,manish.lohani@gmail.com,,,,,2585,
Manoj Dosi,Manoj,Dosi,https://www.linkedin.com/in/manoj-dosi-03b8032,urn:li:member:7967855,manoj-dosi-03b8032,Jaipur,Rajasthan,India,"Jaipur, Rajasthan, India",Atlantik Logistics,Director,10+yoe_global,member_urn,,,,,,,,,,Business Development -mineral Industries,4/2014,false,https://media.licdn.com/dms/image/v2/C5603AQHE7xBjfUYIdA/profile-displayphoto-shrink_100_100/profile-displayphoto-shrink_100_100/0/1516284395534?e=1788998400&v=beta&t=XgJGCiCMJ_rZiatOvac-zUyoVpfDd-d-sZEknLytydY,false,"I am a Business Development Professional , having international experience in Asia - India , Kazakhstan , Africa - Algeria , Liberaia , Sierra Leone , Tanzania , Madagascar , Namibia etc. particulalrly in Mining industry , with large Multinational Corporations like Arcelor Mittal , Jindal steel & Power ( mauritius) ltd.& London Mining PLC UK etc.",155,2026-09-01 21:00:56.853 +0530,,,,,,,,,,,,manojdosi@hotmail.com,,,,,1559,
Nikhilesh Dwivedi,Nikhilesh,Dwivedi,https://www.linkedin.com/in/nikhilesh-dwivedi-3a35532,urn:li:member:7325547,nikhilesh-dwivedi-3a35532,Gurgaon,Haryana,India,"Gurgaon, Haryana, India",Adani Group,Head Geology,10+yoe_global,member_urn,,,,,,,,,,,,false,https://media.licdn.com/dms/image/v2/D4D03AQE3FLRyN4QNzA/profile-displayphoto-scale_200_200/B4DZisUZOSHwAY-/0/1755237685624?e=1788998400&v=beta&t=KbDjEQ2tnXu0T_ulXcj8n3Y5xdW8uBGKMuLgI-9fJLY,false,"Dynamic Geoscientist with 25+ years of experience in upstream oil industry. Experience of working in exploration, appraisal and mature oil & gas fields in multi-disciplinary teams in multi-national and joint venture in India. Currently leading a Geoscience team on offshore development project in Mumbai offshore.Experience in integration of various dataset, development Geology, reservoir modeling, seismic geomorphology & effective reservoir management. Aspirations to grow in an organization by Leveraging on Technology and adding value to self and organization. Specialties: Prospect evaluation & risking Development geology & modeling Seismic geomorphology Leading subsurface teams Mentoring, planning & project schedule, work plan and budget Disciplined work ethics",2810,2026-09-01 21:00:56.853 +0530,Oil & Energy Professional I Upstream E&P Advisor I Petroleum Geoscientist I Field Development & Production I New venture,,,,,,,,,,,nikhilesh70@rediffmail.com,,,,,1501,
Pankaj Mehra,Pankaj,Mehra,https://www.linkedin.com/in/pankaj-mehra-7a59a934,urn:li:member:121902893,pankaj-mehra-7a59a934,Mumbai,Maharashtra,India,"Mumbai, Maharashtra, India",Envu,Procurement Manager,10+yoe_global,member_urn,,,,,,,,,,,,false,https://media.licdn.com/dms/image/v2/D4D03AQF4H6ThlYze_w/profile-displayphoto-crop_800_800/B4DZ0GZdREKUAM-/0/1773928849607?e=1788998400&v=beta&t=fWpwgFF6T1-rYxexQe4FqWJUs_10tRzSRBgxkgtIWHg,false,"I am a seasoned Global Procurement Leader with over 16 years of experience in driving enterprise-wide sourcing strategies and managing a global spend portfolio exceeding $200M. My expertise lies in strategic sourcing, category management, and procurement transformation, where I have consistently delivered significant cost reductions and value creation across manufacturing and industrial sectors. I am passionate about leveraging my skills to drive sustainable value creation and operational excellence in procurement.Throughout my career, I have successfully executed large-scale CapEx projects and implemented robust procurement processes that have resulted in annual savings of over $10M. I have a proven track record in contract management and commercial negotiations, building high-impact vendor partnerships that enhance innovation and service reliability. My strong capability in global category strategy design and supply chain resilience has enabled seamless transitions and minimized operational disruptions. Key Achievements: - Achieved approximately 15% cost optimization by streamlining procurement processes and implementing strategic sourcing initiatives. - Reduced operational downtime by 20% through effective MRO strategies and proactive maintenance planning. - Delivered around $10M in annual savings via contract negotiations and supplier consolidation. - Led global procurement transformation during organizational transitions, ensuring zero business disruption and sustained operational continuity. - Managed large-scale CapEx programs of up to $100M, ensuring on-time delivery and budget adherence.",1381,2026-09-01 21:00:56.853 +0530,Envu,https://www.linkedin.com/company/envu,893,,2008,2010,"{""Indian Institute of Technology (Indian School of Mines), Dhanbad""}",,,,,"pankaj.mehra.jec.ism.2010@gmail.com, pankaj.mehra@saint-gobain.com",pankaj.mehra@saint-gobain.com,,,,1798,
Phalguni Guha,Phalguni,Guha,https://www.linkedin.com/in/phalguni-guha-a59621a0,urn:li:member:359855781,phalguni-guha-a59621a0,Kolkata,West Bengal,India,"Kolkata, West Bengal, India",Coal India Limited,Chief General Manager (Coal Videsh),10+yoe_global,member_urn,,,,,,,,,,,,false,https://media.licdn.com/dms/image/v2/C4E03AQFn2pha7KKFIQ/profile-displayphoto-shrink_100_100/profile-displayphoto-shrink_100_100/0/1517013091909?e=1788998400&v=beta&t=iGOcnEVPaDa6xXC7-_mbTCD2vgZK5f96Cw7uC28RaZM,false,,3980,2026-09-01 21:00:56.853 +0530,"Principal Consultant,DMT. RQP of Min. of Coal",,,,,,,,,,,phalguni.guha@gmail.com,,,,,956,
Piyush Bharti,Piyush,Bharti,https://www.linkedin.com/in/piyush-bharti-416248b,urn:li:member:33440850,piyush-bharti-416248b,Delhi,,India,"Delhi, India",Accenture,Senior Manager,10+yoe_global,member_urn,,,,,,,,,,,,false,https://media.licdn.com/dms/image/v2/D4D03AQHCsovwJekuCg/profile-displayphoto-shrink_100_100/profile-displayphoto-shrink_100_100/0/1672639650338?e=1788998400&v=beta&t=z_r9kGiVM2KfQDJqC5iAsQo5ui9ckCAxlFnSL_lmAD8,false,"A passout from Indian School Of Mines, Dhanbad, I had started my career with Tata Steel. Worked there for almost 2 years after which I moved on to work in a green field project in Indonesia as Project Incharge. The project started well and achieved its production and sales targets during its course. I later on moved on to work for another green field project in East Kalimantan itself, wherein my responsibility areas were Planning, coordinating and implementing operational requirements and sales activities in Indonesia, Contract building and management (Performance monitoring), stock-pile management, Logistics controls (Barges and vessels movement for Transportation of coal). Working and strengthening on my techno-commercial skills, worked with PricewaterhouseCoopers Pvt. Ltd. as a Management Consultant (Manager) for a duration of 3 years, with key responsibility areas as Capital project management, Fuel and Raw Material Securing and Sourcing Strategy, Transaction and Bid Advisory, in addition to the Business Development activities. I have worked on significant number of projects on these listed areas involving countries of experience such as Australia, Canada, Brazil, Indonesia, Bangladesh. Has worked in techno-commercial abilities and commodity market intelligence based in Dubai. Involved in areas such as Corporate level strategies, Mine Procurement and Contracts and strategies for Sales and Marketing of our product. Working as Manager in PwC at present. Specialties: Mining/ Coal, Fuel and Raw material sourcing strategy, Commodity Market Intelligence, Bid process, financial appraisal of mining projects, Transaction advisory, Mines and Mineral development strategies, Contracts and Contract Management.",2540,2026-09-01 21:00:56.853 +0530,Strategy Consulting,,,,,,,,,,,piyush.bhartiism@yahoo.co.in,,,,,1492,
prashant sharma,prashant,sharma,https://www.linkedin.com/in/prashant-sharma-905a8144,urn:li:member:157928405,prashant-sharma-905a8144,Guna,Madhya Pradesh,India,"Guna, Madhya Pradesh, India",Coal India Limited,,6-10yoe_global_indian,member_urn,,,,,,,,,,,,false,https://media.licdn.com/dms/image/v2/C5603AQGuBYpjAnSD8Q/profile-displayphoto-shrink_100_100/profile-displayphoto-shrink_100_100/0/1517377692627?e=1788998400&v=beta&t=-2Z3_PWCXzeHQmHy7WHJIgJUrt3z7cj7xTiqT00t8Gg,false,"The two drivers of my life are - Belief in Change and Taking time bound Decisions. This helps me to atleast tweak process in between according to the prevailing circumstances, keeping inaction away from me. The motto is, ""It would be better to fly and crash rather than just snuggle and sleep""",1845,2026-09-01 21:00:56.853 +0530,Coal India Limited,https://in.linkedin.com/company/coal-india-limited,870,,2011,2015,"{""Indian Institute of Technology (Indian School of Mines), Dhanbad""}",,,,,rashantsharm@gmail.com,,,,,956,
Pravat Kumar Padhy,Pravat Kumar,Padhy,https://www.linkedin.com/in/pravat-kumar-padhy-63987941,urn:li:member:148465485,pravat-kumar-padhy-63987941,,,India,India,Oil and Natural Gas Corporation Ltd,Chief General Manager,10+yoe_global,member_urn,,,,,,,,,,,,false,https://media.licdn.com/dms/image/v2/C5603AQGyk_3ekBknQg/profile-displayphoto-shrink_100_100/profile-displayphoto-shrink_100_100/0/1516953415942?e=1788998400&v=beta&t=pr6edDPXwuj3knTIVkXFM5LQxc5IQSyNV2EJD7uicQI,false,"Received his B.Sc (Hons) , M.Sc and Ph.D in Applied Geology from Indian Institute of Technology, ISM Dhanbad and a certification on ‘Executive Education Programme on “Advanced Management” from IIM-Bangalore. Analysed Tectono-Stratigraphic style, linked clastic depositional systems and hydrocarbon habitat in Cambay , Assam and Assam-Arakan and Krishna-Godavari basins. Special research contributions include sequence stratigraphy, petroleum system analysis, frontier play-fairways including Proterozoic plays and unconventional play systems, specially Shale oil / gas. Published technical papers in National and International journals of repute including AAPG. Invited to AAPG International Conference and Exhibition, 1997 in Vienna and UNO sponsored 7thUNITAR International Conference,1998, Beijing for technical paper presentation. Associated with various collaborative projects including “Low temperature Thermochronology on Krishna Godavari Basin and its hinterland” with Melbourne University, Australia. Credited with a Special Mention in “World Shale Gas Resources: An Initial Assessment of 14 Regions outside the United State, EIA Report, USA, 2011 and “The Biomarker Guide: Biomarkers and isotopes in Petroleum Systems and Earth history”, Cambridge University Press, 2005. Elaborate presentation on “Petroleum Geology” widely acclaimed on Google site. Scientific work referred in research domain, MIT USA, Melbourne University, 2012, Texas A&M University, 2014. Invited to AAPG International Conference and Exhibition, 1997 in Vienna and 7th UNITAR International Conference,1998, Beijing. Served in various capacities including Secretary-Regional Exploration Board, Secretary-Virtual Corporate Board, Acreage Manager of the Joint Venture Offshore Project, KG basin with British Gas (India), Head, Regional Laboratory, ONGC, Rajahmundry, Head, Data Base and Head, Interpretation Group, Rajahmundry. First time initiated work on finding presence of Helium in Paleogene gas reservoirs, KG Basin. Associated with the passive exploration of Uranium in Krishna-Godavari and Cauvery basins. As a Technical Member, supervised “Resource Estimation of KG, Cauvery, Mahanadi, Bengal and Purnea basins”. Carried out field geological survey in Krishna-Godavari basin, Mahanadi basin. Postulated envisaged play systems including shallow biogenic gas in Mahanadi basin. Associated with the Indian Institute of Science, Bangalore with a Project on, “Application of Hypersonic and Shock Wave Technology for Hydrofracturing”.",2568,2026-09-01 21:00:56.853 +0530,CGM in ONGC (Retd.),,,,,,,,,,,pravatkumar_padhy@rediffmail.com,,,,,2245,
Priyank Bariar,Priyank,Bariar,https://www.linkedin.com/in/priyank25,urn:li:member:89962730,priyank25,Vadodara,Gujarat,India,"Vadodara, Gujarat, India",FIITJEE,,10+yoe_global,member_urn,,,,,,,,,,,,false,https://media.licdn.com/dms/image/v2/D4D03AQFTXd4MO-SqXQ/profile-displayphoto-shrink_100_100/B4DZUcq0CnGkAU-/0/1739942740759?e=1788998400&v=beta&t=xxYu4ohIgE5ruPCc3T0fXEbQyHOEN4NiA9VzEO2Q36I,false,"Experienced Physics Professor for IITJEE preparation with many top results in JEE Advance, JEE Mains, KVPY, and Physics Olympiads. Deeply involved in improving the learning outcomes of my Physics class for every student and make Physics problem-solving fun. Skilled in Coaching, Lecturing, Admissions Counseling, Educational Technology, Faculty Training, and course design.",2502,2026-09-01 21:00:56.853 +0530,Physics Faculty at Phoenix,,,,,,,,,,,"priyank.bariar@fiitjee.com, priyank.bariar@gmail.com, priyankbariar@gmail.com",priyank.bariar@fiitjee.com,,,,1831,
Priyesh Dixit,Priyesh,Dixit,https://www.linkedin.com/in/priyesh-dixit-0a7a1515,urn:li:member:53279551,priyesh-dixit-0a7a1515,,,India,India,Coal India Limited,Dy. Manager,10+yoe_global,member_urn,,,,,,,,,,,,false,https://media.licdn.com/dms/image/v2/C4D03AQFinFNFOb-5ww/profile-displayphoto-shrink_100_100/profile-displayphoto-shrink_100_100/0/1516573833199?e=1788998400&v=beta&t=AyZYJLSkXns_Fzvg5z5vdBtfikl1fK5kngc8jvvEztE,false,,4034,2026-09-01 21:00:56.853 +0530,at Coal India Limited,,,,,,,,,,,priyeshdixit1988@gmail.com,,,,,956,
Prof. Tarkeshwar Kumar,Prof. Tarkeshwar,Kumar,https://www.linkedin.com/in/prof-tarkeshwar-kumar-34871039,urn:li:member:136132328,prof-tarkeshwar-kumar-34871039,Dhanbad,Jharkhand,India,"Dhanbad, Jharkhand, India",Freelance,Petroleum Professional,10+yoe_global,member_urn,,,,,,,,,,Petroleum Engineering expertise on oil and gas production and management. Education and training for students and oil & gas industry professionals.,5/2025,false,https://media.licdn.com/dms/image/v2/C5603AQGLvwCMGExR-Q/profile-displayphoto-shrink_100_100/profile-displayphoto-shrink_100_100/0/1516825215789?e=1788998400&v=beta&t=REc-Hn8nLXvGJt2rjUw0byU87twJY4UN3z_AQuWEA6I,false,To remain relevant in professional pursuit and contribute my best for the nation,103,2026-09-01 21:00:56.853 +0530,,,,,,,,,,,,tkumar2002@yahoo.com,,,,,1840,
Pushpanjali Kumar,Pushpanjali,Kumar,https://www.linkedin.com/in/pushpanjali-kumar,urn:li:member:24563215,pushpanjali-kumar,,,Mumbai Metropolitan Region,Mumbai Metropolitan Region,JUSDA Supply Chain Global,Regional Manager-Control Tower,10+yoe_global,member_urn,,,,,,,,,,,,false,https://media.licdn.com/dms/image/v2/C4D03AQEV6zGPbWFfkA/profile-displayphoto-shrink_100_100/profile-displayphoto-shrink_100_100/0/1601291725140?e=1788998400&v=beta&t=G_WZ-0Wtdo2GHcvuOFIOUvZxwTCbgheVV-QzRie_1vY,false,"An enterprising professional with varied experience in portfolio management, supply chain, and entrepreneurship. Managing equity portfolio for past 10 years generating Alpha of over 10% vis-a-vis benchmark. Proven Risk management expertise across the entire value chain. Successfully handled P&L in agri- commodity, supply chain and entrepreneurial ventures. Co-founded two pioneering startups in India. Posts on investing are for education purposes only and do not constitute investment advice.My investing thesis broadly comprises of: Careful stock selection; Prudent capital allocation; Passive opportunistic play. I am a SEBI Registered Investment Advisor with registration number INA000021854.",2887,2026-09-01 21:00:56.853 +0530,"Value Investor | SEBI RIA | IIFT Delhi | IIT (ISM), Dhanbad",,,,,,,,,,,"pushpanjalikumar@gmail.com, pushpanjali.kumar@gmail.com",,,,,2061,
Rajat Kanti Chakraborty,Rajat Kanti,Chakraborty,https://www.linkedin.com/in/rajat-kanti-chakraborty-73b96422,urn:li:member:80007455,rajat-kanti-chakraborty-73b96422,West Bengal,,India,"West Bengal, India",Indian Oil Corporation Limited (Iocl),Wellsite Geologist,10+yoe_global,member_urn,,,,,,,,,,,,false,https://media.licdn.com/dms/image/v2/D5603AQHiV2r7jikvGA/profile-displayphoto-shrink_100_100/profile-displayphoto-shrink_100_100/0/1725018613579?e=1788998400&v=beta&t=XbfrrwSDErM_AdZlSiqvFwApE-dBGWc_kWh-qEHzwvs,false,"I am a proactive and achievement-oriented professional offering 27+ years of experience in Geological Operations and Geological Data Interpretation across Oil & Gas sector. Comprehensive experience in managing geological aspects encompassing exploration; skilled in managing well (operations, execution and log analysis), conditioning for interpretation and well data for evaluation. I am capable in performing geological interpretation by collecting LWD data, lithology identification, oil shows, correlate with neighboring wells, pick up formation tops. Expertise in preparing Composite logs from available MWD-LWD data, mudlogging data and mud data. Interpret the Composite logs.",2561,2026-09-01 21:00:56.853 +0530,Consultant Wellsite Geologist,,,,,,,,,,,chakraborty_rk1@rediffmail.com,,,,,1996,
Rajeev Kandwal,Rajeev,Kandwal,https://www.linkedin.com/in/rajeev-kandwal-a1900028,urn:li:member:95552949,rajeev-kandwal-a1900028,Noida,Uttar Pradesh,India,"Noida, Uttar Pradesh, India",Spectra Geosolutions,Partner,10+yoe_global,member_urn,,,,,,,,,,,1/2017,false,https://media.licdn.com/dms/image/v2/C4D03AQEo2_SUOxxGGg/profile-displayphoto-shrink_100_100/profile-displayphoto-shrink_100_100/0/1517480085949?e=1788998400&v=beta&t=UvS9V444m3Om5NNV43QT8PW0wvaKr9kDlLKe4HN-MzI,false,"Management and Sales professional with 20+ years extensive experience in sales and project management in the Oil & Gas E&P Software and Consulting Services industry: Includes P&L responsibility Sales Forecasting & Business Strategy Contract Management Key Skills General Management - Have general management experience including budgetary and strategic planning, P&L responsibility, contract negotiations and contract management: Sales and Marketing Management - Proven experience in Software and Consulting sales, marketing strategies, defining target markets, implementation of advertising campaigns: Customer Loyalty - Developed a strong sales culture with ultimate objective of achieving Trusted Advisor Tag from Customers Personnel Development - Experience in interviewing, hiring, developing job descriptions, encouraging productivity, training and working within personnel budget",238,2026-09-01 21:00:56.853 +0530,,,,,,,,,,,,rajeevkandwal@gmail.com,,,,,2500,
Rajeev Upadhyay,Rajeev,Upadhyay,https://www.linkedin.com/in/rajeev-upadhyay,urn:li:member:29522903,rajeev-upadhyay,Bengaluru,Karnataka,India,"Bengaluru, Karnataka, India",Metso,DGM- Engg,10+yoe_global,member_urn,,,,,,,,,,,,false,https://media.licdn.com/dms/image/v2/D4D03AQEGBgd1WBQ8lw/profile-displayphoto-shrink_100_100/profile-displayphoto-shrink_100_100/0/1684666873518?e=1788998400&v=beta&t=B36GgK4eQNbgDBiKX0cPNuzfA0QRGpkYG9S4BDwYOho,false,"Over twenty eight years of experience in mineral processing field in the area of process/plant engineering and plant operation. As a lead process engineer, handled various projects on EPC/LSTK basis, related to iron ore, coal, lead-zinc, gold entailing execution of plant audits, scoping studies, feasibility studies, basic/detail engineering, plant commissioning. Hands on experience on Flowsheet development, mass balance, P&IDs and control philosophy, Equipment selection and sizing and use of process simulation tools like Limn, Bruno, Plant designer etc. Track record of spearheading activities related to operation and maintenance of dense media cyclone based coal preparation plants. Lifetime member of Indian Institute of Mineral Engineers ( IIME ).",2965,2026-09-01 21:00:56.853 +0530,Mineral Processing Professional,,,,,,,,,,,rajeevup2004@yahoo.co.in,,,,,2150,
Rajesh Arora,Rajesh,Arora,https://www.linkedin.com/in/rajesh-arora-2180445,urn:li:member:15020084,rajesh-arora-2180445,Udaipur,Rajasthan,India,"Udaipur, Rajasthan, India",GORBANDH MARBLES PRIVATE LIMITED,Mining Consultant,10+yoe_global,member_urn,,,,,,,,,,,,false,https://static.licdn.com/aero-v1/sc/h/bgaqk7x4ntjz0wg67d8u723eb,false,"Experience: GORBANDH MARBLES PRIVATE LIMITED · Education: Indian Institute of Technology (Indian School of Mines), Dhanbad · Location: Udaipur · 146 connections on LinkedIn. View Rajesh Arora’s profile on LinkedIn, a professional community of 1 billion members.",785,2026-09-01 21:00:56.853 +0530,GORBANDH MARBLES PRIVATE LIMITED,https://in.linkedin.com/company/gorbandh-marbles-private-limited,151,,2014,2017,"{""Indian Institute of Technology (Indian School of Mines), Dhanbad""}",,,,,rajesh_sapna@rediffmail.com,,,,,1886,
Abhishek Kumar Gupta,Abhishek Kumar,Gupta,https://www.linkedin.com/in/gkabhishek,urn:li:member:79793170,gkabhishek,Gurgaon,Haryana,India,"Gurgaon, Haryana, India",Cairn Oil and Gas,Deputy Head - Onland Development,10+yoe_indian,member_urn,External link for Cairn Oil and Gas,3308,,Oil and Gas,2540932,http://www.linkedin.com/company/cairn-india-ltd,"Gurugram, Haryana, India","Exploration and Production, Oil and Gas, Offshore, Onshore, and Midstream",http://www.cairnindia.com,"Leading development projects for Rajasthan oil fields, with a primary focus on preparing comprehensive field development plans and implementing chemical EOR strategies—specifically Polymer and Alkali-Surfactant-Polymer (ASP) methods in MBA fields. Additionally providing subsurface support to other onland assets for exploration, appraisal and development planning. Spearheaded the design and rollout of new ASP flood plans for the Mangala field, utilizing a cluster area approach and planning for approximately 250 kbpd ASP injection, targeting ~85 MMbbls in incremental reserves. Conceptualized the inaugural ASP pilot for the Bhagyam field; with swift scale-up potential in the northern Bhagyam area, resulting in an estimated ~6 MMstb of additional recoverable reserves. Developed an infill drilling strategy tailored to the highly viscous Shakti reservoir (oil viscosity: 500–1000 cP), effectively addressing challenging fluid mobility conditions. Piloted the development of Bhagyam’s biodegraded oil zone (oil viscosity: 50–400 cP) with horizontal producer-injector configurations, demonstrating significant field-wide scale-up potential and 15–20 MMstb incremental reserves. Worked in close collaboration with drilling, completions, and surface facility teams to optimize well architecture, improve project delivery efficiency, and mitigate execution risks. Leading subsurface development of more than 10 small satellite fields with combined STOIIP of ~200 MMbbls. Provide subsurface support for exploration/appraisal of RJ-South and Northeast assets, ensuring integrated reservoir understanding and development planning.",10/2024,false,https://media.licdn.com/dms/image/v2/D5603AQGRyCORcOa0kA/profile-displayphoto-scale_200_200/B56ZpZR0c0I4Ac-/0/1762434436350?e=1788998400&v=beta&t=EbfjiTeVnYvEyyjJwdOj_0N3lb2dOcfohGPhnfTHNuc,false,"EXECUTIVE SUMMARY Subsurface Technical Leader with over 20 years’ experience in field development planning, integrated reservoir modeling, IOR/EOR deployment, and performance-driven reservoir management across conventional and low-permeability assets. Strong track record of leading multidisciplinary subsurface teams, delivering reserves growth, production optimization, and EOR success through technically robust and economically viable strategies. Proven ability in aligning subsurface strategies with business objectives, JV expectations, and value maximization. Recognized for technical excellence, mentoring, and delivering sustainable field performance through data-driven reservoir management. CORE COMPETENCIES Subsurface Leadership – Nearly 10 years of cross-functional leadership, managing teams of up to 40+ geoscientists and reservoir engineers, project management, JV liaison. Field Development Planning – Full-cycle FDP, infill strategies, EOR design, scenario planning, business case alignment. Reservoir Simulation & Modeling – Advanced user of Eclipse, CMG, Intersect, Petrel, Integrated static-dynamic modeling including history matching & forecasting. IOR/EOR Technologies – Deployment of water, polymer and ASP flooding, Flood design and management, strong practical exposure to sweep optimization & recovery enhancement. Reserves & Surveillance – Reserves and Resources estimation, field performance review, surveillance planning, optimum reservoir management strategies. KEY ACHIEVEMENTS Reserves Growth: Added ~50 MMbbls via 100 infill wells, FDP for RDG gas field added 150 MMboe in 2P reserves. EOR Success: Delivered ASP/polymer floods adding ~120 MMbbls EUR, optimized Mangala polymer injection to save $35M/year OPEX. Production Optimization: Achieved FY24 target of 80 Kbopd via subsurface-driven area & well-level interventions. Modeling Excellence: Built & refined high-fidelity dynamic models for tight gas and viscous oil assets, enabling accurate forecasting and scenario planning. Leadership & Governance: Led workshops, peer assists, TCMs; aligned technical strategies with JV and business objectives.",1192,2026-09-01 21:00:56.853 +0530,,,,,,,,,,,,technoabhishek@gmail.com,,,,,931,
Randhir Kumar,Randhir,Kumar,https://www.linkedin.com/in/randhir-kumar-855b6630,urn:li:member:110368577,randhir-kumar-855b6630,,,India,India,Aakash Educational Services Limited,Senior Lecturer,10+yoe_global,member_urn,,,,,,,,,,,,false,https://media.licdn.com/dms/image/v2/C5603AQHLReACer_Wuw/profile-displayphoto-shrink_100_100/profile-displayphoto-shrink_100_100/0/1613581722650?e=1788998400&v=beta&t=4fqHZ4KQc2ctOCA1jmEUfzzvPLpPx1oa3DXTqgUb8FM,false,"Experienced Maths Lecturer with a history of working with many top brands in the domain. Skilled in Calculus, Algebra, Analytical Geometry, Trigonometry, Statistics & Probability. A perfect blend of strong educational background with the top institution and expertise in guiding students for test preps like IITJEE (Mains & Advance), BITSAT, CUET, VITEE etc.",2639,2026-09-01 21:00:56.853 +0530,Ex Career Point ll Ex FIITJEE ll Ex Resonance ll Ex Aaksh+Byju's.,,,,,,,,,,,kumar.randhir@gmail.com,,,,,1486,
RATUL GHOSH,RATUL,GHOSH,https://www.linkedin.com/in/ratul-ghosh-9475739204,urn:li:member:76290637,ratul-ghosh-9475739204,,,India,India,Apco Infratech Pvt. Ltd,,6-10yoe_global_indian,member_urn,,,,,,,,,,,,false,https://media.licdn.com/dms/image/v2/C4D03AQGJPsWM8l2rwQ/profile-displayphoto-shrink_100_100/profile-displayphoto-shrink_100_100/0/1516946257676?e=1788998400&v=beta&t=XaaJcvvUvvA8gSLj3yNePLMm6LqbwpU67chzAdRx-kI,false,"Constructional Professional with more than 5 years of professional experience, successfully able to manage the various maintenance activities that includes repair, refurbishment, overhaul, commissioning, performance monitoring of various construction equipment like, Hydraulic excavator (Caterpillar’s 320D, 323D3, 336D2, Volvo’s EC210BLC, EC290BLC, EC350D2), Wheel Loader (Caterpillar’s 950GC, 966H, LiuGong’s 856), Dumper (Man CLA 25.300, Tata Prima series), Diesel Generator (Cummins KTAA series, 6BT series of engine). Besides these I have also hand on experience in overhauling and maintenance work of various DI and CRDI engines. My other areas of expertise include Root Cause Analysis of any major breakdown, Demand Forecasting, Material requirement Planning and Inventory control of various spares, POL and consumable items required for the maintenance of various HEMM. I hold M.Tech. degree in Mining Machinery Engineering from IIT(ISM), Dhanbad, and B.Tech. degree in Mechanical Engineering from WBUT, Kolkata.",2242,2026-09-01 21:00:56.853 +0530,M Tech-IIT(ISM) -Dhanbad | Deputy Manager (P&M) at Apco Infratech Pvt. Ltd. with expertise in Earthmoving,,,,,,,,,,,ratul0057@gmail.com,,,,,1549,
Ravi Agrawal,Ravi,Agrawal,https://www.linkedin.com/in/ravi-agrawal-7a935326,urn:li:member:90436017,ravi-agrawal-7a935326,,,India,India,Nestl,HR Business Partner,6-10yoe_global_indian,member_urn,,,,,,,,,,,,false,,false,"HR Business Partner with over 7 years of experience in driving talent priorities linked to business objectives across commercial, tech ( R&D ) and factory environments in FMCGs and GCCs with strong focus in the areas of business partnering, change management, HR transformation, and organization design.",3764,2026-09-01 21:00:56.853 +0530,"HRBP, Nestl II Ex Marico || Ex Philips || MDI || IIT",,,,,,,,,,,ravi250190@gmail.com,,,,,2204,
Rushikesh D.,Rushikesh,D.,https://www.linkedin.com/in/rushikesh90,urn:li:member:47419501,rushikesh90,Pune District,Maharashtra,India,"Pune District, Maharashtra, India",Nasuni,Engineering Leader,10+yoe_global,member_urn,,,,,,,,,,,,false,https://media.licdn.com/dms/image/v2/C4D03AQFYb2Nqo5HgLA/profile-displayphoto-shrink_100_100/profile-displayphoto-shrink_100_100/0/1516517411095?e=1788998400&v=beta&t=t_mk3Rab8-0aYCUcqCv5NBT782oCNm4utxdK7m4X3UY,false,"As a Senior Member of Technical Staff at VMware Carbon Black with over 13 years of experience, my work focuses on leveraging expertise in Linux Kernel, Kubernetes, and cybersecurity to support secure and scalable enterprise-level solutions. My role is rooted in developing robust backend systems, distributed platforms, and security tools that align with the needs of modern businesses. My professional journey has equipped me with strong skills in microservices, CI/CD pipelines, and performance optimization, particularly in security, storage, and networking. Committed to delivering secure, high-performing solutions, I collaborate closely with teams to design and develop innovative platforms that address complex challenges at scale.",2882,2026-09-01 21:00:56.853 +0530,"Engineering Leader | Storage | Linux Kernel, Kubernetes, Cybersecurity",,,,,,,,,,,rushikesh90@gmail.com,,,,,2192,
Samiran Ghosh,Samiran,Ghosh,https://www.linkedin.com/in/samiran-ghosh-9544bb3b,urn:li:member:141585040,samiran-ghosh-9544bb3b,Navi Mumbai,Maharashtra,India,"Navi Mumbai, Maharashtra, India",Reliance Industries Limited,,10+yoe_global,member_urn,,,,,,,,,,,,false,https://media.licdn.com/dms/image/v2/D4D03AQGi2BHHboLHng/profile-displayphoto-shrink_100_100/profile-displayphoto-shrink_100_100/0/1714275747155?e=1788998400&v=beta&t=ViY0q63Y59NiBz9Kfp_Yz28S4OGca3KjXIr3HnnS8I4,false,"Geophysicist with 33+ years of proficiency across the upstream E&P value chain, encompassing quantitative seismic reservoir characterization (DOC, FDP to Reservoir Management phase), New-Well delivery, Seismic interpretation, Reservoir characterization focussed seismic data processing QC of several domestic and international projects of RIL & ONGC; VSP operations and 2D/3D seismic acquisition. My professional journey bridges leadership role backed by mid-career hands-on expertise which is further enriched by working with the E&P Legends of India’s two premier E&P majors and collaborations with global JV partners. Spearheaded high-performing Development Geophysics team at Reliance Industries Ltd (RIL) for 16 years (July’2008-March’2024) at different positions and grades. I have consistently integrated cross-disciplinary datasets into actionable insights of seismic reservoir characterization for collaborative geological modelling and simulation, contributing to DOC, FDP and field development to reservoir management of six (06) deepwater & FDP of one (01) On-land field. Implemented goal-oriented seismic reservoir characterization using lithology-indicator inversion attributes, supported by detailed rock physics, fluid substitution and forward modelling. Introduced joint geostatistical inversion technology facilitating optimised well placement and geological modelling. Successfully addressed subsurface uncertainties, quantitative resource validation and risk mitigation planning-supporting field development, farm-in and farm-out business-critical decisions of several domestic & international blocks. Over 24 years, consistently applied optimized, cross-functional collaborations to new well delivery-steering both development and exploratory wells in RIL & ONGC. Previously, during my 8-year tenure as a lead seismic interpreter at ONGC Ltd (KG Basin), I played a pivotal role in 12 deepwater discoveries-including India’s first ultra-deepwater exploration success. My early career at ONGC (Jan’1991-Jun’2000) laid a strong foundation in seismic data acquisition, VSP operations and planning. My multi-role professional journey of utilising the goal oriented geophysical data across the E&P value chain positions me to contribute meaningfully in strategic consulting, advisory and mentoring, aligned with the evolving business demands of the industry.",2841,2026-09-01 21:00:56.853 +0530,33+Yrs In Upstream Oil & Gas Business |Leveraging Seismic Interpretation-Reservoir Characterization- Well Delivery Support-Across E&P Value Chain |Committed to Safeguard & Drive Next-Gen Business Value & Energy Security|,,,,,,,,,,,"samiran.ghosh@ril.com, s.ghosh.ind@gmail.com",samiran.ghosh@ril.com,,,,2354,
Hemanta Chattopadhyay,Hemanta,Chattopadhyay,https://www.linkedin.com/in/hemantachattopadhyay,urn:li:member:34274654,hemantachattopadhyay,Bengaluru,Karnataka,India,"Bengaluru, Karnataka, India",ANZ,Senior Vice President,10+yoe_global,member_urn,"ANZ has a proud heritage of more than 180 years. Our purpose is to shape a world where people and communities thrive. That is why we strive to create a balanced, sustainable economy in which everyone can take part and build a better life. We employ more than 50,000 people and have our global headquarters in Melbourne. ANZ is among the top 4 banks in Australia, the largest banking group in New Zealand and Pacific, and among the top 50 banks in the world. Follow us elsewhere for our latest news: facebook.com/ANZAustralia facebook.com/ANZNewZealand twitter.com/ANZ_AU twitter.com/ANZ_NZ twitter.com/ANZ_Media twitter.com/ANZ_BlueNotes twitter.com/ANZ_Research instagram.com/anz_au bluenotes.anz.com",50847,,Banking,2437,https://au.linkedin.com/company/anz,"Docklands, Victoria, Australia","Retail Banking, Private Banking, Commercial Banking, Wealth Management, and Institutional Banking",http://www.anz.com,,11/2019,false,https://media.licdn.com/dms/image/v2/C5103AQFaKjNo18GcEA/profile-displayphoto-shrink_100_100/profile-displayphoto-shrink_100_100/0/1558329010969?e=1788998400&v=beta&t=5o1vVe81CL999BkCMElrPmbnv1K3UUv7ZOVFReqiKGQ,false,"A self driven and collaborative technologist, with strong technology operations and transformation experience. I thrive solving complex problems, transforming technology delivery and driving innovation. I love Agile way of working and a Certified Scrum Master & Scrum Product Owner. I am experienced in formulating technology services and leading large change initiatives across various business domains. My particular areas of expertise include: - Managing customer service operations inclusive of conceptualization & implementation of short / long term plans; adept in managing teams with focus on excelling business targets & service delivery metrics - Creating operational efficiency across delivery teams, both on-shore and off-shore / permanent staff, contract and vendors - Experience in implementing contemporary HR best practices and creating highly engaged team - Proficiency in assessing as well as recognizing, respecting & nurturing the creative potential of individuals using different sources of evidence. - Operational Risk Management & InformationSecurity - Change management including stakeholder management, training program and communications design and delivery in support of large transformation programs - Senior stakeholder engagement and communication including presentations to business executives",890,2026-09-01 21:00:56.853 +0530,,,,,,,,,,,,hemanta.c@gmail.com,,,,,4,
Sanjana Sharma,Sanjana,Sharma,https://www.linkedin.com/in/sanjana-sharma-55859742,urn:li:member:150742868,sanjana-sharma-55859742,Bengaluru,Karnataka,India,"Bengaluru, Karnataka, India",State Street,,6-10yoe_global_indian,member_urn,,,,,,,,,,,,false,https://media.licdn.com/dms/image/v2/D5603AQEtaBraXpl61Q/profile-displayphoto-shrink_100_100/profile-displayphoto-shrink_100_100/0/1723021551167?e=1788998400&v=beta&t=JpSI2K1K_mD4XbR__-R_t2KXmnzonPyhqc258vvRIeE,false,,2556,2026-09-01 21:00:56.853 +0530,Sr.Associate(Asst.Manager)| IIT(ISM) Dhanbad|M.Tech CSE|GATE ?14|x-Dell|x-Amdocs|x-Infosys,,,,,,,,,,,sharmasanjana27@gmail.com,,,,,2518,
Sanjay Verma,Sanjay,Verma,https://www.linkedin.com/in/sanjay-verma-0052363a,urn:li:member:137925509,sanjay-verma-0052363a,Mumbai,Maharashtra,India,"Mumbai, Maharashtra, India",Freelance,Consultant,10+yoe_global,member_urn,,,,,,,,,,Providing consultation services to clients in oil & gas industry.,11/2023,false,https://media.licdn.com/dms/image/v2/D4D03AQEOij9009Ls-w/profile-displayphoto-shrink_100_100/profile-displayphoto-shrink_100_100/0/1699957318132?e=1788998400&v=beta&t=2i8KSVMfdwcnWk6CbJws66J6hMBr_QSj9n9cbE51EQE,false,"A seasoned Petroleum Engineer with 38+ years of experience in the Oil and Natural Gas Corporation Limited (ONGC), India's premier energy company. Starting as a graduate trainee and rising to Executive Director, I've honed my expertise across the entire production spectrum: - Well Completion & Testing - Onshore/Offshore Process Installations - Well Intervention - Artificial Lift Design - Well Stimulation (Acidization & Hydraulic Fracturing) - FPSO Charter Hiring - Deep-water Field Development My diverse experience extends to managing teams, materials, contracts, projects, and disputes with exceptional efficiency. I possess a strong understanding of Production Sharing Contracts (PSCs) gained through my association with ONGC's overseas arm, OVL. Additionally, I have extensive software coding experience, leveraging it to develop production optimization tools. Beyond technical expertise, I hold an MBA in International Business from Indian Institute of Foreign Trade, complementing my technical background with valuable sales and marketing experience for both crude oil and natural gas, catering to domestic and international clients.",263,2026-09-01 21:00:56.853 +0530,,,,,,,,,,,,sanjayverma11@gmail.com,,,,,1840,
Sanjib Chakraborty,Sanjib,Chakraborty,https://www.linkedin.com/in/sanjib-chakraborty-297626b,urn:li:member:34391059,sanjib-chakraborty-297626b,Delhi,,India,"Delhi, India",Philips,"Head of Risk Management - ISC & META (Indian Subcontinent, Middle East Turkey and Africa)",10+yoe_global,member_urn,,,,,,,,,,,,false,https://media.licdn.com/dms/image/v2/C4E03AQHSDQjUg5hKyg/profile-displayphoto-shrink_100_100/profile-displayphoto-shrink_100_100/0/1516369184821?e=1788998400&v=beta&t=gcX5rEm2uXqR-rkylYOMhb3Er3Q7XWPna9u6S9TZqfs,false,"Over 29 years of experience in Market strategy, Risk Evaluation and Mitigation, Proposal Development, Contract Negotiation, Commercial Excellence in sectors like Upstream Oil & Gas, Power Generation etc. Specialties: Contract Negotiation, Market strategy, Risk Evaluation and Mitigation, Proposal Development.",2756,2026-09-01 21:00:56.853 +0530,"Commercial Proposals | Energy - Power, Oil & Gas| Commercial Strategy | Contract Negotiation | Risk Management",,,,,,,,,,,csanjib@yahoo.com,,,,,2287,
Sanjib Sett,Sanjib,Sett,https://www.linkedin.com/in/sanjib-sett-1354a632,urn:li:member:114680633,sanjib-sett-1354a632,Kolkata,West Bengal,India,"Kolkata, West Bengal, India",ONGC,Retired Chief General Manager (Geophysics),10+yoe_global,member_urn,,,,,,,,,,,,false,https://media.licdn.com/dms/image/v2/C5603AQF7i1SB2rhMFw/profile-displayphoto-shrink_200_200/profile-displayphoto-shrink_200_200/0/1516504800509?e=2147483647&v=beta&t=QVuDtYymyeF5X6TR8vZKiTgaCq0zI0EEIdeoQR51CEs,false,"Experience: ONGC · Education: Indian School of Mines · Location: Kolkata · 1 connection on LinkedIn. View Sanjib Sett’s profile on LinkedIn, a professional community of 1 billion members.",557,2026-09-01 21:00:56.853 +0530,ONGC,https://in.linkedin.com/company/oilandnaturalgascorporation,3,,1983,1984,"{""Indian School of Mines""}",,,,,sanjibsett@yahoo.co.uk,,,,,2255,
Santanu Sengupta,Santanu,Sengupta,https://www.linkedin.com/in/santanu-sengupta-9a53931,urn:li:member:3925709,santanu-sengupta-9a53931,Bengaluru,Karnataka,India,"Bengaluru, Karnataka, India",CGI,Director Consulting Expert,10+yoe_global,member_urn,,,,,,,,,,,,false,https://media.licdn.com/dms/image/v2/C5103AQEZPntb4RfMnw/profile-displayphoto-shrink_100_100/profile-displayphoto-shrink_100_100/0/1516260439841?e=1788998400&v=beta&t=apDaU-2GDo4z-Y215l_KIpRQcYLNXzDA2y7d1PihkFM,false,"Santanu is a leading multi-skilled, accomplished and dynamic professional with more than 26 years of rich experience in Large Scale System Integration Solution Implementation, Cloud (Including On-Premise and Co-Located Private Clouds) based Services Delivery, Business Critical Applications Delivery, IT Service Transition and IT Transformation Project Deliveries, with applied proven knowledge and expertise in Large Program Management, Service Delivery and Engagement Governance and Program Execution, through acquired knowledge and practices of the tenets of Delivery Assurance, Technology and Skill Management, Collaborative Governance of Large Multi-Dimensional Delivery Organization, precepts of Quality Assurance practices, Teams and Stakeholders Management, and, with proven expertise in Delivery Optimization aiming at delivering the program objectives and satisfying stakeholders expectations. Santanu has additional past experience in solution configuration with Enterprise System Products including IBM Enterprise Systems, SUN Microsystem, Oracle, Veritas, NetApps, Legato, Networking, Storages and Backup etc in dot.com, ERP, Education & Research, Manufacturing & Production, Process Industries, Energy, Oil & Gas, Service Industry domains as a Presales Consultant.",2711,2026-09-01 21:00:56.853 +0530,Director Consulting Expert at CGI,,,,,,,,,,,santanu.sengupta@wipro.com,santanu.sengupta@wipro.com,,,,1651,
INDRANIL DOSS,INDRANIL,DOSS,https://www.linkedin.com/in/indranil-doss-81815a54,urn:li:member:191473940,indranil-doss-81815a54,Bengaluru,Karnataka,India,"Bengaluru, Karnataka, India",Apollo.io,Senior Backend Development Engineer(SDE-3),6-10yoe_global_indian,member_urn,"Apollo.io is the AI-powered end-to-end go-to-market platform that empowers sales, marketing, and revenue teams to find prospects, engage customers, and close deals with intelligence and efficiency. Trusted by millions of users and hundreds of thousands of companies worldwide, Apollo uniquely combines the industry's largest B2B contact database with an AI-native GTM platform to help teams of any size deliver revenue growth at scale.",782,,Software Development,18511550,https://www.linkedin.com/company/apolloio,"San Francisco, California, United States","Sales Engagement, Lead Generation, Predictive Analytics, Lead Scoring, Sales Strategy, Conversation Intelligence, Sales Enablement, Lead Routing, Sales Development, Email Engagement, Revenue Intelligence, Sales Operations, Sales Intelligence, Sales Engagement, Lead Intelligence, Prospecting, and B2B Data",https://www.apollo.io/demo?utm_source=linkedin&utm_medium=social&utm_campaign=company-page-link,,5/2023,true,https://media.licdn.com/dms/image/v2/C5103AQFewBYCCxwOlQ/profile-displayphoto-shrink_100_100/profile-displayphoto-shrink_100_100/0/1516725057406?e=1788998400&v=beta&t=DuLF8RsxjNlmU6BMtlOAld53DvN5Izv6wDv_4szkSiY,false,"Book a 1:1 session with me for Mock Interviews, Career Guidance, Resume Review https://topmate.io/indranil_doss I help engineers prepare for product-based roles through Resume Reviews, System Design mentoring (HLD/LLD), DSA mock interviews, and Career Strategy sessions. I've interviewed and mentored engineers for SDE-1, SDE-2, and SDE-3 roles across startups and product companies. I'm an experienced backend engineer and an experienced interviewer, currently working as SDE-3 at Apollo.io, with prior experience at Adobe, Myntra, InMobi and others I specialize in designing large-scale distributed systems from scratch, as well as optimizing and scaling production systems handling millions of requests. Highly proficient in Data Structures, Algorithms, High-Level & Low-Level System Design, and backend system architecture.",372,2026-09-01 21:00:56.853 +0530,,,,,,,,,,,,"idoss@adobe.com, idoss@ibm.com, indranil.doss@adobe.com","idoss@adobe.com, indranil.doss@adobe.com",,,,399,
Santosh Chandra,Santosh,Chandra,https://www.linkedin.com/in/santosh-chandra-9214481,urn:li:member:4079401,santosh-chandra-9214481,Bengaluru,Karnataka,India,"Bengaluru, Karnataka, India",Essar Oil and Gas Limited,Chief Executive Officer,10+yoe_global,member_urn,,,,,,,,,,,,true,https://media.licdn.com/dms/image/v2/C4D03AQEoR9NhGgTZNA/profile-displayphoto-shrink_100_100/profile-displayphoto-shrink_100_100/0/1617793044088?e=1788998400&v=beta&t=dMKvrGOWxSz7NV0mzlrAe2YKMmQfJbcNuSunAwvGpH8,false,"Senior Management Executive and Energy professional with 35+ years of experience in upstream Exploration & Production leadership positions with independent Oil and Gas companies throughout the business life cycle; from start-up remote operations to full field development in onshore, offshore and deep-water settings. Demonstrated ability to effectively translate Technical and Commercial excellence into business and financial results. Proven inter-personal, engage and influencing, and collaborative team skills, with experiences in multi-cultural and global setup. Well versed with Joint Venture Production Sharing PSC/PSA regimes, managing JV Partners, host Governments and Regulators. Specialties: Exploration & Appraisal, Development and Production Operations, Asset Management, Energy Transition, Technology integration and Stakeholder management. Creating and Build high performance motivated teams, mentoring and leadership pipeline development.",3455,2026-09-01 21:00:56.853 +0530,Former Chief Executive Officer at Essar Oil & Gas Exploration & Production Limited,,,,,,,,,,,"santosh.chandra@tullowoil.com, santosh.chandra@cairnindia.com",santosh.chandra@tullowoil.com,,,,1808,
Santosh Prasad,Santosh,Prasad,https://www.linkedin.com/in/santosh-prasad-5286894,urn:li:member:13619120,santosh-prasad-5286894,Bengaluru,Karnataka,India,"Bengaluru, Karnataka, India",IBM,,10+yoe_global,member_urn,,,,,,,,,,,,false,https://media.licdn.com/dms/image/v2/D5603AQHzPW44D66cYA/profile-displayphoto-scale_100_100/B56Z89KCffJoAY-/0/1783437470575?e=1788998400&v=beta&t=wloESqdoVwcm-d3kEAMIe83KQdduMVhAFWiKWL4kS_g,false,"Life is a Voyage, not a Destination. Passionate about work, learning and sports. I always cherish relationship with friends and colleagues that I gather along the way in my voyage. I am acknowledged for maintaining CXO level relationship by using excellent critical thinking and effective problem solving skills. I am skilled at leading large and high performance IT teams across the globe. Responsible for delivery & account growth for a multimillion large contract with healthy operating margin and excellent Net Promoter Score. Armed with strong techno-commercial acumen and significant devotion, I have been consistently exceeding performance benchmarks and steering my way forward towards resolving complex technical problems and meeting project deadlines. In the course of my association with the IT Industry, I have demonstrated abilities in managing the complete IT business cycle including need assessment, preparing IT Blueprint, Strategic Management, and delivering quality business solutions. Equipped with unique blend of technical as well as business management skills, I am confident of delivering impeccable results through my dedication in handling multiple functions & activities under high pressure environments with tight deadlines. I have achieved consistent success in transforming business problems into technology solutions and supporting clients' efforts to make their business units more effective & efficient. I draw my passion from Churchill who said that ""Success is the ability to go from one failure to another without any loss of enthusiasm"" and Martin Luther king who said that ""The ultimate measure of a man is not where he stands in moments of comfort and convenience , but where he stands at times of challenge and controversy"".",2762,2026-09-01 21:00:56.853 +0530,"Sr Partner & Service Line Leader, Hybrid Cloud & Data, FutureNow Centers, IBM Consulting, India. Conversationalist.",,,,,,,,,,,santosh_pd_in@yahoo.com,,,,,1952,
Satyendra Srivastava,Satyendra,Srivastava,https://www.linkedin.com/in/satyendra-srivastava-8530ab32,urn:li:member:113694975,satyendra-srivastava-8530ab32,,,India,India,Oil and Natural Gas Corporation Ltd,,10+yoe_global,member_urn,,,,,,,,,,,,false,https://media.licdn.com/dms/image/v2/C5103AQF__fWtQeoZ1w/profile-displayphoto-shrink_800_800-alternative/profile-displayphoto-shrink_800_800-alternative/0/1529815189326?e=1788998400&v=beta&t=EFww7riKlSpy4szxT4FSrp9g6I0_fH1xFiSpOu5E4SY,false,"A Graduate Engineer having 36 years of rich Experience in all facets of upstream Oil and Gas Production in Offshore and Onshore Assets of Oil & Natural Gas Corporation, India. Along with my field operations expertise, I have handled crucial and challenging management assignments during past 10 years - First as ONGC's Operator Board Member in ONGC's Joint Venture (JV) with Reliance Industries and British Gas' (BGEPIL, now acquired by Shell) Production Sharing Contract (PSC) and Presently as Head of HSE of Neelam & Heera (N&H), Mumbai High. Based on diverse experience of Exploration & Production (E&P) industry, I can contribute as a consultant in the following areas: 1. Preparation of Field Development Plan and seeking Management Approval 2. Technical Committee/Operator Board Member in Joint Venture operations of Producing/Exploration Field 3. Conducting HSE Audit and Incident Investigation 4. Conducting Safety Awareness program 5. Operational & Safety Aspects of producing Assets",2593,2026-09-01 21:00:56.853 +0530,Ex-Group General Manager at ONGC,,,,,,,,,,,satyendra40@gmail.com,,,,,2245,
Shaili Yadav,Shaili,Yadav,https://www.linkedin.com/in/shaili-yadav-90138313,urn:li:member:45708625,shaili-yadav-90138313,,,India,India,University of Oxford,Chevening CRISP Fellow,10+yoe_global,member_urn,,,,,,,,,,,,false,https://media.licdn.com/dms/image/v2/D4D03AQEjkPjwLrMIlQ/profile-displayphoto-shrink_100_100/profile-displayphoto-shrink_100_100/0/1716181087143?e=1788998400&v=beta&t=D3VQisZT2bYILJ9IsEqrtLMQ-r34vQuuqPTAeWJYx_c,false,"Passionate about the power of technology to improve people’s lives, I build businesses from grounds up focused on technology, sustainability, and social change. Having created high-performance teams, I have expertise in building partnerships, problem-solving and driving innovation. Experience at start-up, International Organization and corporate environments – managing teams and working with C-level executives, government, civil society, academia and philanthropy on initiatives related to digital transformation, sustainability, impact measurement, and policy. I am a 'diagonal thinker' meaning I excel at both right-brained and left-brained thinking. I am equally passionate about creative industries that make up popular culture as well as the entire spectrum of business, analytics, and strategy. Specialties: General management, operations, sales mgmt, marketing, e-commerce, internet/mobile content, online advertising, online marketing, brand development, product development, strategy, advising start-ups.",2811,2026-09-01 21:00:56.853 +0530,Marketeer and Business Leader | Democratizing cleantech for India | Chevening Fellow at The University of Oxford,,,,,,,,,,,shaili.yadav@amplussolar.com,shaili.yadav@amplussolar.com,,,,2620,
Shrawan Pradhan,Shrawan,Pradhan,https://www.linkedin.com/in/shrawan-pradhan-a8914910,urn:li:member:36180681,shrawan-pradhan-a8914910,Ranchi,Jharkhand,India,"Ranchi, Jharkhand, India",SAIL,Sr. Manager,6-10yoe_global_indian,member_urn,,,,,,,,,,,,false,https://media.licdn.com/dms/image/v2/C5603AQGealN1NkbUXw/profile-displayphoto-shrink_100_100/profile-displayphoto-shrink_100_100/0/1517714376939?e=1788998400&v=beta&t=C7cWnqRb1VtQ0HtYPhgZ2-J1crcwbFrT7SYZrCs7xYE,false,"Experience: SAIL · Location: Ranchi · 60 connections on LinkedIn. View Shrawan Pradhan’s profile on LinkedIn, a professional community of 1 billion members.",1150,2026-09-01 21:00:56.853 +0530,SAIL,https://in.linkedin.com/company/steel-authority-of-india-limited,60,,,,"{""Xavier Institute of Management(XIM Bhubaneswar)""}",,,,,"shrawan.pradhan@gmail.com, pradhan_swan@yahoo.com",,,,,2394,
Shubham Choudhary,Shubham,Choudhary,https://www.linkedin.com/in/shubham-choudhary-bharat,urn:li:member:504745256,shubham-choudhary-bharat,Thane,Maharashtra,India,"Thane, Maharashtra, India",ALLEN,Mathematics Teacher,6-10yoe_global_indian,member_urn,,,,,,,,,,,,false,https://media.licdn.com/dms/image/v2/D4D03AQFmGEspERDElQ/profile-displayphoto-scale_400_400/B4DZ9kDd_rJ8Ag-/0/1784090059657?e=1788998400&v=beta&t=FJssmkznTmy_BKhRMYWS8lrvwIkRp3D-fb6aoYfgCBg,false,"Working in the direction of producing more number of llTians. Skilled in wordpress(CMS), SEO, Microsoft Excel, Management, Engineering, Leadership, and Public Speaking. Strong entrepreneurship professional with a (B.tech)with (M.tech) focused in Mining and Mineral Engineering from Indian School of Mines.",2221,2026-09-01 21:00:56.853 +0530,ALLEN,https://in.linkedin.com/company/allen-career-institute,1072,,2015,2020,"{""Indian School of Mines""}",,,,,shubhamchoudhary452@gmail.com,,,,,1527,
Somaditya Dutta,Somaditya,Dutta,https://www.linkedin.com/in/somaditya-dutta-57332317,urn:li:member:57527655,somaditya-dutta-57332317,Mumbai,Maharashtra,India,"Mumbai, Maharashtra, India",JOSLER HYDROCARBONS INDIA PRIVATE LIMITED,Consultant,10+yoe_global,member_urn,,,,,,,,,,,,false,https://media.licdn.com/dms/image/v2/C4D03AQGnzoNFLM1-HA/profile-displayphoto-shrink_100_100/profile-displayphoto-shrink_100_100/0/1516625553611?e=1788998400&v=beta&t=jvJTubkV1Zm06gZIwA8QJqAG2senwuh_OaN8A_JEQ-M,false,"- Wide (more than 38 years) experience in various fields of geophysics since 1977. - Worked in hydrocarbon exploration and development since February, 1978. - Analysis of multi-disciplinary data for improving perfomance of drilled wells. - Planning and placement of development wells and side-tracks for offshore matured oil field. - Quality control of acquisition & processing of seismic data. Interpretation of seismic data in various areas of India including tectonically complex area. - Inversion of seismic data and prediction of reservoir parameters. - R&D in seismics in areas of complex tectonics and difficult logistics - Acquisition, Processing, Interpretation, Numercal Modelling and software development. - Geological model building in tectonically complex areas and optimization of seismic field parameters. - Acquisition and interpretation of seismic and precision gravity data in various geological provinces in India. - Electrologing for ground water exploration (1977- 1978). - Received ONGC-AEG (Best Ph.D. Thesis) Award during AEG 2004 ENHANCEMENT OF SEISMIC DATA IN TECTONICALLY DISTURBED AREAS OF SOME PETROLIFEROUS BASINS OF INDIA . - An active member of SEG. Was awarded SILVER CERTIFICATE by SEG in 2003.",2452,2026-09-01 21:00:56.853 +0530,Experienced Geo-scientist,,,,,,,,,,,somadityad@yahoo.com,,,,,2051,
Somanath padhy,Somanath,padhy,https://www.linkedin.com/in/somanath-padhy-9b27ba1a,urn:li:member:67680278,somanath-padhy-9b27ba1a,Bengaluru,Karnataka,India,"Bengaluru, Karnataka, India",Self-employed,Standup Comedian / Creative Writer,10+yoe_global,member_urn,,,,,,,,,,"Stand-Up comedian and writer. Have performed in over 600 Public shows and 100+ Corporate and Private shows. Some of the companies I have performed for include Deutsche Bank, Wipro, IBM, Samsung, Indiqube, WeWork, Danske IT, Interface India Pvt Ltd and Meesho.",1/2016,false,https://media.licdn.com/dms/image/v2/C5603AQGsirpcZHVC4g/profile-displayphoto-shrink_100_100/profile-displayphoto-shrink_100_100/0/1661328740776?e=1788998400&v=beta&t=Eo208Fzn31t_lLPmTS5UsSv5cW4He72KZileRXF2DUI,false,An enthusiastic & high energy driven professional,364,2026-09-01 21:00:56.853 +0530,,,,,,,,,,,,somanathpadhy@gmail.com,,,,,2433,
Somnath Ghosh,Somnath,Ghosh,https://www.linkedin.com/in/somnath-ghosh-b67b7128,urn:li:member:98437183,somnath-ghosh-b67b7128,Bengaluru,Karnataka,India,"Bengaluru, Karnataka, India",Saud Bahwan Group LLC,"Ex Asst General Manager (Construction Equipment Divison, Service )",10+yoe_global,member_urn,,,,,,,,,,,,false,https://media.licdn.com/dms/image/v2/C4D03AQEuaVcg4pNYtQ/profile-displayphoto-shrink_100_100/profile-displayphoto-shrink_100_100/0/1517531499157?e=1788998400&v=beta&t=28s3oZs9-ufaUIsEL6fXhl85v2Jv7yaRLwifMP59n40,false,A Result Oriented person with more than 30 years in Customer Support in Construction & Mining Equipment Segment . Independently handled Business Function for sustained profitability. Believe in working with a team and get the best out of them through empowerment,2835,2026-09-01 21:00:56.853 +0530,Ex. Asst. General Manager at Saud Bahwan Group LLC,,,,,,,,,,,somnath95@rediffmail.com,,,,,2413,
Sri Mohan Jha,Sri Mohan,Jha,https://www.linkedin.com/in/srimohanjha,urn:li:member:55211824,srimohanjha,Pune District,Maharashtra,India,"Pune District, Maharashtra, India",Mahanadi Coalfields Limited,,10+yoe_global,member_urn,,,,,,,,,,,,false,https://media.licdn.com/dms/image/v2/D4D03AQH_znvVaqXGFw/profile-displayphoto-shrink_100_100/profile-displayphoto-shrink_100_100/0/1707550560512?e=1788998400&v=beta&t=t5zYpJ6-ziu0yslPMEPOhXoHP2RNiA4bmtmMc4TYA6E,false,"With over 5 years of leadership experience at Mahanadi Coalfields Limited, including roles such as General Manager (Coordination) and General Manager (Production), my career has been marked by a strong focus on managerial experience and technical management. I have contributed to operational processes and personnel development, ensuring alignment with organizational objectives. My tenure as CEO and Director at MNH Shakti Limited further solidified my expertise in fostering organizational growth and operational efficiency. Passionate about team development and collaboration, my professional journey reflects a commitment to driving impactful results through effective leadership and cross-functional coordination.",2854,2026-09-01 21:00:56.853 +0530,Retired as Director (MNH Shakti Ltd) & General Manager(Coordination) @ Mahanadi Coalfields Limited,,,,,,,,,,,"srimohan.jha@mahanadicoal.nic.in, srimohanjha@gmail.com",srimohan.jha@mahanadicoal.nic.in,,,,2123,
Subrato Guha,Subrato,Guha,https://www.linkedin.com/in/subrato-guha-71942813,urn:li:member:45841413,subrato-guha-71942813,Kolkata,West Bengal,India,"Kolkata, West Bengal, India",BCPPL,President,10+yoe_global,member_urn,,,,,,,,,,"Creating New Business Vertical - Consumer Product Division Conceptualize the Brand Intention and Value Proposition, Product lines & Consumer Profiling Personally Interacting and Researching with consumers for understanding Need Gap Create Marketable Brand Positioning for a New Range of Cosmetics & Home Care Products and also Repositioning others. Quality Finalization & Standardization, Manufacturer Negotiation & Finalization, Licensing & Packaging Product testing and Certification. Pricing Strategy Brand Communication and Promotion strategy. Creative & Digital Agency briefing and monitoring. Launching online & Offline Consumer & brand Promotions, Sales Team selection & training, Policy & implementation",8/2018,false,https://media.licdn.com/dms/image/v2/C4D03AQFy2D6c8k_n-A/profile-displayphoto-shrink_100_100/profile-displayphoto-shrink_100_100/0/1516501554717?e=1788998400&v=beta&t=g_8z7wpspfXvh9N-berZiHPYCBd8yrOv_7Fk8RdfJ4A,false,"Consistent excellence in business development and line management in diverse industries and geographies for 25 years. Successfully handling top line and bottom line deliverable. Process improvement and implementation. Continuous cross functional working and significant contribution in strategy formulation and tactical implementation. Personally leading large scale transformations, mentoring change management and creating deliverable based attitude.. Acknowledged leader and contributor to both functional & cross functional teams. Team management based on deliverable, honesty humility and humor. Helped people development by creating successful business leaders. Acknowledged negotiator in external and internal situations",154,2026-09-01 21:00:56.853 +0530,,,,,,,,,,,,subrato.guha@timesgroup.com,subrato.guha@timesgroup.com,,,,1581,
Sujata Kumari,Sujata,Kumari,https://www.linkedin.com/in/sujata-kumari-80038825,urn:li:member:87520896,sujata-kumari-80038825,Bengaluru,Karnataka,India,"Bengaluru, Karnataka, India",Elite Custom Solutions Inc,Human Resources Manager,6-10yoe_global_indian,member_urn,,,,,,,,,,,,false,https://media.licdn.com/dms/image/v2/D5603AQEaJA08qtt-fw/profile-displayphoto-scale_200_200/B56Z4boRshHMAk-/0/1778580006689?e=1788998400&v=beta&t=a_StLB7e52pG3aOq2AmCKdSxy7UmaZeRpDuZIagxhh4,false,"HR professional with 8+ years of experience in HR operations, employee lifecycle management, industrial relations across the USA and India. Skilled in building processes, ensuring compliance, and supporting business teams with effective HR solutions. Currently seeking to leverage prior experience and re-enter the workforce in a dynamic HR role.",2354,2026-09-01 21:00:56.853 +0530,HR Manager with 8+ yrs of experience,,,,,,,,,,,kumari.sujata37@gmail.com,kumari.sujata37@gmail.com,,,,1789,
SUMIT SAHA,SUMIT,SAHA,https://www.linkedin.com/in/sumit-saha-23757920,urn:li:member:73068811,sumit-saha-23757920,Durgapur,West Bengal,India,"Durgapur, West Bengal, India",Essar Oil and Gas Limited,,10+yoe_global,member_urn,,,,,,,,,,,,false,https://media.licdn.com/dms/image/v2/D4D03AQHKQMwe64wKww/profile-displayphoto-scale_100_100/B4DZ6nNV.JGYAg-/0/1780921754235?e=1788998400&v=beta&t=7W0ipN-7C8oX5pRrlAPVqsnqO5kMqvoSyTxf2x1nlN4,false,"Presently Working as Operation Manager (Drilling) and supervision of all Drilling Rigs. National & Internationally Experienced ACE and Field Service Engineer in Oil & Gas with a demonstrated history of working in the oil & gas industry. Skilled in AutoCAD, Arcgis Products, Petroleum, Analytical Skills, and Geophysics. Strong engineering professional with a Research focused in Geology from Indian School of Mines, Dhanbad.",2633,2026-09-01 21:00:56.853 +0530,Operation Manager,,,,,,,,,,,"sumit.saha@bhge.com, smaxy4u@gmail.com, sumit.saha@bakerhughes.com","sumit.saha@bhge.com, sumit.saha@bakerhughes.com",,,,1808,
Susmita Munda,Susmita,Munda,https://www.linkedin.com/in/susmita-munda-60238388,urn:li:member:311460770,susmita-munda-60238388,Ranchi,Jharkhand,India,"Ranchi, Jharkhand, India",Infinite Computer Solutions,Senior Executive,6-10yoe_global_indian,member_urn,,,,,,,,,,,,false,https://media.licdn.com/dms/image/v2/D4D03AQGpgBJHW_gfgw/profile-displayphoto-scale_200_200/B4DZl_qUPvHwAY-/0/1758783426052?e=1788998400&v=beta&t=pKJtt-I_5008K--IAuLpXYghwkXEUEgn7UHZbp_fTeI,false,"As a Senior Payroll Executive specializing in US payroll, I bring over 7 years of diverse HR experience across technology, construction, and consulting sectors. My passion lies in ensuring payroll accuracy, compliance, and employee satisfaction while leveraging HR technology for streamlined processes. With an MBA in HR Management and hands-on experience at Infinite Computer Solutions, Apptad Inc. , I have successfully managed end-to-end payroll processes for large teams, implemented process improvements, and maintained compliance with federal and state regulations. My expertise extends to HR operations, employee onboarding, HRIS management, and cross-functional collaboration. Known for my attention to detail, problem-solving approach, and commitment to confidentiality, I strive to deliver seamless payroll experiences that support organizational success. I am always eager to connect with fellow professionals, share insights, and explore opportunities for growth and collaboration. Let's connect!",2317,2026-09-01 21:00:56.853 +0530,Senior Payroll Executive | US Payroll Specialist | MBA | HR Operations & Compliance |,,,,,,,,,,,susmita.munda@gmail.com,,,,,2005,
TAPAN BOSE,TAPAN,BOSE,https://www.linkedin.com/in/tapan-bose-10920a15,urn:li:member:51276825,tapan-bose-10920a15,Mumbai,Maharashtra,India,"Mumbai, Maharashtra, India",SPJIMR SP Jain Institute of Management & Research,Project Advisor in Executive MBA(PGEMP) Program,10+yoe_global,member_urn,,,,,,,,,,,,false,https://media.licdn.com/dms/image/v2/C4D03AQHdDjeTfjR_wQ/profile-displayphoto-shrink_100_100/profile-displayphoto-shrink_100_100/0/1516555310734?e=1788998400&v=beta&t=5uZcMzLk7SpHAb-FekeUj5IvvFG9ScvW1Vd3qH3ziMA,false,"Guiding & advising students of Executive MBA(PGEMP) for industrial projects & teaching project methodology at S.P. Jain Institute of Management, Mumbai. Have over 38 years of professional experience in IT industry of which about 20 years are in senior management position with large Indian and foreign MNCs. Have proven track record of setting up, managing and growing very significantly several offshore outsourcing centers of Delivery Excellence based on Global Distributed Delivery Model catering to customers located mostly in USA, Canada, UK, France & Germany Possess deep knowledge of software engineering & project management processes and their effective implementation to derive maximum business benefits. Had twice lead CMMI Level 5 assessments end-to-end Have very sound technical base and fully conversant with latest state of the art technologies in the areas of Business Analysis, BI, Solution Architecting, Systems Architecting, Enterprise Solution & Systems Integration and Cloud Computing. Currently exploring the challenges & opportunities of BIG data analytics and effective implementation of Agile methodology in globally distributed development environment A certified PMP from PMI USA for last 9 years, actively involved in a number volunteering activities with PMI USA & PMI India. Have been evaluator for PMI USA - Linn Stuckenbruck Person of the Year Award – 2012, PMI USA- David I. Cleland Project Management Literature Award- 2013; Level 1 & Level 2 jury member for PMI-India “Project Of The Year” Award. Been appointed by PMI India as a member of the Awards executive committee called Leadership Team For Awards (LTA) for 2014-16 PMI National Conference Have published several articles on different aspects of project management in various magazines; have delivered talks on project management in different forums",2685,2026-09-01 21:00:56.853 +0530,"Ex Faculty in Post Graduate Executive Management Program at S. P.Jain Institute of Management & Research (SPJIMR) As Project Advisor responsible for managing, teaching and guiding Capstone Projects",,,,,,,,,,,tapan.bose@spjimr.org,tapan.bose@spjimr.org,,,,2504,
Varun Tyagi,Varun,Tyagi,https://www.linkedin.com/in/tyagivarun,urn:li:member:57610853,tyagivarun,New Delhi,Delhi,India,"New Delhi, Delhi, India",BCG X,Product Manager,6-10yoe_global_indian,member_urn,,,,,,,,,,,,true,https://media.licdn.com/dms/image/v2/D5603AQHX1NDMJLCTQQ/profile-displayphoto-shrink_800_800/B56ZVvnFkAHEAc-/0/1741334272614?e=1788998400&v=beta&t=QO2TujrKiOOO4z-PvJm6sNx59BDUvDy2omrR-89WgOo,false,"Product Manager with 7+ years building 0 1 products at the intersection of strategy, technology, and growth. Most recently at BCG X (the tech build & design unit of Boston Consulting Group), where I led product strategy, build, and delivery for Fortune 500 enterprises, PE-backed startups, and high-growth ventures.Across BCG X, Freshworks, and Qoruz, I've shipped products in B2B SaaS, FinTech, Healthcare, Consumer Tech, and GenAI. My work lives at the messy front end — turning ambiguous business goals into validated MVPs, prioritized roadmaps, and features that move metrics.What I bring to product teams: 0 1 product development — discovery, MVP definition, validation, shipping Strategy & roadmap — translating business goals into testable, prioritized bets Growth & experimentation — A/B testing, funnel optimization, retention AI and Technical fluency — GenAI product surface area, working hand-in-hand with engineering on architecture trade-offsI'm currently exploring my next product role — ideally in a team that's building something with a real impact, 0 1 surface area, and strong engineering and shipping culture. Reach me at vatyagi24@gmail.com or DM here.",2042,2026-09-01 21:00:56.853 +0530,BCG X,https://www.linkedin.com/company/bcg-x,5312,,,,"{""University of California, Berkeley, Haas School of Business""}",,,,,vatyagi24@gmail.com,varun.tyagi@freshworks.com,,,,1580,
Udai Bhan Rai,Udai Bhan,Rai,https://www.linkedin.com/in/udai-bhan-rai-802170b,urn:li:member:33240962,udai-bhan-rai-802170b,Bengaluru,Karnataka,India,"Bengaluru, Karnataka, India",Brunei Shell Petroleum Co. Sdn. Bhd.,Pore Pressure Prediction Specialist,10+yoe_global,member_urn,,,,,,,,,,,,false,https://media.licdn.com/dms/image/v2/C4E03AQHhvyKDKBAdGg/profile-displayphoto-shrink_100_100/profile-displayphoto-shrink_100_100/0/1516353510426?e=1788998400&v=beta&t=KGNeapQG_WyFFHyyfFKwnDJP7Zbcj0lpDpsisrIZO8w,false,"Dedicated, result-oriented Geomechanics engineer with seven years of industry experience.",2569,2026-09-01 21:00:56.853 +0530,Geomechanics Engineer at Shell,,,,,,,,,,,udai4699@gmail.com,,,,,1615,
Vikas Mathur,Vikas,Mathur,https://www.linkedin.com/in/vikas-mathur-6b58041b,urn:li:member:70676201,vikas-mathur-6b58041b,,,Greater Delhi Area,Greater Delhi Area,Sandvik,Product Manger,6-10yoe_global_indian,member_urn,,,,,,,,,,,,false,https://static.licdn.com/aero-v1/sc/h/bgaqk7x4ntjz0wg67d8u723eb,false,"Experience: Sandvik · Education: Indian School of Mines · Location: Greater Delhi Area · 18 connections on LinkedIn. View Vikas Mathur’s profile on LinkedIn, a professional community of 1 billion members.",984,2026-09-01 21:00:56.853 +0530,Sandvik,https://se.linkedin.com/company/sandvik,20,,2006,2010,"{""Indian School of Mines""}",,,,,vikas.mathur@sandvik.com,vikas.mathur@sandvik.com,,,,2402,
Vipul Jindal,Vipul,Jindal,https://www.linkedin.com/in/vipuljindal,urn:li:member:62528538,vipuljindal,Chandigarh,,India,"Chandigarh, India",Infrastone Private Limited,Managing Director,10+yoe_global,member_urn,,,,,,,,,,"At Infrastone Pvt. Ltd. and Cretalock Chemicals LLP, we stand as industry leaders in transforming spaces. Infrastone specializes in top-quality tiles, while Cretalock Chemicals excels in cutting-edge tile adhesives. Together, we deliver solutions that redefine aesthetics and durability.",3/2018,false,https://media.licdn.com/dms/image/v2/D5603AQHWxe0VlzXJaQ/profile-displayphoto-shrink_100_100/profile-displayphoto-shrink_100_100/0/1704885688410?e=1788998400&v=beta&t=nrQxNWhafAOrlebacfAG2xH56lIh5D3qZNvNisTNRAM,false,"Greetings! I'm Vipul Jindal, a seasoned Managing Director at Infrastone Private Limited, specializing in the Tiles and Tiles Adhesives industry. With six years of hands-on experience, I've spearheaded the growth of our multi-million dollar business from inception. Infrastone Private Limited stands as the sole tiles exporter in our region, a testament to our team's dynamic leadership and commitment to excellence. My professional journey includes valuable tenure at Tata Steel, where I refined my skills and gained insights pivotal to my current role. My core strengths lie in fostering transparent and honest relationships with clients, resulting in a high percentage of repeat and loyal customers. Under my direction, Infrastone has achieved remarkable success, owing to our strategic vision and unwavering dedication to customer satisfaction. Our commitment to quality extends globally, positioning us as a trusted partner in the international tiles market. I take pride in nurturing enduring client relationships, which have been instrumental in our high rate of client retention. In an industry that's constantly evolving, I remain dedicated to continuous learning and improvement, ensuring Infrastone stays at the forefront of innovation and market trends. I'm open to networking and collaboration opportunities within the Tiles and Adhesives industry. Let's connect and explore how we can mutually contribute to each other's professional journey.",203,2026-09-01 21:00:56.853 +0530,,,,,,,,,,,,vipul_jindal@ismu.ac.in,,,,,2011,
virender verma,virender,verma,https://www.linkedin.com/in/virender-verma-2343a945,urn:li:member:159226888,virender-verma-2343a945,Gurgaon,Haryana,India,"Gurgaon, Haryana, India",Kuwait Oil Company,Selection Grade Petroleum Engineer,10+yoe_global,member_urn,,,,,,,,,,,,false,https://static.licdn.com/aero-v1/sc/h/bgaqk7x4ntjz0wg67d8u723eb,false,"Experience: Kuwait Oil Company · Education: Indian School of Mines · Location: Gurgaon · 84 connections on LinkedIn. View virender verma’s profile on LinkedIn, a professional community of 1 billion members.",565,2026-09-01 21:00:56.853 +0530,Kuwait Oil Company,https://kw.linkedin.com/company/kuwait-oil-company,84,,1960,1964,"{""Indian School of Mines""}",,,,,virender_verma@hotmail.com,,,,,2089,
VIVEK KUMAR HIMANSHU,VIVEK,KUMAR HIMANSHU,https://www.linkedin.com/in/vivek-kumar-himanshu-9a367246,urn:li:member:162886155,vivek-kumar-himanshu-9a367246,,,Dhanbad-Ranchi Area,Dhanbad-Ranchi Area,CSIR-Central Institute of Mining and Fuel Research,Senior Scientist,10+yoe_global,member_urn,,,,,,,,,,,5/2020,false,https://media.licdn.com/dms/image/v2/C5603AQFmbsiMP6vKCg/profile-displayphoto-shrink_100_100/profile-displayphoto-shrink_100_100/0/1517435251767?e=1788998400&v=beta&t=T1_Fm1phqK4iv0YtGYrvFphIEwcPKz9pY-raHZ1ilzM,false,To work for an organisation in the purview to develop a better future for the mankind and environment.,219,2026-09-01 21:00:56.853 +0530,,,,,,,,,,,,vivekbit07@gmail.com,,,,,1704,
Yogendra Singh,Yogendra,Singh,https://www.linkedin.com/in/yogendra13,urn:li:member:211622083,yogendra13,Noida,Uttar Pradesh,India,"Noida, Uttar Pradesh, India",Mailmodo,,6-10yoe_global_indian,member_urn,,,,,,,,,,,,false,https://media.licdn.com/dms/image/v2/C4E03AQFHvPzT2-AWgg/profile-displayphoto-shrink_100_100/profile-displayphoto-shrink_100_100/0/1543299003884?e=1788998400&v=beta&t=Thqst0mYzBjeM_FqHCSsthoDk5TitYGBhvflRHceWXM,false,"Engineer. Builder. Curious mind.With 7+ years of experience, I craft systems that scale, teams that thrive, and products that work — from the first line of code to production and beyond. From leading high-impact features at Adobe and core product initiatives at Mailmodo to presently building real-time Agentic AI systems, the core of the journey is to ship products that blend user experience with performance.I combine deep technical fluency with a product-first mindset and a knack for building lean, iterative systems. Tech I love working with: JavaScript, Python, Go, C/C++, React, Qt/QML, Node.js, Express, FastAPI, Redis, Vite, Webpack, LangGraph, Ollama, Vertex AI, MySQL, Postgres, MongoDB, Qdrant, GraphQL, Docker, K8s.Known for: leading from the front, mentoring teams, simplifying complexity, and always chasing the next “why not?”.Always hands-on. Always shipping.",2260,2026-09-01 21:00:56.853 +0530,Exploring LLMs | Mailmodo | Adobe | Samsung,,,,,,,,,,,ysingh@adobe.com,ysingh@adobe.com,,,,2126,
Dr. Saurabh Sambhav,Dr. Saurabh,Sambhav,https://www.linkedin.com/in/dr-saurabh-sambhav-42b54623,urn:li:member:81959651,dr-saurabh-sambhav-42b54623,Patna,Bihar,India,"Patna, Bihar, India",Percept Ltd,executive,founders,member_urn,,,,,,,,,,,,false,,false,"An Entrepreneur, Educator, Engineer, Scholar (IIT/NIT) with a demonstrated history of working in the education management industry. He is always enthusiastic about Radio Frequency (RF) system design, development and applications. Also, Associated with Electronics Industries, Recent Technologies, RF, Microwave, IoT, Digital Learning, Student Management & Planning with strong business development professional with ongoing live projects and having many connections worldwide in different work segments.",3219,2026-08-25 00:00:00.000 +0530,,,,,,,,,,,,,,,,,2283,
S J,S,J,https://www.linkedin.com/in/s-j-3a69781a0,urn:li:member:790698798,s-j-3a69781a0,Korba,Chhattisgarh,India,"Korba, Chhattisgarh, India",hackersone,Self Employed,6-10yoe_global_indian,member_urn,,,,,,,,,,,11/2019,false,https://media.licdn.com/dms/image/v2/C5103AQE5JM6riYkg6g/profile-displayphoto-shrink_100_100/profile-displayphoto-shrink_100_100/0/1579986050812?e=1788998400&v=beta&t=Hfit79F6NcoaRABCbPQySXjAaCZi3gS-Qy1q51n79_c,false,,2455,2026-08-25 00:00:00.000 +0530,,,,,,,,,,,,,,,,,1921,
AK Saikumar Kakani,AK Saikumar,Kakani,https://www.linkedin.com/in/ak-saikumar-kakani-7503a6a,urn:li:member:30825132,ak-saikumar-kakani-7503a6a,,,Greater Hyderabad Area,Greater Hyderabad Area,Freelance,Senior Consultant,10+yoe_global,member_urn,,,,,,,,,,,4/2020,false,https://media.licdn.com/dms/image/v2/C5603AQH2JEdUtVH11w/profile-displayphoto-shrink_100_100/profile-displayphoto-shrink_100_100/0/1517689185828?e=1788998400&v=beta&t=a7L-lJsJ5ljrIPtEUPc8-QtYpbLx-XkMkOemMURkmSE,false,"Highly accomplished earth sciences professional with specialization in Petrophysics. Over 38 years of experience in oil companies as well as service companies in India and international locations. Extensive experience in formation evaluation using wire-line and LWD methodologies including latest acoustic, NMR and imaging tools. Worked in development and exploratory areas and experienced in field studies through integration of core and log analysis data. Experienced in cased hole log evaluation including production logging, casing inspection and C/O logs. Also, a recognized academic professional with experience in teaching Petrophysics at IIT, Mumbai for M.Tech program during 2008-2010.. Currently working on drilling data to evaluate formation evaluation solutions in unconventional reservoirs. Specialties: Formation evaluation in clastics and carbonates using Wire-line/Lwd data integrating with core data, field studies,training and optimization of production in unconventional reservoirs through analysis of facies using drilling attributes...",353,2026-09-01 21:00:56.853 +0530,,,,,,,,,,,,akskakani@gmail.com,,,,,1840,
Amit Chowdhury,Amit,Chowdhury,https://www.linkedin.com/in/amit-chowdhury-2ab76431,urn:li:member:112354979,amit-chowdhury-2ab76431,Kolkata,West Bengal,India,"Kolkata, West Bengal, India",Raiganj Central Co-operative Bank Ltd.,Head Cashier,10+yoe_global,member_urn,,,,,,,,,,"Teller operations for 5+ years including other Branch Banking Operations. Prepared Consolidated Financial Statement of Accounts for Statutory Audit for the years 2015-16 and 2016-17. Cash Vault Management at Head Office for 3+ years. Installing, maintaining and administering of Offsite Surveillance System (OSS) application of NABARD and filing of OSS returns for the years 2015-16",9/2017,false,https://media.licdn.com/dms/image/v2/C5603AQE6bQRjuAYY1A/profile-displayphoto-shrink_100_100/profile-displayphoto-shrink_100_100/0/1516482729841?e=1788998400&v=beta&t=JKTBjnUiIZKR_AwwpzxaSASDIcCCZl-CazHUC0NcEFw,false,"CAIIB qualified banker aspiring for assignments in Banking Operations Management. Abilities in handling multiple priorities and a genuine interest in professional development. Quick learner Excellent communication and problem solving skills. Strong ability to work in a team in a highly compliant and professional environment. Strong interest in analysis, and examination of internal control procedures and sound understanding of Business Logic.",551,2026-09-01 21:00:56.853 +0530,,,,,,,,,,,,chowdhury_ak@yahoo.com,,,,,2337,
Anand Vatsa,Anand,Vatsa,https://www.linkedin.com/in/anand-vatsa-34620618,urn:li:member:60228198,anand-vatsa-34620618,Mumbai,Maharashtra,India,"Mumbai, Maharashtra, India",Jubilant Enpro,President,10+yoe_indian,member_urn,,,,,,,,,,"Responsible for General Management, Operations, Business Development & Contract negotiation, Strategic Marketing, Customer Relationship Management, Proposals efforts including project reviews and successful delivery of projects to customers for offshore Oil and Gas. Managing a multi-functional team to spearhead the strategic support & business development activities for the Jubilant Group with main focus on offshore services division .",7/2008,false,https://media.licdn.com/dms/image/v2/D4E03AQFqXuG-sjSPMA/profile-displayphoto-shrink_100_100/profile-displayphoto-shrink_100_100/0/1633773697634?e=1788998400&v=beta&t=gs3lDlBAH3LODTrnTddGsPd6dgTR-FpN_KaotiuW5Cs,false,"An alumnus from MIT Sloan (General Management) and Indian School of Mines(Earth sciences), I have 20 + years of comprehensive technical & managerial experience across different service industry segments catering to Energy sector . Over the years,I have developed a deep rooted understanding of global upstream market including investment analysis of various offshore service industry projects. My expertise in oil & gas market derives from my rich experience across various industry segments in the areas of business development, corporate strategy, M&A etc. In my current position, I take care of offshore services business including subsea projects , seismic , drilling and marine business in India. Specialties:- - Marketing & Business Development - Contracting strategy, Contract Procurement & Administration - Asset acquisition ( Business Modelling, Financial analysis) - Integrated Services & Project Management - Offshore subsea projects , offshore Drilling , Offshore logistics , Seismic exploration, FPSO, Tank terminals, LNG - Unconventional Energy Resources",1251,2026-09-01 21:00:56.853 +0530,,,,,,,,,,,,anandvatsa@yahoo.com,anand.vatsa@jubilantenpro.com,,,,2056,
"Anil Kumar Singh, Ph.D",Anil Kumar,"Singh, Ph.D",https://www.linkedin.com/in/anil-kumar-singh-ph-d-46999714,urn:li:member:50214609,anil-kumar-singh-ph-d-46999714,North Delhi,Delhi,India,"North Delhi, Delhi, India",MAG Chemical,Technical Head,10+yoe_global,member_urn,,,,,,,,,,"Research and Development of new products, Technical report preparation based on Legal and Indian Taxation system. Plant-machinery procurement and installation. Raw material identification and import, etc",12/2019,false,https://media.licdn.com/dms/image/v2/C4D03AQEG-i3F9fOZ4A/profile-displayphoto-shrink_100_100/profile-displayphoto-shrink_100_100/0/1622275473518?e=1788998400&v=beta&t=j-cAs3lacfAz0u1_MGg0QtQ8J1jkSsS9IjWN5bnQ8cM,false,"1. Research and Development for the new products / transfer of technology. 2. Technical report preparation based on Legal and Indian/International Taxation system. 3. Raw material identification and import, etc 4. Plant-machinery procurement and installation 5. Scientific/technical solutions for existing problems. 6. Review of corporate sales of the organization",537,2026-09-01 21:00:56.853 +0530,,,,,,,,,,,,vatsa001@gmail.com,,,,,2119,
mousumi sen,mousumi,sen,https://www.linkedin.com/in/mousumi-sen-8a3ba732,urn:li:member:116425275,mousumi-sen-8a3ba732,Mumbai,Maharashtra,India,"Mumbai, Maharashtra, India",LTIMindtree,Associate Principal,10+yoe_indian,member_urn,"LTIMindtree is a global technology consulting and digital solutions company that partners with enterprises across industries to reimagine business models, accelerate innovation, and drive AI-centric growth. Trusted by more than 700 clients worldwide, we use advanced technologies to enable operational excellence, elevated customer experiences, and long-term value creation. With a workforce of more than 86,000 talented and entrepreneurial professionals across over 40 countries, LTIMindtree — a Larsen & Toubro Group company — is dedicated to solving complex business challenges and delivering transformation at scale. LTIMindtree is proud to be an equal opportunity employer. We are committed to providing equal employment opportunities regardless of race, ethnicity, nationality, gender, gender identity, gender expression, language, age, sexual orientation, religion, marital status, veteran status, socio-economic status, disability, or any other characteristic protected by applicable law. Please note that neither LTIMindtree nor any of its authorized recruitment agencies/partners charge candidates any registration fees or other fees for appearing in interviews or securing employment/internships. Candidates are solely responsible for verifying the credentials of any agency or consultant claiming to work with LTIMindtree for recruitment purposes. Please note that anyone relying on representations made by fraudulent employment agencies/consultant does so at their own risk. LTIMindtree disclaims any liability for loss or damage suffered as a result of such actions. For more info, please visit www.ltimindtree.com.",97479,,IT Services and IT Consulting,86813252,https://in.linkedin.com/company/ltimindtree,"Mumbai, Maharashtra, India",Digital Transformation,http://www.ltimindtree.com,,7/2018,false,https://media.licdn.com/dms/image/v2/D4D03AQH5YcrFfQRwlQ/profile-displayphoto-scale_200_200/B4DZ7jw035J4Ag-/0/1781937689324?e=1788998400&v=beta&t=wmrGQ9xj3a3F_4sQPYqGY7jX38ZM19p5_siAenuwiTo,false,"Geophysicist/data manager... Working Mother,.... Trying to balance",569,2026-09-01 21:00:56.853 +0530,,,,,,,,,,,,mousumi.sen@gmail.com,,,,,192,
Anindo Ghosh,Anindo,Ghosh,https://www.linkedin.com/in/anindo-ghosh-8791b816,urn:li:member:54239709,anindo-ghosh-8791b816,Maharashtra,,India,"Maharashtra, India",Reliance Industries Limited,Vice President - Projects,10+yoe_indian,member_urn,,,,,,,,,,"Led end-to-end project execution for FPSO, overseeing multi-phase activities from mechanical completion to offshore commissioning Directed cross-functional teams across engineering, safety, and operations, ensuring alignment with project milestones Successfully led mechanical completion. pre-commissioning and commissioning activities at SHI’s Geoje Shipyard Organised third-party start-up audit and system health checks, ensuring system readiness and regulatory compliance Conducted Pre-Startup Safety Review (PSSR), mitigating risks and reinforcing a robust safety culture Delivered successful offshore start-up and commissioning, enabling timely handover to Operations & Maintenance (O&M) team Recognized for strategic leadership, stakeholder engagement, and driving excellence under high-pressure environments Directed close-out of punch points and ensured timely resolution of outstanding issues Finalized defect notifications and ensured comprehensive documentation for warranty tracking Undertook Decommissioning Studies ensuring timely completion and compliance with Site Restoration Guidelines issued by MoPNG Conducted techno-economic evaluations for potential acquisition of new oil & gas assets Evaluating options for extending life of producing fields",7/2022,false,https://media.licdn.com/dms/image/v2/D4D03AQEaMv3V2a7LDw/profile-displayphoto-scale_400_400/B4DZnZqyRKHwAg-/0/1760293496665?e=1788998400&v=beta&t=Tc0d-aWDmX1H0noYpPgQ8euHRKXWPO1mI99EALQVq4w,false,"Strategic and results-driven executive with over 30 years of experience leading complex upstream oil & gas projects. Proven expertise in conceptual engineering, FEED studies, commissioning, and decommissioning studies. Adept at managing multi-disciplinary teams, optimizing processes, and ensuring regulatory compliance. Currently serving as Vice President – Projects at Reliance Industries Limited, I bring a deep understanding of project lifecycle management, cost estimation, asset evaluation, and stakeholder engagement. Passionate about driving innovation, enhancing operational efficiency, and mentoring future leaders in the energy sector. Experience Directed large-scale offshore and onshore oil & gas developments from concept to commissioning. Led FEED studies and technical documentation for multi-billion-dollar assets. Spearheaded decommissioning studies ensuring safety and regulatory compliance. Managed cross-functional teams across geographies, delivering projects on time and within budget. Engaged with stakeholders to align project goals with business objectives. Oversaw engineering deliverables and commissioning of FPSOs and offshore platforms. Implemented optimization strategies that reduced costs and improved timelines. Collaborated with international vendors and contractors to ensure quality and compliance. Progressed through technical and managerial roles, gaining hands-on experience in upstream operations. Contributed to early-stage conceptual engineering and asset evaluation",1249,2026-09-01 21:00:56.853 +0530,,,,,,,,,,,,anindo.ghosh@ril.com,anindo.ghosh@ril.com,,,,2354,
Astha S,Astha,S,https://www.linkedin.com/in/asthasingh7,urn:li:member:248386817,asthasingh7,,,India,India,Microsoft,,founders,member_urn,,,,,,,,,,,,true,,false,"I’m a product manager focused on building AI-first experiences on search, and chat assistant products. At Microsoft I was focused on improving the search quality for Teams messages across M365 Copilot Chat/Search and in-app Teams search. Before product, I have worked across Amazon, ByteDance, Unacademy leading large-scale advertising & ed-tech operations / delivery, giving me a strong foundation in execution, scale, and business impact.",2497,2026-09-01 17:03:38.642 +0530,"Product Manager | Worked @ Microsoft, Amazon, Bytedance",,,,,,,,,,,,,,,,2152,
Ashok Kumar,Ashok,Kumar,https://www.linkedin.com/in/ashok-kumar-19722513,urn:li:member:45337795,ashok-kumar-19722513,Delhi,,India,"Delhi, India",wateraquifers.com,Principal Consultant - Hydrogeologist,10+yoe_global,member_urn,,,,,,,,,,"Provides specialized individual consultancy services in sustainable solutions in groundwater exploration, development and management to the Individual, community, farmers, government agencies , local authorities and industries. Specialist in oil and gas field groundwater management, aquifer test, aquifer mapping, numerical groundwater modelling, hydro geochemical modelling, efficient water well design - drilling & testing, groundwater monitoring, regulatory compliance reporting in local groundwater regulatory frame work.",8/2021,false,https://media.licdn.com/dms/image/v2/D5603AQHQHEQwqWkGbA/profile-displayphoto-shrink_100_100/profile-displayphoto-shrink_100_100/0/1677040292281?e=1788998400&v=beta&t=157ArTtF9UzUCqOJOZCkxu4E6jJRV7k_by_b4oHnOp8,false,"Completed Graduation (B.Sc) in Geology in 1983 from Science College, Patna University; Post Graduation (M.Sc.Tech) in Applied Geophysics in 1986 from Indian Institute of Technology (ISM), Dhanbad, India; CSIR Fellow in 1987, Completed Ph.D (1999) in Hydrogeology from Faculty of Science, Patna University. UNDP Fellow - Competed course in GIS based Groundwater Modelling at CSIRO/ CGS Perth, Australia in the year 2000. More than 68 scientific papers published / presented at National and International level. More than 33 years of experience in the area of groundwater starting from field level exploration, aquifer mapping, well site selection, development of Ground Water Information System (GWIS), development of numerical 3D flow, solute and reactive transport model, monitoring well field design, fresh water lens mapping and monitoring, well field design and optimization, landfill monitoring, waste water disposal in deep aquifer, land subsidence monitoring, aquifer test design and analysis. water quality and compatibility analysis, hydrogeochemical modelling. Expertise Groundwater flow, solute transport and reactive modelling (Trained at CSIRO/ CGS Perth, Australia and Waterloo Hydrogeologic Inc., Waterloo,, Canada) hydrogeochemical modelling, compatibility analysis, produced and injection water hydro-chemistry, radioactive isotopes and age dating of formation and source aquifer, water chemistry related reservoir souring (H2S) Aquifer mapping, testing, analysis and well field design Observation well field design and aquifer behavior monitoring, impact assessment Waste water disposal (saline water) through deep aquifer injection, its performance evaluation and environmental risk assessment Development of Ground Water Information System (GWIS) Groundwater exploration (electrical method and Remote sensing), lineaments and fractures analysis Watershed morphometry, hydrogeology and natural resource assessment and planning. Natural Resource Database Management (NRDMS) and Geographic Information System Land subsidence field monitoring and modelling Community level groundwater and natural resource development and management Active involvement with NGO for translating scientific findings to community",445,2026-09-01 21:00:56.853 +0530,,,,,,,,,,,,"ashok.kumar@cairnindia.com, groundwater.modelling@gmail.com, groundwatermodelling@gmail.com",ashok.kumar@cairnindia.com,,,,2658,
Bablu Ghosh,Bablu,Ghosh,https://www.linkedin.com/in/bablu-ghosh-b4395037,urn:li:member:130742115,bablu-ghosh-b4395037,Ranchi,Jharkhand,India,"Ranchi, Jharkhand, India",RDCIS SAIL Ranchi,Deputy Manager,10+yoe_global,member_urn,,,,,,,,,,,9/2014,false,https://media.licdn.com/dms/image/v2/C5603AQFBYMKJYoC4oA/profile-displayphoto-shrink_100_100/profile-displayphoto-shrink_100_100/0/1516774410761?e=1788998400&v=beta&t=_VEzSF2ayFD_MkfHLL0gvBt202d9o9-k-UQ8gzmOq_g,false,"- Investigation of New project by surface mapping and sub-surface mapping. - Preparing the geological core logging. - Preparing the geological plan and sections, bed rock contours maps, discontinuity mapping, seismic Survey. Coal petrography. Carbonization,coke making, coal benificiation - Conducting the Rock Mechanics test like Poisson's ratio, Compressive strength, Triaxial test etc. - preparing Geo technical report and modelling of sub surface geological features . - Quality Control",717,2026-09-01 21:00:56.853 +0530,,,,,,,,,,,,bablu_agl@yahoo.co.in,,,,,2347,
SETHY BIDYADHAR,SETHY,BIDYADHAR,https://www.linkedin.com/in/sethy-bidyadhar-51b88055,urn:li:member:196246247,sethy-bidyadhar-51b88055,Bhubaneshwar,Odisha,India,"Bhubaneshwar, Odisha, India",EARTHSTONEGROUP,GEOLOGIST,6-10yoe_global_indian,member_urn,,,,,,,,,,,,false,,false,,2531,2026-08-25 00:00:00.000 +0530,,,,,,,,,,,,,,,,,1778,
Bhuvan Momaya,Bhuvan,Momaya,https://www.linkedin.com/in/bhuvan-momaya-413222b2,urn:li:member:400665039,bhuvan-momaya-413222b2,Sendhwa,Madhya Pradesh,India,"Sendhwa, Madhya Pradesh, India",Self-employed,Independent educator,6-10yoe_global_indian,member_urn,,,,,,,,,,"Mentoring students for board exams and competitive entrance tests (e.g., JEE/NEET) Customizing teaching methods to suit different learning styles, improving performance and engagement.",5/2025,false,https://media.licdn.com/dms/image/v2/D4D03AQHa3FDaRpZuHQ/profile-displayphoto-shrink_800_800/B4DZbc.vq5G8Ac-/0/1747464158607?e=1788998400&v=beta&t=iRDt67Ok069orTuDp-LHw0yEgZNlxeXGUBBLAhAtYDM,false,"Experienced professional with B.Tech in Mining Machinery Engineering from IIT (ISM) Dhanbad and 4+ years at KPMG in Infrastructure,Government and healthcare Services. Specialized in research and analysis for mining sector projects. Skilled in data-driven insights, engagements, and policy evaluation to support strategic decision-making in public and private sector engagements.Also pursued a teaching role to contribute to education while continuing to build my analytical and communication skills, and I’m now eager to re-enter the mining consulting domain.",453,2026-09-01 21:00:56.853 +0530,,,,,,,,,,,,bhuvanmomaya@gmail.com,,,,,2433,
Bipul Chandra Mandal,Bipul Chandra,Mandal,https://www.linkedin.com/in/bipul-chandra-mandal-208aa514,urn:li:member:50480360,bipul-chandra-mandal-208aa514,Kolkata,West Bengal,India,"Kolkata, West Bengal, India",West Bengal Revenue Service,Asst. Commissioner of Revenue,10+yoe_global,member_urn,,,,,,,,,,,2/2019,false,https://media.licdn.com/dms/image/v2/C4D03AQGI0E1ruHnF7Q/profile-displayphoto-shrink_100_100/profile-displayphoto-shrink_100_100/0/1630303088458?e=1788998400&v=beta&t=S3J2RseKqWCeA-3pAviFY0g-wSMfbxC9sPHMHsr5KVw,false,"Joined West Bengal Revenue Service as Asst. Commissioner of Revenue in Dept. of Finance, Govt. of West Bengal. Joined Bharat Heavy Electricals Ltd as Engineer and working as a Boiler commissioning and trouble shooting engineer for higher capacity Power Plants (250MW,500 MW, 600MW, 660MW, 800MW) Joined Siri Exergy & Carbon Advisory Services Pvt. Ltd as Asst. Manager (Energy Efficiency) for 4 and half month and worked as an Energy Auditor & Carbon Credit Consultant for BEE demand side management programme for Kolkata , Howrah & Haldia Municipal Corporation. Started career as Energy Management Trainee at National Productivity Council (An Autonomous Body under Ministry of Industry & Commerce) for one year.",552,2026-09-01 21:00:56.853 +0530,,,,,,,,,,,,bipulee2008@gmail.com,,,,,2663,
Ishan Mendiratta,Ishan,Mendiratta,https://www.linkedin.com/in/ishan-mendiratta-9a8a4568,urn:li:member:241460048,ishan-mendiratta-9a8a4568,Faridabad,Haryana,India,"Faridabad, Haryana, India",Firepucks,Chief Operating Officer,10+yoe_global,member_urn,,,,,,,,,,,3/2020,false,https://media.licdn.com/dms/image/v2/D5603AQGqkYPo4OtTWQ/profile-displayphoto-shrink_100_100/profile-displayphoto-shrink_100_100/0/1713096956715?e=1788998400&v=beta&t=ojmfklCIMzugFPQd823bD97-ex_mMYOYHYOTfJAzP0Q,false,,2541,2026-08-25 00:00:00.000 +0530,,,,,,,,,,,,,,,,,1832,
Dheeresh K Mallick,Dheeresh K,Mallick,https://www.linkedin.com/in/dheeresh-k-mallick-7811633a,urn:li:member:137734801,dheeresh-k-mallick-7811633a,Patna,Bihar,India,"Patna, Bihar, India","Birla Institute of Technology Mesra, Patna Campus",Director,10+yoe_indian,member_urn,,,,,,,,,,,7/1999,false,https://media.licdn.com/dms/image/v2/D4D03AQGT-nxVL5tsHg/profile-displayphoto-scale_400_400/B4DZ9LlqKiHgAg-/0/1783679593732?e=1788998400&v=beta&t=5n0_yVKJ-RzXhnPMPXiMw2E-G_k0tYVqwiL_8aZFJz0,false,"Joined BIT Mesra in July 1999 with a responsibility to start new courses at BIT Lalpur. Assumed charge with 2 UG courses with 35 students in each course. Within 2 years, there were 4 UG courses and 2 PG courses equipped with 3 computational laboratories and 2 Electronics laboratories, running at Lalpur Campus.In 2005 joined Ph. D. program at ISM (IIT) Dhanbad. Developed Parallel Computing Laboratory and Distributed Computing Test Bed in my parent CSE Department at BIT Mesra. Taught, various UG and PG Courses of my department during 2001 to 2025. Published 37 Research Articles in SCI/SCIE/Scopus Journals, international conferences having DBLP listing. So far, 5 Ph.D. scholars completed their research under my guidance and rest are pursuing.In September 2025 asummed office of Prof. In-Charge (SBACA) BIT Lalpur, once again started yet another UG program within a short tenure of 4 months there.Assummed office of Director, BIT Patna in January 2025 and continuing.",1316,2026-09-01 21:00:56.853 +0530,,,,,,,,,,,,dkmallick@gmail.com,,,,,1600,
Dr. Balakrushna Panda,Dr. Balakrushna,Panda,https://www.linkedin.com/in/dr-balakrushna-panda-3166bb33,urn:li:member:118193922,dr-balakrushna-panda-3166bb33,,,Greater Delhi Area,Greater Delhi Area,Social services,Legal Practitioner and freelancing consultant,10+yoe_global,member_urn,,,,,,,,,,,7/2023,false,https://media.licdn.com/dms/image/v2/C5103AQH58RuReP3vWQ/profile-displayphoto-shrink_100_100/profile-displayphoto-shrink_100_100/0/1576064655267?e=1788998400&v=beta&t=aVJX1qSDLnMTNki9YMsld-D1u7ScMeeeaJeilUqsXNw,false,"Having completed a Master of Science and Technology and Master of Philosophy in Applied Geology from Indian School of Mines, India I joined Central Ground Water Board for a brief period. On qualifying the Civil Service Examination of India in 1988 I joined Indian Ordnance Factory Service. since then I have been working in different fields at various levels of Government of India as a Public Service Officer. Now I am engaged in promoting foreign trade and creating employment in Special Economic Zones and Export Oriented Units of Eastern and North Eastern States of India as Development Commissioner under Ministry of Commerce and Industry, Government of India. Worked with two central ministers as Private Secretary and Officer on Special Duties and got the experience of national and international issues, inter-ministerial and inter-departmental issues, and associated with the policy-making process and their execution especially in Rural Development and Water Resources. Have 12 years of experience in Administration, establishment, material management, Estate Management in large industrial setups like Ordnance Factories. Goal: I would spearhead the policy formulation, required in the changed economic context, Coordinate even the complex situation with all challenges of multiple stakeholders. I would strive to get associated with the International Development to reduce the economic divide. Specialties E-Governance and use of new Technology in Governance, Managing large Government companies (PSUs), Infrastructure Financing and PPP project formulation, Rehabilitation, and Resettlement of Project Displaced People, Economic Development and Rural Development, Planning and Implementation of Large Projects.",572,2026-09-01 21:00:56.853 +0530,,,,,,,,,,,,bkpanda@gmail.com,,,,,2486,
Dr Sneha Gautam,Dr Sneha,Gautam,https://www.linkedin.com/in/dr-sneha-gautam-7178543b,urn:li:member:142443523,dr-sneha-gautam-7178543b,Coimbatore,Tamil Nadu,India,"Coimbatore, Tamil Nadu, India","​Institute of Environmental Engineering, National Chiao Tung University, Hsinchu, Taiwan",Postdoctoral Fellow,10+yoe_global,member_urn,,,,,,,,,,,8/2016,false,https://media.licdn.com/dms/image/v2/D4D03AQFf9eDg80YYlw/profile-displayphoto-shrink_100_100/profile-displayphoto-shrink_100_100/0/1723567115116?e=1788998400&v=beta&t=v9tE-xWJVjpbFpDWgSbF1uHs1u92Z84fyGL8rVrGGg4,false,"Sneha has received his PhD (Engineering) from Indian Institute of Technology (IIT), Kharagpur, and an MTech (Environmental Science and Engineering) from Indian Institute of Technology, Indian School of Mines (IIT - ISM) Dhanbad. His fundamental and application-oriented cross disciplinary research is focused at the interfaces of clean air engineering/science, human health and smart/sustainable living in cities/megacities. His research builds an understanding of the formation and emission of particles, both from vehicle exhausts and non-vehicular sources. He, investigates their contribution to pollution, especially in megacity contexts. He is developing approaches to low-cost sensing and contributing to the development of exposure control technology and guidelines for policymakers to curtail pollution exposure in cities, with associated health benefits. His current research projects and works are focused in broad multidisciplinary areas of air pollution monitoring/modeling, low-cost sensing, nature-based solutions, climate change mitigation, and developing innovative technological and passive (e.g. green infrastructure) solutions for air pollution exposure control for both developing and developed world. He received a couple of prestigious awards (i.e., IEI Young Scientist Award 2019; IEI Achiever Award 2020; Outstanding Reviewer Award – Elsevier, International Travel Grant – Govt of India, etc). With over 30 articles in top-ranked journals (h-index 21; i10-index 28; citations >1250), he has developed a network of collaborators across four continents, serving on editorial boards of several international journals. His research has featured in well-read media outlets such as the Aljajeera, Times of India, and Trinity.",692,2026-09-01 21:00:56.853 +0530,,,,,,,,,,,,snehagautam_goni@yahoo.co.in,,,,,2017,
Gopal Kumar,Gopal,Kumar,https://www.linkedin.com/in/gopal-kumar-24b62120,urn:li:member:73200155,gopal-kumar-24b62120,Andhra Pradesh,,India,"Andhra Pradesh, India",Gemfields India Private LTD.,Director,10+yoe_global,member_urn,,,,,,,,,,Sales and marketing of emeralds and rubies in India,7/2018,false,https://media.licdn.com/dms/image/v2/C4D03AQEJSH1dBBEvYA/profile-displayphoto-shrink_100_100/profile-displayphoto-shrink_100_100/0/1516898311967?e=1788998400&v=beta&t=PT5_-fVuZHdTsht-QOGnlTcwoYbpf5Mz0hHsKGFZB6w,false,A professional having 25 years of experience in mining and mineral industry. A leader who believes in harnessing the synergy of team members to attain organizational goal.,383,2026-09-01 21:00:56.853 +0530,,,,,,,,,,,,"gopalkumar@nmdc.co.in, gopal514@yahoo.com, gkumar@nmdc.co.in, 514gopal@gmail.com",gopalkumar@nmdc.co.in,,,,1862,
Nitin Gupta,Nitin,Gupta,https://www.linkedin.com/in/nitingupta07,urn:li:member:13333292,nitingupta07,Pune District,Maharashtra,India,"Pune District, Maharashtra, India",Mastercard,"Vice President, Data, Analytics & AI",10+yoe_global,member_urn,"Mastercard powers economies and empowers people in 200+ countries and territories worldwide. Together with our customers, we’re building a sustainable economy where everyone can prosper. We support a wide range of digital payments choices, making transactions secure, simple, smart and accessible. Our technology and innovation, partnerships and networks combine to deliver a unique set of products and services that help people, businesses and governments realize their greatest potential.",51576,,IT Services and IT Consulting,3015,https://fr.linkedin.com/company/mastercard,"Purchase, New York, United States","global digital payments/commerce, technology, innovative mobile payment solutions et processing",http://www.mastercard.com,,2/2025,true,https://media.licdn.com/dms/image/v2/C5603AQG9TAMTqbY2vQ/profile-displayphoto-shrink_100_100/profile-displayphoto-shrink_100_100/0/1588588777941?e=1788998400&v=beta&t=aniTPGELAhWmxv83YTJeSUfe7BhEbwGBgmaNbd2en_c,false,"Nitin is a global Data, AI, and Technology Executive with 20+ years leading large‑scale engineering, analytics, and AI organizations across fintech, payments, retail, and enterprise technology. Recognized as a Top 100 AI Leader (2023 & 2024) in India by Analytics India, he specializes in building AI‑native products, modern cloud data platforms, and real‑time insights systems that drive measurable revenue and operational impact.Nitin has managed global portfolios up to $300M, scaled high‑performing teams and delivered large scale on-prem and Cloud data platforms. His leadership spans AI/ML productization, Generative AI & Agentic AI innovation, enterprise data engineering, advance analytics and digital transformation across the US, Europe, APAC, and Australia.With a background from IIT Dhanbad & IIM Bangalore, he blends deep technical expertise with strategic business acumen—driving commercialization of AI, cloud modernization, and product‑centric engineering cultures. He thrives in roles shaping the future of AI, data platforms, engineering strategy, and enterprise technology leadership.Nitin is also an avid marathon runner (participated in multiple international & national marathons) and loves hiking.",751,2026-09-01 21:00:56.853 +0530,,,,,,,,,,,,"nitingupta07@gmail.com, nitin.gupta07@gmail.com",,,,,27,
Jyoti Pandey,Jyoti,Pandey,https://www.linkedin.com/in/jyoti-pandey-92938a,urn:li:member:930993,jyoti-pandey-92938a,,,Mumbai Metropolitan Region,Mumbai Metropolitan Region,Vivifi Finance India Pvt Ltd,Independent Director,10+yoe_indian,member_urn,,,,,,,,,,,9/2023,false,https://media.licdn.com/dms/image/v2/C4E03AQEKVn7_vc7etw/profile-displayphoto-shrink_100_100/profile-displayphoto-shrink_100_100/0/1516242072210?e=1788998400&v=beta&t=WrDs18uBxJ_CTRebKlexhrmEVnGDglTIAFwsPA8yN-A,false,"Central Banker with nearly 33 years of experience having served as a Regional Director of Reserve Bank of India for the states of Punjab, Haryana, Himachal Pradesh and UT Chandigarh. Experience in diverse functions such as policy development and implementation of policy in the area of FEMA regulation, Banking and Non-Banking regulations and supervision, Regulatory Compliance, Currency Management, Payment Systems including digital banking, HR and General Administration, Customer Service and Financial Literacy & Financial Inclusion. As Chief General Manager of Foreign Exchange Department, have contributed in formulating and implementing of policies, rules, and their review and monitoring in areas pertaining to Outward and Inward investment flows, monitored trade related transactions (Imports and Exports); Reviewing and Monitoring of flows pertaining to External Commercial Borrowings and individual remittances. Implemented the IDPMS and EDPMS applications for online monitoring of imports and exports. Well versed with various provisions of Banking Regulation Act and FEMA. Also, functioned as compounding authority for compounding the contraventions under FEMA. As a member of faculty, trained over 2000 executives of banking and financial sector in the areas of Banking and Finance, Regulatory Compliance, Risk Management, Customer Service and Education, Anti-Money Laundering and KYC and Information Technology. Conducted customised training programmes for domestic and overseas banks and financial institutions, government officials, non-government officials and multilateral bodies. Passionate about consulting, training & mentoring on various Central Banking function including on matters related to Current and Capital Account Transactions (Foreign Exchange Management)",1315,2026-09-01 21:00:56.853 +0530,,,,,,,,,,,,jpandeyubd@yahoo.com,jpandeyubd@yahoo.com,,,,2652,
"K.MANOHARAN, M.Tech., M.I.E.","K.MANOHARAN,","M.Tech., M.I.E.",https://www.linkedin.com/in/k-manoharan-m-tech-m-i-e-778733a,urn:li:member:31670156,k-manoharan-m-tech-m-i-e-778733a,Tamil Nadu,,India,"Tamil Nadu, India",WATER MARK-Exploration & Environmental Consultants ( Since 1993),Geologist,10+yoe_global,member_urn,,,,,,,,,,"Consultant in RITES(Ministry of Railways, Government of India) in JLPC and other projects all over India. Handled projects in Geology, Hydrogeology and Geophysics. related to Groundwater. Geologist-Hindustan Oil Exploration Company Limited- Onshore Basins- Cauvery -Onshore & Offshore, Onshore, Cambay- Onshore, Rajasthan-Onshore & KG Offshore for JMLU/ONGC Geologist-Great Eastern Energy Corporation Limited -Coal Bed Methane- Exploration & Development in Raniganj Basin & Mannargudi Lignite Field, Cauvery Basin.",4/1993,false,https://media.licdn.com/dms/image/v2/C4E03AQEfGHIOKjR6jg/profile-displayphoto-shrink_100_100/profile-displayphoto-shrink_100_100/0/1516332388794?e=1788998400&v=beta&t=2_3DYWJKr_qVn5_50yl3pjjOgkxyMOYO4G-zaNNsUps,false,"Exploration, Exploitation and Management of Groundwater Water, Coal Bed Methane, Oil & Gas projects",731,2026-09-01 21:00:56.853 +0530,,,,,,,,,,,,hydromano@yahoo.com,,,,,2660,
Mikesh kumhar,Mikesh,kumhar,https://www.linkedin.com/in/mikesh-kumhar-13732356,urn:li:member:197868283,mikesh-kumhar-13732356,Ahmedabad,Gujarat,India,"Ahmedabad, Gujarat, India",SPE ISM Student Chapter,Executive member,10+yoe_global,member_urn,,,,,,,,,,,7/2011,false,https://media.licdn.com/dms/image/v2/D5603AQGci8uTnAXaFA/profile-displayphoto-shrink_200_200/B56Z8gLxBAIMAU-/0/1782951383336?e=1788998400&v=beta&t=UIP9de1rqcKqizYxHB3NbSwOO6T6sOnQJePefC7Par4,false,"IIT JEE Maths Educator| Running School project JEE | Experience of Aakash, FIITJEE| B.tech IIT(ISM) Dhanbad Petroleum Enginnering 2015",646,2026-09-01 21:00:56.853 +0530,,,,,,,,,,,,mikesh370@gmail.com,,,,,2502,
Anshul Mishra,Anshul,Mishra,https://www.linkedin.com/in/anshul-mishra-74455418,urn:li:member:61075492,anshul-mishra-74455418,Bengaluru,Karnataka,India,"Bengaluru, Karnataka, India",algoleap,Principal Solution Architect,10+yoe_indian,member_urn,"Algoleap is a truly AI- and cloud-native product engineering firm, specializing in AI-driven business transformation, product engineering, data and service management, enterprise applications, and supply chain solutions. Our expertise spans across: Artificial Intelligence (AI) Supply Chain Consulting Food and AgriTech End-to-End Business Transformation Customer Experience (CX) and Product Design We are a born-digital company partnering with a mix of Fortune 500 enterprises and well-funded unicorn start-ups, supporting them in their large-scale transformation initiatives. At Algoleap, we bring together a growing team of top engineering talent, delivering mission-critical capabilities through design-thinking-led enterprise architecture, best-in-class engineering practices, and managed innovation. At the core of our business are our people and our customers, who continue to drive our purpose and progress. For more information, please visit www.algoleap.com or write to us at info@algoleap.com.",536,2021,IT Services and IT Consulting,13234308,http://www.linkedin.com/company/algoleap,"Hyderabad, Telangana, India","Modernization, Data Engineering, Platform Engineering, Product Management, Machine Learning, Artificial Intelligence, Experience Design, Design Thinking, Program Management, Automation, Quality Assurance, and Digital Engineering",http://www.algoleap.com/,"Led enterprise-wide MEIO and Master Planning transformations across three product categories, achieving over $1.2M in inventory and scrap savings. Collaborated with executive stakeholders to ensure alignment of planning architecture with key operational and financial KPIs. Managed hypercare, cutover, and Go-Live stabilization for MEIO deployments in North America and Europe, ensuring compliance and data integrity.",7/2025,true,https://media.licdn.com/dms/image/v2/C4E03AQHTs7cV2e96mg/profile-displayphoto-shrink_100_100/profile-displayphoto-shrink_100_100/0/1526937011713?e=1788998400&v=beta&t=2tO8BMoWF0NkuXvWi1onQar_AtHlFUvJH8wWdFOIsj4,false,"Senior AI Supply Chain Architect and Solution Consulting Leader with 13+ years of experience delivering enterprise-scale planning transformations across retail, CPG, manufacturing, and mining operations.I specialize in architecting AI-driven supply chain ecosystems spanning demand forecasting, MEIO, master planning, replenishment, and supply execution, aligning advanced analytics, solver optimization, and data science with measurable business outcomes.Across global engagements in North America, Europe, and APAC, I have partnered with C-level and senior supply chain leadership to translate complex AI capabilities into clear value narratives, guiding organizations from discovery and blueprinting through POC validation, executive buy-in, and scaled rollout.Select impact highlights: Delivered $1.2M+ in inventory and working capital savings across multi-region implementations Improved forecast accuracy by 15% through advanced solver configuration and analytics optimization Led executive demos and value-led solution positioning contributing to multiple global wins Built reusable architecture assets and mentored consulting teams to scale delivery excellenceMy recent focus has expanded toward autonomous, agent-driven enterprise systems, exploring how AI orchestration, multi-agent architectures, and decision intelligence can enhance structured planning platforms and enable dynamic, cross-functional supply chain decision-making at scale.I am particularly interested in senior roles at the intersection of enterprise AI architecture, supply chain transformation, and digital planning modernization.",1019,2026-09-01 21:00:56.853 +0530,,,,,,,,,,,,"amishra@nmdc.co.in, anshulmishra08@gmail.com",amishra@nmdc.co.in,,,,861,
Nripendra Kumar Bharali,Nripendra Kumar,Bharali,https://www.linkedin.com/in/nripendra-kumar-bharali-1723b62,urn:li:member:6957158,nripendra-kumar-bharali-1723b62,,,India,India,Ceresta Business Consulting (ceresta.in),Managing Director,10+yoe_indian,member_urn,,,,,,,,,,"Engaging with and supporting clients in the fields of Energy, Strategy, HR and People Development.",1/2016,false,https://media.licdn.com/dms/image/v2/C5603AQH3rnq9J8i9mA/profile-displayphoto-shrink_100_100/profile-displayphoto-shrink_100_100/0/1516263108411?e=1788998400&v=beta&t=Ke59y_p0m9BbMwtQdhCi9JzvNw7mH4jppocdu29q2UY,false,"A focused, well informed and qualified professional with over three decades of cross functional experience. Possesses a unique set of knowledge, experience and skills in the fields of Hydrocarbon E&P Operations, Project Planning and Management, Human Resource Management and Development, Strategic and Corporate Planning, Domestic and International Business Development, Social Corporate Responsibility, Stakeholder Management etc",1285,2026-09-01 21:00:56.853 +0530,,,,,,,,,,,,nkbharali@oilindia.in,,,,,1649,
OM PRAKASH SAH,OM PRAKASH,SAH,https://www.linkedin.com/in/om-prakash-sah-bb01342a,urn:li:member:101843124,om-prakash-sah-bb01342a,Ahmedabad,Gujarat,India,"Ahmedabad, Gujarat, India",Caspian India Engicon Pvt Ltd,Managing Director,10+yoe_global,member_urn,,,,,,,,,,,10/2014,false,https://media.licdn.com/dms/image/v2/C4D03AQHH5yMmhCSvPA/profile-displayphoto-shrink_100_100/profile-displayphoto-shrink_100_100/0/1656653670407?e=1788998400&v=beta&t=upHVRi4cTnjIuY0P7Eke_ESadVsCABakCRLGKlycZ-U,false,"Dynamic, self-motivated, dependable and results oriented professional with more than 23 years of experience in operations, logistic ,maintenance & repair of Plants and Equipment engaged in construction fields such as Oil and Gas Pipeline, Infrastructure Development sectors and Plants. Imaginative and Innovative Individual with proven management, proper planner, cost controller with optimizing utilization and enhancing life of equipment’s with timely and reliable maintenance, continuous monitor and logical analyzer of failure to avoid recurrence of same type of failure. Team player with outstanding leadership and creative problem solving skills, development of team member with proper training and motivation To liaison with local authority of Kazakhstan for getting necessary permission, certification to compliance ROK Rules and regulation. To develop Local Vendor like subcontractors for civil as well as mechanical works. Have Permanent Residential Card of Kazakhstan valid till Jun-2019. No Visa required. Work experience in Kazakhstan from Dec-2004 to Feb-2012 Striving in Excellence for your company is my goal.",362,2026-09-01 21:00:56.853 +0530,,,,,,,,,,,,opsah22@gmail.com,,,,,1630,
Binod Rai,Binod,Rai,https://www.linkedin.com/in/binod-rai-4b3386b,urn:li:member:33769287,binod-rai-4b3386b,Delhi,,India,"Delhi, India",Damodar Valley Corporation Ministry of Power,"Head RIO ,QC&I , New Delhi",10+yoe_indian,member_urn,,,,,,,,,,,5/2026,false,https://media.licdn.com/dms/image/v2/D5603AQEb-TKtaLW7gg/profile-displayphoto-shrink_100_100/B56Zb.Btd1HwAU-/0/1748018587591?e=1788998400&v=beta&t=DkZna3QJvhG6qZYejBfyFJTMzhgvTy5aXuSSWrk9AEQ,false,"I believe that the right path isn’t always the most popular—it’s the one you choose with purpose and conviction. With a foundation in engineering and leadership experience as Director at DTI Chandrapura, I’ve dedicated over two decades to not just building systems, but building people. I’ve trained over 1,000 professionals across India in technical skills, leadership, and self-mastery, and delivered 100+ motivational and technical sessions to students, educators, and industry leaders alike. My core mission is to help individuals—especially young professionals and students—gain clarity of direction, develop consistent motivation, and shape careers they truly believe in. Key Focus Areas: Career decision-making rooted in clarity Long-term motivation and personal leadership Purpose-driven professional development Signature Talks: “Decide the Path First – and Prove It Right” “Motivation That Stays: Fueling Long-Term Drive” “From Confusion to Clarity: Engineering a Purposeful Life” I believe success isn’t about taking the easiest road—it’s about owning the path you believe in, and proving it right through consistent action. If you’re someone searching for direction, purpose, or the inner fuel to stay committed, let’s connect. Reach me at: Binod.rai@dvc.gov.in | director.dti@dvc.gov.in bkrai77@gmail.com",1246,2026-08-25 00:00:00.000 +0530,,,,,,,,,,,,binod.rai@dvc.gov.in,binod.rai@dvc.gov.in,,,,1726,
Mohd Anas,Mohd,Anas,https://www.linkedin.com/in/raynasinfra,urn:li:member:828560878,raynasinfra,Jaipur,Rajasthan,India,"Jaipur, Rajasthan, India",Raynas Infra & Geomatics Services Pvt. LTD.,Raynas,10+yoe_indian,member_urn,"Raynas Infra & Geomatics services Pvt. LTD is identified as the services provider and consultant inData Collection and processing by GPS , Georefrencing and Digitization of image by ArcGIS 9.3 and 10.1, Geospatial Analysis and 3D Imaging and Scanning, Image Processing and Remote Sensing Data Analysis. Advanced IT and Programming skills, Updating of plan with help of Auto CAD Civil 3D 2018 and 2019. Volume calculation from GPS data with help of Surpac, Li scad and Auto CAD. Editing of scan files volumes of Stock Heap, Making 3D Model of faro scanner Data with Help of Scene, Maptek and Geomagic in all the type of Land Survey, "" GIS Á Remote Sensing ,Drone Survey ,3D Laser Scanning Lidar Technology, GIS ,Remote Sensing photogrammetry drone base Surveying.",17,2017,Civil Engineering,65672309,https://in.linkedin.com/company/raynas-infra,"Delhi, India","GPR Survey, LIdar Survey, UAV Drone Survey, Point Cloud to BIM Solution, 3D Laser Scanning, Infra services, Geotechnical services, UAV Drone Survey, and Soil Testing Company",https://www.geomatics.co.in,,,false,https://media.licdn.com/dms/image/v2/D4D03AQEqYiMh5bJuKg/profile-displayphoto-crop_800_800/B4DZijw4p8HsAM-/0/1755094160542?e=1788998400&v=beta&t=y16mnXuVdLd9BNTvSYNIJZQ9-aAImCd4Tr3T6gH0ITw,false,"Dear Sir,Greetings from RAYNAS! This is Raynas! We provide the following services in pan India with high accuracy and very competitive price.1. UAV aerial Drone survey.2. Lidar Surveying3. 3D Laser Scanning.4. Land Surveying5. Plot Demarcation survey6. GPR Surveying Service.7. GIS Mapping service.8. Geo-technical consultancy services9. Drone relateted service10. Drone on rent.11.Point Cloud to BIM Solution.If any queryplz call us on 9636723732 or write us on sales@raynas.co.in Visit our site www.raynas.co.inin agriculture sectors, Architecture& Design, Infrastructure Development,Telecom Network,Transmission Line,Mineral Resources,Mines and Power Plants.If you need any of them please let me know on this no9636723732Email:info@raynas.co.in",560,2026-08-25 00:00:00.000 +0530,,,,,,,,,,,,sales@raynas.co.in,sales@raynas.co.in,,,,255,
Trisha Ghosh,Trisha,Ghosh,https://www.linkedin.com/in/trisha-ghosh-894802424,urn:li:member:1805529712,trisha-ghosh-894802424,Dhanbad,Jharkhand,India,"Dhanbad, Jharkhand, India",TropoGo,Associate- CEO Office,founders,member_urn,,,,,,,,,,,,false,https://media.licdn.com/dms/image/v2/D4E03AQENp4AecsHjSQ/profile-displayphoto-scale_400_400/B4EZ.pTSZEKEAg-/0/1785251834690?e=1789603200&v=beta&t=AF_V-JzjatEyslA6WnfZ1ERsW5L87jr1lwRf5SDVAyM,false,"My transition from healthcare to management began with an interest in the systems behind healthcare. I saw the impact that administrative processes, communication and organisational decisions have on the experience of both patients and professionals.During my five-month experience at TropoGo, I gained hands-on exposure to operations, data management, CRM processes and process improvement. This gave me a perspective beyond the clinical environment.I am particularly interested in HR, operations, business analytics and healthcare management, with a growing interest in business analytics and strategy.Always curious, learning, and looking for opportunities to solve meaningful problems.",3489,2026-09-01 17:36:28.613 +0530,IIT ISM DHANBAD ?28 || MBA || BDS,,,,,,,,,,,,,,,,2598,
Harshit Mahawar,Harshit,Mahawar,https://www.linkedin.com/in/harshit-mahawar,urn:li:member:604637858,harshit-mahawar,Bengaluru,Karnataka,India,"Bengaluru, Karnataka, India",Self-employed,Standup Comedian,6-10yoe_global_indian,member_urn,,,,,,,,,,"Hosted and performed in 3000+ shows since 2021 across Phuket, Delhi, Mumbai, and Bengaluru Received two awards from Toastmasters International for Public Speaking and Leadership 70,000,000+ views on videos across Instagram, YouTube, and LinkedIn",10/2024,false,https://media.licdn.com/dms/image/v2/D5603AQHZsN0eF6hmXQ/profile-displayphoto-scale_100_100/B56ZytnQ.1IYAg-/0/1772439279682?e=1788998400&v=beta&t=yi-YPhFz5O675vTdDBbTk0h1_VEzg7VqV7VRaHotl6M,false,"To book me for your standup comedy event:a) Email: harharmahawar@gmail.comb) DM me on LinkedInc) Come to my home________________________________________________I post jokes here regularly: around 9:30 AM and/or 5 PM.When I’m not sharing life-changing lessons on LinkedIn, you’ll find me telling jokes on stage at a comedy club in Bangalore.Not to flex, but I also have industrial experience in various fields such as Data Analytics, Management Consultancy, Channel Partnerships, Social Media Marketing, Personal Branding, and Conversion Rate Optimization. Again, not to flex. I also geek out on Philosophy, Psychology, and Poetry.",544,2026-08-25 00:00:00.000 +0530,,,,,,,,,,,,harharmahawar@gmail.com,harharmahawar@gmail.com,,,,2433,
Piyush Gupta,Piyush,Gupta,https://www.linkedin.com/in/piyvsh177,urn:li:member:985764280,piyvsh177,New Delhi,Delhi,India,"New Delhi, Delhi, India",Pledge A Smile,Volunteer,founders,member_urn,,,,,,,,,,,,false,https://media.licdn.com/dms/image/v2/D5603AQHV_JQf3ZlBLg/profile-displayphoto-shrink_400_400/profile-displayphoto-shrink_400_400/0/1725890216288?e=1789603200&v=beta&t=1AaJOnPrL3GEKAZ9-U6CLO8n7knde7sSDBgsxcF6cwU,false,"An engineer trained in Sales, Marketing, Operations, Professional Communication, Leadership and People Management having worked in construction and IT Services business. Petroleum Engineering graduate from IIT(ISM) Dhanbad, started and successfully managed internet based aggregator & ecommerce businesses.",3493,2026-09-01 17:36:28.613 +0530,Hiring for White collar Gray collar and IT jobs | Operations | Business Development | Social Work | Petroleum Engineering | IIT (ISM) Dhanbad,,,,,,,,,,,,,,,,2297,
Sreyans Bohara,Sreyans,Bohara,https://www.linkedin.com/in/sreyans-bohara-9a28a4180,urn:li:member:718842506,sreyans-bohara-9a28a4180,Haora,West Bengal,India,"Haora, West Bengal, India",,,founders,member_urn,,,,,,,,,,,,false,https://media.licdn.com/dms/image/v2/C5603AQHUjerfvJOiew/profile-displayphoto-shrink_400_400/profile-displayphoto-shrink_400_400/0/1609220288202?e=1789603200&v=beta&t=A5GQzPb9UQrN-tRzQ6gs2bnEyjLo4DoeQq4jz1oKJqM,false,Actively looking for internship opportunities in app development. Wildcard coder and an advanced Android App Developer who loves to try and explore new things. Founder of TutorX - Tuition Management and Tuition Finder App on Playstore. Go check out the app - https://play.google.com/store/apps/details?id=com.sreyans.tutorx,3491,2026-09-01 17:36:28.613 +0530,"Student at Indian Institute of Technology (Indian School of Mines), Dhanbad",,,,,,,,,,,,,,,,,
Dr. Shruti Verma,Dr. Shruti,Verma,https://www.linkedin.com/in/dr-shruti-verma-74b760356,urn:li:member:1488887339,dr-shruti-verma-74b760356,Dhanbad,Jharkhand,India,"Dhanbad, Jharkhand, India",,,founders,member_urn,,,,,,,,,,,,false,https://media.licdn.com/dms/image/v2/D5603AQG-pCMxZy2Mgw/profile-displayphoto-shrink_400_400/B56ZbDox33GoAk-/0/1747038973158?e=1789603200&v=beta&t=0hAORVLji8XWHmH_QZBAogMeUI5WFpyxYYgOlbIPCKg,false,"Dr. Shruti Verma is a Ph.D. graduate from IIT, a passionate mother, and the founder of Mamacado World — a nurturing platform created to support and empower women through the incredible journey of motherhood. With a strong academic background in science and a heartfelt commitment to maternal wellness, she combines evidence-based knowledge with real-life experiences to guide expecting and new mothers. Through Mamacado World, Dr. Shruti shares insights on pregnancy, parenting, and women's health, aiming to build a community where every mother feels informed, inspired, and supported.",3505,2026-09-01 17:36:28.613 +0530,Founder & Editor at Mamacado World,,,,,,,,,,,,,,,,,
YEP PLANET PRIVATE LIMITED,YEP PLANET,PRIVATE LIMITED,https://www.linkedin.com/in/yep-planet-private-limited-b051b2113,urn:li:member:475253429,yep-planet-private-limited-b051b2113,Hyderabad,Telangana,India,"Hyderabad, Telangana, India",,,founders,member_urn,,,,,,,,,,,,false,https://media.licdn.com/dms/image/v2/D4D03AQFfyWh7GgqYKg/profile-displayphoto-scale_400_400/B4DZ_p3itFI4Ag-/0/1786335079986?e=1789603200&v=beta&t=C3OShjs9F8Dc7-BrDrwJj4Yh9J7K550w5O9ZSG3Vcv4,false,"Yep Planet Private Limited is a Software development - Solutions, Digital Marketing and Education Technology (Edu. Tech.) service based Company headquartered at Hi-Tech City, Hyderabad. Registered in 2017 Under the Ministry of Corporate Affairs, Government of India. The company is recognized as a START-UP by the Department of Promotion for Industry and Internal Trade (DIPPT). The company is approved by All India Council for Technical Education to provide Internships, Courses and Job training Programs (Edu. Tech. service provider)",3502,2026-09-01 17:36:28.613 +0530,AICTE Approved & Start-Up India Recognised,,,,,,,,,,,,,,,,,
Alok Jha,Alok,Jha,https://www.linkedin.com/in/alok-jha-8a1310189,urn:li:member:744278521,alok-jha-8a1310189,Delhi,,India,"Delhi, India",Unacademy,Educator,founders,member_urn,,,,,,,,,,,,false,https://media.licdn.com/dms/image/v2/C4D03AQHrDyU_-7oZ7w/profile-displayphoto-shrink_400_400/profile-displayphoto-shrink_400_400/0/1656838836024?e=1789603200&v=beta&t=liudNDyrAxjckgBEa_nRzZpdWV2fpwZTLXLMHECgHGo,false,"About Me: I am a diligent and an active educator of Mathematics {M.Tech IIT(ISM) Dhanbad} with a solid foundation in Mechanical Engineering. As of now I am guiding the aspirants of Class 11th, 12th & IIT JEE, GATE/ESE for the past 9 years. Till now I have mentored and guided more than 60K+ students. The subjects preferred by me are Mathematics.",3510,2026-09-01 17:36:28.613 +0530,"Entrepreneur??| Educator???????| Studied IIT(ISM)-DHANBAD??
??YouTube channel: Alok Jha Concept",,,,,,,,,,,,,,,,2613,
Gourav Kumar,Gourav,Kumar,https://www.linkedin.com/in/gourav-kumar-660a322a9,urn:li:member:1247710248,gourav-kumar-660a322a9,Bokaro Steel City,,India,"Bokaro Steel City, India",,,founders,member_urn,,,,,,,,,,,,false,https://media.licdn.com/dms/image/v2/D4D03AQE2MQ4z1vjCBg/profile-displayphoto-shrink_400_400/profile-displayphoto-shrink_400_400/0/1704956698379?e=1789603200&v=beta&t=1lV4bNC5fWJh99RBwUWCVEwxN9yD4V7Am64dt3Gd8wE,false,"I have cleared several government competitive exams (AIEEE, NIFT, GATE, NIELIT, JPSC-Pre, RRB, SSC) and have first-hand experience of the challenges students face during their preparation. I have observed that there is a significant digital and knowledge divide between urban and rural students. To address this issue, I co-founded Supath Academy. Our academy aims to bridge the gap between urban and rural students by providing quality education to all. We believe that every student deserves equal opportunities to succeed, regardless of their background. At Supath Academy, we strive to provide the best possible learning experience to our students, and we are committed to making a positive impact on their lives.",3506,2026-09-01 17:36:28.613 +0530,Co-founder Supath Academy,,,,,,,,,,,,,,,,,
Smit Brahmandi,Smit,Brahmandi,https://www.linkedin.com/in/smit-brahmandi-b4b840104,urn:li:member:444000875,smit-brahmandi-b4b840104,,,India,India,,,founders,member_urn,,,,,,,,,,,,false,https://media.licdn.com/dms/image/v2/D4D03AQEJOEFV8q40qQ/profile-displayphoto-scale_400_400/B4DZtqCcpOHQAg-/0/1767010587587?e=1789603200&v=beta&t=lxDDhb1X4bC44hQwpIRKQuuSPCDoCtkOzC5gU8w9V7g,false,"It is now more than 4 years since I've been trading in the Indian Stock Market. After going through various strategies, I've found my niche in price-action based approach and have been trading it with a great discipline.",3519,2026-09-01 17:36:28.613 +0530,"Full-time Stock Market Trader | Founder of ""Trending Call"" | Ex-IOCL | IIT Dhanbad",,,,,,,,,,,,,,,,,
Kulwant Sangwan,Kulwant,Sangwan,https://www.linkedin.com/in/kulwant-sangwan-61b7641b7,urn:li:member:846907511,kulwant-sangwan-61b7641b7,Delhi,,India,"Delhi, India",,Fitness Instructor,founders,member_urn,,,,,,,,,,,,false,https://media.licdn.com/dms/image/v2/C5603AQEAXwIxiVLt_g/profile-displayphoto-shrink_400_400/profile-displayphoto-shrink_400_400/0/1604692503751?e=1789603200&v=beta&t=bYO77j3Ji4Jax2qUIyy6of8OIa2s-wyHpFHmz605CDU,false,"HI, This is Kulwant. I'm currently studying MBA at IIT (ISM) Dhanbad. Before that I completed my B.Tech. and Diploma in MECHANICAL ENGINEERING. I'm also a fitness instructor and started my own fitness club ""Stay Fit With Kulwant"" at my University. I was also a part of my University Basketball team. I was also Team Head of my final year project . I'm a certified NSS VOLUNTEER in which, I held various responsibilities and was team head of various teams during various State and National event.",3504,2026-09-01 17:36:28.613 +0530,"Student at Indian Institute of Technology (Indian School of Mines), Dhanbad",,,,,,,,,,,,,,,,,
Anil Bishnoi,Anil,Bishnoi,https://www.linkedin.com/in/anil-bishnoi-423926145,urn:li:member:590530779,anil-bishnoi-423926145,Jaipur,Rajasthan,India,"Jaipur, Rajasthan, India",,Chief Executive Officer,founders,member_urn,,,,,,,,,,,,false,https://media.licdn.com/dms/image/v2/D5603AQFCvGpKrB4qAA/profile-displayphoto-shrink_400_400/B56ZifSTUIG0Ak-/0/1755019033282?e=1789603200&v=beta&t=FuS5oFyo5H-l-HatmPX05DkL0sjVio1hJVNGSehQHmw,false,EdTech Product & Strategy | Contracting Project Ops | Aagaaz Foundation | Performance-Driven |||,3511,2026-09-01 17:36:28.613 +0530,Curious Explorer | Athlete Discipline | Early-Stage Entrepreneur,,,,,,,,,17,28,,,,,,,
Arnab Banerjee,Arnab,Banerjee,https://www.linkedin.com/in/arnabbanerjee2394,urn:li:member:1703014542,arnabbanerjee2394,Wilmington,Delaware,United States,"Wilmington, Delaware, United States",Algotale Inc,Business Head,6-10yoe_global_indian,member_urn,External link for Algotale Group,53,2016,Human Resources Services,79864992,http://www.linkedin.com/company/algotalegroup,"Wilmington, Delaware, United States","RPO, Retainership, Head Hunting, Talent Acquisition, Job Engagement, Tech Staffing, HR Consultancy, software development, and aec",https://www.algotale.com/,"I lead AlgoTale's overseas business: remote delivery teams from India into the US, UK and Gulf markets, contracted through our US entity. ‣ Own go-to-market across three markets — niche selection, rate strategy, partner channel and direct client acquisition. ‣ Run delivery against a 3-5 business day shortlist SLA, with a named account manager on every engagement. ‣ Built the division's operating stack from scratch: market and rate research, pricing model, pitch library, and the CRM the desk runs on. ‣ Practices: data engineering, GenAI/LLM, DevOps/SRE, SAP S/4HANA, Salesforce and BIM/AEC design.",7/2025,false,https://media.licdn.com/dms/image/v2/D4E03AQG2f6Z2eTcCgw/profile-displayphoto-scale_400_400/B4EZzslt.rJAAg-/0/1773495840897?e=1788998400&v=beta&t=C-1KXj7HOFduvrwfVH10QF_zqAM8h2kCYMeXxiTeI0M,false,"I run the business at AlgoTale Inc., building remote engineering, data and design teams for clients in the US, UK and the Gulf.You contract with a US entity - W-9, ACH, US paper and worker-classification risk sits with us. Nobody relocates or needs a visa; our engineers work from India with guaranteed overlap on your calendar.What makes that work: AlgoTale is the US arm of NextHire, a 150-person recruitment firm that has hired for 600+ clients over six years, running its own candidate platform rather than the job-board access everyone else rents.We own the supply, which is why we commit to a first shortlist of 3-5 qualified candidates within 3-5 business days.Practices: Data engineering: Snowflake, Databricks, dbt, Airflow, Spark GenAI / LLM engineering: production RAG, evals, MLOps DevOps / SRE / platform: Kubernetes, Terraform, AWS/GCP SAP S/4HANA and Salesforce BIM / AEC design: Revit, structural & MEP, coordinationJudge us on the first shortlist. If it isn't worth your time, it costs you nothing.Before this I spent five years building NextHire's hiring products, including the AI Interviewer that screens candidates before you meet them.",380,2026-08-25 00:00:00.000 +0530,,,,,,,,,,,,,,,,,862,
Shubham Kumar Singh,Shubham,Kumar Singh,https://www.linkedin.com/in/shubham-kumar-singh-114477148,urn:li:member:598349536,shubham-kumar-singh-114477148,,,Greater Kolkata Area,Greater Kolkata Area,HAZEMAG allmineral India Pvt. Ltd.,Manager,6-10yoe_global_indian,member_urn,"Innovative separation and processing technology with experience. innovation. results. Key products which ensured the company’s rapid progress were its alljig® gravel jigging machines for separating contaminants from gravel and sand. In the early nineties the company introduced its all-new allflux® fluidized bed separator. This machine made it possible for the first time to classify large volumes of sand/water slurries and concurrently remove organic impurities in a single pass. Alongside these successes in the gravel and sand industry, the company continued its activities in the traditional processing technology arena, especially with its jigs for coal and ores. The world’s largest plants use alljig® jigging machines, such as a 2000 t/h coal-washery in the USA and a 4.000 t/h iron ore beneficiation-plant in South Africa. With over 800 machines sold to date, allmineral has definitively developed into the world’s market leader in jigging technology. Yet the company focuses not only on wet processing – it also offers expertise in dry processing technology. The allair® air jig for the beneficiation of coal and lignite in a dry environment without the use of water represents an absolute novelty with respect to specific capacities and performance. Since the industrial introduction of this innovative technology in 2002, allmineral has delivered over 60 machines to coal mines respectively power stations as well as DRI- plants in the USA, India, Columbia, the Ukraine and the largest plant of its kind; a 600 t/h coal processing plant in Spain. Since early 2007 the product range has been supplemented by a wet high-intensity magnetic separator. The allgauss® magnetic separator is used to sort fine-grained, paramagnetic ores like hematite iron ores with capacities of up to 1400 tph per unit, the biggest WHIMS in the market. Another application of the allgauss® is the separation of iron contaminants from industrial sands.",61,,Mining,1265540,http://www.linkedin.com/company/allmineral-asia-pvt.-ltd.,"Kolkata, West Bengal, India",,http://www.allmineral.com,,1/2026,false,https://media.licdn.com/dms/image/v2/D5603AQFQ2NCwLLcnhg/profile-displayphoto-shrink_100_100/profile-displayphoto-shrink_100_100/0/1704301321096?e=1788998400&v=beta&t=GZoWML7voXVuivYSdfBW0rgKo-9jwnu9IewShotKP7A,false,"Mineral Engineer with 7 years of work experience in design engineering, project operating cost estimation, buisness development, operation & maintenance of beneficiation plants, plant audits, pre-tendering activities, offer preparation & evaluation. Skilled in mineral processing, piping design, process optimization, commissioning & PGT, project management. Experience in working with minerals like coal, Iron ore, beach sand heavy minerals, Manganese ore, copper, cement, silica sand, critical minerals, etc.I have desire to gain knowledge in concerned fields, strive with new opportunities and execute in the best possible way.",82,2026-08-25 00:00:00.000 +0530,,,,,,,,,,,,,,,,,864,
Girish Des Manchanda,Girish Des,Manchanda,https://www.linkedin.com/in/girish-des-manchanda-7331651b,urn:li:member:69060567,girish-des-manchanda-7331651b,Gurugram,Haryana,India,"Gurugram, Haryana, India",Alpha Web Software Solutions FZ LLC,Co Founder (Business Head),founders,member_urn,,1,,IT Services and IT Consulting,69192413,http://www.linkedin.com/company/alpha-web-software-solutions-fz-llc,"Ras Al Khaimah, Ras al-Khaimah, United Arab Emirates",,http://alphawebcomputer.com,"Handling Office Automation IT Business for Middle East & Africa Key products being handled are Managed IT Services, Office Automation Software, Video Analytics, IT Hardware, EV Battery Analysis Software, Online Gaming Software Providing Sales & PreSales support to GCC, Asia & African Countries for Software Solution Keeping a track of new opportunities and maintaining the relationship with the customers by keeping a track of the issues and resolving them up to customer satisfaction. Developing Channel Partners through appointment and training to ensure steady growth in Office Automation Business. Organizing software and sales training for Channel Partners. Selection & Strategic Tie Ups with Third Party Technology providers to strengthen Alpha Web portfolio.",10/2020,false,,false,"Twenty+ years turning managed IT, print services, document security and international business into revenue across the GCC, Asia and Africa. Co-founder of Alpha Web Innovations, building managed-IT and office-automation business across three continents. Track record includes Ricoh India's largest-ever MPS deal (₹4.5 Cr), 100%+ target attainment across four employers, and building Sharp Middle East's MPS practice from scratch into a model later adopted company-wide. Visiting faculty, published author, and Guinness World Record holder.",3285,2026-08-25 00:00:00.000 +0530,,,,,,,,,,17,28,,,,,,865,
Farhaan Hitawala,Farhaan,Hitawala,https://www.linkedin.com/in/farhaan-hitawala-647189377,urn:li:member:1562100823,farhaan-hitawala-647189377,Udaipur,Rajasthan,India,"Udaipur, Rajasthan, India",,"Indian Institute of Technology (Indian School of Mines), Dhanbad - Udaipur, Rajasthan, India",founders,member_urn,,,,,,,,,,,,false,https://media.licdn.com/dms/image/v2/D5603AQEsDRfBp0yMUg/profile-displayphoto-scale_200_200/B56ZsSA4tbIYAY-/0/1765533782789?e=2147483647&v=beta&t=HTFNgGx0k0mg_IPOI7m2mCIfx5atM12rr2mfXj_JZp0,false,"Education: Indian Institute of Technology (Indian School of Mines), Dhanbad · Location: Udaipur · 500+ connections on LinkedIn. View Farhaan Hitawala’s profile on LinkedIn, a professional community of 1 billion members.",1394,2026-09-01 14:46:37.738 +0530,"Indian Institute of Technology (Indian School of Mines), Dhanbad - Udaipur, Rajasthan, India",,722,,,,{},,,,,,,,,,,
Aditya Prakash,Aditya,Prakash,https://www.linkedin.com/in/adiprakas,urn:li:member:146404576,adiprakas,Bengaluru,Karnataka,India,"Bengaluru, Karnataka, India",Altisource,Director Commercial Operations,founders,member_urn,External link for Altisource,2679,2009,Real Estate,462395,http://www.linkedin.com/company/altisource,Luxembourg,"Servicer Solutions, Origination Solutions, Real Estate Investor Solutions, and Consumer Real Estate Solutions",http://www.altisource.com,- Responsible for achieving revenue and other commercial targets for Seven SaaS products - Own financial planning and budget management for Technology Services business unit - Advise leadership on fine tuning operational levers to achieve outstanding performance for financial goals of the BU - Lead implementation of startegic projects with cross functional scope to improve operational efficiency and optimize cost structure,3/2022,false,,false,"Most leaders focus on adding more: more spend,more headcount,more tools. I’ve found that the most sustainable growth usually comes from multiplication - identifying the specific variables in a system that, when optimized, scale the entire outcome.As Director of Commercial Operations at Altisource, I oversee the commercial performance of a $15M SaaS portfolio. My work sits at the intersection of strategic finance and operational logic. Whether I’m managing $50M+ budgets or integrating Agentic AI into RevOps, I approach every business problem as an equation to be solved rather than a fire to be fought.How I think about scale:- Systems over Effort: Designing programs that increase organizational process maturity so outcomes become predictable, not lucky.- Multiplicative Leverage: Using AI and dashboards to unlock operational efficiency that protects EBITDA margins without bloating spend.- Diverse Exposure: Applying a decade of problem-solving across Consulting, Manufacturing, and Tech to see patterns others might miss.Outside of the office, I’m usually testing my own limits , whether that’s trekking to Tiger’s Nest, skydiving, or earning a Black Belt in Karate. I’ve traveled to 20+ countries and explored the world through photography, always looking for the underlying ""logic"" in different cultures and environments.If you’re a founder or leader building a SaaS business and want to move from ""hustle"" to ""systems,"" let's connect.I frequently share frameworks and mental models on how to optimize commercial operations for scalable, deliberate growth.",2017,2026-08-25 00:00:00.000 +0530,,,,,,,,,,,,,,,,,866,
Asif R.,Asif,R.,https://www.linkedin.com/in/asif-razvi,urn:li:member:658852771,asif-razvi,South Delhi,Delhi,India,"South Delhi, Delhi, India",,"South Delhi, Delhi, India | Professional Profile",founders,member_urn,,,,,,,,,,,,false,https://static.licdn.com/aero-v1/sc/h/bgaqk7x4ntjz0wg67d8u723eb,false,"Education: Indian Institute of Technology (Indian School of Mines), Dhanbad · Location: South Delhi · 91 connections on LinkedIn. View Asif R.’s profile on LinkedIn, a professional community of 1 billion members.",1567,2026-09-01 14:46:37.738 +0530,"South Delhi, Delhi, India | Professional Profile",,91,,2017,2021,"{""Indian Institute of Technology (Indian School of Mines), Dhanbad""}",,,,,,,,,,,
Madhu M,Madhu,M,https://www.linkedin.com/in/madhu-m-58936b53,urn:li:member:189007737,madhu-m-58936b53,Delhi,,India,"Delhi, India",,"Delhi, India | Professional Profile",founders,member_urn,,,,,,,,,,,,false,https://media.licdn.com/dms/image/v2/D5603AQH1KEG-aM-KPg/profile-displayphoto-shrink_200_200/B56Zcfs1vrGsAg-/0/1748583538461?e=2147483647&v=beta&t=DCC-oMTVEwCNlVQ5zoJcKtF-3py8DgFhKFbrjLCjdDI,false,"Education: Indian Institute of Technology (Indian School of Mines), Dhanbad · Location: Delhi · 72 connections on LinkedIn. View Madhu M’s profile on LinkedIn, a professional community of 1 billion members.",1661,2026-09-01 14:46:37.738 +0530,"Delhi, India | Professional Profile",,78,,2014,2016,"{""Indian Institute of Technology (Indian School of Mines), Dhanbad""}",,,,,,,,,,,
Vivek Sharma,Vivek,Sharma,https://www.linkedin.com/in/vivek-sharma-098a021,urn:li:member:5477876,vivek-sharma-098a021,Gurgaon,Haryana,India,"Gurgaon, Haryana, India",Altivyst Advisors,Founder,founders,member_urn,"Altivyst Advisors, spearheaded by Vivek Sharma, specializes in empowering businesses to achieve Marketing Excellence for Sales Acceleration, focusing on pivotal areas: - Marketing Strategy and Implementation: We excel in diagnosing core business challenges, aligning marketing objectives with tangible business outcomes, crafting tailored marketing mixes, and meticulously guiding brands through the execution of their marketing plans. - Identifying and Managing Agency Partners: Our expertise lies in the strategic selection and management of creative and media agency partners. We provide invaluable guidance in structuring mutually beneficial commercial contracts, ensuring seamless collaboration. - Marketing Organization and Talent Development: At Altivyst Advisors, we recognize the significance of nurturing high-performing marketing teams. We adeptly identify and mentor key marketing talent, while also offering specialized training workshops that reinforce the fundamentals of marketing and communications within rapidly evolving landscapes. With Altivyst Advisors as your partner, elevate your marketing endeavors to unparalleled heights, driving sustainable sales growth and enduring success in today's dynamic marketplace.",1,2022,Business Consulting and Services,86471326,http://www.linkedin.com/company/altivyst-advisors,"Gurugram, Haryana, India",,www.altivyst.com,Helping organisations achieve sales acceleration through marketing excellence. Actively mentoring medium size & early stage companies and applying my hard-won knowledge and experience in enabling them to scale up faster to leadership positions.,4/2022,false,,false,"Experienced former Chief Marketing Officer (Pidilite, Philips) with a demonstrated history of working in consumer goods industry. Skilled in Business Management, Strategy, Marketing Management, Sales Management, Govt. & Regulatory affairs, Product Marketing and Design thinking approach. Strong Marketing & Sales professional with a PGDBM - Post Graduate Diploma in Business Management, focused in Business, Management, Marketing, and Related Support Services, from Indian Institute of Management, Bangalore.",3283,2026-08-25 00:00:00.000 +0530,,,,,,,,,,17,28,,,,,,867,
Sanjay Banerjee,Sanjay,Banerjee,https://www.linkedin.com/in/sanjaybanerjee7,urn:li:member:23574360,sanjaybanerjee7,,,Greater Delhi Area,Greater Delhi Area,Purple Umbrella Festival,Member of the Board of Advisors,founders,member_urn,"Purple Umbrella is India’s first multidisciplinary festival celebrating youth-led storytelling, innovation, and climate action. Hosted annually in New Delhi, the festival brings together young theatre artists, social entrepreneurs, and documentary filmmakers who are solving real-world problems and shaping a better future. Through three dynamic tracks—Theatre for Change, Startups for Impact, and Short Stories & Documentaries—Purple Umbrella is a platform for young voices to challenge the status quo and build community solutions rooted in the United Nations Sustainable Development Goals (SDGs). We’re here to make the planet better—and storytelling bolder. Festival Dates: 7–9 November 2025 (Tentative) Location: New Delhi, India Website: purplefest.in Partnership Enquiries: partnerships@purplefest.in Follow us for updates, opportunities, and inspiration. #PurpleUmbrellaFestival #StoriesOfChange #SDGsInAction",4,,Non-profit Organizations,106685861,https://www.linkedin.com/company/purplefest,,,purplefest.in,,8/2025,true,,false,"I help governments, industries, and institutions translate policy ambition into investment, partnerships, and sustainable economic growth. Over the past 20+ years, I have worked at the intersection of investment promotion, industrial policy, economic development, and strategic stakeholder engagement, partnering with governments, industry leaders, and institutions to accelerate growth, attract capital, and strengthen competitiveness. During my tenure at EY, I led advisory engagements across multiple Indian states, supporting investor summits, industrial development initiatives, and policy reforms that contributed to over ₹7 lakh crore in investment commitments. I have also contributed to national competitiveness frameworks, including the Logistics Ease Across Different States (LEADS) report, Export Preparedness Index, and Industrial Park Rating System, helping shape India's investment ecosystem. Earlier in my career, I built industry platforms that generated ₹500+ crore in ecosystem value, enabling collaboration between government, industry, investors, and technology leaders. Throughout my career, I have worked across sectors including manufacturing, infrastructure, logistics, MSMEs, electronics, technology, sustainability, and industrial development. Areas of Expertise Investment Promotion & Economic Development Public Policy & Industrial Policy Government & Corporate Affairs Strategic Partnerships & Stakeholder Engagement Ease of Doing Business & Regulatory Reforms FDI Facilitation & Market Expansion Business Strategy & Institutional Collaboration I believe sustainable economic growth is created when good policy, private capital, and effective execution work together. My focus has always been on converting strategic intent into measurable outcomes that create long-term value for governments, businesses, and society. I am always open to conversations on investment promotion, public policy, economic development, strategic partnerships, board advisory, and leadership opportunities. You may contact me on sanjay_banerjee@outlook.com",1445,2026-08-25 00:00:00.000 +0530,,,,,,,,,,,,sanjay_banerjee@outlook.com,,,,,666,
Nitish K. Barik,Nitish K.,Barik,https://www.linkedin.com/in/nitish-kumar-barik,urn:li:member:950932106,nitish-kumar-barik,Delhi,,India,"Delhi, India",,"Delhi, India | Professional Profile",founders,member_urn,,,,,,,,,,,,false,https://media.licdn.com/dms/image/v2/D5603AQHg4Pv_Dxa06A/profile-displayphoto-scale_200_200/B56ZlofpIkKwAY-/0/1758394750950?e=2147483647&v=beta&t=uPMabL8_ZSLSiEMfjZJL3OsvDRt9alAt9X7k8v8pZS4,false,"Education: Indian Institute of Technology (Indian School of Mines), Dhanbad · Location: Delhi · 500+ connections on LinkedIn. View Nitish K. Barik’s profile on LinkedIn, a professional community of 1 billion members.",1601,2026-09-01 14:46:37.738 +0530,"Delhi, India | Professional Profile",,517,,2020,2022,"{""Indian Institute of Technology (Indian School of Mines), Dhanbad""}",,,,,,,,,,,
Arijit Ghosh,Arijit,Ghosh,https://www.linkedin.com/in/arijit-ghosh-020222193,urn:li:member:761968536,arijit-ghosh-020222193,West Bengal,,India,"West Bengal, India",The Sparks Foundation,Student Intern,founders,member_urn,,,,,,,,,,,,false,https://media.licdn.com/dms/image/v2/D4D03AQHpD3YFZZJG5w/profile-displayphoto-shrink_400_400/profile-displayphoto-shrink_400_400/0/1675176785659?e=1789603200&v=beta&t=zivWOOBVqRCcVYMxFc25UK15sDYeQheqsE3U6nc0NX8,false,"Deeply invested in the potential of Artificial Intelligence and the clarity of Data Science. I leverage a strong multi-language programming foundation to explore and implement emerging technologies. Focused on growth, technical integrity, and the pursuit of purposeful innovation in an ever-evolving era.",3528,2026-09-01 17:36:28.613 +0530,IIT (ISM) Dhanbad MTech CS'24,,,,,,,,,,,,,,,,2577,
Mayank Chauhan,Mayank,Chauhan,https://www.linkedin.com/in/mayank-chauhan-600a87103,urn:li:member:441606816,mayank-chauhan-600a87103,Roorkee,Uttarakhand,India,"Roorkee, Uttarakhand, India",Sampurn Swadeshi Industries,Manager,founders,member_urn,,,,,,,,,,,,false,https://media.licdn.com/dms/image/v2/D5603AQHj829hQAGc5g/profile-displayphoto-shrink_400_400/profile-displayphoto-shrink_400_400/0/1720671683628?e=1789603200&v=beta&t=-FaHtvLgmDlpFgXTfoJlXhn7mjo82fMEqPM5FChgHqc,false,"Expertise in crafting strategic business solutions through the insightful application of data-driven methodologies. My expertise lies in leveraging data analytics to drive innovative and impactful decisions, ultimately fostering business growth and success.",3518,2026-09-01 17:36:28.613 +0530,"IIT Madras Data Science, Machine Learning and Artificial Intelligence 
| Data Analyst | MediAssist | Driving Insights in Healthcare 
| MBA, IIT Dhanbad | Data Visualization | Operations & Finance",,,,,,,,,,,,,,,,2398,
Omprakash Mahanta,Omprakash,Mahanta,https://www.linkedin.com/in/omprakash-mahanta,urn:li:member:1041252582,omprakash-mahanta,Bhubaneswar,Odisha,India,"Bhubaneswar, Odisha, India",Oil and Natural Gas Corporation Limited (ONGC),Summer Intern,founders,member_urn,,,,,,,,,,,,false,https://media.licdn.com/dms/image/v2/D4D03AQGFPHDaJ5wYOA/profile-displayphoto-scale_400_400/B4DZ7t9lFkJ8Ao-/0/1782108804160?e=1789603200&v=beta&t=4zLCZ5ib3I2dF1kCZqLzZb-xucdKQSw-qPezIOJrsU0,false,"I am a postgraduate student at the Indian Institute of Technology (Indian School of Mines), Dhanbad, specializing in Applied Geology. My academic journey includes a Bachelor's degree in Geology from Sambalpur University and internships with Oil and Natural Gas Corporation(ONGC), Dehradun and National Aluminium Company Limited, where I gained valuable experience in areas such as geological exploration, well logging, seismic interpretation, and mine planning. Proficient in tools like MATLAB and ArcMap along with knowledge of Python programming, I apply my technical expertise to solving complex challenges within geosciences.",3619,2026-09-01 17:36:28.613 +0530,"PhD Scholar at IIT Kharagpur | M.Sc. Tech Applied Geology | IIT ISM DHANBAD | Co-Founder, Geology By Chance | Summer Intern @ Oil and Natural Gas Corporation (ONGC), Dehradun",,,,,,,,,,,,,,,,2244,
Ritwik Singh,Ritwik,Singh,https://www.linkedin.com/in/ritwik-singh2106,urn:li:member:1648179203,ritwik-singh2106,Varanasi,Uttar Pradesh,India,"Varanasi, Uttar Pradesh, India","Product Management Club, IIT(ISM) Dhanbad",Associate,founders,member_urn,,,,,,,,,,,,false,https://media.licdn.com/dms/image/v2/D5603AQH5Uz-y_0t81Q/profile-displayphoto-scale_400_400/B56ZxDdo4bJMAo-/0/1770658376096?e=1789603200&v=beta&t=04HgF7NQWKGi91dAQiaqesfuPAzCdtbiPfFnENUt_Nk,false,"Working at the intersection of founders, capital, and execution, I support high-growth startups across fundraising, strategy, and on-ground execution. In my current role, I work closely with leadership on investor outreach, due diligence, strategic planning, and building the right narratives for growth and capital. From preparing companies for fundraising to coordinating with investors and ensuring execution readiness, I’m involved end-to-end in the journey. Beyond fundraising, I actively contribute to business strategy, partnerships, and operational problem-solving, helping founders move from ideas to structured execution. This includes everything from market positioning and GTM support to aligning internal teams and external stakeholders. Core Areas -Fundraising & Investor Communication -Startup Strategy & Execution Support -Due Diligence & Deal Coordination -Founder’s Office & Cross-functional Execution -Partnerships & Ecosystem Building I’m particularly interested in working with startups and foundersi especially at the 0 1 stage. Based in NCR Always open to connecting with founders, operators, and investors building meaningful businesses.",3520,2026-09-01 17:36:28.613 +0530,Strategy/IB | Operations | Founder Support,,,,,,,,,,,,,,,,2318,
Harsh Naik,Harsh,Naik,https://www.linkedin.com/in/harsh-naik-423211287,urn:li:member:1168040475,harsh-naik-423211287,Raigarh,Chhattisgarh,India,"Raigarh, Chhattisgarh, India",?????? ??? - Chayanika Sangh,,founders,member_urn,,,,,,,,,,,,false,https://media.licdn.com/dms/image/v2/D5603AQG5o6ZKi8BV8Q/profile-displayphoto-scale_400_400/B56Z2vnKL3KkAg-/0/1776767777184?e=1789603200&v=beta&t=SPwgwbNJ5PdpGhirPcd5mlwQfH0ZEm3YWK-ExJX3JJA,false,"I’m a 21-year-old student at IIT (ISM) Dhanbad, figuring life out one bug, one pixel, and one late-night brainstorm at a time. Whether it’s untangling messy code, designing something that actually looks good, or diving into ideas that make you go, “Wait… this could work!”—I live for the thrill of building and creating. Logic and creativity constantly battle for space in my head, and honestly, I wouldn’t have it any other way. As a full-stack developer (MERN & MEAN) and a beginner UI/UX designer, I’m passionate about crafting intuitive digital experiences. I also leverage AI tools like Pieces to speed up development and turn ideas into reality faster. Beyond tech, I’m a bilingual content writer (Hindi & English), weaving words that inform, engage, and sometimes even inspire. Let’s connect, exchange ideas, and turn wild brainstorming sessions into something real!",3535,2026-09-01 17:36:28.613 +0530,IIT ISM?26 | Aspiring Entrepreneur | Full Stack Developer | Content Writer,,,,,,,,,,,,,,,,1658,
Bhavesh Jain,Bhavesh,Jain,https://www.linkedin.com/in/bhavesh-jain2612,urn:li:member:595954204,bhavesh-jain2612,Indore,Madhya Pradesh,India,"Indore, Madhya Pradesh, India",HCLSoftware,Senior Management Trainee,founders,member_urn,,,,,,,,,,,,false,https://media.licdn.com/dms/image/v2/D4D03AQHpB8fWOT9vZw/profile-displayphoto-shrink_400_400/profile-displayphoto-shrink_400_400/0/1669220153091?e=1789603200&v=beta&t=Gvcoz9ttI2QKyVxDN_AhjJHC_NM1LLs96IyAFEHpgdc,false,"Passionate about building and optimizing SaaS and AI products, I thrive at the intersection of product strategy, market insights, and user experience. With experience in launching multiple observability products, I specialize in driving product roadmaps, conducting market research, and aligning cross-functional teams to deliver impactful solutions. My background in business analytics and engineering equips me to make data-driven decisions while staying user-focused. Always eager to learn, adapt, and contribute to product-led growth, I’m excited to solve complex challenges and bring value to customers through innovation and strategic execution.",3514,2026-09-01 17:36:28.613 +0530,Product @ HCLSoftware || MBA BA || IIT (ISM) Dhanbad (2021-23),,,,,,,,,,,,,,,,1929,
Abhilash Mishra,Abhilash,Mishra,https://www.linkedin.com/in/abhilash-mishra-64a101171,urn:li:member:684041818,abhilash-mishra-64a101171,Bengaluru,Karnataka,India,"Bengaluru, Karnataka, India",Junomoneta Finsol Pvt. Ltd.,Founder's Office - Strategy & Operations,founders,member_urn,,,,,,,,,,,,false,https://media.licdn.com/dms/image/v2/D5603AQGu0xLdrtx-1Q/profile-displayphoto-shrink_400_400/profile-displayphoto-shrink_400_400/0/1727845953407?e=1789603200&v=beta&t=ero5N4qXw4NX0baCNsUivsJGGjplWtaR-37PgCZNnzQ,false,"4 years bridging finance and startups | Built trading algorithms and managed US Treasury portfolios at prop firms | Led strategic partnerships and launched an international trading desk from the ground up | Now in Founder's Office at an AI startup, driving deals and shaping growth strategy | Thrive in high-stakes environments where precision meets hustle.",3552,2026-09-01 17:36:28.613 +0530,Business & Data Analyst | Founder?s Office | Operations & Strategy,,,,,,,,,,,,,,,,2059,
Dr. Darshil Bhatt,Dr. Darshil,Bhatt,https://www.linkedin.com/in/drdarshil,urn:li:member:79035533,drdarshil,,,Greater Ahmedabad Area,Greater Ahmedabad Area,Atharva Consultants,"Partner, Startup Consulting & Strategic Advisory | Atharva Consultants",founders,member_urn,"Atharva Consultants | 7 followers on LinkedIn. Empowering Innovation, Enabling Growth | Atharva Consultants is a premium, new-age strategic advisory and venture enablement firm that transforms ideas into scalable, sustainable businesses. We empower startups, funds, incubators, and institutions through innovation, investment, and ecosystem growth. Our core expertise spans:",2,,Business Consulting and Services,110048256,https://www.linkedin.com/company/atharvaxconsultants,"Ahmedabad, Gujarat, India","Fund Raising, Business Metrics, Investments, Start Up Mentoring, Acceleration, and Growth Strategy",https://www.atharvaconsultants.co.in/,"CORE EXPERTISE: Startup Consulting & Advisory - End-to-end incubation support from ideation to market entry Business Strategy & Planning - Strategic roadmap development, market positioning, competitive analysis Growth Strategy - Scaling operations, market expansion, revenue optimization, unit economics Investment Banking & Fundraising - Series A/B preparation, pitch deck development, investor matching, term sheet negotiation Angel Investing & Investor Relations - Deal sourcing, investment evaluation, portfolio management, investor communication Business Modeling - Financial projections, valuation frameworks, unit economics, CAC/LTV analysis Media Strategy - Content marketing, brand positioning, thought leadership, digital outreach Business Model Innovation - Revenue diversification, D2C strategies, B2B partnerships SECTOR FOCUS: Technology & Digital Ventures Sustainable & Social Impact Businesses Media, Entertainment & Content Creation Food Tech, Waste Management & Sustainability Service Marketplaces & Platforms I work with founders, entrepreneurs, and venture-stage companies to structure scalable business models, access institutional capital, and accelerate growth trajectories. My approach combines strategic thinking with practical execution frameworks, helping clients navigate complex fundraising cycles, optimize investor relations, and build defensible competitive advantages. Specializing in helping non-technical founders translate business vision into investment-ready propositions and guiding startups through critical growth inflection points.",10/2025,false,,true,"Every business has a root cause. I find it.Symptoms are easy to see — declining revenue, poor brand recall, stagnant growth, team dysfunction. But symptoms are never the disease. I am a Wholistic Doctor of Business: I diagnose the constitutional root of a business challenge before I prescribe a single solution.This isn't a metaphor. I hold a BHMS (Homeopathic Medicine & Surgery), am a Reiki Master, and have spent 19+ years as a CXO leading brand, OTT, and media businesses across India. I bring both a clinician's precision and a strategist's instinct to every business I touch.WHAT I DOI treat businesses the way a classical homeopath treats patients — holistically, constitutionally, individually. No cookie-cutter frameworks. No symptomatic fixes. Deep case-taking. Root-cause diagnosis. Individualistic prescription.PROOF OF PRESCRIPTION 231% EBITDA growth — Colors Gujarati (FY19) 100% market share — Rajkot 94.3 MY FM (launch year) 151%+ revenue recovery — post-COVID turnaround (FY21) ₹100Cr+ ad inventory managed | HUL, IPL, Tata, Samsung, UN 20+ original series executive produced | 4x Golden Mike | NYF GoldHOW I SERVE Fractional CMO & Business Diagnostic Consultant — Vidhi Vimarsh Strategics CXO & Board Mandates — Brand, OTT, Strategy, P&L Visiting Faculty — Strategic Management, LJ Institute Startup Mentor — Topmate, Vedak, Sprect, InfollionEDUCATIONIIM Ahmedabad (AGMP) | IIM Rohtak | MICA | IIT (ISM) Dhanbad | BHMS — Anand Homeopathic Medical CollegeOPEN TOConsulting & advisory mandates | CXO / VP / Director roles | Board positions | Guest faculty & keynote speaking | Startup mentoring & co-investmentEvery business is unique. Every prescription must be too.drdarshil.bhatt@gmail.com | linktr.ee/drdarshil | Vidhi Vimarsh Strategics",3162,2026-08-25 00:00:00.000 +0530,,,,,,,,,,17,28,drdarshil.bhatt@gmail.com,,,,,408,
Nishan Kumar Aarya,Nishan,Kumar Aarya,https://www.linkedin.com/in/nishan-kumar-19112000,urn:li:member:701628946,nishan-kumar-19112000,Mumbai,Maharashtra,India,"Mumbai, Maharashtra, India",Avendus,Investment Banking Summer Associate,founders,member_urn,,,,,,,,,,,,false,https://media.licdn.com/dms/image/v2/D4D03AQHkhcgF4xCwLw/profile-displayphoto-scale_400_400/B4DZjqjOnFGsAs-/0/1756281763269?e=1789603200&v=beta&t=e5ALqokYV0Eo2nAl5fDCTFvzcNxEjxR54TX2uXblBcc,false,"Currently, I’m a student at IIM Bangalore, laying the groundwork to back bold ideas with better decisions. Before this, I worked in a founder's office capacity at mCaffeine, where I orchestrated cross-functional team efforts, drove growth strategies & investment decisions, streamlined operations and optimized cost allocation while maintaining a trajectory towards goal achievement. I started my career as a Management Consulting Associate at ZS Associates, implementing GTM strategies & incentive compensation plans for multi-billion dollar clients across continents and business areas. I have also interned at Kotak Investment Bank and helped them with intensive industry research, financial analysis, and competitor analysis. I am an undergraduate from IIT(ISM) Dhanbad & have cleared all three levels of the CFA Program on my first attempt. I'm an avid runner, love traveling and eating my way through the places I visit.",3553,2026-09-01 17:36:28.613 +0530,Intern?26 @ Avendus IB | IIMB?27 | CFA L3 Cleared | IIT(ISM)?22,,,,,,,,,,,,,,,,1562,
Mayukh Sinha,Mayukh,Sinha,https://www.linkedin.com/in/mayukhsinha,urn:li:member:14301553,mayukhsinha,Ahmedabad,Gujarat,India,"Ahmedabad, Gujarat, India",Adani Enterprises Limited,AVP and Head Strategy & BD Petrochemicals,founders,member_urn,"Adani Enterprises Limited (AEL) is the flagship company of Adani Group, one of India’s largest business organisations. Over the years, Adani Enterprises has focused on building emerging infrastructure businesses, contributing to nation-building and divesting them into separate listed entities. Having successfully built unicorns like Adani Ports & SEZ, Adani Transmission, Adani Power, Adani Green Energy and Adani Total Gas, the company has contributed significantly to make the country self-reliant with our portfolio of robust businesses. The next-generation of its strategic business investments are centered around airport management, roads, data center and water infrastructure which has significant scope for value unlocking. This has led to robust returns to our shareholders. Rs. 150 investment in Adani Enterprises, which was the group’s first IPO in 1994, has grown to Rs. 4,52,000.",3823,,Utilities,87383,http://www.linkedin.com/company/adani-enterprises-ltd-,"Daskroi, Gujarat, India",,http://www.adanienterprises.com,"Driving strategy for a $10B+ petrochemical portfolio with $3B+ already under active implementation, reporting to senior leadership Executed seed marketing across 3 product lines — PVC (8+ states), Caustic Soda exports (26+ countries), Acetic Acid (7+ states) — building revenue pipelines for greenfield projects pre-commissioning Lead long-term partnership negotiations with global MNCs to create strategic synergies across India and international markets Spearheading AI-driven strategy projects to optimize competitive intelligence, pricing, and market forecasting in the petrochemicals business Developing 5/10/20-year pricing and profitability models to maximize cash flows across the Green PVC and associated product portfolio",4/2025,false,,false,"I build businesses that don’t exist yet — and scale them to market leadership. Over 20 years, I’ve led strategy and business development across petrochemicals, ports & logistics, solar energy, and green hydrogen — contributing to portfolios worth $10B+ at Adani and INR 7,000 Cr+ contract value at Tata Steel. What I’m known for: Opening new markets from scratch — built PVC distribution across 8+ Indian states, Caustic Soda exports to 26+ countries, and Acetic Acid presence in 7+ states as seed marketing for a greenfield petchem business Structuring large, complex deals — negotiated a 25-year railway-port contract worth INR 7,000 Cr+ and signed MoUs with APMT, IOCL, NRL for terminal development Translating ambiguous opportunity into executable strategy — across ethane crackers, green PVC, green hydrogen, solar development (US), and Power-to-X Building and leading high-performance BD teams — managing cross-functional stakeholders from C-suite to ground-level execution Industries I’ve created value in: Petrochemicals (PVC, Caustic, Acetic Acid, Ethane value chain) · Ports & Logistics · Solar (US market) · Green Hydrogen · E&P Currently implementing AI-driven business intelligence projects to sharpen competitive strategy in petrochemicals. I’m open to VP/SVP Strategy & BD roles in Petrochemicals, Chemicals, Energy, or Diversified Conglomerates where I can drive market expansion, build partnerships, and lead high-stakes growth mandates. mayukhsinha@gmail.com | +91-90999-00372",3217,2026-08-25 00:00:00.000 +0530,,,,,,,,,,,,mayukhsinha@gmail.com,,,,,847,
Dheeraj Panda,Dheeraj,Panda,https://www.linkedin.com/in/dheeraj-panda-ab6184a,urn:li:member:30283050,dheeraj-panda-ab6184a,Ahmedabad,Gujarat,India,"Ahmedabad, Gujarat, India",Ammann India,Managing Director,10+yoe_indian,member_urn,"Ammann India is a leading manufacturer of road construction equipment and machinery, headquartered in Mehsana, Gujarat. Our extensive range of products includes asphalt plants, concrete mixing plants, asphalt pavers, soil compactors, tandem rollers, and other related road construction equipment. We operate across the country with a vast network of sales, spares, and service touchpoints, providing high-quality and innovative solutions to our clients. Our commitment to innovation, quality, and customer satisfaction is reflected in our focus on designing and developing reliable and efficient products that meet the highest industry standards. We understand the importance of providing seamless and hassle-free service, and that is why we ensure that our sales and service touchpoints are readily available to our clients. In addition to our extensive product range, we also have popular brands such as Apollo and Elba under our portfolio. This further enhances our capabilities in providing top-notch solutions to our clients. With our combination of innovative product range and strong brand portfolio, we are able to cater to the diverse needs of our clients, making us a one-stop-shop for all their road construction equipment requirements. At Ammann India, we are committed to delivering the best possible service and solutions to our clients. Our team of experts works tirelessly to ensure that our clients receive only the best, and that is what sets us apart from our competitors. We take pride in being a premier provider of top-quality road construction equipment and machinery, and our goal is to continue delivering innovative solutions that meet the evolving needs of the industry.",322,2018,Machinery Manufacturing,90551463,http://www.linkedin.com/company/ammannindia,"Mahesana Taluka, Gujarat, India",,https://www.ammann.com/cn-en/,,1/2024,false,https://media.licdn.com/dms/image/v2/D4D03AQFggQ081_Jc3Q/profile-displayphoto-shrink_100_100/profile-displayphoto-shrink_100_100/0/1694431032094?e=1788998400&v=beta&t=kYnaL1Fm1-nI3nXFWEqSTSUYRO9bdaBSyYhD13aL7Rw,false,,1540,2026-08-25 00:00:00.000 +0530,,,,,,,,,,,,,,,,,868,
Satya Prakash Mani Tripathi,Satya Prakash,Mani Tripathi,https://www.linkedin.com/in/satya-prakash-mani-tripathi-aa7713155,urn:li:member:625839967,satya-prakash-mani-tripathi-aa7713155,Deoria,Uttar Pradesh,India,"Deoria, Uttar Pradesh, India","Indian Institute of Technology (Indian School of Mines), Dhanbad",Research Scholar,founders,member_urn,,,,,,,,,,,,false,https://media.licdn.com/dms/image/v2/D4D03AQGBR7M5Tf5nKg/profile-displayphoto-shrink_400_400/profile-displayphoto-shrink_400_400/0/1698688374247?e=1789603200&v=beta&t=82yQXxybnUvgoI3c62nN9JwBVv-YlRcCcy0vh2d0o2Q,false,My present work involves investigating the contribution of board diversity in agency theory and monitoring.,3560,2026-09-01 17:36:28.613 +0530,"PhD, IIT (ISM) Dhanbad | M.COM, BHU | B.COM, BHU",,,,,,,,,,,,,,,,1988,
Rishi Raj,Rishi,Raj,https://www.linkedin.com/in/rishiraj789,urn:li:member:900837059,rishiraj789,Bengaluru,Karnataka,India,"Bengaluru, Karnataka, India",Eva Bharat,Lead 3D Generalist,founders,member_urn,,,,,,,,,,,,false,https://media.licdn.com/dms/image/v2/D5603AQEKIf9iJwWnCQ/profile-displayphoto-scale_400_400/B56Z4_smD7HkAg-/0/1779185117434?e=1789603200&v=beta&t=nYh-2pVtTUOexHFnFgcKb3C41jC8L1rm9A54BlX6Cdw,false,"I create high-end 3D product visuals for brands built for launches, ads, and web, not just aesthetics. Over the past few years, I’ve worked across product and architectural visualization, delivering 60+ product visuals and 90+ renders for commercial and engineering clients. My focus is always the same: making products look clear, believable, and visually engaging. I enjoy translating real-world designs into clean digital visuals, whether it’s a detailed product render, a short animation, or a digital twin that helps teams communicate better. My background in civil engineering helps me stay grounded in real-world scale, materials, and structure, which is reflected in the final output. Tools I use: Blender, Unreal Engine, CAD, Photoshop, Premiere Pro Open to collaborating with brands, studios, and creative teams on product-focused work. Portfolio: https://rishiraj3dsage.wixsite.com/home",3572,2026-09-01 17:36:28.613 +0530,"I create high-end 3D product visuals for brands (launch campaigns, ads, web) | Product Visualization Artist | Blender ? Unreal",,,,,,,,,,,,,,,,1813,
Anag Katiyar,Anag,Katiyar,https://www.linkedin.com/in/anag-katiyar-890863117,urn:li:member:488836908,anag-katiyar-890863117,Roorkee,Uttarakhand,India,"Roorkee, Uttarakhand, India","National Aerospace Laboratories, Bangalore",Project Intern,founders,member_urn,,,,,,,,,,,,true,https://media.licdn.com/dms/image/v2/D5603AQE0XeZOC45ZbQ/profile-displayphoto-scale_400_400/B56ZiLmruhHcAg-/0/1754688831568?e=1789603200&v=beta&t=KE0ZKat5d05FwXLzMz7oWzTOfKoHE6UG9-KcCmr-I3s,false,"Chemical Engineer with a strong focus on sustainability, catalytic CO₂ utilization, and clean technology development. Dedicated to conducting innovative research and optimizing industrial processes. Proficient in designing experimental setups and developing reaction technologies for converting CO₂ into value-added products like propylene carbonate. Contributed to dry beneficiation of coal, composite material development, and ammonia recovery processes. Proficient in multidisciplinary collaboration with a commitment to driving innovation in clean technologies. Passionate about contributing to sustainability and circular economy initiatives through impactful research and engineering practices.",3573,2026-09-01 17:36:28.613 +0530,PhD - IITR | CO? Utilization | Chemical Engineer | MTech - IIT (ISM) DHANBAD? 19 | BTech - SIT TUMAKURU? 16,,,,,,,,,,,,,,,,2193,
Praveen Kuruvalli,Praveen,Kuruvalli,https://www.linkedin.com/in/praveen-kuruvalli-89821a14,urn:li:member:48312692,praveen-kuruvalli-89821a14,Mumbai,Maharashtra,India,"Mumbai, Maharashtra, India",ArcelorMittal Nippon Steel India,"Chief - HR COE, Org Capability & Transformation",10+yoe_indian,member_urn,"AM/NS India is a joint venture between the world's leading steel companies, ArcelorMittal and Nippon Steel. Established in December 2019, post-acquisition of Essar Steel, we are an integrated flat steel manufacturer - from iron ore to ready-to-market products. With over 300 steel grades - many substituting imports, we serve an array of contemporary industries (agriculture, automotive, infrastructure, defence, energy, etc.) and contribute to an Aatmanirbhar Bharat. Our portfolio encapsulates hot rolled coils / sheets / plates, cold rolled coils / sheets, galvanized coil / sheets, pre-painted galvanized coil / sheets, pipelines, etc. We ascribe to advancement with sustainability and envision creating 'Smarter Steels, Brighter Futures'. Our vision has nestled in empowering communities by providing employment to more than 16,00,000 individuals and enriching millions of lives across the country through our CSR interventions. We are inspired by ArcelorMittal's XCarb programme and Nippon Steel's Zero Carbon initiative and stand in alignment with India's vision to be carbon-neutral by 2070. Our recent partnership with Greenko for renewable power and storage facility is a notable step in that direction. Our MoUs with National Small Industries Corporation and National Skill Development Corporations are devised to bolster the MSME ecosystem in India. We prioritize health and safety and foster a culture of innovation by placing research and development at the heart of our operations. We are a committed partner to the nation, and our avid growth story will be purposeful, inclusive, and sustainable.",11797,,Mining,31287126,http://www.linkedin.com/company/amnsindia,"Chorasi, Gujarat, India",,http://www.amns.in,,11/2024,false,https://media.licdn.com/dms/image/v2/C4D03AQHP3hN9A7s5yw/profile-displayphoto-shrink_100_100/profile-displayphoto-shrink_100_100/0/1642315851887?e=1788998400&v=beta&t=3kzXgy5eilHO_63SgByTtmS9e1nZA4ioOSOwZ5UEJEo,false,A highly experienced HR Leader with experience in global manufacturing organizations both at operations as well as at corporate level. Brings strong experience of working across cultures and leading key HR transformation projects. Has valuable cross-functional exposure to Business Strategy and Operations. Proven experience in working with Senior Management in identifying & implementing HR solutions that support the organization in meeting business objectives.,1020,2026-08-25 00:00:00.000 +0530,,,,,,,,,,,,,,,,,869,
Anoj Kumar,Anoj,Kumar,https://www.linkedin.com/in/anoj-kumar-34a35115,urn:li:member:51614122,anoj-kumar-34a35115,Jamshedpur,Jharkhand,India,"Jamshedpur, Jharkhand, India",ArcelorMittal Nippon Steel India,Sr Lead,founders,member_urn,"AM/NS India is a joint venture between the world's leading steel companies, ArcelorMittal and Nippon Steel. Established in December 2019, post-acquisition of Essar Steel, we are an integrated flat steel manufacturer - from iron ore to ready-to-market products. With over 300 steel grades - many substituting imports, we serve an array of contemporary industries (agriculture, automotive, infrastructure, defence, energy, etc.) and contribute to an Aatmanirbhar Bharat. Our portfolio encapsulates hot rolled coils / sheets / plates, cold rolled coils / sheets, galvanized coil / sheets, pre-painted galvanized coil / sheets, pipelines, etc. We ascribe to advancement with sustainability and envision creating 'Smarter Steels, Brighter Futures'. Our vision has nestled in empowering communities by providing employment to more than 16,00,000 individuals and enriching millions of lives across the country through our CSR interventions. We are inspired by ArcelorMittal's XCarb programme and Nippon Steel's Zero Carbon initiative and stand in alignment with India's vision to be carbon-neutral by 2070. Our recent partnership with Greenko for renewable power and storage facility is a notable step in that direction. Our MoUs with National Small Industries Corporation and National Skill Development Corporations are devised to bolster the MSME ecosystem in India. We prioritize health and safety and foster a culture of innovation by placing research and development at the heart of our operations. We are a committed partner to the nation, and our avid growth story will be purposeful, inclusive, and sustainable.",11797,,Mining,31287126,http://www.linkedin.com/company/amnsindia,"Chorasi, Gujarat, India",,http://www.amns.in,,7/2025,false,,false," M. Tech (Environmental Sc. & Engineering. from ISM Dhanbad), Exposure in Environment Management, Sustainability reporting & Disclosure (ESG), Capacity Building, Decarbonization strategies, Strategist for science based target, Expertise for Net Zero planning & RE100 membership. Environmental clearances, Forest clearances and Environmental audit. Submission of compliance report to Statuary body like SPCB, CPCB and MoEF&CC for green field, brown field and running unit and Statutory compliance like half yearly EC compliance report, Environmental Statement, Compliance to CGWA, CGWB.",1960,2026-08-25 00:00:00.000 +0530,,,,,,,,,,,,,,,,,869,
Peter Selvaraj,Peter,Selvaraj,https://www.linkedin.com/in/peter-selvaraj,urn:li:member:874835967,peter-selvaraj,Quilon,Kerala,India,"Quilon, Kerala, India",RheumaCARE,Founder's Office - Strategy & Growth,founders,member_urn,,,,,,,,,,,,false,https://media.licdn.com/dms/image/v2/D5603AQERxVCwlCnjCA/profile-displayphoto-scale_200_200/B56ZrLzlNuK0AY-/0/1764355891075?e=2147483647&v=beta&t=n2SFi8Ium_X0T5oD77kjxyijv-j_xlHcdQGaRz3iqbo,false,"Experience: RheumaCARE · Education: Indian Institute of Technology (Indian School of Mines), Dhanbad · Location: 691005 · 500+ connections on LinkedIn. View Peter Selvaraj’s profile on LinkedIn, a professional community of 1 billion members.",1382,2026-09-01 17:03:38.642 +0530,RheumaCARE,https://in.linkedin.com/company/rheumacare,578,,2020,2024,"{""Indian Institute of Technology (Indian School of Mines), Dhanbad""}",,,,,,,,,,2370,
Dubbaka Sai Madan Mohan,Dubbaka Sai Madan,Mohan,https://www.linkedin.com/in/dubbaka-sai-madan-mohan,urn:li:member:1331398459,dubbaka-sai-madan-mohan,,,Greater Hyderabad Area,Greater Hyderabad Area,ShowTime Consulting,Campaign Manager,founders,member_urn,"We bring together the brightest minds from India’s premier institutes to work on the most pressing public outreach challenges. We reinvent brands to help them build a sustainable relationship with the people. Our groundbreaking campaigns are designed around people’s pulse and are fueled by data and technology. Our diverse clientele spans government entities, political parties, leaders, and companies who are willing to reorient themselves for a rapidly evolving world. Our core values are Excellence, Innovation, Integrity, Respect, Transparency.",447,2019,Business Consulting and Services,34673916,https://in.linkedin.com/company/show-time-consulting,"Hasanganj, Uttar Pradesh, India",,http://www.showtimeconsulting.in,"Managing end-to-end delivery of 50-75 state-level programmes across all 26 districts of AP — audiences up to 6,00,000. Coordinating simultaneously with 6+ stakeholder categories — district administration, security teams, Ministers, and vendors — per event. Leading 10-member execution team with full accountability for zero-error programme delivery. Preparing 2 structured reports per programme — post-event analysis and strategic recommendations for senior leadership. Building data-driven strategies using demographic mapping and location intelligence across 26 districts.",10/2025,false,,false,"IIM Calcutta MBA | IIT Dhanbad B.Tech | Regional Operations & Program Management | Hyderabad | Open to Remote4.5+ years leading end-to-end operations for large-scale, distributed programs across 26 districts / 35 territories.Currently at Showtime Consulting — owning delivery of 50-75 concurrent programs with audiences from 600 to 6,00,000 per program. Leading 10-member core execution team + 40-member distributed field network with zero-error accountability. Coordinating 6+ stakeholder groups (enterprise client leadership, district administration, security & compliance, vendors, community partners). Promoted twice in 10 months — Program Coordinator to Zonal Lead to Campaign Manager — for consistent on-time, high-quality delivery.Previously at I-PAC — Directed operations for 2 large territories, managing 20,000+ field workforce across engagement, analytics and ops. Executed 100+ hyper-local activation programs, built 1000+ senior stakeholder relationships, and delivered 100% success rate — only consultant in cohort to achieve this.At Pine Labs — Deputy Sales Manager, Hyderabad territory. Achieved 200% of targets for 6 months straight — onboarded 65+ enterprise merchants, deployed 150+ POS/month, drove ₹10L monthly revenue from ₹7.5 Cr GMV. 90% conversion, 100% on-time activation, 30% faster TAT.What I bring: Regional Operations & Multi-Site Program Delivery (50-75 programs) Distributed Team Leadership (40+ direct/indirect) Multi-Stakeholder Management & Vendor Management SOP Creation, Training (250+ hrs) & Zero-Error Execution P&L Ownership, Data-Driven Planning & Structured ReportingLooking for: Senior Operations Manager / Program Manager / Regional Operations Lead / Client Operations — Hyderabad (Hybrid) or Remote — Team Managing Roles dubbakas2021@email.iimcal.ac.in | Open to recruiter DMs",2815,2026-08-25 00:00:00.000 +0530,,,,,,,,,,,,dubbakas2021@email.iimcal.ac.in,dubbakas2021@email.iimcal.ac.in,,,,273,
Basant Kumar,Basant,Kumar,https://www.linkedin.com/in/heybasant,urn:li:member:209486915,heybasant,Bengaluru,Karnataka,India,"Bengaluru, Karnataka, India",Cisco,Application Specific Integrated Circuit Engineer,founders,member_urn,"Cisco is the worldwide technology leader that is revolutionizing the way organizations connect and protect in the AI era. For more than 40 years, Cisco has securely connected the world. With its industry leading AI-powered solutions and services, Cisco enables its customers, partners and communities to unlock innovation, enhance productivity and strengthen digital resilience. With purpose at its core, Cisco remains committed to creating a more connected and inclusive future for all.",95456,1984,Software Development,1063,https://www.linkedin.com/company/cisco,"San Jose, California, United States","Networking, Wireless, Security, Unified Communication, Cloud, Collaboration, Data Center, Virtualization, Artificial Intelligence, Observability, Sustainability, Computing, Software, and Services (CX)",http://www.cisco.com,,3/2026,false,,false,DFT Engineer,863,2026-09-01 21:00:56.853 +0530,,,,,,,,,,,,k@nitsikkim.ac.in,k@nitsikkim.ac.in,,,,446,
Arnab Adhikari,Arnab,Adhikari,https://www.linkedin.com/in/arnabadhikari,urn:li:member:800596585,arnabadhikari,Navi Mumbai,Maharashtra,India,"Navi Mumbai, Maharashtra, India",SLB,,founders,member_urn,,,,,,,,,,,,false,https://media.licdn.com/dms/image/v2/D4D03AQG-R8Mvn6d4SA/profile-displayphoto-scale_400_400/B4DaAZOP4iJ0Ag-/0/1787129562733?e=1789603200&v=beta&t=YKxzsaXrkfik83n2BCO-hzrsEFahbiaC0N2XE0QOopE,false,"I am Arnab Adhikari, a result-driven professional with over 2 years of experience in delivering large-scale, multi-client projects across the energy and industrial sectors. I graduated from IIT (ISM) Dhanbad with a B.Tech in Mining Machinery Engineering, where I honed my analytical thinking and client management skills. My expertise lies in translating complex field data into actionable business insights, enabling organizations to solve intricate business problems and drive process efficiency.In my current role as a Field Engineer at SLB, I act as the primary on-site interface for complex energy projects, collaborating with marquee clients such as ONGC and Cairn Vedanta. I lead cross-functional teams, ensuring operational alignment and delivery excellence across multiple contracts. My strong analytical capabilities allow me to leverage real-time data to support informed decision-making, while my strategic communication skills help in building robust client relationships. I am passionate about contributing to consulting, operations, or corporate strategy roles that drive measurable value.Key Achievements:- Achieved a revenue impact of $3.9B across multiple client projects in FY24-25 by managing the execution of over 5 concurrent contracts.- Successfully led SLB India’s first battery-free Impulse operation, earning a Letter of Appreciation from Cairn Vedanta for execution excellence.- Co-founded ""Being Artifex,"" organizing a national-level SKILLATHON event during the COVID-19 pandemic, showcasing my leadership and organizational skills.",3554,2026-09-01 17:36:28.613 +0530,SLB Field Engineer | IIT ISM Dhanbad | Energy Operations | Leadership | McKinsey Forward,,,,,,,,,,,,,,,,2477,
Anand Ballure,Anand,Ballure,https://www.linkedin.com/in/anandballure,urn:li:member:955988652,anandballure,Mumbai,Maharashtra,India,"Mumbai, Maharashtra, India",Insyght Analytics,"Mumbai, Maharashtra, India | Professional Profile",founders,member_urn,,,,,,,,,,,,false,https://static.licdn.com/aero-v1/sc/h/bgaqk7x4ntjz0wg67d8u723eb,false,"Education: Indian Institute of Technology (Indian School of Mines), Dhanbad · Location: Mumbai · 10 connections on LinkedIn. View Anand Ballure’s profile on LinkedIn, a professional community of 1 billion members.",1474,2026-09-01 17:03:38.642 +0530,"Mumbai, Maharashtra, India | Professional Profile",,10,,2018,2022,"{""Indian Institute of Technology (Indian School of Mines), Dhanbad""}",,,,,,,,,,2019,
Shubham G.,Shubham,G.,https://www.linkedin.com/in/shubgarg95,urn:li:member:288509923,shubgarg95,Jaipur,Rajasthan,India,"Jaipur, Rajasthan, India",D-Origin,Founder & CEO,founders,member_urn,"D-Origin is a preventive-care biotechnology company focused on controlling mosquito-borne diseases through bio-intelligent, science-backed solutions. We develop biologically derived larvicides, adulticides, and consumer protection solutions designed to interrupt disease transmission at the source—before outbreaks occur. Our core bio-active technology is originated and scientifically validated in collaboration with CSIR-CIMAP (Central Institute of Medicinal & Aromatic Plants), enabling the translation of plant-derived bio-actives into scalable public-health and consumer applications. D-Origin’s bio-intelligent platform supports: Advanced larvicides (validated prototype stage), Next-generation adulticides (formulation-ready), Preventive consumer protection products, Deployment models for epidemic and high-risk zones. Incubated at CDFD Technology Incubator, NSRCEL, IIM Bangalore, and DLabs ISB Hyderabad, D-Origin operates at the intersection of deep science, preventive public health, and scalable implementation. Our mission is clear: Prevent disease before it spreads—using intelligence rooted in biology, not chemicals. R&D-Driven | Inspired by Ancient Principles| Natural & Non-Toxic | Innovative Health Solutions. Our flagship innovations, including D-Origin, a plant-based, non-toxic mosquito larvicide, showcase our commitment to scientific validation and environmental sustainability. We collaborate with leading scientists, research institutes, and government bodies to develop safe, effective, and future-ready solutions. Join us in redefining preventive health through evidence-based, all-natural formulations.",6,2024,Biotechnology Research,103002662,https://in.linkedin.com/company/d-originsafe,"Jaipur, Rajasthan, India",,https://www.dorigin.in,"Supported By: CSIR-CIMAP Lucknow, CDFD Hyderabad, NSRCEL IIMB, D-LABS ISB Hyderabad.",3/2024,false,,false,"I’m building the future of preventive healthcare—where ancient principles meets modern science. As the founder of D-Origin, I’m driven by one mission: to solve today’s most pressing health challenges with authentic, research-backed solutions rooted in India’s time-tested medical knowledge. Our innovations aren’t just inspired by AYUSH—they’re validated by deep scientific collaboration and built to serve modern lifestyles. With D-Origin, we’re tackling one of the deadliest but most overlooked public health threats: mosquito-borne diseases. It’s a 100% plant-based mosquito larvicide that kills larvae within 24 hours and poses zero harm to humans, pets, or the environment. Developed over 6 years with CSIR-CIMAP, Ministry of science and technology, Govt. of India, it’s an outcome of pure public health vision: protecting families with nature-powered innovation. I work at the intersection of: Preventive health ecosystems Public health research Natural and plant-based product development Climate-linked disease innovation We’re currently piloting our solutions across urban and rural zones, building alliances with scientists, institutions, and local governments. If you’re passionate about vector control, health equity, AYUSH 2.0, or clean tech with impact—I’d love to connect. Reach me out at shubham.garg@yauvanchakra.com",3316,2026-08-25 00:00:00.000 +0530,,,,,,,,,,,,shubham.garg@yauvanchakra.com,shubham.garg@yauvanchakra.com,,,,105,
Ashish Ranjan,Ashish,Ranjan,https://www.linkedin.com/in/ashish-ranjan-946972b2,urn:li:member:402511302,ashish-ranjan-946972b2,,,India,India,Stealth Startup,"Senior Manager, Founder's Office",founders,member_urn,A network for entrepreneurs building in stealth. Submit your information here so investors can find you: harmonic.ai/get-discovered,36886,,"Technology, Information and Internet",18583501,https://www.linkedin.com/company/stealth-startup-community,"San Francisco, California, United States",,https://harmonic.ai/get-discovered,"Leading innovation-driven verticals across logistics, automation, and B2B commerce to expand market presence Spearheading strategic initiatives aimed at operational digitization and revenue diversification",5/2025,false,,false,"Strategic and data-oriented professional with over 5 years of cross-sector experience in product development, political consulting, and business strategy. I have led high-impact initiatives across startups, public policy, and manufacturing—bringing together technology, narrative, and execution to drive meaningful outcomes. Passionate about building scalable platforms, enabling informed decision-making, and solving complex challenges at the intersection of innovation and governance. I also find immense value in writing—whether it's structured content, a book, or reflections to clarify thought. Always open to engaging with founders and leaders to exchange ideas, debate perspectives, and collaboratively chart a path forward. Let’s connect and explore ideas — msdsm01ashishr@iimidr.ac.in Do visit @crushentrepreneur on Instagram.",3362,2026-08-25 00:00:00.000 +0530,,,,,,,,,,,,msdsm01ashishr@iimidr.ac.in,msdsm01ashishr@iimidr.ac.in,,,,724,
Tejas Bagrecha,Tejas,Bagrecha,https://www.linkedin.com/in/tejasbagrecha,urn:li:member:531058554,tejasbagrecha,,,Greater Bengaluru Area,Greater Bengaluru Area,ReNew,,founders,member_urn,,,,,,,,,,,,true,https://media.licdn.com/dms/image/v2/D5603AQHNp824cisu5g/profile-displayphoto-shrink_400_400/profile-displayphoto-shrink_400_400/0/1729350675197?e=1789603200&v=beta&t=A7qs7noFhKxy-flfVm1Oj3e6dIZASbOw3azgh6z8DDk,false,"Passionate about accelerating India's transition to sustainable energy, I leverage a unique blend of environmental engineering from IIT (ISM) and business acumen from XLRI Jamshedpur to drive high-impact strategic initiatives. As a part of the CEO's Office at ReNew, one of India's largest renewable energy companies, I've been instrumental in shaping critical growth strategies and enhancing operational efficiencies across a vast portfolio. Working directly with CXOs. My work in the CEO's Office involved developing strategy and governance of the businesses, spearheading cross-functional strategic initiatives, and optimizing large-scale project development. With a sharp focus on improving operational timelines, optimizing resource utilization, and identifying new growth opportunities, I was also responsible for enhancing governance frameworks and improving reporting accuracy for our extensive project pipeline, ensuring robust decision-making at the highest levels. Earlier, as a Project Originator in the Carbon Credits Business, I led full-cycle global carbon project origination, initiating partnerships for significant investments across MNCs, development organizations, and NGOs. My efforts focused on establishing new revenue streams and strategically positioning ReNew for emerging carbon market opportunities, including projects under Article 6.2 investments. These experiences have deepened my conviction in the connection between economic growth and climate action. I am driven by the belief that sustainability and impact-driven business go hand-in-hand, and I'm always eager to collaborate with those who share that vision. Let's connect if you're working at the intersection of climate, innovation, and impact in dynamic energy sector. #Environment #ClimateAction #Sustainability #RenewableEnergy #CarbonMarkets #CleanTech #ReNew #Strategy #BusinessForGood #Article6",3579,2026-09-01 17:36:28.613 +0530,Strategy | XLRI Jsr | IIT (ISM),,,,,,,,,,,,,,,,2359,
Kumud Kumar,Kumud,Kumar,https://www.linkedin.com/in/kumudkumar7398,urn:li:member:646322661,kumudkumar7398,Noida,Uttar Pradesh,India,"Noida, Uttar Pradesh, India",eShakti.com,,founders,member_urn,,,,,,,,,,,,false,https://media.licdn.com/dms/image/v2/D5603AQFlpyTP91ssDA/profile-displayphoto-shrink_400_400/profile-displayphoto-shrink_400_400/0/1724565716795?e=1789603200&v=beta&t=2ATQzwD4y9isCFplFnPiX4sWZjOcIE8WykMn4QSVPWM,false,"Marketing Manager with an IIT-IIM background and expertise in driving performance marketing and revenue growth at a leading B2C women’s apparel firm. Skilled in developing strategies, collaborating with the CEO, and managing B2C/B2B operations. Proven success in optimizing digital marketing, expanding business opportunities, and leveraging data-driven insights to scale performance in competitive markets.",3559,2026-09-01 17:36:28.613 +0530,IIM Calcutta'23 || IIT (ISM)'20,,,,,,,,,,,,,,,,1806,
Arkashis Das,Arkashis,Das,https://www.linkedin.com/in/arkashis-das-112351195,urn:li:member:768249950,arkashis-das-112351195,West Bengal,,India,"West Bengal, India",Shakambhari Group,Financial Analyst Intern,founders,member_urn,,,,,,,,,,,,false,https://media.licdn.com/dms/image/v2/D5603AQFjtJP151VHUA/profile-displayphoto-shrink_400_400/B56Z24OMSnHAAg-/0/1776912221960?e=1789603200&v=beta&t=ho5U5mOelgmpb1RwVV9DFxhNYuXTADzee9cuE6Y62Xo,false,"Diving deep into the intersection of neuromarketing and AI-HCI, I am a curious mind dedicated to understanding and shaping how technology interacts with human psychology. As a Doctoral Research Fellow at IIT Dhanbad, I leverage my UGC-NET qualification and MBA from NIT Durgapur to push the boundaries of what's possible in user engagement and experience. My work focuses on decoding brain responses to digital stimuli, aiming to add valuable works to make AI more connected to human cognition. Let's collaborate to explore innovative solutions that resonate on a neurological level! Research Interest areas: Human-Computer Interaction, Sustainable Marketing, Packaging and Product Design, Marketing Communications, Retail Marketing, Digital Consumer Behaviour, Artificial Intelligence–Driven Consumer Decision-Making and Intelligent Marketing Technologies",3568,2026-09-01 17:36:28.613 +0530,Neuromarketing Researcher | Artificial Intelligence-Human Computer Interaction | Junior Research Fellow at IIT Dhanbad | UGC-NET Qualified | MBA from NIT Durgapur,,,,,,,,,,,,,,,,2443,
Vidya Sagar Kona,Vidya Sagar,Kona,https://www.linkedin.com/in/vidya-sagar-kona-30111b42,urn:li:member:149588209,vidya-sagar-kona-30111b42,Mumbai,Maharashtra,India,"Mumbai, Maharashtra, India",ArcelorMittal Nippon Steel India,General Manager - Business Strategy,6-10yoe_global_indian,member_urn,"AM/NS India is a joint venture between the world's leading steel companies, ArcelorMittal and Nippon Steel. Established in December 2019, post-acquisition of Essar Steel, we are an integrated flat steel manufacturer - from iron ore to ready-to-market products. With over 300 steel grades - many substituting imports, we serve an array of contemporary industries (agriculture, automotive, infrastructure, defence, energy, etc.) and contribute to an Aatmanirbhar Bharat. Our portfolio encapsulates hot rolled coils / sheets / plates, cold rolled coils / sheets, galvanized coil / sheets, pre-painted galvanized coil / sheets, pipelines, etc. We ascribe to advancement with sustainability and envision creating 'Smarter Steels, Brighter Futures'. Our vision has nestled in empowering communities by providing employment to more than 16,00,000 individuals and enriching millions of lives across the country through our CSR interventions. We are inspired by ArcelorMittal's XCarb programme and Nippon Steel's Zero Carbon initiative and stand in alignment with India's vision to be carbon-neutral by 2070. Our recent partnership with Greenko for renewable power and storage facility is a notable step in that direction. Our MoUs with National Small Industries Corporation and National Skill Development Corporations are devised to bolster the MSME ecosystem in India. We prioritize health and safety and foster a culture of innovation by placing research and development at the heart of our operations. We are a committed partner to the nation, and our avid growth story will be purposeful, inclusive, and sustainable.",11797,,Mining,31287126,http://www.linkedin.com/company/amnsindia,"Chorasi, Gujarat, India",,http://www.amns.in,,4/2025,false,,false,,3767,2026-08-25 00:00:00.000 +0530,,,,,,,,,,,,,,,,,869,
Mrityunjay Pandey,Mrityunjay,Pandey,https://www.linkedin.com/in/mrityunjay-pandey-0894651b,urn:li:member:69806121,mrityunjay-pandey-0894651b,Patna,Bihar,India,"Patna, Bihar, India",Annu Projects Ltd,Head of Special Projects,10+yoe_global,member_urn,,38,,,97286201,http://www.linkedin.com/company/annu-projects-private-limited,"Ranchi, Jharkhand, India",,http://www.annuinfra.com,,7/2022,false,,false,Inter-regional & Regional DXC. OTN & DWDM Links planning and commissioning for Strengthening Core Networks Specialties: Visited France for technical inspection(2019) Attended Training on DWDM at Huawei -China (2008) Recipient of Vishisth Sanchar Seva Padak(2004) & Sanchar Shree Award(1996),1581,2026-08-25 00:00:00.000 +0530,,,,,,,,,,,,,,,,,870,
Pulkit Goel,Pulkit,Goel,https://www.linkedin.com/in/pulkit-goel-364a9016,urn:li:member:56423164,pulkit-goel-364a9016,Gurgaon,Haryana,India,"Gurgaon, Haryana, India",ANP GeoEnergy Pvt Ltd,Founder & Director,founders,member_urn,ANP GeoEnergy is focused on introducing Geothermal Energy in to India's renewable energy mix. Geothermal Energy is the only source of sustainable baseload Green Energy and is essential to replacing coal and gas if we are to achieve our net-zero goals. ANPGE founders have adopted technologies from Oil & Gas sector and molded them for application in to Geothermal Energy sector to reduce the cost of Geothermal Energy production by 30-40%. Founders of ANPGE have extensive experience in oil & gas industry. Founders will be applying these skills to develop Geothermal Energy projects and provide consultancy to other companies interested in developing Geothermal Energy. Reach out to us at contact@anpgeoenergy.com,2,2020,Renewable Energy Semiconductor Manufacturing,75041935,http://www.linkedin.com/company/anp-geoenergy-pvt-ltd,"Gurgaon, Haryana, India",,,"I am a firm believer in the fact that oil & gas industry has a critical role to play in Energy Transition. Rooted in this belief, I founded ANP GeoEnergy Pvt Ltd which is focused on leveraging oil and gas technologies in finding and promoting solutions for a greener future. Through ANP, I am currently focused on promoting Geothermal Energy in India as a way to diversify India’s renewable energy mix.",11/2020,true,,false,"I am an experienced oil & gas industry executive with ~20 years of experience in the industry. During my time in industry, I led several drilling projects in India and internationally with CAPEX of multi-million $$. Some of the notable projects where I delivered value were: -> Successfully managed and delivered a $11million water injection project in South Lokichar, establishing water-flooding as a feasible primary recovery method. -> Led the well planning for a US$3bn development project in South Lokichar basin of Kenya. Identified opportunities for value engineering to reduce average well cost by 30%, resulting in a saving of ~$1b over ~400 wells. -> Prepared Strategy for ongoing exploration campaign in Kenya to counter oil price crash, leading to operation model reset and re-negotiation of contracts to reduce well costs by 20%. -> Led a team of 10 drilling engineers managing 4 drilling rigs in Cairn’s MBA oilfields, drilling ~150 wells within $200m budget over a 2-year period in factory-drilling mode. Delivered campaign and met production schedule with 3% savings and zero LTIs in 2-years. I was based in Nairobi in 2020 when COVID hit and our project team was disbanded. I returned to India and joined Manan Oilfield Services as a Business Partner, Director and shareholder of the company. Since joining I, along with my partners, established Manan as one of India’s leading technical consultancies in E&P sector. Some of key achievements in this business are: -> Grew the company’s annual revenue at a CAGR of 28% to US$1MM. -> Expanded company’s business internationally to Africa and Middle East. -> Reset the business strategy to target growth and ventured into the Integrated Drilling Services business in 2025. Secured 2 LoAs with revenue potential >US$5MM. -> Simultaneously founded ANP GeoEnergy to target India’s Geothermal potential by leveraging the oil & gas industry skill sets.",2653,2026-08-25 00:00:00.000 +0530,,,,,,,,,,17,28,,,,,,871,
Pankaj Kumar,Pankaj,Kumar,https://www.linkedin.com/in/pankaj-kumar-81a2574,urn:li:member:12558550,pankaj-kumar-81a2574,Gurgaon,Haryana,India,"Gurgaon, Haryana, India",Antelopus Energy,Head Reservoir Engineering,10+yoe_indian,member_urn,"Antelopus Selan Energy Limited (ASEL) is a NSE and BSE listed upstream oil and gas exploration and production company focused exclusively in India. Formerly known as Selan Exploration Technology Limited, the Company was renamed following its strategic merger with Antelopus Energy Private Limited in FY’25 Founded in 2018, Antelopus Energy Private Limited was established by a seasoned leadership team with extensive experience in the oil and gas sector. Backed by private equity, the Company rapidly built a strong foundation by acquiring oil and gas assets across key sedimentary basins in India Corporate structure was subsequently streamlined through the merger of Antelopus and Selan. In addition, the asset portfolio was further strengthened through targeted acquisitions, enhancing scale, diversifying basin exposure and reinforcing operational capabilities The asset portfolio comprises of 9 Contract Areas with a good mix of onshore and offshore assets across India. There is a significant potential for production enhancement and reserve monetization The Company's strategy is built around revitalising mature oilfields through advanced reservoir engineering and stimulation technologies; monetising stranded and discovered hydrocarbons using modern completion techniques Our vision is to deliver sustainable production growth and long-term value creation for shareholders, while maintaining strong standards of safety, environmental stewardship and stakeholder engagement",10,2019,Oil and Gas,14568112,http://www.linkedin.com/company/antelopusenergy,"Gurugram, Haryana, India",,http://www.antelopusenergy.com,,12/2019,false,https://media.licdn.com/dms/image/v2/C4D03AQEViddlBO6lZw/profile-displayphoto-shrink_100_100/profile-displayphoto-shrink_100_100/0/1581073368164?e=1788998400&v=beta&t=9vttcrofBE3hhBQ-5yvilesbYXjp5VB07n06v1ByadE,false,"More than 13 years of experience in reservoir simulation and operational reservoir management with key focus on major chemical EOR applications. Currently leading initiatives for field development planning of offshore satellite fields in Indian West and East coast. Previously worked on full field development planning and pilot planning for ASP projects. Involved in simulation and development of one of the largest polymer flood projects in the world. Extensive experience in history matching of water-flood field with more than 200 wells and over 150 kbopd of plateau production. Actively involved in field development planning and infill opportunities. Experienced in reservoir management and well surveillance including ESP and jet pump artificial lift monitoring. Skills and expertise in well test analysis, integrated production modeling, production log interpretation. Working experience in MDT/RCI operation monitoring and data interpretation during exploration, appraisal and development phase; both in onshore and offshore environment.",1021,2026-09-01 21:00:56.853 +0530,,,,,,,,,,,,pankaj.kumar@cairnindia.com,pankaj.kumar@cairnindia.com,,,,872,
Pinakadhar Mohapatra,Pinakadhar,Mohapatra,https://www.linkedin.com/in/pinakadhar-mohapatra-19222010,urn:li:member:36371198,pinakadhar-mohapatra-19222010,Gurgaon,Haryana,India,"Gurgaon, Haryana, India",Antelopus Energy,Director (Exploration & Subsurface),10+yoe_indian,member_urn,"Antelopus Selan Energy Limited (ASEL) is a NSE and BSE listed upstream oil and gas exploration and production company focused exclusively in India. Formerly known as Selan Exploration Technology Limited, the Company was renamed following its strategic merger with Antelopus Energy Private Limited in FY’25 Founded in 2018, Antelopus Energy Private Limited was established by a seasoned leadership team with extensive experience in the oil and gas sector. Backed by private equity, the Company rapidly built a strong foundation by acquiring oil and gas assets across key sedimentary basins in India Corporate structure was subsequently streamlined through the merger of Antelopus and Selan. In addition, the asset portfolio was further strengthened through targeted acquisitions, enhancing scale, diversifying basin exposure and reinforcing operational capabilities The asset portfolio comprises of 9 Contract Areas with a good mix of onshore and offshore assets across India. There is a significant potential for production enhancement and reserve monetization The Company's strategy is built around revitalising mature oilfields through advanced reservoir engineering and stimulation technologies; monetising stranded and discovered hydrocarbons using modern completion techniques Our vision is to deliver sustainable production growth and long-term value creation for shareholders, while maintaining strong standards of safety, environmental stewardship and stakeholder engagement",10,2019,Oil and Gas,14568112,http://www.linkedin.com/company/antelopusenergy,"Gurugram, Haryana, India",,http://www.antelopusenergy.com,,4/2019,false,https://media.licdn.com/dms/image/v2/C5603AQHE_ChwATztaQ/profile-displayphoto-shrink_100_100/profile-displayphoto-shrink_100_100/0/1590576266627?e=1788998400&v=beta&t=dfZ9hfKGG9Y-NSLZt9bHUVTiIDDoV6v7dd6ch7YS52M,false,,1635,2026-08-25 00:00:00.000 +0530,,,,,,,,,,,,,,,,,872,
Snesh Suchitan Modi,Snesh,Suchitan Modi,https://www.linkedin.com/in/snesh-suchitan-modi,urn:li:member:640694859,snesh-suchitan-modi,Ranchi,Jharkhand,India,"Ranchi, Jharkhand, India",New Maya Enterprises,Strategy & Operations Lead,founders,member_urn,,,,,,,,,,,6/2023,false,,false,,3595,2026-08-25 00:00:00.000 +0530,,,,,,,,,,,,,,,,,2206,
Patel Abhinav Verma,Patel Abhinav,Verma,https://www.linkedin.com/in/abhinavverma2005,urn:li:member:1161446810,abhinavverma2005,Lucknow,Uttar Pradesh,India,"Lucknow, Uttar Pradesh, India",Kusumgar,Intern,founders,member_urn,,,,,,,,,,,,false,https://media.licdn.com/dms/image/v2/D4D03AQG8epPuY-oF4w/profile-displayphoto-scale_400_400/B4DaA5Oq.IKMAg-/0/1787666543036?e=1789603200&v=beta&t=uXnC-i2f9h8YntDE85oQZjquZUrj2q6OWzZFLNJp9IA,false,"M.Tech Candidate in Industrial Engineering & Management at IIT (ISM) Dhanbad | GATE 2026 AIR 98Passionate about solving business and operational challenges through data-driven decision-making, process optimization, supply chain management, and strategic thinking.My academic foundation in Carpet & Textile Technology, combined with practical experience in manufacturing, textiles, entrepreneurship, and business development, has given me a unique perspective on industrial operations and value chain management.As the founder of Rugskart, I have worked on connecting manufacturers, exporters, artisans, and customers through technology-driven solutions. This entrepreneurial journey has strengthened my skills in market research, business strategy, stakeholder management, and execution.Beyond academics and business, I have held multiple leadership positions, including Class Representative, Training & Placement Representative, Sports Secretary, and Cultural Coordinator, where I led teams, organized events, and coordinated with diverse stakeholders.My areas of interest include Operations Management, Supply Chain Analytics, Industrial Engineering, Consulting, Business Strategy, Digital Transformation, and Entrepreneurship.I am always open to meaningful discussions, collaborations, research opportunities, internships, and industry engagements.",3616,2026-09-01 17:36:28.613 +0530,IIT (ISM) Dhanbad ?28 | M.Tech Industrial Engineering & Management | GATE AIR 98 | Operations & Supply Chain | Optimization & Data Analytics,,,,,,,,,,,,,,,,2088,
Vedavyas Nandigama,Vedavyas,Nandigama,https://www.linkedin.com/in/vedavyas-nandigama-388949108,urn:li:member:456208088,vedavyas-nandigama-388949108,Noida,Uttar Pradesh,India,"Noida, Uttar Pradesh, India",Thales,Software Architect,founders,member_urn,"Thales (Euronext Paris: HO) is a global leader in advanced technologies for the Defence, Aerospace, and Cyber & Digital sectors. Its portfolio of innovative products and services addresses several major challenges: sovereignty, security, sustainability and inclusion. The Group invests more than €4 billion per year in Research & Development in key areas, particularly for critical environments, such as Artificial Intelligence, cybersecurity, quantum and cloud technologies. Thales has more than 83,000 employees in 68 countries. In 2024, the Group generated sales of €20.6 billion.",65761,,Defense and Space Manufacturing,1951,https://www.linkedin.com/company/thales,"Meudon, Île-de-France, France","Aerospace, Defence, Security, Space, Cybersecurity, Big Data, IoT, Connectivity, Artificial Intelligence, Digital, Systems, and Software",http://www.thalesgroup.com/,,3/2025,false,,false,"At Thales, contributing as a Software Architect, leveraging expertise in leadership, generative AI and Technology to address complex technical challenges. Skilled in designing innovative solutions and fostering collaboration to align with organizational goals. With over a decade of experience in technology and architecture, including roles at Symphonize, Wells Fargo, and Tata Consultancy Services, supported diverse industries such as financial services, healthcare, and airlines. Holds certifications in generative AI and as a Chief Technology Officer, underscoring a commitment to driving impactful, AI-driven technological advancements.",1387,2026-08-25 00:00:00.000 +0530,,,,,,,,,,,,,,,,,741,
Advaya Singh,Advaya,Singh,https://www.linkedin.com/in/advaya-singh-308018159,urn:li:member:636049592,advaya-singh-308018159,Durg,Chhattisgarh,India,"Durg, Chhattisgarh, India",DG TAKANO,Project Consultant,founders,member_urn,,,,,,,,,,,,false,https://media.licdn.com/dms/image/v2/C5603AQHJlWDAoiuyeA/profile-displayphoto-shrink_400_400/profile-displayphoto-shrink_400_400/0/1661395725814?e=1789603200&v=beta&t=mbo2CpNrXF_hTgJxh-RK6UtgMo3SbT7fyKq8QqDAsGE,false,"Graduated with a Bachelor of Technology in Mining Engineering from the Indian Institute of Technology (Indian School of Mines), Dhanbad. Currently serving as a Project Consultant at DG TAKANO Co., Ltd., focusing on advanced humification processes and material innovation. Core competencies include research and development (R&D), product innovation, and analytical research, with expertise in driving experimental and data-driven solutions. At DG TAKANO, contributed to pioneering R&D initiatives through collaborative experimentation and strategic material studies. Previously supported the development of the State Mining Index during a research internship with the Ministry of Mines, emphasizing data analysis and stakeholder collaboration. Dedicated to leveraging expertise in R&D and engineering to deliver innovative solutions in alignment with organizational goals and fostering a culture of teamwork and innovation.",3627,2026-09-01 17:36:28.613 +0530,Project Consultant @ DG TAKANO | Research and Development,,,,,,,,,,,,,,,,1756,
Preeti Saikia,Preeti,Saikia,https://www.linkedin.com/in/preeti-saikia,urn:li:member:507849746,preeti-saikia,Guwahati,Assam,India,"Guwahati, Assam, India",ANTHEIA,Partner,founders,member_urn,"ANTHEIA is a hospitality company built on the idea that memorable stays are born from intentional spaces, refined comfort, and genuine connection. We create boutique experiences designed for the modern traveler - elegant yet approachable, curated but never overwhelming. Our first property, located in Guwahati, reflects this philosophy with a focus on detail, calm design, and elevated service. The hotel features a thoughtfully selected blend of modern amenities and a warm, personalized atmosphere that makes every guest feel at home. At ANTHEIA, dining is an experience in itself. The property houses a multi-cuisine restaurant offering a diverse, globally-inspired menu, and a curated café designed for slow mornings, creative energy, and quality coffee. We're not just in the business of rooms and reservations—we're crafting spaces that linger in memory.",3,2021,Hospitality,107967467,http://www.linkedin.com/company/antheiahotels,"Guwahati, Assam, India",,,"● Drive strategic direction, brand positioning, and operational excellence for Antheia’s boutique hospitality portfolio, leading the successful launch of its flagship property in Guwahati. ● Integrate cross-functional expertise across product, design and business to architect high-impact guest experiences that align with market expectations and brand intent. ● Own the P&L and end-to-end execution - from construction work and vendor partnerships to team building, SOPs and long-term service innovation. ● Guide organizational growth through data-informed decision making, design-led approach and a leadership approach rooted in clarity, collaboration and accountability.",11/2022,false,,false,"I began my journey in engineering - first with a B.Tech in Civil, then an M.Tech in Environmental Engineering. But somewhere between lectures, site visits and research labs, I found myself drawn to a different kind of building: Startups. What started as side projects and curiosity during college quickly turned into hands-on roles in fast-growing companies. I got my first taste of startup life at Reweyou, and that momentum carried me through impactful stints at OYO, Shuttl and Paytm - where I worked across operations and product, learning how to scale systems, solve real-world problems and work at a fast pace. Now, I’m an entrepreneur and partner in hospitality and real estate ventures - focused on building experiences and scalable operations across physical and digital spaces.",3078,2026-08-25 00:00:00.000 +0530,,,,,,,,,,17,28,,,,,,874,
Dr. Manoj Kumar Singh,Dr. Manoj Kumar,Singh,https://www.linkedin.com/in/drmanojksingh,urn:li:member:9536745,drmanojksingh,Bengaluru,Karnataka,India,"Bengaluru, Karnataka, India",QuicHub Innovations,Chief Technology Officer,founders,member_urn,"Quicshop by QuicHub Innovations | 2,030 followers on LinkedIn. Quicshop | The Unified Commerce Platform | At Quichub Innovations, we are empowering every business, no matter how small it is, to embrace Digital Technology to its full potential. With QUIC – Quick Usable Intelligent Commerce – we’re creating a platform for growth, innovation, and success. Our commitment is to make e-commerce simple, efficient, intelligent and quick to adopt & deploy, so you can focus on what you do best: delighting your customers and growing your business.",10,,Software Development,72328406,https://www.linkedin.com/company/quichub-innovations,"Bengaluru, Karnataka, India","ecommerce, unified commerce, D2C Tech enabler, and storefront",https://quicshop.in/,,9/2023,false,,false,"Indian D2C brands outgrow their storefront long before they outgrow their ambition. The platform that got them to ₹1Cr becomes the thing blocking ₹10Cr — no real B2B pricing, no WhatsApp-native ordering, no way to touch the data layer.I’m building QuicShop to fix that: an AI-native, headless, multi-tenant commerce platform for Indian D2C sellers — including the ones running B2B alongside it, where most platforms quietly give up.25+ years of my career has been spent on the unglamorous part: enterprise platform architecture, multi-tenant systems, data models that survive contact with real customers, and software that stays correct under load. Two companies built from zero.If you’re a D2C brand hitting a platform ceiling, or you work on commerce infrastructure in India — worth a conversation. quicshop.in",1391,2026-08-25 00:00:00.000 +0530,,,,,,,,,,,,,,,,,672,
Biswajit Piri,Biswajit,Piri,https://www.linkedin.com/in/biswajit-piri-3066023a,urn:li:member:138852150,biswajit-piri-3066023a,Nagpur,Maharashtra,India,"Nagpur, Maharashtra, India",APC DRILLING & CONSTRUCTION PRIVATE LIMITED,"HOD,Geophysical Exploration.",10+yoe_global,member_urn,"We at APC drilling stand out of the usual! And thats our specialty! Quality matters a lot and that is the main reason we are having leading players in India in our field. Our core competencies include water well, diamond core drilling, sonic drilling and the reverse circulation drilling. We have hands on expertise also on blast hole drilling and rotary drilling services. Our accomplishments are huge and our mission is the take hold of the social responsibility that the clients give in to us.",57,2014,Mining,27678809,http://www.linkedin.com/company/apc-drilling-&-construction-private-limited,"Namakkal, Tamil Nadu, India","GEOLOGICAL, STRUCTURAL MAPPING,, CORE DRILLING, LOGGING, SAMPLING, RESOURCE MODELING, MINE PLANNING, BENCH SCALE, PILOT PLANT STUDIES, MINING DUE DILIGENCE, REVERSE CIRCULATION DRILLING, CORE DRILLING ACTIVITIES FOR MINING, PRE FESIBLITY STUDIES, FESIBLITY STUDIES, ENVIRONMENTAL IMPACT, ASSESEMENT, SONIC DRILLING, DIAMOND CORE DRILLING, GOLD AND CHROMATE DRILLING, MINING CONSULTANCY, and GEO PHYSICAL ASSESEMENTS",http://www.apcdrilling.co,,4/2019,false,,false,,3934,2026-08-25 00:00:00.000 +0530,,,,,,,,,,,,,,,,,875,
Abhishek Kumar Mahli,Abhishek,Kumar Mahli,https://www.linkedin.com/in/iamabhishekkumar2022,urn:li:member:626772747,iamabhishekkumar2022,Bengaluru,Karnataka,India,"Bengaluru, Karnataka, India","Indian Institute of Technology (Indian School of Mines), Dhanbad",Web Developer,founders,member_urn,,,,,,,,,,,,false,https://media.licdn.com/dms/image/v2/C5603AQGlhHALwi4Z7Q/profile-displayphoto-shrink_400_400/profile-displayphoto-shrink_400_400/0/1612290683653?e=1789603200&v=beta&t=AfJVojfZ8nrkQi72w5eqfQFKSHIfqTWPLDy1AW3s45s,false,"I'm an AI/ML Engineer and M.Tech researcher at IIT Tirupati (IIT ISM Dhanbad alumnus), working at the intersection of generative modelling, financial ML, and production-ready AI systems. My current focus: making generative models actually useful, not just visually convincing. Recent work that defines how I think: Trained Diffusion Models and TimeGAN on financial time series to generate synthetic stock data. Diffusion looked perfect. TimeGAN won on predictive performance. That gap between visual realism and temporal logic is now the core question driving my research. Building RAG systems that go beyond basic retrieval, exploring chunking strategies, embedding choices, vector search, and evaluation frameworks to make LLM applications genuinely reliable in production. Built Finsphere, a React Native fintech application integrating mobile banking, microfinance, and digital insurance, because good AI needs good infrastructure around it.What I care about: Most people in this space optimise for what looks impressive. I optimise for what actually works when tested on real data, real users, and real constraints. That means being honest when a model fails. Building systems end-to-end. And asking better questions before writing a single line of code.What I'm exploring next: Hybrid generative architectures that combine Diffusion's global smoothness with TimeGAN's temporal coherence, and whether that unlocks better synthetic data for downstream forecasting.If you're working on a problem where AI needs to be reliable, not just impressive, I'd like to hear about it. DM me or connect here.",3611,2026-09-01 17:36:28.613 +0530,"I build AI that ships. Generative Models, RAG Systems & LLM Applications | IIT ISM Dhanbad | IIT Tirupati",,,,,,,,,,,,,,,,1988,
Vishnu Tiwari,Vishnu,Tiwari,https://www.linkedin.com/in/vishnutiwari7,urn:li:member:872449468,vishnutiwari7,Mumbai,Maharashtra,India,"Mumbai, Maharashtra, India",Tata Consultancy Services,System Engineer,founders,member_urn,,,,,,,,,,,,true,https://media.licdn.com/dms/image/v2/D4D03AQHHZ9skC6FUYA/profile-displayphoto-scale_400_400/B4DZ9DZ25JGYAo-/0/1783542282576?e=1789603200&v=beta&t=AA_Ys3C-Uwgr-xylD-7dIHIgZDw7AiBFuoBKlTvaAlk,false,"Our team at Uber Scaled Solutions focuses on enhancing AI models, ensuring they meet the highest quality standards, and I thrive on providing multi-faceted evaluations that drive model refinement. With a BTech i from IIT (ISM) Dhanbad, my foundation in complex problem-solving is solid, allowing me to excel in the nuanced judgments required for AI-generated code evaluation. At Soul AI, we are committed to improving AI coherence and accuracy, which aligns perfectly with my passion for generative AI and prompt engineering. Seeking to contribute my expertise to initiatives that harness AI's potential for real-world applications, I am eager to connect and explore opportunities that push the boundaries of technology and innovation.",3620,2026-09-01 17:36:28.613 +0530,IIM Mumbai ?28| IIT(ISM) DHANBAD ?24 | Uber | TCS,,,,,,,,,,,,,,,,2554,
Srinu Pitta,Srinu,Pitta,https://www.linkedin.com/in/sp1306,urn:li:member:1032374448,sp1306,Bihar,,India,"Bihar, India",Hindustan Urvarak & Rasayan Limited,Manager,10+yoe_indian,member_urn,External link for Hindustan Urvarak & Rasayan Limited,510,,"Agriculture, Construction, Mining Machinery Manufacturing",77057807,http://www.linkedin.com/company/apna-urea,"Delhi, India",,hurl.net.in,Head-Environment and Quality Control,3/2023,false,,false,"I am a Ph.D. research scholar in Chemical Engineering at Indian Institute of Technology (ISM) Dhanbad, with Master from National Institute of Technology Warangal and over 14 years of cross-sector industrial experience. My doctoral research is centered on developing a novel, field-applicable process and technology for reclamation and regeneration of Monoethylene Glycol (MEG) from highly contaminated slug streams generated in oil and gas fields. This work directly supports flow assurance, hydrate inhibition, chemical reuse, and cost reduction in upstream and midstream operations. From an industry standpoint, I bring strong hands-on expertise in: MEG degradation, salt loading, hydrate inhibition and hydrocarbon contamination Slug characterization (produced water + hydrocarbons + chemicals) NABL / ISO 17025 laboratory systems and regulatory compliance Analytical method validation, root cause analysis, and troubleshooting Bridging lab-scale research to pilot and industrial applications I have worked across Urea–Ammonia Fertilizers, Oil & Gas, Nutritional Food, and Pharmaceutical industries, enabling me to approach oilfield challenges with a robust quality, safety, and compliance mindset. My long-term goal is to contribute to technology development, process engineering, and R&D leadership roles in the global oil & gas and energy transition ecosystem, with emphasis on sustainability and circular use of process chemicals.",1740,2026-08-25 00:00:00.000 +0530,,,,,,,,,,,,,,,,,876,
Alpesh Bupkya,Alpesh,Bupkya,https://www.linkedin.com/in/alpesh-bupkya-96076864,urn:li:member:228816216,alpesh-bupkya-96076864,Bengaluru,Karnataka,India,"Bengaluru, Karnataka, India",AppsForBharat,AVP Marketing,founders,member_urn,"We are on a mission to assist a billion Indians in their spiritual journey and help them feel happier, peaceful & more content. Our flagship product, Sri Mandir is the world’s largest app for Hindu devotees. It serves as a digital sanctuary for millions of devotees worldwide. Through our app, users can seamlessly participate in online pujas, make chadhava (offerings), and connect with various temples across the country, bringing divine blessings to their lives. Read more about us here: appsforbharat.com",278,2020,"Technology, Information and Internet",71643417,http://www.linkedin.com/company/appsforbharat,"Bengaluru, Karnataka, India",,https://appsforbharat.com/,,10/2025,false,,false,,3712,2026-08-25 00:00:00.000 +0530,,,,,,,,,,,,,,,,,877,
Saurabh Mittal,Saurabh,Mittal,https://www.linkedin.com/in/saurabh-mittal-8466a935,urn:li:member:124142454,saurabh-mittal-8466a935,Bengaluru,Karnataka,India,"Bengaluru, Karnataka, India",AQR Capital Management,Vice President,10+yoe_global,member_urn,"AQR is a global investment management firm dedicated to delivering results for our clients. At the nexus of economics, behavioral finance, data and technology, AQR’s evolution over two decades has been a continuous exploration of what drives markets and how it can be applied to client portfolios. The firm is headquartered in Greenwich, Connecticut, with other locations in Bangaluru, Dubai, Hong Kong, London, Munich and Sydney. Important Notice: Fraudulent Schemes Impersonating AQR, read more here: https://www.aqr.com/Important-Notice Read important disclosures at https://www.aqr.com/social-media-disclaimers",902,1998,Financial Services,20749,http://www.linkedin.com/company/aqr-capital-management,"Greenwich, Connecticut, United States",,http://www.aqr.com,,1/2025,false,https://media.licdn.com/dms/image/v2/C5603AQG9zgaauTN4Rg/profile-displayphoto-shrink_100_100/profile-displayphoto-shrink_100_100/0/1657737896470?e=1788998400&v=beta&t=79_MjIK-7hANN_3SnD3yNzNZhD7zJSFkuThi441RZIA,false,Experienced Python/C++ Developer with 10+ years experience in Finacial and Aerospace industry. Led multiple software development projects simultaneously using Agile Methodology. Backend developer and Data Analyst Roles. Towards Full-stack development. MS from IISc Bangalore & B.Tech from ISM-IIT Dhanbad,1183,2026-08-25 00:00:00.000 +0530,,,,,,,,,,,,,,,,,878,
Swati Pandey,Swati,Pandey,https://www.linkedin.com/in/swati-pandey-01a29813,urn:li:member:45487894,swati-pandey-01a29813,Delhi,,India,"Delhi, India",Arboreal,Co-founder and CEO,founders,member_urn,External link for Arboreal,73,2018,Food and Beverage Services,13324546,http://www.linkedin.com/company/arborealbio,"Delhi, India","Proteins, Stevia, Monk Fruit, Cocoa, Formulations, Ingredient Solutions, Food Ingredients, Food Processing, Sugar Substitutes, Fibers, Hydrocolloids, Yeast Ingredients, and Yeast Protein",http://www.arborealbio.com,"Arboreal is an award winning, tech-enabled, IP and innovation led supplier of specialty food ingredients and solutions to food and beverage brands globally.",2/2015,false,,false,"Currently building Arboreal - an award winning, tech-enabled, IP and innovation led supplier of specialty food ingredients and solutions to food and beverage brands. We are the innovation partner of choice for 300+ food and beverage brands in India. Prior international experience in PE, VC and Consulting in EU, UK, Singapore and India. Studied MSc. in Sustainable Energy at Imperial College London (Commonwealth Scholar and EU EIT Scholar) and B.Tech in Mechanical Engineering at IIT (Indian Institute of Technology). Awards received: - Cartier Laureate 2018 (Asia pacific) - Selected as the Business Woman of the year, Asia-Pacific at the Cartier Women's Initiative Awards 2018 adjudged by Cartier, Mckinsey, and INSEAD Business School. - FICCI-Flo Changemaker award, 2020 organised by FICCI (India's apex business advocacy group). - National Startup Award 2021 (Food Processing) - Government of India's annual initiative to recognise Startups doing ground breaking innovation in 46 key sectors. - Women Transforming India Award 2021, organised by Niti Ayog and the United Nations. - Distinguished Alumni Award (Young achiever), 2023 by IIT (ISM) Dhanbad.",3233,2026-08-25 00:00:00.000 +0530,,,,,,,,,,17,28,,,,,,879,
Pankaj Dwivedi,Pankaj,Dwivedi,https://www.linkedin.com/in/pankaj-dwivedi-2607a867,urn:li:member:237856104,pankaj-dwivedi-2607a867,Kolkata,West Bengal,India,"Kolkata, West Bengal, India",ArcelorMittal Design and Engineering Centre,Sr Manager - Beneficiation & Agglomeration,6-10yoe_global_indian,member_urn,"Block-DP, Plot - 307, Sector V, Salt Lake",303,2008,Engineering Services,27846299,http://www.linkedin.com/company/arcelormittal-design-and-engineering-centre-private-limited,"Kolkata, West Bengal, India",,,,5/2025,false,https://media.licdn.com/dms/image/v2/C5103AQG2k67Co8m-mA/profile-displayphoto-shrink_100_100/profile-displayphoto-shrink_100_100/0/1572379510976?e=1788998400&v=beta&t=12aVP_X4QfbpBiwFcd3zHmhsyWf1zwWBthoWffmCAFs,false,,2787,2026-08-25 00:00:00.000 +0530,,,,,,,,,,,,,,,,,880,
Ranjan Purbey,Ranjan,Purbey,https://www.linkedin.com/in/ranjanpurbey,urn:li:member:389299935,ranjanpurbey,Bengaluru,Karnataka,India,"Bengaluru, Karnataka, India",Cisco,Software Engineer,founders,member_urn,"Cisco is the worldwide technology leader that is revolutionizing the way organizations connect and protect in the AI era. For more than 40 years, Cisco has securely connected the world. With its industry leading AI-powered solutions and services, Cisco enables its customers, partners and communities to unlock innovation, enhance productivity and strengthen digital resilience. With purpose at its core, Cisco remains committed to creating a more connected and inclusive future for all.",95456,1984,Software Development,1063,https://www.linkedin.com/company/cisco,"San Jose, California, United States","Networking, Wireless, Security, Unified Communication, Cloud, Collaboration, Data Center, Virtualization, Artificial Intelligence, Observability, Sustainability, Computing, Software, and Services (CX)",http://www.cisco.com,"Engineering and optimizing the Digital Experience Monitoring (DEM) capabilities within Cisco AppDynamics, that help global enterprises track, diagnose, and improve frontend performance across web and mobile applications.",4/2025,false,,false,"I’m a full-stack engineer with 7+ years of experience building and optimizing web applications - from crafting smooth, high-performance UIs to designing scalable backend systems. I enjoy taking ownership of projects, solving complex challenges, and delivering solutions that drive real impact.On the frontend, I work with JavaScript, TypeScript, SvelteKit, React, Next.js, and TailwindCSS to build intuitive, fast, and accessible user experiences. I focus on performance, usability, and writing clean, maintainable code.On the backend, I’ve built and optimized GraphQL and RESTful APIs, worked extensively with PostgreSQL, MySQL, and Redis, and developed applications using Django, Ruby on Rails, Node.js, and Express.js. I’m also experienced with AWS, Docker, and Linux, handling deployments, infrastructure, and performance optimizations.At Dopple, LLC, I led the development of a gift registry product, taking it from concept to production using SvelteKit. Before that, at Mamas Uncut and CodeAstra Software LLP, I built custom platforms, analytics dashboards, and performance improvements that helped drive business growth.I’m also an open-source contributor, with contributions to Svelte, NextAuth, SWC, TypeORM, and more. Whether it’s debugging complex issues, improving performance, or streamlining developer workflows, I enjoy tackling challenges and continuously learning.Always open to discussing new ideas, tech trends, and interesting projects. Let’s connect!",1420,2026-08-25 00:00:00.000 +0530,,,,,,,,,,,,,,,,,446,
Ebad Sayed,Ebad,Sayed,https://www.linkedin.com/in/ebad-sayed-0861a6227,urn:li:member:952995558,ebad-sayed-0861a6227,Bengaluru,Karnataka,India,"Bengaluru, Karnataka, India",Cisco,Software Engineer,founders,member_urn,"Cisco is the worldwide technology leader that is revolutionizing the way organizations connect and protect in the AI era. For more than 40 years, Cisco has securely connected the world. With its industry leading AI-powered solutions and services, Cisco enables its customers, partners and communities to unlock innovation, enhance productivity and strengthen digital resilience. With purpose at its core, Cisco remains committed to creating a more connected and inclusive future for all.",95456,1984,Software Development,1063,https://www.linkedin.com/company/cisco,"San Jose, California, United States","Networking, Wireless, Security, Unified Communication, Cloud, Collaboration, Data Center, Virtualization, Artificial Intelligence, Observability, Sustainability, Computing, Software, and Services (CX)",http://www.cisco.com,,7/2026,false,,true,"Hi everyone!I am an enthusiastic learner and explorer, especially in the field of Agentic AI, Gen AI and Applied ML Systems. Graduated from IIT Dhanbad.I am excited to meet like-minded people to work and learn with them expanding my horizon and contributing the best out of me.",1418,2026-08-25 00:00:00.000 +0530,,,,,,,,,,,,,,,,,446,
Alok Kumar,Alok,Kumar,https://www.linkedin.com/in/alok-kumar-4471707,urn:li:member:21296503,alok-kumar-4471707,,,Netherlands,Netherlands,Schuberg Philis,Mission Critical Software Engineer,founders,member_urn,,,,,,,,,,,,true,https://media.licdn.com/dms/image/v2/D4E03AQHapvjUy0cl6g/profile-displayphoto-scale_400_400/B4EZxsercmI0Ag-/0/1771346508891?e=1789603200&v=beta&t=wDez9r3RvmftZj4_4ztO7wAPd5G04pvRl_4cNjWjChQ,false,"I am a Technical Lead with 20+ years of experience designing and delivering scalable, reliable software systems across fintech, trading, energy trading, and enterprise platforms.I specialize in software architecture, distributed systems, cloud platforms, and high-availability solutions, combining hands-on engineering with technical leadership to solve complex business and technology challenges.At Schuberg Philis, I contributed to mission-critical enterprise platforms in a high-reliability environment, focusing on scalability, resilience, automation, and operational excellence.Previously at Flow Traders, I designed and developed trading, risk, and compliance platforms in performance-sensitive and regulated environments, with experience across MiFID II and EMIR requirements.I have also co-founded a technology startup, leading product development, architecture, and engineering teams while working closely with stakeholders to deliver scalable solutions.My technical background includes C#/.NET, Python, React, REST APIs, microservices, and event-driven architectures. I enjoy building resilient platforms, driving architectural improvements, and helping teams deliver high-quality software at scale.",3638,2026-09-01 21:00:56.853 +0530,Technical Lead | Software Architecture | Distributed Systems | Enterprise Platforms | Cloud & Microservices | FinTech & Trading Technology | Ex-Flow Traders,,,,,,,,,,,"alok.kumar@in.abb.com, alok.kumar@etrmservices.com",alok.kumar@etrmservices.com,,,,2424,
Sayan Mitra,Sayan,Mitra,https://www.linkedin.com/in/sayan-mitra-0303b92a4,urn:li:member:1231215588,sayan-mitra-0303b92a4,Dhanbad,Jharkhand,India,"Dhanbad, Jharkhand, India",Biotechnology Industry Research Assistance Council (BIRAC),Student Incubatee,founders,member_urn,,,,,,,,,,,,false,https://media.licdn.com/dms/image/v2/D5603AQFonB8TkIOcBw/profile-displayphoto-scale_200_200/B56Zr4BxjjHQAY-/0/1765097810133?e=2147483647&v=beta&t=UOjJg2Dy8JzsxQonx0HmbOpz8HuKtDVaYe_Umho1bHk,false,"Experience: Biotechnology Industry Research Assistance Council (BIRAC) · Education: Indian Institute of Technology (Indian School of Mines), Dhanbad · Location: Dhanbad · 500+ connections on LinkedIn. View Sayan Mitra’s profile on LinkedIn, a professional community of 1 billion members.",1383,2026-09-01 17:03:38.642 +0530,Biotechnology Industry Research Assistance Council (BIRAC),https://in.linkedin.com/company/biotechnology-industry-research-assistance-council-birac-,668,,2026,2028,"{""Indian Institute of Technology (Indian School of Mines), Dhanbad""}",,,,,,,,,,1596,
Sampath Vinayak,Sampath,Vinayak,https://www.linkedin.com/in/sampath-vinayak-715a1413b,urn:li:member:572839937,sampath-vinayak-715a1413b,Andhra Pradesh,,India,"Andhra Pradesh, India",Sigmoid,Data Scientist,founders,member_urn,,,,,,,,,,,,false,https://media.licdn.com/dms/image/v2/D4D03AQESPNhPtbVQsA/profile-displayphoto-shrink_200_200/profile-displayphoto-shrink_200_200/0/1710433065201?e=2147483647&v=beta&t=82etFrgtxVx7bcnbYw1cJpIuKi-dOpJRzercxsPKb1Q,false,"Experience: Sigmoid · Education: Indian Institute of Technology (Indian School of Mines), Dhanbad · Location: Andhra Pradesh · 500+ connections on LinkedIn. View Sampath Vinayak’s profile on LinkedIn, a professional community of 1 billion members.",1467,2026-09-01 17:03:38.642 +0530,Sigmoid,https://www.linkedin.com/company/sigmoid-analytics,3750,,2018,2020,"{""Indian Institute of Technology (Indian School of Mines), Dhanbad""}",,,,,,,,,,2464,
Rajveer Singh,Rajveer,Singh,https://www.linkedin.com/in/iamrvs,urn:li:member:562526763,iamrvs,Kanpur Nagar,Uttar Pradesh,India,"Kanpur Nagar, Uttar Pradesh, India",District Administration Singhbhum(W),Development Officer,founders,member_urn,,,,,,,,,,,,false,https://media.licdn.com/dms/image/v2/D5603AQEMTRAtbaC8og/profile-displayphoto-shrink_200_200/B56ZscXE.iIkAY-/0/1765707371076?e=2147483647&v=beta&t=FCypBEUbdAdT8Pj5YX_ydlpyKSzs8l_pIXBlZPm43Yc,false,"Experience: District Administration Singhbhum(W) · Education: Jawahar Navoday Vidhyalaya Kottayam Kerala · Location: Kanpur Nagar · 88 connections on LinkedIn. View Rajveer Singh’s profile on LinkedIn, a professional community of 1 billion members.",1526,2026-09-01 17:03:38.642 +0530,District Administration Singhbhum(W),,86,,,,"{""Jawahar Navoday Vidhyalaya Kottayam Kerala""}",,,,,,,,,,1770,
Akshit Agarwal,Akshit,Agarwal,https://www.linkedin.com/in/akshit-agarwal-71821712a,urn:li:member:532036676,akshit-agarwal-71821712a,Gwalior,Madhya Pradesh,India,"Gwalior, Madhya Pradesh, India",SEG Student Chapter ITM University,Vice President,founders,member_urn,,,,,,,,,,,,false,https://media.licdn.com/dms/image/v2/C5603AQFjnFZFKv3fKw/profile-displayphoto-shrink_200_200/profile-displayphoto-shrink_200_200/0/1517253285558?e=2147483647&v=beta&t=7pclLd3kZClMYzB0k3VM61fvghPaif9RTPkQqvOEcrQ,false,"Experience: SEG Student Chapter ITM University · Education: Indian Institute of Technology (Indian School of Mines), Dhanbad · Location: Gwalior · 134 connections on LinkedIn. View Akshit Agarwal’s profile on LinkedIn, a professional community of 1 billion members.",1647,2026-09-01 17:03:38.642 +0530,SEG Student Chapter ITM University,,135,,2018,2020,"{""Indian Institute of Technology (Indian School of Mines), Dhanbad""}",,,,,,,,,,2430,
Debajit Ghosh,Debajit,Ghosh,https://www.linkedin.com/in/debajit-ghosh-a8805413,urn:li:member:44901896,debajit-ghosh-a8805413,Bangalore Urban,Karnataka,India,"Bangalore Urban, Karnataka, India",Self-employed,"Empowered Leader: AI, ESG, Independent Directorship, and Founder Proficiency",founders,member_urn,,,,,,,,,,"Taking a hiatus for the past two years has been a transformative journey for me. It has been a period of deep reflection, rejuvenation, and continuous learning. After dedicating 22 years to the industry, I took this time to upskill in areas like AI and ESG reporting, explore startup opportunities, and recalibrate my career trajectory. This phase has not only enriched my knowledge but has also reinvigorated my passion for innovation and entrepreneurship. I am now excited to leverage this experience and expertise in my next endeavor, contributing meaningfully to the dynamic landscape of business and technology. Below are the key Highlights: - Two-year transformative journey focusing on reflection, upskilling, and ESG initiatives - Expertise gained in AI (from UT Austin) and ESG reporting (CPD accredited), enhancing leadership in sustainability - Completed the Independent Director certification from the Indian Institute of Corporate Affairs (IICA), under the Ministry of Corporate Affairs, India, and eligible to serve as an Independent Director - Founder role in the education sector, showcasing strategic vision and entrepreneurial acumen - Extensive travel and active involvement in societal voluntary activities, driving positive change beyond corporate realms - Proven track record in business planning, financial decision making and ESG integration - Well-positioned to contribute as an independent director or ESG specialist, offering strategic insights and a passion for sustainable practices in organizational governance.",4/2022,true,,false,"I spent 22 plus years in the oil and gas industry, most of it with Shell, working across exploration, production, business planning, and SEC reporting. Seven of those years were as a Shell expatriate living and working across Southeast Asia and beyond, with experience spanning leading cross continental teams. I hold a degree from IIT (ISM) Dhanbad.Since leaving Shell, I have been working at the intersection of three things I care deeply about: Learning (future readiness), governance and sustainability.As a certified Independent Director and ESG professional, I work with leadership teams on the questions that keep getting harder: how do you govern responsibly when the future is genuinely uncertain? How do ESG signals translate into strategic decisions rather than compliance exercises? How do organizations build the future generation and leadership they will need for a world that looks nothing like the one they planned for?I write on the intersection of economics, geopolitics, uncertainty and risk, with a particular focus on how systems thinking can help leaders navigate uncertainty. My essays in English are on Substack: https://debajitghosh.substack.comI also write in Bengali for Guruchandali, one of India's most respected Bengali literary and intellectual platforms, on topics ranging from global power structures to the geopolitics of money: https://www.guruchandali.com/comment.php?topic=34627I am the founder of Sundarbon (https://www.sundarbon.org), a copyrighted continuous learning platform that takes an organic, end-to-end approach to professional and student development. Sundarbon addresses the gaps that formal education and corporate training consistently leave behind: psychometric grounding, self-directed learning, real-world application, and transition readiness. I am open to conversations on independent director roles, ESG advisory, faculty and speaker opportunities, and CSR programme design.",3021,2026-08-25 00:00:00.000 +0530,,,,,,,,,,,,,,,,,2433,
Rahul Easy,Rahul,Easy,https://www.linkedin.com/in/rahul-easy-79990812,urn:li:member:44058213,rahul-easy-79990812,Dhanbad,Jharkhand,India,"Dhanbad, Jharkhand, India",Reliance Power,GET,10+yoe_indian,member_urn,,,,,,,,,,,9/2012,false,,false,,3884,2026-08-25 00:00:00.000 +0530,,,,,,,,,,,,,,,,,2358,
Gokul M.,Gokul,M.,https://www.linkedin.com/in/gokul-mnair,urn:li:member:235216795,gokul-mnair,Kochi,Kerala,India,"Kochi, Kerala, India",Nexarion Global Consulting Private Ltd.,Chief Executive Officer,founders,member_urn,,,,,,,,,,"Career Development Specialist, Coporate Trainer, Skill Systems Architect for Individuals and Corporate.",3/2024,false,,false,"I genuinely love helping people.Everything I do — the practice, the research, the companies, the teaching — is working towards one thing. Building something that makes this country better. That's not ambition. That's just what I care about.I'm a psychologist based in Kochi. I work with people between 18 and 45 through Amnaya Institute of Happiness and Wellbeing — the years when life asks the biggest questions and gives the least support. Through Nexarion, I work with organisations on building cultures that don't quietly cost people their health.My research sits at an unusual intersection. My PhD at IIT Dhanbad looks at how trauma survivors heal through graphic narratives and art — how people draw and illustrate their way back to themselves when words aren't enough. I've published on postpartum depression in India, transgender experiences in Kerala, and Dalit graphic novels. I teach at Rajagiri College of Social Sciences. I'm a trained clinical hypnotherapist.I write here about psychology the way it actually is — not the sanitised version.If something here resonates, I'm easy to reach.",3054,2026-08-25 00:00:00.000 +0530,,,,,,,,,,,,,,,,,2209,
Hemant Upadhyay,Hemant,Upadhyay,https://www.linkedin.com/in/hemant-upadhyay-41b3212,urn:li:member:6762263,hemant-upadhyay-41b3212,Mumbai,Maharashtra,India,"Mumbai, Maharashtra, India",Empanelled consultant,Business Advisor and Leadership Coach,founders,member_urn,,,,,,,,,,"Strategic and high-impact advisor with extensive experience leading people-related and enterprise-wide initiatives from conceptualization through to full-scale implementation. Trusted sounding board and executive coach to business leaders, specializing in organizational systems design, process architecture, and capability building. Adept at merging behavioral science with business understanding to assess future leaders, facilitate critical problem-solving dialogues, and align organizational health with macro business goals.",4/2019,false,,false,"Experienced management consultant turned entrepreneur with a proven track record of partnering with cross-industry business leaders to drive enterprise growth and organizational transformation. Strategic builder of scalable organizational systems and high-performance cultures, demonstrated by guiding ⁠Shopholix through its journey of startup and growth. Merges deep \consulting frameworks with real-world founder experience to architect robust corporate structures, counsel executive teams, and provide targeted coaching that helps high-potential individuals maximize their leadership efficacy.",3066,2026-08-25 00:00:00.000 +0530,,,,,,,,,,,,,,,,,1791,
Nicholas Opoku,Nicholas,Opoku,https://www.linkedin.com/in/nicholas-opoku-850345185,urn:li:member:732405372,nicholas-opoku-850345185,Dhanbad,Jharkhand,India,"Dhanbad, Jharkhand, India",Lens of Africa,Chief of Staff,founders,member_urn,,,,,,,,,,,3/2026,false,,false,"I am a versatile professional with a background in Monitoring and Evaluation, qualitative research, communication, and tourism. My reputation is built on my adaptability, unwavering reliability, and exceptional time management skills. As a change maker and dedicated humanitarian, I am passionate about addressing pressing global issues such as climate change, poverty reduction, and women's empowerment. My mission is to make the world a better place by leveraging my skills and expertise to drive positive change in these areas. my passion is rooted in this ""Our planet is not just something that we are a part of, it is something we have a duty to protect. So everything that I do, this has a central role"" -Saoirse Exton",3094,2026-08-25 00:00:00.000 +0530,,,,,,,,,,,,,,,,,2098,
Sheo Shankar Rai,Sheo Shankar,Rai,https://www.linkedin.com/in/sheo-shankar-rai-a0188518,urn:li:member:61886305,sheo-shankar-rai-a0188518,Kanpur,Uttar Pradesh,India,"Kanpur, Uttar Pradesh, India","Indian Institute of Technology, Kanpur","Professor of Practice, Sustainable Energy Engineering",founders,member_urn,,,,,,,,,,"Current academic and professional work focuses on Energy Transition and Net Zero; Renewable Energy Systems; Battery, Pumped Hydro and Gravity Energy Storage; Energy Economics; Industrial Decarbonisation and Carbon Capture and Sequestration; Critical Minerals for clean-energy technologies; sustainable mineral development; and AI/ML applications for industrial optimisation. A distinctive contribution as a Professor of Practice at IIT Kanpur is the integration of academic fundamentals with applied research, techno-economic analysis, industrial case studies, and sustainability considerations.",8/2024,false,,false,"- PROFILE SUMMARYProfessor Sheo Shankar Rai is a Professor of Practice in Sustainable Energy Engineering at the Indian Institute of Technology Kanpur, with over 29 years of industry experience and more than 10 years of academic and research experience across energy, mining, metals, and sustainability. He holds a B.Tech. in Mining Engineering from the Indian School of Mines (ISM), Dhanbad; a Postgraduate Diploma in Mining and Mineral Economics from Mines ParisTech, France; and a PhD in Mining Engineering from IIT (ISM), Dhanbad. His current academic and professional work focuses on Energy Transition and Net Zero; Renewable Energy Systems; Battery, Pumped Hydro and Gravity Energy Storage; Energy Economics; Industrial Decarbonisation and Carbon Capture and Sequestration; Critical Minerals for clean-energy technologies; sustainable mineral development; and AI/ML applications for industrial optimisation. His distinctive contribution as a university teacher is the integration of academic fundamentals with applied research, techno-economic analysis, industrial case studies, sustainability considerations and more than two decades of leadership experience in the energy, mining and metals sectors.",3109,2026-08-25 00:00:00.000 +0530,,,,,,,,,,,,,,,,,1989,
Manas Das,Manas,Das,https://www.linkedin.com/in/manas-das-90a047327,urn:li:member:1382606938,manas-das-90a047327,Dhanbad,Jharkhand,India,"Dhanbad, Jharkhand, India",GeoAcademy,Founder & Faculty,founders,member_urn,,,,,,,,,,,2/2022,false,,false,"I work on natural hazards on the gap between a map predicting where risk falls and a measurement of whether it actually does. Most of my research has stayed in one place. Since my M.Sc. dissertation, I've been studying landslides in the Sikkim Himalaya, and my M.Tech thesis at IIT (ISM) Dhanbad returned to that terrain with a harder toolkit: comparing classical, ensemble, and deep-learning susceptibility models against one another, then testing their predictions against PSInSAR displacement time series from Sentinel-1. A susceptibility map is a static claim about a landscape that isn't static. Closing that gap is what interests me because it's what must happen before a hazard map can warn anyone. Before the M.Tech I spent two and a half years as a GIS Analyst with the Government of West Bengal, working on watershed development under PMKSY-WDC 2.0. The maps I made there went to administrators deciding where to spend money, not to journals. That changed what I think a model is for. I also work on the human side of spatial analysis. With colleagues in Midnapore, I co-authored a Springer book on using GIS to improve health outcomes in urban slums, and I continue to publish on healthcare access, urban heat, land-use change, and groundwater potential. Alongside my research, I teach GATE Geomatics Engineering through GeoAcademy, using the same syllabus I sat for in 2024. Students I've taught have gone on to IIT (ISM) Dhanbad, IIT Jodhpur, and IIEST Shibpur. I review for Scientific Reports, GeoJournal, Discover Environment, and Discover Public Health. Tools: Python, Google Earth Engine, SNAP, MintPy, SARPROZ, ArcGIS, QGIS. Currently seeking PhD positions in natural hazards modeling and early warning systems.",3113,2026-08-25 00:00:00.000 +0530,,,,,,,,,,,,,,,,,1863,
S KChawla Chawla,S KChawla,Chawla,https://www.linkedin.com/in/s-kchawla-chawla-b9512117,urn:li:member:57027425,s-kchawla-chawla-b9512117,Gurgaon,Haryana,India,"Gurgaon, Haryana, India",CEO,CEO,founders,member_urn,,,,,,,,,,,9/2007,false,,false,"Over fifty years experience in Energy field,upstream petroleum,power transmission, HR,Education, Management etc including positions at Board level in PSU. At present mentoring younger people in the field of Energy, Petroleum, and Renewable sources.Focussed towards Global warming and Climate change and continue to study, read and write for magazines, edit books and literature on the same and participate in panel discussions in open forums and media. Past Rotarian and Golfer, member of several NGO's Social and Cultural Forums. Specialties: Petroleum Upstream,HR ,OD,OB , Leadership seminars, teaching and mentoring, off and on writing articles, spiritualism and music.",3133,2026-08-25 00:00:00.000 +0530,,,,,,,,,,,,,,,,,1648,
Varun Patel,Varun,Patel,https://www.linkedin.com/in/varun-patel-10ba5059,urn:li:member:208625051,varun-patel-10ba5059,Vadodara,Gujarat,India,"Vadodara, Gujarat, India",LNG Express India Private Limited (Cryogas Industries),Marketing Manager,founders,member_urn,,,,,,,,,,"Business development and market strategy for supply of LNG and its infrastructure. (Sales & Marketing) Developing and executing strategic marketing plans on LNG fuel for industrial and commercial customers. Negotiated the contract with customers and attracting the new customers. Working with companies leaders and analyzing their captive consumption of fuel and thereupon provide them with an optimum price of LNG at their doorstep. Managing LNG Storage & Re-Gas Projects, coordinating with suppliers, EPC Contractors, Statutory authorities and active participation in Tendering and procurement processes. New Initiatives and specialized project for City Gas distribution companies",7/2017,false,,false,"Varun is Petroleum Engineer with 9 years of experience across upstream and downstream Oil & Gas, currently working as Marketing Manager leading a Sales & Marketing team. Skilled in techno-commercial marketing (B2B) with focus on LNG as fuel for industrial, commercial, power, and shipping sectors. Experienced in developing and executing strategic marketing plans, negotiating contracts, and building long-term client relationships. Strong blend of field and office experience enables quick judgment, coordination, and seamless execution. Proven track record in expanding market share by converting customers from conventional fuels to LNG. Expertise in market development, pricing models, feasibility studies, and cross-functional project management. Adept at aligning technical solutions with business value. Beyond Professional work, he would like to do biking, badminton.Specialism: LNG, Business Development, Research & Analytics, Marketing/Commercial.",3143,2026-08-25 00:00:00.000 +0530,,,,,,,,,,,,,,,,,2108,
R D Aswin,R D,Aswin,https://www.linkedin.com/in/rd-aswin,urn:li:member:963968041,rd-aswin,Kollam Taluka,Kerala,India,"Kollam Taluka, Kerala, India",Self-Employed,Freelance Web Developer,founders,member_urn,,,,,,,,,,"Build full-stack web applications for solo founders and small businesses, owning each engagement end-to-end — from requirements gathering through production deployment.",3/2024,false,,false,"I build full-stack web applications for founders and small businesses — end to end, from a rough idea to a live, revenue-generating product. Since March 2024, I've shipped 10+ client engagements with a 100% on-time delivery record, working directly with non-technical founders to translate business goals into production code. Recent work includes migrating legacy jQuery sites to React (50%+ faster load times), building SaaS marketing sites with Stripe billing, and creating a reusable Next.js + Tailwind starter that cuts project kickoff time by 40%. A few things I've built recently: Aura — a Next.js/Supabase e-commerce storefront with a direct-to-Cloudinary upload pipeline and Razorpay checkout, serving pages in under 150ms. StackChat — a horizontally scalable real-time chat app using Socket.IO and a Redis Pub/Sub backplane, with a custom cursor strategy that cut database writes to one per session and delivers messages in under 50ms. I work across the stack: React, Next.js, Node.js, Express, TypeScript, PostgreSQL, MongoDB, and Supabase, with Razorpay and Socket.IO for payments and real-time features. I'm self-taught — I started coding during the pandemic and was building and deploying real projects before I finished school. That path led to a spot in the JEE Advanced 2026 rankings and admission to IIT (ISM) Dhanbad for a B.Tech in Computer Science, starting this year. I'm continuing to take on freelance and contract web development work alongside my degree — remote-friendly, across time zones. If you're a founder or small business with an idea that needs to become a real product, I'd love to talk.",3251,2026-08-25 00:00:00.000 +0530,,,,,,,,,,,,,,,,,2436,
Dr. Subhaji Business by IITians,Dr. Subhaji,Business by IITians,https://www.linkedin.com/in/dr-subhaji-business-by-iitians-44ba43240,urn:li:member:1005867707,dr-subhaji-business-by-iitians-44ba43240,Bhubaneswar,Odisha,India,"Bhubaneswar, Odisha, India",SARALA iNFOTECH,Chief Executive Officer,founders,member_urn,,,,,,,,,,,,false,,false,"MAA SARALA Group of companies consists of different segments of businesses starting from Engineering consultancy, BPO/ call center, Export & Import of commodities, Solar Inverter manufacturing and executions. We have two different companies named as SARALA POWERTECH CONSULTING ENGINEERS LLP and SMPS Electric Control private Limited and both are Indian companies. This group has started its journey through visionary entrepreneur Late Subal Charan Khatua since 2016.",3259,2026-08-25 00:00:00.000 +0530,,,,,,,,,,,,,,,,,2409,
Shivankar Mehta,Shivankar,Mehta,https://www.linkedin.com/in/shivankar-mehta-058b29207,urn:li:member:883659524,shivankar-mehta-058b29207,Arrah,Bihar,India,"Arrah, Bihar, India",Standard Force Corporation,Software Developer and System Engineer,founders,member_urn,,,,,,,,,,"Architected a distributed ETL pipeline that consolidates data from 4 remote MySQL databases into a centralized warehouse using SSH2 tunneling, cron-based batch synchronization, Docker, Git, and AlmaLinux server infrastructure. Managed end-to-end CI/CD and deployment workflows across production servers, reducing deployment time by 60% and improving release reliability. Built an AI Document Assistant that supports PDF, Office files, images, Excel sheets, and audio uploads with natural language querying. Implemented a full RAG-based document intelligence stack using Gemini Vision, Tesseract OCR, pgvector, LangChain, pg-boss workers, and SSE-streamed token responses. Delivered an enterprise Construction Management System with real-time budget alerts, financial tracking, compliance monitoring, and operational workflows across 5 client organizations. Developed a Next.js analytics dashboard with virtualized tables, Recharts/Tremor visualizations, drag-and-drop layouts, fuzzy search, Excel export pipelines, and Redis caching that reduced load by 40%. Built a QR Code Management System for real-time logistics tracking and internal operational visibility.",10/2024,false,,false,"Hi, I’m Shivankar Mehta — a Software Developer and System Engineer based in Japan, focused on building enterprise-grade web platforms, data pipelines, and AI-enabled business systems. I currently work at Standard Force Corporation, where I design and deploy full-stack systems for real business operations. My work includes distributed ETL pipelines, AI-powered document assistants, construction management platforms, analytics dashboards, QR-based logistics tracking, and production deployment on AlmaLinux servers. Some highlights of my work: Architected a distributed ETL pipeline that syncs 4 remote MySQL databases into a centralized warehouse using SSH2 tunneling, Docker, Git, cron jobs, and CI/CD workflows. Built an AI Document Assistant supporting PDF, Office, image, Excel, and audio uploads with natural language querying using RAG, Gemini Vision, OCR, pgvector, LangChain, and SSE streaming. Delivered enterprise construction management software with financial tracking, budget alerts, compliance monitoring, and zero-downtime rollouts for multiple client organizations. Developed high-performance dashboards with Next.js, virtualized tables, Recharts/Tremor visualizations, Redis caching, fuzzy search, Excel exports, and QR-code-based tracking. My core stack includes JavaScript, React, Next.js, Node.js, Express, REST APIs, MySQL, PostgreSQL, Redis, Docker, Git, AlmaLinux, LangChain, Gemini API, pgvector, and ETL pipelines. I graduated from IIT (ISM) Dhanbad with a B.Tech in Mechanical Engineering, and I’ve solved 1500+ DSA problems across platforms. I enjoy building practical software that improves workflows, reduces manual work, and turns messy business processes into reliable systems. I’m especially interested in full-stack engineering, backend systems, AI-powered enterprise tools, data platforms, and scalable web applications.",3276,2026-08-25 00:00:00.000 +0530,,,,,,,,,,,,,,,,,2512,
"Dr. Rawesh Kumar, PhD",Dr. Rawesh,"Kumar, PhD",https://www.linkedin.com/in/dr-rawesh-kumar-phd-a4198533,urn:li:member:118868881,dr-rawesh-kumar-phd-a4198533,Patna,Bihar,India,"Patna, Bihar, India","Patna University, Patna Science College",Assistant Professor,founders,member_urn,,,,,,,,,,,4/2025,false,,false,"Myself Dr. Rawesh Kumar (orcid.org/0000-0002-9841-4767, Author ID: 55492128200, H-Index: 12), Chemistry Advisor at Global Research Library Inc, Assistant Professor at Sankalchand Patel University (Gujarat) and member of scientific consortium at Eqoria Earth Consortium. To popularize tough chapter of chemistry worldwide, I have started new teaching methodology that is text directed animation in higher education chemistry. Text after text and corresponding animation makes an easy follow up a concept. I have uploaded such more than 55 text-directed-animated higher education chemistry videos in 10 playlist on YouTube channel ""The Big concept: PG topic"" https://www.youtube.com/channel/UCAqSyDalRn_9yE5VxdgevKA. It is simply world class and it is tried to put the full unit concept within 10-15 minutes. Currently the channel covers about 35% of whole postgraduate/graduate chemistry syllabus. The sole aim of channel is to provide free access of higher education topics to all Apart from this, I have taught two years as Postgraduate faculty at National Institute of Technology, Jamshedpur, India. I am a CSIR-NET (JRF) fellow in Chemical Science, M.Phil/Ph.D from IIT(ISM) and more than 19 high impact international Publication (including two book chapters in WiLey). My research is based on design of heterogeneous porous catalysis for gas phase as well as liquid phase reaction. The goal of my life is to provide free access of higher education topics to all and getting research prime towards conversion of pollutant/green house gases to useful chemical.",3278,2026-08-25 00:00:00.000 +0530,,,,,,,,,,,,,,,,,2278,
Kurma Avatar Das,Kurma Avatar,Das,https://www.linkedin.com/in/kurmaavatardas,urn:li:member:395623014,kurmaavatardas,Kanpur Nagar,Uttar Pradesh,India,"Kanpur Nagar, Uttar Pradesh, India",ISKCON,"Director of Communications, ISKCON Uttar Pradesh",founders,member_urn,,,,,,,,,,,8/2021,false,,false,"Kurma Avatar Das (B. Tech. NIT Warangal) had a natural curiosity to know the science behind creation and sustenance of this wonderful universe. This lead him to take up the path of spirituality at quite young age along with his regular academic education of science and engineering from a college of repute. Born in Bilaspur, Chattisgarh, he did his education till 12th from Bilaspur. His spiritual urge kept growing till then. Especially during his JEE preparation year in Kota Rajasthan, he started reading various books on spirituality with the aim of searching for the real truth of life. He used to ask, ""why bad things happen to good people?"" and ""how can we think of enjoying life when our fellow brothers and sisters who don’t have competency are suffering "". Such unanswered questions were constantly arising in his heart. Later he joined B. Tech. program at NIT Warangal. During this time he came across books by HDG Srila Prabhuapda, founder of ISKCON. In these books he got answers to all the questions he was looking for. His desire to help humanity in a dedicated way picked up thereafter. He worked with a MNC for 6 months. Thereafter he was teaching IITJEE physics in Pune. Taking a lot of inspiration from the monks of ISKCON like HG Radheshyam Das, he joined as fulltime celibate monk in ISKCON pune in 2011 to spread the message of Gita to a wider audience. Currently he travels across India to guide and inspire the young inquisitive engineers in the science of self realization. He has been mentoring students from various esteemed engineering colleges in India including IIT Kharagpur, IIT Madras, NIT Warangal, NIT Surathkal, IET Lucknow and HBTI Kanpur. He also keeps touch with students in Santa Clara (SAN JOSE), Southern Columbia University and Stanford through Skype and emails. Apart from his mentoring services, he also takes care Children program, Teenage Boys program. By encouraging them to develop positive habits and leadership skills.",3280,2026-08-25 00:00:00.000 +0530,,,,,,,,,,,,,,,,,2027,
Amshudhar Sai Kurme,Amshudhar Sai,Kurme,https://www.linkedin.com/in/amshudharsai,urn:li:member:729610820,amshudharsai,Adilabad,Telangana,India,"Adilabad, Telangana, India",Cognifit,Initiator,founders,member_urn,,,,,,,,,,,11/2024,false,,false,"I am a professional who has experience in Supporting the founder in customer success operations and sales coordination. I have demonstrated experience as an intern in Customer success and Program Management. I'm interested in the paradigm of human security and understanding human behaviour from different disciplines. Industries I worked for:B2B Saas, Conversational AI, HealthTech,IT. I have done an MBA at IIT DHANBAD in Marketing and Operations. I do run a initiative to help anyone in self reflection journey and also connect with coaches. Skills: Data Analysis,Client coordination,Project Management. Familiar to Google workspace, Canva, Google Ads,Ms office(Advanced Excel,Ms word) , JIRA , Ms projects, Freshdesk. Open to opportunities: Customer Success roles Sales Coordination Executive Assistant Management Trainee Programs Account Executive/Manager",3281,2026-08-25 00:00:00.000 +0530,,,,,,,,,,,,,,,,,1690,
Mahesh Pathak,Mahesh,Pathak,https://www.linkedin.com/in/mahesh-pathak-392704a8,urn:li:member:383955230,mahesh-pathak-392704a8,Mumbai,Maharashtra,India,"Mumbai, Maharashtra, India",MahaRERA,Member,founders,member_urn,,,,,,,,,,Member of Real Estate Regulatory Authority in Maharashtra,6/2022,false,,false,"Mahesh Pathak got a GPA of 4.66/5 in Engg and 4.8/5 in post-graduation and was always placed at the top of his class. He has over thirty five years of experience in the Government in teaching, TV and Radio media (Doordarshan and All India Radio) and administration (revenue, rural development and urban development) and as a regulator. He has also worked in the private sector for three years, on deputation from Govt. at Mumbai Airport. He’s handled food security during the COVID Pandemic in Maharashtra. He’s now a Member of MahaRERA after retiring from the IAS. Professional History in Brief Lecturer in Mining Engineering 1985-87 Department of Industrial Development 1988 Assistant News Editor AIR & DD 1989-1991 IAS training LBSNAA Musdoorie 1991-93 Asst Coll, Kolhapur, Maharashtra 1993-95. CEO, Sangli Zilla Parishad 1995-1998. Director, State Groundwater Agency 1999 Collector & DM Ratnagiri, 1999 -2001. DS and JS, Chief Secretary Office 2001-05 Collector, Mumbai City, 2005 -06 OSD, Mumbai Intl Airport Pvt.Ltd, 2006-09 Member Sec, Pollution Control Board, 2010 Secretary, Higher & Technical Ed, 2010-11 Municipal Commissioner, Pune, 2011-2014 Principal Secretary, Animal Husbandry, Dairy and Fisheries Department, 2014-2016 Principal Secretary, Food & Civil Supply and Consumer Affairs, Government of Maharashtra 2016-2020 Principal Secretary/Additional Chief Secretary, Urban Development, GOM 2020-2022 Member MahaRERA Presently since 2022",3294,2026-08-25 00:00:00.000 +0530,,,,,,,,,,,,,,,,,2124,
Jitendra Kumar Nanda,Jitendra Kumar,Nanda,https://www.linkedin.com/in/jitendra-kumar-nanda-a0921248,urn:li:member:167738409,jitendra-kumar-nanda-a0921248,Thane,Maharashtra,India,"Thane, Maharashtra, India","BALTA SA, Poland",Managing Partner (Trade),founders,member_urn,,,,,,,,,,All commodities for Steel & Power Value of Trade Desk - $1.0 Billion /Yr,1/2022,false,,false,"Have an experience of 35 yrs in Mining and Steel Industry and currently working as Managing Partner (Trade) – BALTA SA, Poland. Prior to joining BALTA, he was working as Chief Commercial Officer – Essar Mining and Metal Business Group looking after the complete commercial & procurement division. He has a vast experience in Mining /Steel and Power and Aluminium Industries. Have been a core team member for Essar Steel India Ltd and heading the procurement division for sourcing of Bulk Raw Materials for Pellet / Steel Complex. MSc.Tech in Applied Geology from Indian School of Mines, Dhanbad, Bihar and Ex-MBA from ITM Khargar, affiliated with Hamsphire University, US. and Doctorate in Management Studies from Indian Institute of Business Management & Studies, Mumbai. He is currently pursuing his International Executive MBA from SDA, Bocconi, Italy. An active member of World Steel Project Associate for IISI India 2020 Project by Ministry of Steel ( Govt of India) and currently an Associate member for World Steel Association – Raw Material Group. Recipient of National Award –Khare Award from Indian Institute of Mineral Beneficiation for best outstanding performance in the Mineral Eng & Safety Award for Chromite Mines. Have vast experience in the Mining & Steel industries and have been actively participating in various value engineering project and financial engineering in the current world market scenario. With his experience, he has turn around many projects into profitable center with his financial engineering in the real-world of working and management. Also a visiting faculty to management / Engineering Colleges in Mumbai sharing his industrial experience in the field of Supply Chain and FMCG marketing / segmentation /Positioning at extra times.",3371,2026-08-25 00:00:00.000 +0530,,,,,,,,,,,,,,,,,1571,
Karthik D Naveen,Karthik,D Naveen,https://www.linkedin.com/in/karthikdnaveen,urn:li:member:183756521,karthikdnaveen,Hyderabad,Telangana,India,"Hyderabad, Telangana, India",Professor Of Practice,Professor Of Practice,founders,member_urn,,,,,,,,,,,1/2023,true,,false,"Fourth Generation Entrepreneur working in the mining & metals industry. Diversified into other domains where 'Need gap' is extreme & Sustainable solutions can be developed or deployed. Committed to improve Water independence & decrease pollution. By the the time i breathe last, i would like to ensure two things : No 'Drinking water scarcity' & a Steep decrease in Crude oil Imports of India.",3372,2026-08-25 00:00:00.000 +0530,,,,,,,,,,,,,,,,,2320,
Dr. Deepti Singh,Dr. Deepti,Singh,https://www.linkedin.com/in/dr-deepti-singh-a04a9240a,urn:li:member:1752466468,dr-deepti-singh-a04a9240a,,,Pune/Pimpri-Chinchwad Area,Pune/Pimpri-Chinchwad Area,DEnerSphere Consulting LLP,Co-Founder,founders,member_urn,,,,,,,,,,,5/2026,false,,false,,3655,2026-08-25 00:00:00.000 +0530,,,,,,,,,,17,28,,,,,,1742,
Shri Narayan Agnihotri,Shri Narayan,Agnihotri,https://www.linkedin.com/in/shri-narayan-agnihotri-38a160205,urn:li:member:875267098,shri-narayan-agnihotri-38a160205,Kakori,Uttar Pradesh,India,"Kakori, Uttar Pradesh, India",GraphenEra Carbon Pvt. Ltd.,Founder & Director,founders,member_urn,,,,,,,,,,,2/2022,false,,false,,3656,2026-08-25 00:00:00.000 +0530,,,,,,,,,,17,28,,,,,,1905,
Sanjeev Mahatha,Sanjeev,Mahatha,https://www.linkedin.com/in/sanjeev-mahatha-3134ba360,urn:li:member:1506177087,sanjeev-mahatha-3134ba360,Guwahati,Assam,India,"Guwahati, Assam, India",German Motors,Managing Director,10+yoe_global,member_urn,,,,,,,,,,"Built Northeast India’s largest premium multi-brand Car workshop, servicing BMW, Mercedes, Audi, Range Rover, Toyota, and Tata vehicles. Developed 50+ member team across Sales, Service, Parts, Digital, and Finance functions with defined KPIs and governance structure. Established 36,000 sq. ft. modern Sales and workshop facility with OEM-grade tools and digital diagnostics infrastructure. On boarded 16+ vendors, 14 insurers, and 4 financial institutions for seamless service, re-financing, and insurance solutions. Drove customer acquisition via content strategies on YouTube, Instagram, and Facebook, generating 1M+ views and digital leads. Full P&L accountability across sales, after sales, body shop and marketing operations.",9/2020,true,https://media.licdn.com/dms/image/v2/D5603AQEI01QH-vl_ag/profile-displayphoto-scale_200_200/B56Zq6ItM8IsAY-/0/1764059437374?e=1788998400&v=beta&t=ERHw4Uvl3iswFXX7Ip0wZz6Qp_I8-ys3QmB8WL1bDPY,false,"""I am an IIT Dhanbad alumnus and a seasoned Automotive Business Leader with 25+ years of leadership experience in the Indian automotive industry, including a tenure as General Manager at Tata Motors Ltd.Adept at managing large P&L ownerships, spearheading regional operations (up to $0.5B), building regional dealer ecosystems, and leading digital-first customer experience models. Known for clear governance and operational turnarounds in both OEM and aftermarket domains.Successfully transitioned into entrepreneurship by establishing German Motors, Northeast India's largest premium multi-brand car workshop, servicing 6000+ clients within three yearsIndustry Expertise: Sales & Business Development, Dealer Network Management, CXO Account Engagement, P&L and Revenue Ownership, Workshop & Service Ops, Team Leadership & Retention",76,2026-08-25 00:00:00.000 +0530,,,,,,,,,,,,,,,,,1871,
Pradeep Kumar,Pradeep,Kumar,https://www.linkedin.com/in/pradeep64,urn:li:member:69449319,pradeep64,Ranchi,Jharkhand,India,"Ranchi, Jharkhand, India",CMPDI COAL INDIA LTD.,General Manager(Coordination),10+yoe_global,member_urn,,,,,,,,,,,11/2020,false,https://media.licdn.com/dms/image/v2/C4D03AQFVh_fXyfQ3ZA/profile-displayphoto-shrink_100_100/profile-displayphoto-shrink_100_100/0/1516865861370?e=1788998400&v=beta&t=ie-evFbjDfahkVHF7CtV5gAUmtN99_DrDGIiioO6Xos,false,"Experienced General Manager with a demonstrated history of working in the mining & consultancy industry. A Skilled Strategic Planner with an M.S./ Ph.D focused in Engineering from West Virginia University, USA.",295,2026-08-25 00:00:00.000 +0530,,,,,,,,,,,,,,,,,1679,
Shashi Bhushan Kumar,Shashi Bhushan,Kumar,https://www.linkedin.com/in/shahibhushankumar,urn:li:member:705736161,shahibhushankumar,Noida,Uttar Pradesh,India,"Noida, Uttar Pradesh, India",New Naturals Ltd,Ecommerce Consultant,10+yoe_global,member_urn,,,,,,,,,,"Leading the complete eCommerce operations for a Jersey (UK)-based company, managing a team of professionals across sales, customer support, compliance, and order management. Overseeing multichannel operations on Amazon UK & EU, eBay and Shopify ensuring listings, pricing, fulfillment, and customer experiences are optimized. Conducting sales analysis, inventory planning, and forecasting using Excel and driving informed decision-making. Managing product launches, promotions, and cross-border marketplace strategies, in collaboration with UK stakeholders. Ensuring account health across all platforms, resolving performance notifications, policy violations, and customer escalations. Coordinating daily with the Jersey Team for seamless execution of eCommerce campaigns, logistics coordination, and customer satisfaction metrics. Using technology and automation to streamline operations, reduce manual effort, and improve accuracy across order processing and customer handling. Played a key role in compliance resolution for Amazon and eBay accounts, reinstating ASINs and avoiding suspensions.",9/2023,false,https://media.licdn.com/dms/image/v2/D5603AQHlfDs-ZobpLw/profile-displayphoto-shrink_100_100/profile-displayphoto-shrink_100_100/0/1708874565914?e=1788998400&v=beta&t=0HDfd5MHlaL6vNoql-GGW9fUn9BnlPXW4QS7Uks9duc,false,"With over 15 years of experience, I specialize in leading eCommerce operations, business analytics, and technology-driven project management. Currently heading a 40+ member team for a UK-based eCommerce company, I manage operations across Amazon (UK, DE, FR, IT, ES), eBay, Real.de, Cdiscount, and more — driving sales, support, and compliance from India. Starting my career in software development has empowered me to bridge the gap between technical teams and business goals, enabling me to build scalable, efficient, and insight-driven eCommerce ecosystems. Key Strengths: Business Analysis & Coordination: Translating complex needs into actionable IT and marketplace strategies. Cross-Functional Leadership: Unifying development, QA, support, and logistics teams to meet global objectives. Marketplace Expertise: Hands-on experience in B2B/B2C platforms with a focus on sales optimization and customer satisfaction. Data-Driven Execution: Skilled in SQL, Power BI, Tableau, and Excel for building performance dashboards and sales insights. Global Project Management: Proven success managing cross-border teams and stakeholders across UK & EU markets. Platform Mastery: Deep knowledge of Amazon, Flipkart, Shopify, eBay, and other global platforms. Achievements: Led multiple full-cycle projects across marketplaces, delivering double-digit revenue growth. Launched and scaled multi-channel brands in Europe, driving significant visibility and conversions. Improved listing performance and UX through data insights and structured testing. Acted as a central operations bridge between India-based teams and UK management for 10+ years. My Mission: I thrive in high-paced environments where data, people, and platforms converge. My goal is to empower brands to scale faster and smarter through strategic eCommerce planning, intelligent use of analytics, and reliable team leadership.",334,2026-08-25 00:00:00.000 +0530,,,,,,,,,,,,,,,,,2207,
LUCERNA CONSULTANCY (Guiding Research with Expertise and Precision),LUCERNA CONSULTANCY,(Guiding Research with Expertise and Precision),https://www.linkedin.com/in/lucernaconsultancy,urn:li:member:835284048,lucernaconsultancy,New Delhi,Delhi,India,"New Delhi, Delhi, India",Self-employed,Consultant,10+yoe_global,member_urn,,,,,,,,,,,1/2020,false,https://media.licdn.com/dms/image/v2/C4D03AQGeVjN1PvdL5Q/profile-displayphoto-shrink_100_100/profile-displayphoto-shrink_100_100/0/1595792405201?e=1788998400&v=beta&t=NXW9e1F_NlQnx0fEFRKnQq2yu89CFwLZf_Ma6xwSFNY,false,"✅ Thesis writing support ✅ Research paper development ✅ Editing and formatting ✅ Plagiarism check and correction ✅ Subject-specific guidance ✅ Designing, Construction and Management ✅ Civil Engineering and Architectural Work",354,2026-08-25 00:00:00.000 +0530,,,,,,,,,,,,,,,,,2433,
Gopal Safi,Gopal,Safi,https://www.linkedin.com/in/gopal-safi-1226a24a,urn:li:member:174891050,gopal-safi-1226a24a,West Bengal,,India,"West Bengal, India",Gabont Infratech Private limited,Director,10+yoe_global,member_urn,,,,,,,,,,,7/2017,false,https://media.licdn.com/dms/image/v2/C5603AQG302EgQE9j2A/profile-displayphoto-shrink_100_100/profile-displayphoto-shrink_100_100/0/1517544941732?e=1788998400&v=beta&t=j78cli3yXLVbBs92FhFr5OVn0_9WwyWUUIIMQ2YPKfA,false,"A dynamic professional with 32 years of rich experience in Strategic Planning, Mining Operations and Production Planning. Adept at all prospects inclusive of mine planning, designing & development of production benches, haul roads, short term & Long term mine planning for required size, quality & quantity. Proficient in evolving cost reduction, production engineering techniques and creating a team work environment to enhance productivity innovatively for organizations. Hands on experience in handling charge of overall mining operations inclusive of 1200 TPD production from mines or group of mines and able to manage mines of any capacity. Well versed with all the statutory requirements as per Indian statutes. Effective interpersonal skills with strong analytical, problem solving & organizational abilities. Have knowledge to manage coal Handling Plant.",355,2026-08-25 00:00:00.000 +0530,,,,,,,,,,,,,,,,,1854,
CHANDRA SEKHAR,CHANDRA,SEKHAR,https://www.linkedin.com/in/chandra-sekhar-a1871875,urn:li:member:267530420,chandra-sekhar-a1871875,Mumbai,Maharashtra,India,"Mumbai, Maharashtra, India",JC Exploration Consultants,Director,10+yoe_global,member_urn,,,,,,,,,,,1/2017,false,https://media.licdn.com/dms/image/v2/C4E03AQGjDMB8kTHk1w/profile-displayphoto-shrink_100_100/profile-displayphoto-shrink_100_100/0/1516555462470?e=1788998400&v=beta&t=MXXQkRq8Eftf84Swm2dA0roUKDNM5Pfa98fjZ9lIK7s,false,"Well Experience of all geophysical methods for oil, gas and mineral exploration, 2D & 3D seismic data acquisition, processing & interpretation, Reservoir Characterisation, Hanlding of Production Sharing Contracts (experience of making bid evaluation criteria, bid evaluation, Award Process, Management of Production Sharing Contracts from Regulation Authority / Government side as well as Operator / Contractor side, preparation of Budgets, Scrutinisation/analysis of Accounts, discoveries, development plans of discoveries, oil field monitoring with requisite HSE following good Petroleum industry practices), Data room studies, Assessment of opportunity (including reserve estimate, cash flow model & calculation of IRR / Return on Investment, Profit Petroleum) & preparation of senior management appraisal reports, oil and gas value chain from exploration to production/ monetisation, planing of exploration & production activities, implementation, timely completion with professionally and effectively, Acquisition of oil & gas opportunities globally, Assessment of field / asset wise profit and loss and possible remedies, strategic planing of oil & gas business expansion Excellent global oil industry contacts which hope to help the company / corporate's wish of oil and gas business development Good amount of exposure and knowledge of all facits of oil and gas exploration and production, geological exploration, Gas based Power generation projects (initial planning to implementation), Gas to liquids / compact GTL project (initial planing include fuel sourcing, technology implementation, cash flow models, appraisal to senior management as well as bankers/financial institutions for funding purpose), project funding with requisite proposals Moderate and working knowledge of reservoir monitoring and implementation reservoir technologies",356,2026-08-25 00:00:00.000 +0530,,,,,,,,,,,,,,,,,2039,
Shashwat A,Shashwat,A,https://www.linkedin.com/in/shashwat-a-9b178153,urn:li:member:190027861,shashwat-a-9b178153,Lucknow,Uttar Pradesh,India,"Lucknow, Uttar Pradesh, India",Freelance,Consultant- Reliability & Asset Management,10+yoe_global,member_urn,,,,,,,,,,"Oil & Gas Sector: Reliability and Maintenance, Asset Management, GE APM (Meridium), Performance Measurement, Digital Transformation, ASQ CRE,",2/2025,false,https://media.licdn.com/dms/image/v2/D4D03AQF0JQ8qatpZWw/profile-displayphoto-shrink_400_400/B4DZO071q8HcAg-/0/1733907406442?e=1788998400&v=beta&t=pJuJSLDRDdKsLiDIlQU-dBrqBB8gVZINUJGL53nb9n8,false,"22 years of experience in Refinery and Petrochemical sector in the field of Reliability and Maintenance, Asset Performance Management and Asset management. APM (GE /Meridium) specialist for PLA module/ RCM/ FMEA / ASM.",359,2026-08-25 00:00:00.000 +0530,,,,,,,,,,,,,,,,,1840,
Surinder Handu,Surinder,Handu,https://www.linkedin.com/in/surinder-handu-5478419b,urn:li:member:357408199,surinder-handu-5478419b,Gurgaon,Haryana,India,"Gurgaon, Haryana, India",People’s Action for Rural Development (PARD),Executive Director and Chief Project Coordinator,10+yoe_global,member_urn,,,,,,,,,,Water shed & Disaster Management.,,false,https://media.licdn.com/dms/image/v2/C4E03AQHFjMOlQW1XAA/profile-displayphoto-shrink_100_100/profile-displayphoto-shrink_100_100/0/1516982189121?e=1788998400&v=beta&t=L5KlEXnXRrkQQjF-s_KA-tBIpGqVO0i-AkeaswWdylg,false,"Exploration Geophysicist with an experience of more than 35 years for prospecting of under ground resources like Oil & Gas, Minerals and Ground Water, with an experience in project planning, management and evaluations. Geophysical Resistivity Surveys, Electrical, Gamma Ray, and Spectral well Logging. Water Shed and Disaster Management, Source Filing, waste land reclamation.",360,2026-08-25 00:00:00.000 +0530,,,,,,,,,,,,,,,,,2282,
charan Singh,charan,Singh,https://www.linkedin.com/in/charan-singh-b9568343,urn:li:member:153950945,charan-singh-b9568343,Nagpur,Maharashtra,India,"Nagpur, Maharashtra, India",Indonesia,Director Of Operations,10+yoe_global,member_urn,,,,,,,,,,,6/2018,false,https://media.licdn.com/dms/image/v2/D4D03AQEbed2pEk2ycA/profile-displayphoto-shrink_800_800/B4DZcVjkf8GwAg-/0/1748413336559?e=1788998400&v=beta&t=z3hAjIjFlfJAi5qgflPggeaeYjhyVoyLXSRc32Vmr7I,false,"Mining Engineer with 36+years experience in different capacities as Manager, Project Officer, General manager, in coal India &Director of Operations in Indonesia. Graduated from Indian School of Mines/IIT Dhanbad in Mining Engineering and holding First Class Certificate of competency to manage a coalmine. I have record-breaking experience in starting greenfield mines, achieving the highest ever production of the mine area, turning around mine from loss to profit, land accusations in record time, and corporate responsibility with the satisfaction of local community. I have Experiences in working with a dragline, in-pit crushing and conveying systems , opened green field mines ,port coal handling Received various awards in India and Indonesia. Awarded Best General Manager, best Project officer, and best manager received a bravery award for saving the life of five coal miners. Awarded best executive by the Indonesian Government. Detailed acheivement has been highlighted in my profile.",365,2026-08-25 00:00:00.000 +0530,,,,,,,,,,,,,,,,,2001,
Shubh Consultancy,Shubh,Consultancy,https://www.linkedin.com/in/shubh-consultancy-198394102,urn:li:member:436893956,shubh-consultancy-198394102,,,Greater Bhopal Area,Greater Bhopal Area,shubh consultancy & services pvt ltd,Director,10+yoe_global,member_urn,,,,,,,,,,"www.shubhsolutions.org is the web site to provide the technical and managerial services to industries- project , planning , safety and operations, logistic support for coal transportation, environmental and forestry clearances, making available skilled manpower.",7/2015,false,https://media.licdn.com/dms/image/v2/C5603AQGdT7wrA1WYAg/profile-displayphoto-shrink_100_100/profile-displayphoto-shrink_100_100/0/1517038253777?e=1788998400&v=beta&t=IFrl-33wls2MgLYfx8Pi1BoiOG2Wr5xtXnnN2aJjM14,false,"We are the consultancy service provider for 1. Geological & Project Report preparation for coal mining - underground & open cast mine. 2. Technical draft report on Project capacity enhancement in mining sector. 3. Project closure report as per Central Government statutory guidelines. 4. Forest Clarence from MOEF as per FC Act 1980. 5. Environmental clearances for Projects from MOEF as per relevant Act, rules & regulations. 6. Land Acquisition/Award as per Act. 7. Human Resource Management/Solution, Staffing, Organizing, Recruitment & Placements. 8. Training & Skill Development as per Industries Requirement. 9. Working & Related permissions from DGMS & CCO 10. I.T. enabling solutions",403,2026-08-25 00:00:00.000 +0530,,,,,,,,,,,,,,,,,2457,
Prabuddha Jain,Prabuddha,Jain,https://www.linkedin.com/in/prabuddha-jain-29343552,urn:li:member:186197583,prabuddha-jain-29343552,Ahmedabad,Gujarat,India,"Ahmedabad, Gujarat, India",Self-employed,Consultant,10+yoe_global,member_urn,,,,,,,,,,"Reservoir Engineering: Field Development, Reservoir Modelling and Simulation, Well & Reservoir Management, Reservoir Characterization using Tracers, Enhanced Oil Recovery, Reserves Estimation and Evaluation of opportunities for acquisition Production Chemistry: Chemical Problems in Petroleum Production & Water Management. Financial Analysis and Risk Assessment: Financial Modelling, Risk Assessment & Uncertainty analysis and Projects Management",10/2016,false,https://media.licdn.com/dms/image/v2/C5103AQGtjRp-qGqXNg/profile-displayphoto-shrink_100_100/profile-displayphoto-shrink_100_100/0/1516583376220?e=1788998400&v=beta&t=TZB52re4ILaALoIYIhXfg2eI4DfF69z9WFbq9vxZ1uc,false,"Reservoir Engineer with far too many years of experience in India, Oman & Malaysia with expertise & skill in: Field Development, Reservoir Simulation and Modeling - Matured Fields: Dulang, Tapis, Yibal, Bombay High, Heera and Panna - New & Marginal Oil & Gas Fields: B&C Series, Vasai East, SB-11, Dholka & Motwan Well & Reservoir Management (Bombay High, Heera, Yibal and Al Huwaisah fields) Identify and Manage Key Uncertainties (Angsi, Panna, Yibal and Bombay High) Reserves Estimation (Yibal, Al Huwaisah & Indian Western Offshore exploration discoveries) Asset Valuation for acquisition Reservoir Characterization using Inter well and Single well tracer tests, Interference/Pulse tests and Special core analysis ( EOR projects for Ankleshvar, Sanand, Jhalora and Gandhar; Water Injection in Bombay High, Heera, Neelam, Gandhar, Yibal and Panna; Served on Several IAEA Expert Missions) EOR Process design, Implementation and Monitoring (Sanand, Jhalora, Ankleshvar, Tapis and Angsi) Water Management, Scale prediction and control, Paraffin inhibition and Geochemical analysis (Nawagam, Kalol, Balol and Santhal; Bombay High, Heera and Panna field) Proficient in using industry software (Reservoir Simulation:E-100, E-300; MoRes; CMG STAR Well testing:Kappa and Pan System; IPM; FORGAS; OFM; PETREL; Win Glue (Gas lift design); PLATO; PEEP; Volts) Proficiency in C, C++, FORTRAN, Sun Solaris system Intrapreneur, Confident leader, Outcome focused and Mentor/Coach.",404,2026-08-25 00:00:00.000 +0530,,,,,,,,,,,,,,,,,2433,
Krishna Kant Verma,Krishna Kant,Verma,https://www.linkedin.com/in/krishna-kant-verma-099101282,urn:li:member:1152840501,krishna-kant-verma-099101282,Varanasi,Uttar Pradesh,India,"Varanasi, Uttar Pradesh, India",Wisdom educare,Mathematics Teacher,6-10yoe_global_indian,member_urn,,,,,,,,,,,7/2023,false,https://media.licdn.com/dms/image/v2/D5603AQHcBl1tZ4iDRA/profile-displayphoto-shrink_100_100/profile-displayphoto-shrink_100_100/0/1688613210311?e=1788998400&v=beta&t=tyGwb39GJ2Q5NjmrJCq6PhIFWdU73hRCl1uDcDLyn6o,false,"Done my Msc(mathematics) from IIT(ISM) DHANBAD. Qualified CSIR NET EXAM with a AIR 81 and GATE EXAM. Dedicated and dynamic Mathematics teacher with 4 year+ experience educating to IIT JAM Students & CSIR NET Students. Adept in creative lesson planning,Motivational educator with exceptional communication, analytical and multitasking skill.",406,2026-08-25 00:00:00.000 +0530,,,,,,,,,,,,,,,,,2669,
Akshay Pratap Singh,Akshay,Pratap Singh,https://www.linkedin.com/in/akshayps26,urn:li:member:872293444,akshayps26,Gurugram,Haryana,India,"Gurugram, Haryana, India",American Express,Sr Analyst-Product Management,founders,member_urn,"At American Express, we know that with the right backing, people and businesses have the power to progress in incredible ways. Whether we’re supporting our customers’ financial confidence to move ahead, taking commerce to new heights, or encouraging people to explore the world, our colleagues are constantly striving to uphold our powerful backing promise to our customers and each other every day. These beliefs have been our North Star for 170 years as our business transformed – from helping evacuate travelers during World Wars, to ensuring the safety of our customers’ funds during the Great Depression in the U.S., to creating the Shop Small® movement to help small businesses recover from the Financial Crisis, to providing aid to communities impacted by many natural disasters and so much more. For generations, the key to our success has been the determination and resilience of our American Express colleagues. Now, as a globally integrated payments company, we work together to provide customers with access to products, insights and world-class experiences that enrich lives and build business success. Join us and let’s lead the way together. Learn more about us at: https://www.americanexpress.com/careers https://www.americanexpress.com/ https://www.facebook.com/AmericanExpressUS https://www.instagram.com/americanexpress/ https://twitter.com/americanexpress https://www.youtube.com/user/AmericanExpress See our community guidelines at: https://www.americanexpress.com/en-us/company/community-guidelines/ If you have a customer service issue or question, please visit www.americanexpress.com/contactus",98464,,Financial Services,1277,https://www.linkedin.com/company/american-express,"New York, New York, United States","Financial Services, Business Travel, Corporate Card, Network Services, and Merchants Services",https://www.americanexpress.com/,Product Management - GCS AI&M Enablement. Working on advanced targeting capabilities and GenAI use cases.,8/2026,false,,true,"With a focus on product management and a knack for analytics, my journey includes steering the development of innovative generative AI products and architecting data-driven solutions. I'm dedicated to leveraging insights for successful product outcomes. I thrive at the intersection of technology and strategy, bringing a data-driven approach to product development.",1542,2026-08-25 00:00:00.000 +0530,,,,,,,,,,,,,,,,,396,
chinappan shanmugam,chinappan,shanmugam,https://www.linkedin.com/in/chinappan-shanmugam-733635a1,urn:li:member:362868951,chinappan-shanmugam-733635a1,,,India,India,Orient Abrasive Ltd,General Manager Mines,10+yoe_global,member_urn,,,,,,,,,,Presently Heading group of Bauxite Mines of M/s Orient Abrasive Ltd. Specifically to obtain Environoment Clearnaces for Production Enhancement along with the Statutory and Technical compliance of Bauxite Mines.,1/2014,false,https://media.licdn.com/dms/image/v2/C4E03AQHnTFwe1N2w_Q/profile-displayphoto-shrink_100_100/profile-displayphoto-shrink_100_100/0/1517044186277?e=1788998400&v=beta&t=VtbApf0wSyxRpq0cdMH0AwfSreFQ3suxROf0IbgpV_Y,false,"Born to Gold Mine worker, who Migrated from Tamilnadu (Pondicherry) and born, brought up in Kolar Gold Field( called Mini England), Kolar District, Karnataka State. KGF was a city of Gold and British establihement opertaing one of deepest underground mine in the world. Graduated as Mining Engineer and worked in various capacity of Miining Engineer in chromite sector, AGM(production) in Granite Sector( notrious bandit veerapan area), DGM(Production) in corporate office at Bangalore, and then As GM(production) in Bellary, Iron ore Sector of Mysore Minerals Ltd. Granite Sector of chamarajnagar district , Chromite Sector of Hassan district, Iron ore Sector of Bellary District and the Technical wing of Mysore Minerals Ltd in Karnataka State. Great Experience of complying to Central Empowered Committe of Honorable Supreme Court appointed for mining matter of Iron ore mines in Bellary. and olso for other state regulatory agencies. Reclamation and Rehabilitation Plan preparation/completion of 4 Major Iron ore Mines. Good exposure of working with JV companies like JSW, Hospet steels, Kalyani/Mukund steels, GTP, K-Mark, etc., Project execution from inception/conceptual of Recycling of Quarry Waste with Rural Women Empowerment. Land Acquisition process Presently working as GM-Mines in Buaxite Mining Division of Orient Abrasive Ltd, Gujarat, mainly looking after the Mine Project Environment Clearance at State and Central Level. Obtained 4 TOR including 2 TOR amendments, 2 EC clearnces and 3 EC recomended.",407,2026-08-25 00:00:00.000 +0530,,,,,,,,,,,,,,,,,2266,
S N Katiyar,S N,Katiyar,https://www.linkedin.com/in/s-n-katiyar-05bb5117,urn:li:member:59576327,s-n-katiyar-05bb5117,Nagpur,Maharashtra,India,"Nagpur, Maharashtra, India",Kratin Solutions Pvt. Ltd.,President & CEO,10+yoe_global,member_urn,,,,,,,,,,,5/2008,false,https://media.licdn.com/dms/image/v2/C4D03AQEOtzlRPN5K9Q/profile-displayphoto-shrink_100_100/profile-displayphoto-shrink_100_100/0/1516772192763?e=1788998400&v=beta&t=2fs1jjaeCRo_IOx_tB4RlSSFO1ftaXavtvCX7ZyMZ9Y,false,"S N Katiyar is passionate about mining and has committed around 39 years for improving the efficiency of Indian mines by implementing innovative and creative solutions. He has a right blend of technical, management and leadership skills to build best-in-class teams and lead them towards achievement of their goals, even under challenging conditions. He has turned around many loss making mines to profit by process reengineering of operational processes using latest technologies, rationalization of man power and implementing other various cost control measures. He worked in different capacities starting from initial stage of Under Manager to Director Technical of BCCL. His services for serving the industry for than 35 years as an active rescue trained person were recognized by All India Mines Rescue Competition Committee. He is a registered competent person to prepare mining plan for Coal / Lignite block from Ministry of Coal, India. He was President of Coal Mines Officers Association of India (CMOAI), APEX (CIL and Singareni Coal Companies Ltd.) from 2002 to 2006. He represented CMOAI in Standing Committee on safety in Mines, under Ministry of Coal from 2001 to 2006 and in Joint Consultative Committee APEX, CIL from 2003 to 2006. He was the first to introduce Continuous Miner in Indian Mines for mechanized depillaring and also has experience of Long Wall mining. He has formulated method to work 22m thick (fiery and already developed in three sections by Underground) coal seam by opencast, extracted 7.6m thick coal seam by cable bolting with Remote controlled SDL and also introduced system on underpinning in the parting between two contiguous seams for increasing Rock Mass Rating of the strata from 25 to 50. He was instrumental in formulation of Jharia Action Plan (Rehabilitation plan for fire affected area in Jharia Coal fields) Specialties: Mine planning, design and managing the operations of various Underground and Opencast mines of both private and public sector.",411,2026-08-25 00:00:00.000 +0530,,,,,,,,,,,,,,,,,2080,
Sandeep Mitra,Sandeep,Mitra,https://www.linkedin.com/in/sandeep-mitra-7a6414162,urn:li:member:651968622,sandeep-mitra-7a6414162,Kolkata,West Bengal,India,"Kolkata, West Bengal, India",Ayurloka Lanka Private Limited,Managing Director,6-10yoe_global_indian,member_urn,,,,,,,,,,,2/2018,false,https://media.licdn.com/dms/image/v2/C5103AQFzirs2tiZagQ/profile-displayphoto-shrink_100_100/profile-displayphoto-shrink_100_100/0/1523998554897?e=1788998400&v=beta&t=kJQ-d1XeB31_3pnm6I6z1AKW9amUfjfdYmvBnDzxuFs,false,,412,2026-08-25 00:00:00.000 +0530,,,,,,,,,,,,,,,,,1566,
uday kiran jatroth,uday kiran,jatroth,https://www.linkedin.com/in/uday-kiran-jatroth-095907199,urn:li:member:781593521,uday-kiran-jatroth-095907199,Hyderabad,Telangana,India,"Hyderabad, Telangana, India",Student,Student,6-10yoe_global_indian,member_urn,,,,,,,,,,,7/2017,false,https://media.licdn.com/dms/image/v2/C5103AQGdbiAf524PPA/profile-displayphoto-shrink_100_100/profile-displayphoto-shrink_100_100/0/1576126093795?e=1788998400&v=beta&t=VFSFK1FLbVp5CKoYUT1Upl13xjUEQyWQWKGv6nBrX4I,false,"I'm physically strong because I have good achievements in sports like kabaddi,athletic, volleyball etc.",416,2026-08-25 00:00:00.000 +0530,,,,,,,,,,,,,,,,,2529,
S M ASIF IQBAL,S M ASIF,IQBAL,https://www.linkedin.com/in/s-m-asif-iqbal-647689177,urn:li:member:703381591,s-m-asif-iqbal-647689177,Dhanbad,Jharkhand,India,"Dhanbad, Jharkhand, India",Hash Education Learning Program - HELP,Online Tutor,6-10yoe_global_indian,member_urn,,,,,3265940,,,,,,4/2017,false,https://media.licdn.com/dms/image/v2/C4E03AQHLYk24hts3PQ/profile-displayphoto-shrink_100_100/profile-displayphoto-shrink_100_100/0/1612119068632?e=1788998400&v=beta&t=G2MhWMPlXe006FmAc8GEq_IRZNdPEAG3VaxGMVPYb6E,false,"Experienced Online Tutor skilled in AutoCAD, Microsoft Excel, SolidWorks, Microsoft Office, and English. Strong education professional with a Bachelor of Technology - BTech focused in Mechanical Engineering from Indian Institute of Technology (Indian School of Mines), Dhanbad. skilled in Engineering drawing, industrial engineering ,computer literacy ,manufacturing process system ,DBMS",417,2026-08-25 00:00:00.000 +0530,,,,,,,,,,,,,,,,,1927,
Sonam Sharma,Sonam,Sharma,https://www.linkedin.com/in/sonam-sharma-35b480219,urn:li:member:923830775,sonam-sharma-35b480219,Pune Division,Maharashtra,India,"Pune Division, Maharashtra, India",Self-employed,Marketing Intern,6-10yoe_global_indian,member_urn,,,,,,,,,,,7/2020,false,https://media.licdn.com/dms/image/v2/C5603AQHYGvLPgX_8YQ/profile-displayphoto-shrink_100_100/profile-displayphoto-shrink_100_100/0/1628102759807?e=1788998400&v=beta&t=41I209z_gmO2nIEmMcsNkVNFvlb5ab93yddQbghQ4UA,false,"I am self motivated,good learner and tremendous enthusiasm in doing new things.",419,2026-08-25 00:00:00.000 +0530,,,,,,,,,,,,,,,,,2433,
Indrajit Dutta,Indrajit,Dutta,https://www.linkedin.com/in/indrajit-dutta-8ba5a5a3,urn:li:member:368737486,indrajit-dutta-8ba5a5a3,Kolkata,West Bengal,India,"Kolkata, West Bengal, India",Self-employed,Petrophysicist,10+yoe_global,member_urn,,,,,,,,,,,7/2016,false,https://media.licdn.com/dms/image/v2/C5103AQGgycFgW3zG4g/profile-displayphoto-shrink_100_100/profile-displayphoto-shrink_100_100/0/1543068975910?e=1788998400&v=beta&t=0h0Tob2sIR9av7yOCi-hSetPN-QQ3RctHu9vkZoWHgg,false,"Summary of Skills : Prepare cost effective Well Logging program for exploratory and development well. Log Quality check , Quick- Look interpretation for oil and gas reservoir and manage log data in database. Handle logging contract, Log quality check at site, Checking of payment invoices, verify time norm sheet, appropriate payment to the service provider and conduct review meeting to improve service quality. Interpretation and Processing of open hole log using ELan Plus (GeoFrame) and Interactive Petrophysics(IP). Generate crossplots for parameter fixing. Integrate mud-log data, core and testing information to validate log analysis. Identify Hydrocarbon bearing zones, decide best testing interval for testing. Analysis of sick well and plan for Production Log to be run, monitor production logging, diagnose well problem to improve oil and gas production. Run Cement evaluation log and ensure zone isolation and recommend point for cement squeeze. Decide RFT/MDT depth for collection of pressure data and fluid samples. Monitor MDT/RFT operation. Evaluate fluid type and fluid contact. Use pressure and sample data in integrated studies. Conventional core analysis in laboratory – Cleaning of core, measure porosity, Permeability, Grain Density etc. Special core analysis – Relative Permeability, Capillary Pressure and logging parameter such as a, m and n. Managed Exploration Blocks and Producing fields on Production Sharing Contract. Evaluate proposal like Field Appraisal, Commerciality and Development Plan and monitored activity of the Blocks. Taken part in deep water expedition for Gas Hydrate Drilling (NGHP-I). Recorded open and cased hole logs in onland areas. Maintained logging Unit and tools. Managed Routine calibration of tools and equipments. Mobilize equipments and tools in remote locations with challenging logistics.",420,2026-08-25 00:00:00.000 +0530,,,,,,,,,,,,,,,,,2433,
Sachin Sharma,Sachin,Sharma,https://www.linkedin.com/in/sachin-sharma-541b3616,urn:li:member:56558209,sachin-sharma-541b3616,Rewari,Haryana,India,"Rewari, Haryana, India",Scale Career Institute,Managing Director,10+yoe_global,member_urn,,,,,,,,,,,12/2017,false,https://media.licdn.com/dms/image/v2/C4D03AQEasaeAItnEZw/profile-displayphoto-shrink_100_100/profile-displayphoto-shrink_100_100/0/1516615948251?e=1788998400&v=beta&t=6hwLXOuGc3Z5Vc8CNkSAERowpygdOv4T_T7mJeSgGNE,false,"1. Competant software professional with an in-depth experience of 3 years in product development. 2. Have the complete ownership of Tethering Module for tizen platform. 3. Hands on experience on Wi-Fi direct and Application service platform(ASP), which provides all the service needed to develop an application on a single chip. 4. Have a robust programming experience in C/C++ with a strong knowledge of data structures and algorithms. 5. Have gone through all the phases of software development life cycle twice. 6. Academically among top 10 students and have been awarded on numerous ocassion for exceptional extra curriular activities during graduation. Technical Skills -- C/C++, Data Structure, Algorithms, Linux, IPC",422,2026-08-25 00:00:00.000 +0530,,,,,,,,,,,,,,,,,2420,
"Paul Emmanuel - CRE, CMRP",Paul,"Emmanuel - CRE, CMRP",https://www.linkedin.com/in/paulemmanuel26,urn:li:member:22010279,paulemmanuel26,Pune,Maharashtra,India,"Pune, Maharashtra, India",Freelanced,"Shutdown, Turnaround & Outage Management (SME)",10+yoe_global,member_urn,,,,,,,,,,"I support companies who are planning to execute Major STO activities within Oil and Gas Industry, who have production and manufacturing activities in the Up-Stream, Mid-Stream & Down-Stream sectors. Assignments include Administration, Planning and Execution i.e. Planning, Pre-Shutdown, Shutdown and Post-Shutdown, Verifying Work Packs and Conducting Pre-STO Scope Challenges, Establishing STO Risk Matrix, Establishing SIMOPS and HAZOP activities. Well versed in ExxonMobil's SDMS. Recently completed project values are US$ 08MM on the lower end to US$ 15MM on the higher end.",1/2016,false,https://media.licdn.com/dms/image/v2/C5103AQGtyOyKlAdVGg/profile-displayphoto-shrink_100_100/profile-displayphoto-shrink_100_100/0/1521521889745?e=1788998400&v=beta&t=aTuG5NLHCrwKITiCvW9d5JHwKx0CuHWs2Pbn8vOBed0,false,"Driving Operational Reliability and Production Availability. Basically, I am energetic and enthusiastic about working in challenging assignments and work locations. Sincerely enjoy the leadership aspect of my assignments. My overall objectives are to meet/exceed primary work goals that have been set, while actively mentoring my team members and providing them with consistent coaching and development along the way. My expertize lie in the following domains: STO’s (Shutdowns, Turnarounds & Outages) Reliability Opportunity Identification (ROI) Defect Elimination Root Cause Analysis Reliability Availability & Maintainability (RAM) Driving Change Management Reliability Centered Maintenance (RCM) Risk Identification, Mitigation & HAZOP Failure Modes & Effects Analysis (FMEA) Life Cycle Cost Analysis Quality Assurance & Quality Control Project Management Operations & Maintenance Problem Solving Team Development Enterprise Reliability Management Systems (ERMS) Turnaround & Inspection Management PWIMS  A degree qualification in engineering and management based discipline  Demonstrated leadership and supervision of both, Supervisory and Tradesmen teams  Strong networking and relationship building skills, with a focus on collaboration and influencing  Demonstrated coaching and facilitation skills  Understanding of and the ability to apply contemporary and innovative practices  Ability to manage competing demands and stakeholders  Customer focused, team oriented, accountable and results driven performances  Able to adapt to workplace change, to learn quickly and to put new skills and knowledge to use  A strong understanding of Safe Operations and Safe Behavior Fundamentals, which I cultivate and instill in all my team members",423,2026-08-25 00:00:00.000 +0530,,,,,,,,,,,,,,,,,1845,
Rajiv Mukherjee,Rajiv,Mukherjee,https://www.linkedin.com/in/rajiv-mukherjee-369ab219,urn:li:member:65426049,rajiv-mukherjee-369ab219,Kolkata,West Bengal,India,"Kolkata, West Bengal, India",Bazoki,Category Manager,10+yoe_global,member_urn,,,,,13762058,,,,,,3/2017,false,https://media.licdn.com/dms/image/v2/C4D03AQH_HctWLtp42g/profile-displayphoto-shrink_100_100/profile-displayphoto-shrink_100_100/0/1516823914158?e=1788998400&v=beta&t=sdUuCSq8vRlc2KSyMgyuA58mJUz4AwgtNYa31cz7OM4,false,"Taking up professionally challenging business-critical roles, adding value to the employer’s business initiatives and aspirations and ensuring consistent enterprise growth and consolidation through innovativeness, performance and integrity",424,2026-08-25 00:00:00.000 +0530,,,,,,,,,,,,,,,,,1578,
SUNIL KUMAR SINHA,SUNIL KUMAR,SINHA,https://www.linkedin.com/in/sunil-kumar-sinha-35897336,urn:li:member:127801652,sunil-kumar-sinha-35897336,Madhya Pradesh,,India,"Madhya Pradesh, India",Retired,"Retired from Coal India Ltd (Government Of India Undertaking), Largest producer of Coal in the world",10+yoe_global,member_urn,,,,,,,,,,,10/2012,false,https://media.licdn.com/dms/image/v2/C5603AQGU2FimA1xmdA/profile-displayphoto-shrink_100_100/profile-displayphoto-shrink_100_100/0/1516641702884?e=1788998400&v=beta&t=E9jxmOZ78BWvMV22q-x9a5VAEkPidof-XN3GFL_zPKQ,false,"Worked as Colliery Engineer in coal mines of BCCL, Dhanbad, A Subsidiary of Coal India Ltd, for approx 3 yrs. Then shifted to IT Dept and implemented ERP solution at NCL, Singrauli covering all major functions i.e., Finance, Materials, Maintenance, Sales & Production. Implemented GPS based Truck Dispatch system at NCL",425,2026-08-25 00:00:00.000 +0530,,,,,,,,,,,,,,,,,2364,
Balvant meena,Balvant,meena,https://www.linkedin.com/in/balvant-meena-102481a7,urn:li:member:380383058,balvant-meena-102481a7,Kota,Rajasthan,India,"Kota, Rajasthan, India",unemployed- Looking for a job,job seeker,6-10yoe_global_indian,member_urn,,,,,,,,,,,7/2017,false,https://media.licdn.com/dms/image/v2/C4E03AQHEoLh7-7b1-g/profile-displayphoto-shrink_100_100/profile-displayphoto-shrink_100_100/0/1517465331783?e=1788998400&v=beta&t=b8_kOfV04moY3NOe2zNQFBXHmD085F-SrIXGs-hLXpI,false,Graduated from IIT-ISM Dhanbad in Petroleum engineering,426,2026-08-25 00:00:00.000 +0530,,,,,,,,,,,,,,,,,2615,
Anil Kumar Shrivastava,Anil Kumar,Shrivastava,https://www.linkedin.com/in/anil-kumar-shrivastava-a6624417,urn:li:member:57322734,anil-kumar-shrivastava-a6624417,Nagpur,Maharashtra,India,"Nagpur, Maharashtra, India",Self-employed,Self Employed,10+yoe_global,member_urn,,,,,,,,,,,9/2016,false,https://media.licdn.com/dms/image/v2/C4D03AQGD106ON6REdA/profile-displayphoto-shrink_100_100/profile-displayphoto-shrink_100_100/0/1516623376282?e=1788998400&v=beta&t=UYP1vfOZsGraIqS8BbGIyms0ODlkWoNU884NGvB3ZLk,false,"An Indian enterprising Mining Engineer with over 32 year experience of heading business/vertical across industries, improving performance, profitability, client/customer satisfaction, expansion, positioning. Proven track record of establishing new product, business in adverse and hostile situations delivering committed margin & contribution, EBIDTA ,top & bottom lines. Team leader consistently achieving strategic targets and objectives from conceptualization to mid and long-term. ________________________________________ Production, Marketing & sales, Consultancy & Contract , Logistics & Channel distribution , Business Development, Project Management ,Operations , Financial controls, matching organizational resources with corporate objectives , other senior management roles and responsibilities. ________________________________________ B. Tech. (Mining) – First class with distinction from I.I.T.Dhanbad (formerly known as ISM), 1984. ________________________________________",436,2026-08-25 00:00:00.000 +0530,,,,,,,,,,,,,,,,,2433,
PS Upadhyaya,PS,Upadhyaya,https://www.linkedin.com/in/ps-upadhyaya-21228175,urn:li:member:266418158,ps-upadhyaya-21228175,Gurgaon,Haryana,India,"Gurgaon, Haryana, India",Self-employed,Semi Retired,10+yoe_global,member_urn,,,,,,,,,,,1/2024,false,https://media.licdn.com/dms/image/v2/C4E03AQFG-5IkzuNyKA/profile-displayphoto-shrink_100_100/profile-displayphoto-shrink_100_100/0/1516545280765?e=1788998400&v=beta&t=UClcvPUQuWohFYuNH_DoY4Fc5rLxoyrwJyToiws0-zg,false,"Visionary Mining Leader | Driving Innovation, Ethics & Growth in India and Beyond I am a visionary leader and catalyst for change with over four decades of experience shaping the mining industry in India and overseas. My career spans senior leadership and board-level roles, with proven expertise in: - Mine Planning, Engineering & Operations - Project Management & Statutory Compliance - Strategic Leadership & Advisory Roles I have successfully led multi-mineral and coal mining projects from exploration to production, building collaborative relationships with ministries, government bodies, and private stakeholders to ensure smooth approvals and execution. Recognized for my technical expertise, problem-solving skills, and people-first leadership, I have delivered complex projects in challenging environments while ensuring operational excellence, safety, and community trust. Career Highlights -- Introduced state-of-the-art paste technology to India while at Golder Associates; led construction and commissioning of two paste plants. -- Founded and scaled a mining organization as Managing Director, KSK Mineral Resources Ltd — from statutory clearances and land acquisition to commissioning and production. -- Fast-tracked lignite mine production in a record two years; advanced a coal mine to near-production stage. -- As Director – Technical, NMDC, spearheaded two major iron ore projects from concept to construction. -- Achieved record production and dispatch at Bailadila Deposit 5 and 10/11A (2002–2005). -- Delivered a major bauxite mining and refinery expansion project for a PSU client as EIL Project Manager (1998–2002). Today, I continue to lend my expertise to Indian and global mining organizations in operational, consulting, and advisory capacities — with a firm belief that mining’s future lies in innovation, sustainability, and respect for local communities.",437,2026-08-25 00:00:00.000 +0530,,,,,,,,,,,,,,,,,2433,
Subrata Chakravarty,Subrata,Chakravarty,https://www.linkedin.com/in/subrata-chakravarty,urn:li:member:185038208,subrata-chakravarty,Kolkata,West Bengal,India,"Kolkata, West Bengal, India",Self-employed,Advisory Consultant,10+yoe_global,member_urn,,,,,,,,,,,4/2018,true,https://media.licdn.com/dms/image/v2/C5103AQHcIe7e9lw5Og/profile-displayphoto-shrink_800_800-alternative/profile-displayphoto-shrink_800_800-alternative/0/1528416522283?e=1788998400&v=beta&t=W83etXMI_gmv8NwpMUTdO0C_nMBE1C1__ONUxpo1_KY,false,"Experienced coal industry leader with over 40 years in senior roles, including CMD and Director Technical at Eastern Coalfields Ltd. Specialising in transforming loss-making entities, introducing advanced mining technologies, and improving operational efficiency in both underground and opencast mining. I’ve successfully driven profitability, productivity, and safety in mining operations. At ECL, I led the company from financial distress to profitability, securing its first-ever 'Excellent' MOU rating in FY 2013, sustained throughout my tenure. I pioneered the introduction of continuous miners and longwall mining technology, boosting productivity and ensuring long-term sustainability by expanding opencast mining capacities. My expertise in crisis management included the reopening of mines affected by fires, balancing safety and continuity. As Chief General Manager at Northern Coalfields Ltd. (NCL), I oversaw a large opencast mine, deploying advanced equipment and improving operational output. At Bharat Coking Coal Ltd. (BCCL), I played a pivotal role in turning the company profitable for the first time in 2006, implementing successful revival strategies. Earlier, I worked at Coal India Ltd. (CIL) as Chief GM and Technical Secretary to the Chairman, coordinating strategic initiatives with government ministries and international partners. With a deep focus on integrating global best practices, I have visited facilities across the USA, Germany, Switzerland, Russia, China, and Canada. This international exposure has helped bring advanced technologies into Indian mining operations, positioning companies like ECL at the forefront of innovation. Career Milestones: ECL - CMD & Director Technical (2009–2018), NCL - Chief GM (2008–2009), CIL - Chief GM & Technical Secretary (2006–2008), BCCL - GM & Superintendent of Mines (2001–2006), CCL - Various Roles (1979–2001). Education: B.Tech (Mining Engineering), IIT(ISM); MCA, BIT Mesra. Scholarships: William Selkirk(1984) and Haarlem E-West(1989), Imperial College London (unavailed). Awards: Energy Administrator of the Year, Association of Energy Engineers (USA). and many others Training: ENA, Paris; Shanghai Administrative Institute(SAI), China; IIM Ahmedabad – Corporate Governance; LBSNAA, Mussoorie – Advanced Management and many others. Skills: Strategic Leadership, Mining Technologies, Introducing software,Crisis Management, Corporate Governance, Project Execution, Turnaround Strategies, International Collaborations. Let’s connect to discuss coal mining technologies, leadership strategies, and public sector reforms.",438,2026-08-25 00:00:00.000 +0530,,,,,,,,,,,,,,,,,2433,
Dhruba J Dutta,Dhruba J,Dutta,https://www.linkedin.com/in/dhruba-j-dutta-64a75911,urn:li:member:40679770,dhruba-j-dutta-64a75911,Kolkata metropolitan area,West Bengal,India,"Kolkata metropolitan area, West Bengal, India",Independent,Independent Consultant,10+yoe_global,member_urn,,,,,,,,,,,7/2020,false,https://media.licdn.com/dms/image/v2/C5103AQGHvrnAzR6vKw/profile-displayphoto-shrink_100_100/profile-displayphoto-shrink_100_100/0/1585819063574?e=1788998400&v=beta&t=kMAYdL68-BLYpEPfotSCiHIlyY_SJ-YVfcqizrRyq6Y,false,"Geoscientist Advisor, for Baker Hughes, Muscat, Oman, his primary focus is with wireline and drilling systems with local clients like BP, PDO (SHELL), Oxy, Oman Oil, MEDCO and other operators. Prior to joining at Baker Hughes in mid-2014, he spent a short stint with ADCO (Abu Dhabi Company for onshore oil operations) in Abu Dhabi, UAE as senior development Petrophysicist monitoring rigless casedhole logging operations including production logs for one of their major fields. He spent most of his career with Schlumberger for more than 16years. His last position at Schlumberger was Principal Petrophysicist at the Schlumberger Wireline headquarter at Clamart, France as a team Principal Petrophysicist for ADT (Array Dielectric Tool). He attained the technical level of “Principal” in Schlumberger’s technical career-ladder and hold different positions with varied technical capacities. Immediately before transferred to Clamart, France he was serving Luanda, Angola as wireline petrophysics domain champion, covering Angola, Congo, Gabon, South Africa, Kenya and Tanzania with a main objective of supporting the operators and internal operations with new hitechs from wireline and value added interpretation. He also served Cairo, Egypt, and extended support to Sudan, Syria and Jordon. He was serving the dual responsibility of geomechanics interpretation lead for Egypt operations. He served Tehran, Iran as Schlumberger, IPM project petrophysicist team lead, with an overall responsibility of entire petrophysical evaluation for Field Development Planning. Joining Schlumberger in 1997, he was posted initially at different interpretation centers in India. He was then handling positions with various technical responsibilities covering processing, support, and interpretation of open and cased-hole logs in complex formation, interpretation development and utilization of emerging logging technologies. He earned Ph.D. degree in Geophysics from Indian Institute of Technology in 1993 and served few years as Research Associate in the same institute involved in teaching and research. He also earned Graduation with honors in Geology and Post-Graduation in applied Geophysics. He is a member of SPE and SPWLA with 23 years of industry and 8 years of research experience and published over 35 articles in international journals and symposia. Specialties: open and cased hole logging and interpretation, Well Logging planning, New technology Introduction, Interpretation development, Complex lithology Petrophysical evaluation, Logging operations, Log quality control, Reservoir petrophysics",439,2026-08-25 00:00:00.000 +0530,,,,,,,,,,,,,,,,,1973,
Rajeev Ranjan,Rajeev,Ranjan,https://www.linkedin.com/in/rajeev-ranjan-15614530,urn:li:member:107836050,rajeev-ranjan-15614530,Nagpur,Maharashtra,India,"Nagpur, Maharashtra, India","Saoner,WCL",Colliery Manager,10+yoe_global,member_urn,,,,,,,,,,,5/2025,false,https://media.licdn.com/dms/image/v2/D5603AQFxcP9aklQNpQ/profile-displayphoto-shrink_100_100/profile-displayphoto-shrink_100_100/0/1726686069703?e=1788998400&v=beta&t=0Kq_dZpvOXO6AwdvJ2gjxPlw757tJlrxeNWbit4O8Kw,false,"Experienced Planner with a demonstrated history of working in the mining industry. Strong professional skilled in English, Engineering, Strategic Planning, Marketing Strategy.",440,2026-08-25 00:00:00.000 +0530,,,,,,,,,,,,,,,,,2406,
Prasenjit Poddar,Prasenjit,Poddar,https://www.linkedin.com/in/prasenjit-poddar-8b520313b,urn:li:member:570827081,prasenjit-poddar-8b520313b,Kolkata,West Bengal,India,"Kolkata, West Bengal, India",Self-employed,Autotelos,10+yoe_global,member_urn,,,,,,,,,,,5/2025,false,https://media.licdn.com/dms/image/v2/D5603AQGtQote_0I7Hg/profile-displayphoto-shrink_200_200/B56Zb7moeRHwAg-/0/1747977931859?e=1788998400&v=beta&t=IUHfjsxMBGo0pXfABZWuN3ezGjhk4abK5dM52BIkKV8,false,"Prasenjit is a Data Scientist (Senior Consultant) with a demonstrated ability to deliver valuable insights via Data Analytics, Statistical Method, Machine Learning, and Deep learning Algorithms. He has 8 years of professional experience, with 4+ years ML experience working with Retail, Sales Marketing, and Supply Chain clients in solving multiple ML/ AI business problems starting from requirement gathering till recommending actionable insights. His prominent project works include Content Analytics, Enrichment Optimization model, Attribution model based on Click Decay and Markov Chains, Launch Score Engine Model, Replenishment model, Demand Forecast model, Threat Intelligence and detection model in Cyber Security. Experienced in Statistical modeling, Business Intelligence project, Machine Learning, Deep learning, and Data visualization. M.Tech, CSE from IIT Dhanbad [ Specialization. Machine Learning ]",441,2026-08-25 00:00:00.000 +0530,,,,,,,,,,,,,,,,,2433,
AAkriti Srivastava,AAkriti,Srivastava,https://www.linkedin.com/in/aakriti-srivastava-1744b564,urn:li:member:228167080,aakriti-srivastava-1744b564,Allahabad,Uttar Pradesh,India,"Allahabad, Uttar Pradesh, India",Institue of Engineering and Rural Technology (Engineering Degree Division),Assistant Professor,6-10yoe_global_indian,member_urn,,,,,,,,,,,3/2018,false,https://media.licdn.com/dms/image/v2/C4E03AQETYNA68GGUAw/profile-displayphoto-shrink_100_100/profile-displayphoto-shrink_100_100/0/1563821920128?e=1788998400&v=beta&t=X7bjZq7SlR-eAoaU-G0vIwmuMSSvo5-t9ekfzWj0txY,false,"To be a part of organization that provides me an opportunity to learn,explore and imbibe latest practices and development in technology.The use of same for effective growth and development of organization and my career.My emphasis is on Sr Sw Engineer.",442,2026-08-25 00:00:00.000 +0530,,,,,,,,,,,,,,,,,2015,
Dimpal Garodia,Dimpal,Garodia,https://www.linkedin.com/in/dimpalgarodia24,urn:li:member:401518834,dimpalgarodia24,Delhi,,India,"Delhi, India","Central Electricity Authority, Ministry of Power",Assistant Director,6-10yoe_global_indian,member_urn,,,,,,,,,,,4/2023,false,https://media.licdn.com/dms/image/v2/D5603AQGD8xYmyKm8UA/profile-displayphoto-scale_100_100/B56ZhCUVM7HcAk-/0/1753459285481?e=1788998400&v=beta&t=rAvH4su2dYb_OdLkZ5h7zw7O_wUbgY5lTaVyeSLVDNk,false,,443,2026-08-25 00:00:00.000 +0530,,,,,,,,,,,,,,,,,1639,
Amresh Kar,Amresh,Kar,https://www.linkedin.com/in/amresh-kar-7a33361b6,urn:li:member:842867691,amresh-kar-7a33361b6,Bhubaneswar,Odisha,India,"Bhubaneswar, Odisha, India",Freelance,Subject Matter Expert,6-10yoe_global_indian,member_urn,,,,,,,,,,,4/2020,false,https://media.licdn.com/dms/image/v2/C5603AQFvJvT6vC6YEQ/profile-displayphoto-shrink_100_100/profile-displayphoto-shrink_100_100/0/1599664960369?e=1788998400&v=beta&t=Ny3djbjpYYyr3eBDf5NJoglLx_rOABgSIHcujDWRisw,false,"I come from the keonjhar district of Odisha. Keonjhar area is famous for its huge iron ore reserve and mining, so I was always fascinated by mining. I have a good knowledge of ore and economic geology. I have done my dissertation in Geochemistry of Archean rocks.",451,2026-08-25 00:00:00.000 +0530,,,,,,,,,,,,,,,,,1840,
Pushkala K.D,Pushkala,K.D,https://www.linkedin.com/in/pushkala-k-d-a2bab6a2,urn:li:member:367018307,pushkala-k-d-a2bab6a2,Kozhenchery,Kerala,India,"Kozhenchery, Kerala, India",Freelance,Academic Tutor,6-10yoe_global_indian,member_urn,,,,,,,,,,"Taught Geology for various competitive exams, provided guidance and conducted one - on - one sessions with students to help them build confidence and increase their understanding of the subject matter.",,false,https://media.licdn.com/dms/image/v2/C4D03AQHEm6vLk26uMw/profile-displayphoto-shrink_100_100/profile-displayphoto-shrink_100_100/0/1607685541405?e=1788998400&v=beta&t=KmAju_-earCTE2HYxNKGNq30u3OzXB729JRftUKd_vM,false,"My research focuses on hydrogeology, groundwater studies, GIS applications, watershed management, and geospatial analysis. Currently pursuing doctoral research at Central Tribal University of Andhra Pradesh.",455,2026-08-25 00:00:00.000 +0530,,,,,,,,,,,,,,,,,1840,
Yaa Saah Meyer Oppong,Yaa Saah Meyer,Oppong,https://www.linkedin.com/in/yaa-saah-meyer-oppong-08076a114,urn:li:member:479641056,yaa-saah-meyer-oppong-08076a114,Dhanbad,Jharkhand,India,"Dhanbad, Jharkhand, India",Junior Research scholar/ Executive Secretary to the President of All Nations University-Ghana,Researcher,6-10yoe_global_indian,member_urn,,,,,,,,,,,7/2017,false,https://media.licdn.com/dms/image/v2/D4D03AQFXt6TrOe1KnQ/profile-displayphoto-shrink_100_100/profile-displayphoto-shrink_100_100/0/1675176511574?e=1788998400&v=beta&t=9vwKLgWzdmSIR-nA_3sMraw4LBgINMJLbRYRDb8_2FI,false,"Experienced Entrepreneur with a demonstrated history of working in the business world. With a strong background of Entrepreneurship, Human Resource Management and Marketing. Graduated from Indian Institute of Technology Dhanbad (IIT-Dhanbad).",456,2026-08-25 00:00:00.000 +0530,,,,,,,,,,,,,,,,,2058,
API- Ace Petroleum Initiative [GATE in Petroleum Engineering],API- Ace Petroleum Initiative,[GATE in Petroleum Engineering],https://www.linkedin.com/in/acepetroleuminitiative,urn:li:member:837577743,acepetroleuminitiative,Ahmedabad,Gujarat,India,"Ahmedabad, Gujarat, India",ACE PETROLEUM INITIATIVE,Oil and Gas Specialist,6-10yoe_global_indian,member_urn,,,,,,,,,,,2/2019,false,https://media.licdn.com/dms/image/v2/C4D03AQEMBldcShvTqw/profile-displayphoto-shrink_100_100/profile-displayphoto-shrink_100_100/0/1596717413162?e=1788998400&v=beta&t=8h3XQSWHchY_lkR1gj77LisogFOWQCDBZFeUP5LBkiQ,false,"Experienced Oil and Gas Specialist with a demonstrated history of working in the e-learning industry. Skilled in Oil & Gas Exploration, Reservoir Engineering, Oil & Gas, Well Testing, and Drilling Engineering. Strong operations professional with a M. Tech focused in Petroleum Engineering from Indian Institute of Technology, Madras.",457,2026-08-25 00:00:00.000 +0530,,,,,,,,,,,,,,,,,1496,
Penumala Sandeep,Penumala,Sandeep,https://www.linkedin.com/in/penumala-sandeep-97439b111,urn:li:member:469753000,penumala-sandeep-97439b111,,,India,India,RK World Infocom Private Limited,Vendor Manager,founders,member_urn,"We are a prominent seller on India’s largest e-commerce marketplace since April 2022, specializing in a wide range of product categories, including Health & Personal Care, Grocery, Baby, and Beauty. Our operations involve providing support to more than 600+ vendors and collaborating with over 2,800 brands. Our reach extends to 19000+ pin codes across India, ensuring that our products and services are accessible to a broad and diverse customer base across India.",204,2021,Retail,98699297,https://in.linkedin.com/company/rk-world-infocom-private-limited,"Bengaluru, Karnataka, India",E-commerce and Retail,www.rkworldinfocom.com,"Drive key levers like pricing, selection, visibility, and performance optimization to support business growth across assigned brand portfolios. Manage end-to-end P&L responsibilities—ensuring healthy revenue, profitability, and operational effectiveness. Develop and execute brand-specific growth strategies while fostering long-term, collaborative vendor relationships. Lead strategic negotiations with partner brands to improve commercial terms and align on shared business goals. Use data-driven insights to refine assortment planning, monitor consumer trends, and improve key demand metrics. Strengthen vendor experience through proactive issue resolution, timely communication, and streamlined operational processes. Collaborate with cross-functional teams to improve supply chain performance, increase in-stock rates, and expand product coverage. Continuously optimize business drivers—assortment, pricing, and marketing—to enable consistent growth and strong brand performance.",2/2025,true,,false,"Business operator with a strong foundation in e-commerce, vendor management, and GTM strategy. I’ve led P&L, growth, and cross-border operations for brands across India, SEA, and MEA—working in leadership roles and as Co-Founder at Scale Global Ventures. I specialize in building scalable systems, expanding product selection, optimizing supply chains, and crafting omnichannel strategies with an e-commerce-first mindset. From early-stage AI start-ups to well-established D2C brands, I thrive where structured thinking meets hands-on execution. Known for bringing clarity to chaos, aligning teams on outcomes, and turning strategy into action. Now open to opportunities where I can help businesses scale smarter, faster, and more sustainably.",1687,2026-08-25 00:00:00.000 +0530,,,,,,,,,,,,,,,,,263,
Sarthak Y,Sarthak,Y,https://www.linkedin.com/in/sarthak-y-4582641b4,urn:li:member:836705156,sarthak-y-4582641b4,Bengaluru,Karnataka,India,"Bengaluru, Karnataka, India",Self-employed,Health Evangelist,6-10yoe_global_indian,member_urn,,,,,,,,,,,3/2020,false,https://media.licdn.com/dms/image/v2/C4D03AQGzYvOreDrdvg/profile-displayphoto-shrink_100_100/profile-displayphoto-shrink_100_100/0/1596368911559?e=1788998400&v=beta&t=SElwYn7_y4UHJ2PqVu3e0nRkMg2Lm_pfC1bHpiIub_U,false,Working as a weight loss and fitness consultant. I have myself lost 17+ kgs. My weight loss program is backed by science and hence gives sustainable and holistic results. My purpose is to help 1 billion people live healthy without obesity,458,2026-08-25 00:00:00.000 +0530,,,,,,,,,,,,,,,,,2433,
AKASH MEHER,AKASH,MEHER,https://www.linkedin.com/in/akash-meher-98314b129,urn:li:member:528871347,akash-meher-98314b129,Hyderabad,Telangana,India,"Hyderabad, Telangana, India",Self-Employed,"Data Scientist,python developer",6-10yoe_global_indian,member_urn,,,,,1229369,,,,,,12/2017,false,https://media.licdn.com/dms/image/v2/C5103AQG14TsCh70OTg/profile-displayphoto-shrink_100_100/profile-displayphoto-shrink_100_100/0/1538337543239?e=1788998400&v=beta&t=juezvq2C8QwlfGMf2BMvwFnZu2WtcxdiLpki09yfDYM,false,"Myself, Akash Meher, completed B.tech in Electrical engineering from IIT(ISM) Dhanbad . To express my Strengths I would like to mention that I am Dedicated,Confident , Clear with thoughts,Prudent along with this I have Good Communication and Presentation skills , Influencing ability, Good Academic profile and Technical knowledge of my field.",459,2026-08-25 00:00:00.000 +0530,,,,,,,,,,,,,,,,,2436,
SURENDRA MEENA,SURENDRA,MEENA,https://www.linkedin.com/in/surendra-meena-044986b1,urn:li:member:399551668,surendra-meena-044986b1,Dhanbad,Jharkhand,India,"Dhanbad, Jharkhand, India",Self-employed,Engineer,6-10yoe_global_indian,member_urn,,,,,,,,,,,4/2018,false,https://media.licdn.com/dms/image/v2/C5103AQGpSChxmy8POA/profile-displayphoto-shrink_100_100/profile-displayphoto-shrink_100_100/0/1517553699214?e=1788998400&v=beta&t=Nsj5YASDfHyO1WV90Ug9IoDaRs0Zt_r4OuEe0k0bIWw,false,"Experienced Engineer with a demonstrated history of working in the chemicals industry. Skilled in Research, Microsoft Excel, Management, Microsoft Word, and Microsoft PowerPoint. Strong engineering professional with a Bachelor's degree focused in Chemical Engineering from Indian Institute of Technology (Indian School of Mines), Dhanbad.",460,2026-08-25 00:00:00.000 +0530,,,,,,,,,,,,,,,,,2433,
Mukesh kumar Gupta,Mukesh kumar,Gupta,https://www.linkedin.com/in/mukesh-kumar-gupta-ba721b119,urn:li:member:493226479,mukesh-kumar-gupta-ba721b119,Uttar Pradesh,,India,"Uttar Pradesh, India",Little Flower School Basti,Chemistry Specialist,6-10yoe_global_indian,member_urn,,,,,,,,,,,5/2019,false,https://media.licdn.com/dms/image/v2/C5603AQFgqNX8FbBfSA/profile-displayphoto-shrink_100_100/profile-displayphoto-shrink_100_100/0/1517597204597?e=1788998400&v=beta&t=S-apB3S9ThNYzplL4TWiO1ibpDgrYq037EBu-xoOp4Y,false,"I have five year experience on field of chemistry lecture (at academic level as well as IIT prepration level ). I have also been running my own coaching for the last 5 years. Other experience I have completed one year internship form Jindal steel and Power Limited as a Industrial Engineering. I have successfully executed several live projects in my domain here which focused on enhancing the productivity of the organisation by implementing several Lean tools such as 5S, Ishikawa diagram,VSM, Kaizen, OEE. Mathematical and statistical analysis of Shop Scheduling resulting machine downtime reduction, Shop Layout redesigning resulting increased resources utilization, Method study on standardizing the cutting parameters of the CNC modern machines, Performed Time Study for effective cycle time calculation . Used project management technique PERT ,CPM for project scheduling.",462,2026-08-25 00:00:00.000 +0530,,,,,,,,,,,,,,,,,2104,
MANUKONDA BHANU CHANDAR,MANUKONDA,BHANU CHANDAR,https://www.linkedin.com/in/manukonda-bhanu-chandar-50aa4316b,urn:li:member:680395546,manukonda-bhanu-chandar-50aa4316b,Dhanbad,Jharkhand,India,"Dhanbad, Jharkhand, India",lifa enterprises pvt ltd,Director,6-10yoe_global_indian,member_urn,,,,,,,,,,,7/2019,false,https://media.licdn.com/dms/image/v2/C5103AQGpSHBORqZ08w/profile-displayphoto-shrink_100_100/profile-displayphoto-shrink_100_100/0/1535565090547?e=1788998400&v=beta&t=FiMN6-uI5taVVDEIpwVzBXlPg216XknVPQEAVpXb8xQ,false,DIRECTOR of LIFA ENTERPRISES PVT LTD,463,2026-08-25 00:00:00.000 +0530,,,,,,,,,,,,,,,,,2101,
Harshit Singla,Harshit,Singla,https://www.linkedin.com/in/harshit-singla-672a1713b,urn:li:member:572845046,harshit-singla-672a1713b,Dhanbad,Jharkhand,India,"Dhanbad, Jharkhand, India",Freelance,Application Developer,6-10yoe_global_indian,member_urn,,,,,,,,,,,3/2020,false,https://media.licdn.com/dms/image/v2/C5603AQESs8bGKm06NQ/profile-displayphoto-shrink_100_100/profile-displayphoto-shrink_100_100/0/1516930184680?e=1788998400&v=beta&t=E_zLDEjTNab8E0L78pYKVtPKUOL2Zs9UzwgM7p_mAvA,false,"Experienced Application Developer with a demonstrated history of working in the health wellness and fitness industry. Skilled in Python (Programming Language), Java, Android Development, Android Studio, and JSON. Strong engineering professional with a Bachelor of Technology focused in Engineering Physics/Applied Physics from Indian Institute of Technology (Indian School of Mines), Dhanbad.",464,2026-08-25 00:00:00.000 +0530,,,,,,,,,,,,,,,,,1840,
Haresh Kumar,Haresh,Kumar,https://www.linkedin.com/in/haresh-kumar-1b568a56,urn:li:member:198751385,haresh-kumar-1b568a56,Aurangabad,Bihar,India,"Aurangabad, Bihar, India","Dept of Mines and Geology, Govt. of Bihar",District Mining Officer,10+yoe_global,member_urn,,,,,,,,,,,1/2022,false,https://media.licdn.com/dms/image/v2/C5103AQG0ZCfgi1cMoQ/profile-displayphoto-shrink_100_100/profile-displayphoto-shrink_100_100/0/1522677533034?e=1788998400&v=beta&t=Q9r2ofYyBNdTvrcd6NTBCeUSuVS2I9m4ZIC2rYoec4E,false,"I am a mining engineer graduate from Indian school of Mines , Dhanbad. I have secured First Class Mines Manager Certificate Of Competency from DGMS,Dhanbad. Currently Working as District Mining Officer, Govt. of Bihar.",465,2026-08-25 00:00:00.000 +0530,,,,,,,,,,,,,,,,,1749,
anuj kumar sinha,anuj kumar,sinha,https://www.linkedin.com/in/anuj-kumar-sinha-77733036,urn:li:member:126221131,anuj-kumar-sinha-77733036,Dhanbad,Jharkhand,India,"Dhanbad, Jharkhand, India",dwsd jharkhand,asst. engg.,10+yoe_global,member_urn,,,,,,,,,,,,false,,false,,3956,2026-08-25 00:00:00.000 +0530,,,,,,,,,,,,,,,,,1777,
Tirth Nath Jha,Tirth Nath,Jha,https://www.linkedin.com/in/tirth-nath-jha-6a468574,urn:li:member:264435100,tirth-nath-jha-6a468574,Nagpur,Maharashtra,India,"Nagpur, Maharashtra, India",MAHALAXMI INFRACONTRACT PRIVATE LIMITED,Consultant,10+yoe_global,member_urn,,,,,28069369,,,,,,12/2021,false,https://media.licdn.com/dms/image/v2/C5103AQH3X1AXGENrkA/profile-displayphoto-shrink_100_100/profile-displayphoto-shrink_100_100/0/1531295432564?e=1788998400&v=beta&t=w_k94itjPRX3EYFge9kubcFikzkGP89sQot5FUpC-VU,false,"I am a mining engineer retired from Coal India in Sept 2018. Since then, I worked in a power plant as Managing Director for a brief period. Presently I am doing some advisory work in mining and mining administration. I feel I have lots of energy to work for next 10-15 yrs in mining profession.",466,2026-08-25 00:00:00.000 +0530,,,,,,,,,,,,,,,,,2122,
Beant Mahajan,Beant,Mahajan,https://www.linkedin.com/in/beantmahajan,urn:li:member:242443353,beantmahajan,Mukerian,Punjab,India,"Mukerian, Punjab, India",Self-employed,Independent Consultant,10+yoe_global,member_urn,,,,,,,,,,Currently working as a consultant for mining with specialty in open cast mining and uranium mining,11/2012,false,https://media.licdn.com/dms/image/v2/C5603AQEdtWs8XcxPQw/profile-displayphoto-shrink_100_100/profile-displayphoto-shrink_100_100/0/1517418929274?e=1788998400&v=beta&t=aY5zbfPMQcQCY483GmbfjHiCRnCWTo24W-TvLXwiy1U,false,More than 47 years of experience in the Mining Industry in India. Have been associated with government and the private sector. Expertise in Mining with specialization in Open cast mining.,467,2026-08-25 00:00:00.000 +0530,,,,,,,,,,,,,,,,,2433,
Soumik Sao,Soumik,Sao,https://www.linkedin.com/in/soumik-sao-a5ab3640,urn:li:member:146138470,soumik-sao-a5ab3640,Kolkata,West Bengal,India,"Kolkata, West Bengal, India",Hyclone Life Sciences Solutions India Pvt. Ltd.,Tech Support of Surface Plasmon Resonance (Biacore T200),10+yoe_global,member_urn,,,,,,,,,,,7/2022,false,https://media.licdn.com/dms/image/v2/C5103AQGuwTor_cAsag/profile-displayphoto-shrink_100_100/profile-displayphoto-shrink_100_100/0/1557832418267?e=1788998400&v=beta&t=SwZLfv12MrW-28G1LP6TfLKOxmHHJFi6foudozU6EPg,false,"Chemistry is a fascinating area of science. It beacons to design new molecules that can be used to decipher photophysical processes at the molecular level. However, scientific community is stereotyped to recognize synthetic chemists and photophysicists as two separate schools. The goal of my career is to bridge this gap and optimum out of these two schools. Scientific expertise: Experienced in synthesis of organic dyes, purification by various chromatographic technique. Expertise in handling instruments like Nuclear Magnetic Resonance (Jeol 400MHz), absorption spectrophotometer (Perkin Elmer lambda 25, lambda 35) and photoluminescence spectrophotometer (Perkin Elmer, LS 55). Also experienced in thermo gravimetric analysis, cyclic voltammogram, infrared spectroscopy. In a nutshell: Researcher with unique combination of organic chemistry and physical chemistry. Collaborative, goal-oriented mindset and a proactive, can-do attitude. 5+ years of experience in multi-step organic synthesis including dye molecules and analytical techniques to unravel supramolecular self assembly.",468,2026-08-25 00:00:00.000 +0530,,,,,,,,,,,,,,,,,1951,
prashanth kalakurasa,prashanth,kalakurasa,https://www.linkedin.com/in/prashanthraja,urn:li:member:324052498,prashanthraja,Andhra Pradesh,,India,"Andhra Pradesh, India",SV Enviro Labs & Consultants,Management Team Member,6-10yoe_global_indian,member_urn,,,,,,,,,,,2/2017,false,https://media.licdn.com/dms/image/v2/C4E03AQFf7hsr9fMsYw/profile-displayphoto-shrink_100_100/profile-displayphoto-shrink_100_100/0/1517430167173?e=1788998400&v=beta&t=MMRokpcikq73bYBQuBfQDt_cHoqaX0GG68RSpP2OWhY,false,"I am environment graduate, always looking for new vantage areas in the fields of the environment. I would like to grab an opportunity environment field as my career. During my pursuit of the graduation, I encountered a lot of creative notions which lack the touch of the subject but concern about the environment. But now, I am eager to grab an opportunity to mould my notions into real world tools in a way to contribute myself to the environment.",471,2026-08-25 00:00:00.000 +0530,,,,,,,,,,,,,,,,,2539,
Prem Shankar Kumar,Prem Shankar,Kumar,https://www.linkedin.com/in/prem-shankar-kumar-427201219,urn:li:member:923169055,prem-shankar-kumar-427201219,New Delhi,Delhi,India,"New Delhi, Delhi, India",Goverment Engineering Collegge Jehanbad,Assistant Professor,6-10yoe_global_indian,member_urn,,,,,,,,,,,4/2022,false,https://media.licdn.com/dms/image/v2/C4E03AQEP6TM731AeMg/profile-displayphoto-shrink_100_100/profile-displayphoto-shrink_100_100/0/1633270641261?e=1788998400&v=beta&t=s_vtqCXToZ7jLB44VT2KazdRSE8Zbe_8HhfVq1r9eI0,false,"o Proficient in Matlab, Python, Octave and statistical analysis; experience in data visualization and reporting using MS Excel. o I have studied the fault diagnosis and prognosis of Rotating Machinery systems such as rolling elements of bearing and Gear by using Artificial intelligence (AI) techniques. o Extensive experience in teaching, research, and program management during academic roles as an Assistant Professor and Research Fellow.",472,2026-08-25 00:00:00.000 +0530,,,,,,,,,,,,,,,,,1889,
Sanjay Katpatal,Sanjay,Katpatal,https://www.linkedin.com/in/sanjay-katpatal-aa960444,urn:li:member:156772641,sanjay-katpatal-aa960444,Nagpur,Maharashtra,India,"Nagpur, Maharashtra, India",,General Manager,10+yoe_global,member_urn,,,,,,,,,,,,false,https://media.licdn.com/dms/image/v2/D4D03AQGXXbyq9_3XBw/profile-displayphoto-shrink_100_100/profile-displayphoto-shrink_100_100/0/1691000605459?e=1788998400&v=beta&t=a3XsIGjCcQq6WL35VTzrx9uDukxcyaIJZob8JmPjWxE,false,,4031,2026-09-01 17:03:38.642 +0530,"Retired as General Manager at SECL, Coal India Ltd || IIT(ISM) Dhanbad || NIT Kurukshetra",,,,,,,,,,,,,,,,,
Aditya Singh,Aditya,Singh,https://www.linkedin.com/in/aditya-singh-7a074418b,urn:li:member:751314792,aditya-singh-7a074418b,Agra,Uttar Pradesh,India,"Agra, Uttar Pradesh, India",Digital Key Technologies,Executive,6-10yoe_global_indian,member_urn,,,,,,,,,,,4/2019,false,https://media.licdn.com/dms/image/v2/C5103AQGmtRga9JPtfw/profile-displayphoto-shrink_100_100/profile-displayphoto-shrink_100_100/0/1565110336901?e=1788998400&v=beta&t=_QWawLXljMuCaWISGHrTiWaLoe7TbpzJF8hE9IY2mkw,false,"Experienced Executive with a demonstrated history of working in the computer software industry. Skilled in Android, Ruby on Rails, Web Design, iOS Development, and Web Development. Strong business development professional with a Bachelor of Technology - BTech focused in Computer Science from Indian Institute of Technology (Indian School of Mines), Dhanbad.",473,2026-08-25 00:00:00.000 +0530,,,,,,,,,,,,,,,,,1760,
danish nadeem,danish,nadeem,https://www.linkedin.com/in/danish-nadeem-0b00883b,urn:li:member:140521092,danish-nadeem-0b00883b,Noida,Uttar Pradesh,India,"Noida, Uttar Pradesh, India",GCET Gr.Noida,assistant professor,10+yoe_global,member_urn,,,,,,,,,,,2/2010,false,,false,,3957,2026-08-25 00:00:00.000 +0530,,,,,,,,,,,,,,,,,1858,
R Sinhaongc,R,Sinhaongc,https://www.linkedin.com/in/r-sinhaongc-a6544024,urn:li:member:84687341,r-sinhaongc-a6544024,Mumbai,Maharashtra,India,"Mumbai, Maharashtra, India",ONGC,Retired,10+yoe_global,member_urn,,,,,,,,,,,,false,,false,,3958,2026-08-25 00:00:00.000 +0530,,,,,,,,,,,,,,,,,2255,
Pankaj kumar Pandey,Pankaj,kumar Pandey,https://www.linkedin.com/in/pankaj-kumar-pandey-a0513534,urn:li:member:119760485,pankaj-kumar-pandey-a0513534,Gorakhpur,Uttar Pradesh,India,"Gorakhpur, Uttar Pradesh, India",Momentum coaching institute for IIT /NEET gorakhpur,Teaching Faculty,6-10yoe_global_indian,member_urn,,,,,,,,,,,3/2020,false,https://media.licdn.com/dms/image/v2/D4D03AQFhxetaZL8F3w/profile-displayphoto-shrink_100_100/profile-displayphoto-shrink_100_100/0/1711889560301?e=1788998400&v=beta&t=ogsnK4oEMGN3ALtebojLDwPDmJg9DAKzB2w1Yfhh3aw,false,"Post graduate (M.Tech) from IIT Dhanbad. Worked as chemistry faculty in “Nucleus Education kota” for 3year. Currently working as chemistry faculty in momentum coaching institute for IIT Jee and NEET , @ chatrsangh chowk Gorakhpur A professional chemistry teacher for IIT and NEET examination. Specialist of Inorganic chemistry.",474,2026-08-25 00:00:00.000 +0530,,,,,,,,,,,,,,,,,2176,
Kanishk Kumar,Kanishk,Kumar,https://www.linkedin.com/in/kanishk-kumar-6a377a134,urn:li:member:551326299,kanishk-kumar-6a377a134,Dhanbad,Jharkhand,India,"Dhanbad, Jharkhand, India",BEL CRL,Member Research Staff,6-10yoe_global_indian,member_urn,,,,,,,,,,,3/2022,false,https://media.licdn.com/dms/image/v2/C5603AQGafeLjPlqV7g/profile-displayphoto-shrink_100_100/profile-displayphoto-shrink_100_100/0/1590675633655?e=1788998400&v=beta&t=Y0rFGwDAJIqvfzMPjFrBGnF0HmfjruCvxQcYp9GIpws,false,"Software Engineer with a demonstrated history of working in the hospital & health care industry . Skilled in C++, Cryptography, Information Security, python and Linux. Drone Technology, Experience in py mavlink , drone GCS development , drone management from ground .information technology professional graduated from Indian Institute of Technology (Indian School of Mines), Dhanbad.",475,2026-08-25 00:00:00.000 +0530,,,,,,,,,,,,,,,,,1584,
Dr. ASHIF PERWEZ,Dr. ASHIF,PERWEZ,https://www.linkedin.com/in/dr-ashif-perwez-b212b953,urn:li:member:188859913,dr-ashif-perwez-b212b953,New Delhi,Delhi,India,"New Delhi, Delhi, India",Department of Mechanical and Vechile Engineering Hunan University,Postdoctoral Researcher,6-10yoe_global_indian,member_urn,,,,,,,,,,,11/2023,false,https://media.licdn.com/dms/image/v2/D4D03AQE9Ou7O8d2wug/profile-displayphoto-shrink_100_100/profile-displayphoto-shrink_100_100/0/1689084366215?e=1788998400&v=beta&t=fKkvMO0GW5ecEaH8VuyaUnN8KEZOTGtxw0bAHGnWRcU,false,"My field of research is mainly improving the performance of blades of stream turbines, electronic components and heat exchange by applications of different dimpled surfaces. My research included the efficiency improvement of solar air heater by the application of dimpled surfaces on the absorber plate of SAH I have two years of teaching experience at Rajeev Gandhi Memorial College of Engineering and Technology (Autonomous) affiliated to JNTU University Anantapur.",476,2026-08-25 00:00:00.000 +0530,,,,,,,,,,,,,,,,,1746,
Nabanita Pradhan,Nabanita,Pradhan,https://www.linkedin.com/in/nabanita-pradhan-124979204,urn:li:member:874307692,nabanita-pradhan-124979204,,,India,India,Borehole Geophysics Research Laboratory (MoES),Project Scientist,6-10yoe_global_indian,member_urn,,,,,,,,,,,8/2025,false,https://media.licdn.com/dms/image/v2/D5603AQGsOOl1suBoSA/profile-displayphoto-shrink_100_100/profile-displayphoto-shrink_100_100/0/1673791160307?e=1788998400&v=beta&t=RwS3Ne6oihSbw1hryzr_yCuYeOV9p2thHFIHEDyW9VU,false,"I work as a Project Scientist at the Borehole Geophysics Research Laboratory (BGRL), Ministry of Earth Sciences, and hold a Ph.D. in Applied Geophysics from IIT (ISM) Dhanbad. My expertise includes: Reservoir characterization & petrophysical evaluation using well log and seismic data. Seismic anisotropy analysis (Thomsen parameters) for lithology characterization. AVO analysis & Reverse Time Migration (RTM) for imaging hydrocarbon reservoirs and subsurface structures. Geophysical data processing, modelling, and interpretation for both research and applied projects. At BGRL, I am engaged in scientific deep drilling studies, with a focus on how borehole geophysics contributes to reservoir property evaluation and seismic hazard assessment. I leverage advanced geophysical methods and data-driven techniques to address key challenges in energy exploration and geoscience research.",477,2026-08-25 00:00:00.000 +0530,,,,,,,,,,,,,,,,,1609,
Dr. Indranil Sarkar,Dr. Indranil,Sarkar,https://www.linkedin.com/in/dr-indranil-sarkar-a625b643,urn:li:member:153769322,dr-indranil-sarkar-a625b643,Rajasthan,,India,"Rajasthan, India",Reputed Engineering College,Associate Professor,10+yoe_global,member_urn,,,,,,,,,,,10/2021,false,https://media.licdn.com/dms/image/v2/C5603AQEnt22uRWm-xg/profile-displayphoto-shrink_100_100/profile-displayphoto-shrink_100_100/0/1641711628742?e=1788998400&v=beta&t=PnfNOLHjnRuydp93j5W3SuYHWBOfh1lkSFxxN6RoNX0,false,"JOB RESPONSIBILITIES AND DUTIES PERFORMED IN ACADEMICS Worked as: 1. Head of Department(HOD) in Electronics & Communication Engineering (ECE) Department. 2. IQAC Co-ordinator, NBA Co-ordinator (2024, 2014), Accreditation (NBA, NAAC) related works. 3.M.Tech Co-Ordinator, 4. In-charge Project, Seminar, Departmental Activity Committee. 5. Research and Development (Member Institute level). 6. Assistant Controller of EXAM CELL.",478,2026-08-25 00:00:00.000 +0530,,,,,,,,,,,,,,,,,2360,
PanIIT Fintech Mission,PanIIT Fintech,Mission,https://www.linkedin.com/in/paniit-fintech-mission-5ab64617a,urn:li:member:712251347,paniit-fintech-mission-5ab64617a,Delhi,,India,"Delhi, India",PanIIT Institute,Fintech Mission,6-10yoe_global_indian,member_urn,,,,,,,,,,"PanIIT Fintech Mission is addressing four key deliverables as the terms of reference: - First is to catalyze the setting up of a substitute for NPCI along with a truly global but more secure version of Rupay, tentatively named iPay. Currently the Rupay card for example does not work as a multicurrency prepaid travel/remittance card for inbound/outbound tourists, nor does it work in neighbouring Bangladesh. - Second is to catalyse the creation of a secure blockchain transactional id for every living IITian. The transactional id is essentially a global version of Aadhar enabling p2p authentication, financial transactions and contracting - all within India or across borders. - Third is to catalyse the creation of two makeinindia products - a payment card and a secure biometric enabled pos tap and go terminal around hardware secure processors running with a secure walled garden App Store. - Fourth is to catalyse the creation of a highly secure and truly global yet paperless universal bank denominated in Indian rupees which can facilitate truly global mobile first retail banking, project finance/I banking for digital infrastructure ventures and blockchain protected international trade in Indian rupees.",1/2019,false,https://media.licdn.com/dms/image/v2/C5103AQF6m45G7S2hdA/profile-displayphoto-shrink_100_100/profile-displayphoto-shrink_100_100/0/1548611755906?e=1788998400&v=beta&t=Y3fdL_s8oSLg5sdE4xX8CfYGW7tTd_HbQF_KmWANUms,false,"The PanIIT Fintech Mission aggregates the combined expertise of Pan IIT Alumni, Alumni promoted/managed companies and Alumni Funds to help catalyse the creation of a secure end to end borderless digital banking ecosystem in Indian Rupees.",479,2026-08-25 00:00:00.000 +0530,,,,,,,,,,,,,,,,,2271,
Taneesha Bhandari,Taneesha,Bhandari,https://www.linkedin.com/in/taneesha-bhandari,urn:li:member:792155928,taneesha-bhandari,Noida,Uttar Pradesh,India,"Noida, Uttar Pradesh, India",Freelance,Search Engine Optimization Specialist,6-10yoe_global_indian,member_urn,,,,,,,,,,,1/2024,false,https://media.licdn.com/dms/image/v2/C5103AQH2uHXYp5g2YA/profile-displayphoto-shrink_100_100/profile-displayphoto-shrink_100_100/0/1580647084860?e=1788998400&v=beta&t=pw1nyKZMyznAd1bfhlED1ZeWQor_kGcMvt7V8z50T6c,false,"In my SEO journey, I have gained comprehensive knowledge and experience in SEO for various e-commerce brands. My primary focus lies in on-page optimization, creating traffic-driving content strategies, optimizing website architecture, conducting thorough technical audits using various tools and manual skills, and acquiring high-quality backlinks. My efforts have resulted in significant traffic growth for clients, including a remarkable 5x growth in clicks and a 15% increase in conversion rates.",480,2026-08-25 00:00:00.000 +0530,,,,,,,,,,,,,,,,,1840,
Sandy Sharma-IITian,Sandy,Sharma-IITian,https://www.linkedin.com/in/sandy-sharma-iitian-b4097272,urn:li:member:259184352,sandy-sharma-iitian-b4097272,Muzaffarnagar,Uttar Pradesh,India,"Muzaffarnagar, Uttar Pradesh, India",Med Crack Institute,Managing Director & Sr. Physics Faculty,6-10yoe_global_indian,member_urn,,,,,,,,,,Sr. Physics Faculty,4/2026,false,https://media.licdn.com/dms/image/v2/D5603AQGGet_Gpzkcug/profile-displayphoto-shrink_100_100/profile-displayphoto-shrink_100_100/0/1676620385790?e=1788998400&v=beta&t=aKLsABni2rc7meDSIWQCppO5FqQEEPBDWj5Qhoh30rM,false,This Is Sandy Sharma Founder And Managing Director At Med Crack Institute Muzaffarnagar Alumni Of IIT Dhanbad 2017 BatchContact WhatsApp For Mentorship Program https://wa.me/919828561345,481,2026-08-25 00:00:00.000 +0530,,,,,,,,,,,,,,,,,2143,
PERVENDRA SINGH,PERVENDRA,SINGH,https://www.linkedin.com/in/pervendra-singh-638745155,urn:li:member:625904972,pervendra-singh-638745155,Moradabad,Uttar Pradesh,India,"Moradabad, Uttar Pradesh, India",jai bala group,Associate Manager,6-10yoe_global_indian,member_urn,,,,,,,,,,,4/2018,false,https://media.licdn.com/dms/image/v2/C5103AQFDNI368-zzLw/profile-displayphoto-shrink_100_100/profile-displayphoto-shrink_100_100/0/1564401968932?e=1788998400&v=beta&t=6QOC8yWHXW1PV-QORMX2X6yDagehCdqZArppmIGMUKc,false,I have 1.3 years experience in DI pipe division as a quality Associate Manager. I have good knowledge of Process Analysis and Manpower handling as well as good knowledge of process control.,482,2026-08-25 00:00:00.000 +0530,,,,,,,,,,,,,,,,,2037,
Sanjoy Kumar Mukhopadhyay,Sanjoy Kumar,Mukhopadhyay,https://www.linkedin.com/in/sanjoy-kumar-mukhopadhyay-4a318827,urn:li:member:92994747,sanjoy-kumar-mukhopadhyay-4a318827,Kolkata,West Bengal,India,"Kolkata, West Bengal, India",CSIR INNOVATION COMPLEX,Head of Section,10+yoe_global,member_urn,,,,,,,,,,"Streamlined project accounting workflows across multiple departments, reducing reporting turnaround time by 50 %. ​Led financial oversight for National Mission Projects ensuring 100% compliance with CSIR guidelines. ​Mentored and managed high-performing finance teams, fostering a culture of precision and continuous professional development through in-house management programs.",12/2025,false,https://media.licdn.com/dms/image/v2/C4D03AQGxB1fUMEropQ/profile-displayphoto-shrink_100_100/profile-displayphoto-shrink_100_100/0/1517440404786?e=1788998400&v=beta&t=0tgV92zVN5EX_US504WHTk5OURCbmX3zLrTuSfDFFGY,false,"Strategic Finance Leader | Project Accounting & Governance Specialist . ​High-performing Finance Professional with more than 30 years of excellence in the Scientific and Research sector. Expert in bridging the gap between complex research objectives and financial rigor. Proven track record in managing large-scale CSIR project accounting,multi-million budgeting, and cross-functional team leadership. A specialist in navigating the unique financial landscape of national laboratories, ensuring seamless coordination between Lab Heads, Executives, and Finance Directorates to drive institutional goals. ​Professional Strengths & Core Competencies Financial Stewardship & Governance ​Project Accounting & Planning: Mastery of the full project lifecycle, from initial budgetary forecasting to final execution and audit-ready reporting.​Strategic Budgeting: Expertise in managing complex fund allocations for scientific research, ensuring optimal resource utilization and zero-leakage financial management. ​Internal Audit & Compliance: Deep understanding of statutory requirements and internal controls within government and industrial research frameworks. ​ Strategic Coordination & Stakeholder Management ​Institutional Liaison: Acting as a primary focal point between CSIR entities, Lab Directors, and Finance Heads to synchronize operational efforts. ​High-Stakes Negotiation: Leveraging 25+ years of experience to resolve financial bottlenecks and negotiate favorable terms with external vendors and internal stakeholders. ​Grievance Resolution: Specialized in resolving complex financial and administrative grievances within scientific departments, maintaining institutional harmony. ​ Technical Expertise & MIS ​Digital Transformation: Utilizing PGDCA and advanced accounting software to automate report generation and provide real-time MIS insights for executive decision-making. ​Quality Management: Implementing rigorous quality standards in accounting practices to ensure data integrity and transparency.",483,2026-08-25 00:00:00.000 +0530,,,,,,,,,,,,,,,,,1712,
"Tushar K Bandyopadhyay, Ph.D",Tushar K,"Bandyopadhyay, Ph.D",https://www.linkedin.com/in/tushar-k-bandyopadhyay-ph-d-7aa83328,urn:li:member:97610674,tushar-k-bandyopadhyay-ph-d-7aa83328,Kolkata,West Bengal,India,"Kolkata, West Bengal, India",0,Retired from Coal India on attending 60 years age,10+yoe_global,member_urn,,,,,,,,,,,,false,https://media.licdn.com/dms/image/v2/C4D03AQEzoHdTZ8Pb2g/profile-displayphoto-shrink_100_100/profile-displayphoto-shrink_100_100/0/1517511257359?e=1788998400&v=beta&t=GGVbgp2LIWarrwY86PpRUiDmBrv8a9CA_JhL4VVt1lg,false,"- Retired as Chief Manager (Geophysics), from Central Mine Planning & Design Institute Ltd. (A subsidiary of Coal India Ltd.) on 31st May 2012 on attending 60 years age. I was engaged in functional, Planning & technical assignments concerning to activities of Exploration Division, Central Mine Planning & Design Institute Limited (CMPDI), a Subsidiary of Coal India Limited (CIL), Regional Institute (RI)-V, Bilaspur, Chattisgarh, India as Chief Manager (Geophysicis)/Head of Geophysics Unit. - Application of Geophysics to various projects for mapping and 3-Dimensional modeling of geologic structure and basin configuration, mineral exploration and ground water investigations. - Thematic mapping using Remote Sensing to various mining projects for change detection and management planning. - Application of Geophysics and Remote Sensing for delineation of coal mining hazards. - Preparation of hydrogeological reports as per the requirement for obtaining ground water clearance of new and expansion of different coal mining projects. - Preparation of Environmental Management Planning (EMP) Reports for various Opencast as well as Under ground coal mining projects and worked as Unit Head of out side consultancy jobs in Environment Division, CMPDI (HQ), Ranchi. Specialties: : Geophysics, Remote Sensing, Environmental Engineering & Hydrogeology concerning with Baseline mapping, Environmental Impact Evaluation and Management Planning.",484,2026-08-25 00:00:00.000 +0530,,,,,,,,,,,,,,,,,1480,
Muhammad Danish Akhtar,Muhammad Danish,Akhtar,https://www.linkedin.com/in/muhammad-danish-akhtar-2a5b7a85,urn:li:member:304484381,muhammad-danish-akhtar-2a5b7a85,Visakhapatnam,Andhra Pradesh,India,"Visakhapatnam, Andhra Pradesh, India",The Narayana Group,JEE Advanced Faculty,founders,member_urn,"In every heart, there exists an untapped reservoir of potential. It's this potential that fueled two brothers’ passion, daring to fly high when the world whispered ""impossible."" It’s the realisation of this potential which made an ideology rooted in peace carve lasting freedom for an entire nation. This boundless potential flourishes in the fertile grounds of continuous learning. And all it needs is a catalyst to hasten the process which leads to excellence. Built around legacy, years of experience and empathy, this catalyst helps to unleash the full potential of all stakeholders, leading to fulfilment of their dreams. At Narayana, our continued aim is more than just imparting knowledge; it's about using our expertise, our shared experiences, and above all, our empathy to nurture dreams into reality. Trust us to fulfil your dreams as #YourDreamsAreOurDreams.",9986,1979,Education Administration Programs,1554180,https://in.linkedin.com/company/narayana-group,India,"Educational Services , Competitive examinations, and Edtech",https://www.narayanagroup.com,"STAR CO SUPER CHAINA (Model A) Faculty for JEE Advanced and HOD (Math Department) of 11 branches [Saraswati Bhawan (Day scholar), KPM, NMK, GVK-IIT, GVK-EAMCET, ONCS, SV, MW-EAMCET, NAD-IIT, NAD-EAMCET, RB Campuses]",4/2023,false,,false,"I am working as a Star CO SUPER CHAINA Mathematics Faculty for JEE Advanced at The Narayana Group, one of the leading educational institutions in India. I have more than 10 years of full time experience in teaching and mentoring students for JEE Main and Advanced, the most competitive engineering entrance exams in the country. My journey in Mathematics began with a strong foundation, being the State Topper in Mathematics and the District Topper overall in 12th. These early achievements fueled my passion for the subject and laid the groundwork for a distinguished academic career. As a Star CO Faculty, I am responsible for delivering high-quality lectures, designing curriculum, conducting tests and assessments, and providing guidance and feedback to students. I am also the Head of the Math Department of 11 branches, overseeing the academic operations and performance of the Maths division. Additionally, I am a co-author of two Maths books for JEE Main and Advanced, published by Pearson Education and McGraw Hill, two of the most reputed publishers in the field. I have also co-founded and successfully ran a coaching center in my college days, producing numerous results, including the state board topper in 2014. I am passionate about mathematics and education, and I strive to inspire and empower my students to achieve their academic and career goals. I have produced numerous results in JEE Advanced, including 2 digits and 3 digits ranks, and have received multiple awards and recognition for my teaching excellence. I am also an alumnus of IIT (ISM) Dhanbad, one of the top engineering institutes in India, where I graduated with a B.Tech. in Chemical Engineering. I am proficient in English, Hindi, and Urdu, and have worked in multiple cities, such as Delhi/NCR, Mumbai, Mangalore and Visakhapatnam, gaining a wide exposure and experience in the education sector.",1815,2026-08-25 00:00:00.000 +0530,,,,,,,,,,,,,,,,,213,
Vipin Kesharwani,Vipin,Kesharwani,https://www.linkedin.com/in/vipin-kesharwani-287b653a,urn:li:member:140225863,vipin-kesharwani-287b653a,Ahmedabad,Gujarat,India,"Ahmedabad, Gujarat, India",Arham Oil Gas Products and Services Private Limited,Co-Founder and Director,founders,member_urn,"Arham Oil Gas Products and Services Pvt. Ltd., founded in May 31, 2013 by Petroleum Engineers to give cutting edge technological solutions to Oil & Gas Exploration, Production & Refining Companies operating globally. We develop and apply Next-Generation Technologies to meet the world’s growing need for Waste Management. To that end, we must continuously achieve superior financial and operating results while adhering to high ethical standards.",57,2013,Oil and Gas,8903643,http://www.linkedin.com/company/arhamoilgas,"Ahmedabad, Gujarat, India",,http://www.arhamoil.com,,5/2013,false,,false,"International experienced Drilling Engineer with a demonstrated history of working in the oil & gas industry. Skilled in Drilling & Completion/workover of Oil and Gas wells including deep wells in Kuwait & Assam in India. Strong planning and operations professional with a B.Tech focused in Petroleum Engineering from Indian Institute of Technology (Indian School of Mines), Dhanbad.",3332,2026-08-25 00:00:00.000 +0530,,,,,,,,,,17,28,,,,,,881,
Rahul Singh,Rahul,Singh,https://www.linkedin.com/in/rahul-singh-b2639b3a,urn:li:member:138309006,rahul-singh-b2639b3a,Bihar,,India,"Bihar, India",Bihar State Food and Civil Supplies Corporation,Assistant Manager,10+yoe_global,member_urn,,,,,,,,,,,7/2016,false,https://media.licdn.com/dms/image/v2/C5603AQEg6CZFceGkIA/profile-displayphoto-shrink_100_100/profile-displayphoto-shrink_100_100/0/1516844204558?e=1788998400&v=beta&t=pu_MizistSjnCMp3wBwEOmTABiuPmM-Icfi99pHjlss,false,"Qualified individual with Masters in Business Administration from Dept of Management Studies, IIT (ISM) Dhanbad, accented with the latest trends and techniques of the field with an inborn quantitative aptitude & determined to carve a successful and satisfying career in the Industry. Possess keen business acumen in analyzing and understanding business requirements, customer-value maximization and developing new business processes & revenue streams. Successfully completed a Summer Internship at Usha Martin Ltd, Ranchi on Inventory Management of Indented Items. Conceptually strong with an innovative & analytical approach to work with an eye for detail. Outstanding communication skills, verbal as well as written coupled with exceptional presentation skills with the ability to perform above expectations. Specialties: Masters in Business Administration (Finance), 2011 Dept of Management Studies, Indian School of Mines, Dhanbad, 7.69/10 6 Months Certificate Course in Rural Development 6 Months Certificate Course in Capital Market, National Stock Exchange, Mumbai 6 Months Certificate Course Derivative Market, National Stock Exchange, Mumbai",486,2026-08-25 00:00:00.000 +0530,,,,,,,,,,,,,,,,,1595,
Bidya Dhar Das,Bidya Dhar,Das,https://www.linkedin.com/in/bidya-dhar-das-26a227130,urn:li:member:538028722,bidya-dhar-das-26a227130,,,Greater Patna Area,Greater Patna Area,Prohibition Excise Registration Department Govt of Bihar,Excise Chemical Examiner,6-10yoe_global_indian,member_urn,,,,,,,,,,,10/2024,false,https://media.licdn.com/dms/image/v2/D4D03AQGeWP_HnHGsQQ/profile-displayphoto-shrink_100_100/profile-displayphoto-shrink_100_100/0/1665551375405?e=1788998400&v=beta&t=tOCJgBx-W98N_Jp8VygToealk_ZxWM0eM9mInDNXvB0,false,"Synthesis of Heterogeneous Catalyst for Organic reactions and development of new methodology by concentrating on atom economy, selectivity and economy potency approach.",488,2026-08-25 00:00:00.000 +0530,,,,,,,,,,,,,,,,,2321,
Ankit bothra,Ankit,bothra,https://www.linkedin.com/in/ankit-bothra-31379118,urn:li:member:61650303,ankit-bothra-31379118,Balaghat,Madhya Pradesh,India,"Balaghat, Madhya Pradesh, India",Visag Biofuels Pvt Ltd,Associate,6-10yoe_global_indian,member_urn,,,,,,,,,,,10/2019,false,https://media.licdn.com/dms/image/v2/D5603AQFNaYoZ_u8mcQ/profile-displayphoto-shrink_100_100/profile-displayphoto-shrink_100_100/0/1706843176772?e=1788998400&v=beta&t=eR-unXEGxPDm72oQRDkfRW8xqafsraOgAibtMWFZL_M,false,Interested in Business,489,2026-08-25 00:00:00.000 +0530,,,,,,,,,,,,,,,,,2650,
Shashank Sourabh,Shashank,Sourabh,https://www.linkedin.com/in/shashank-sourabh-2b25ba15b,urn:li:member:643476518,shashank-sourabh-2b25ba15b,Shimla,Himachal Pradesh,India,"Shimla, Himachal Pradesh, India",sammon infracorp,Senior Civil Engineer,6-10yoe_global_indian,member_urn,,,,,,,,,,"Currently serving as a Senior Engineer (Tunnel and Underground Works) at Sammon Infracorp, I am overseeing Package-1 of the Shimla Bypass twin tunnel project. This high-stakes infrastructure development involves the 4-laning of NH-5 (formerly NH-22) within the challenging geological terrain of the Lesser Himalayan region, stretching from Kaithlighat to Shakral Village. My core responsibilities include managing tunnel execution and support systems in strict alignment with design specifications, overseeing the procurement of specialised rock tools, and implementing advanced overbreak control techniques for underground excavation",10/2025,false,https://media.licdn.com/dms/image/v2/D5603AQG1VUK7hBFo6Q/profile-displayphoto-scale_100_100/B56ZvLY0rJIQAc-/0/1768643843221?e=1788998400&v=beta&t=0sCZuyIyHeBmtBEYMcVujrT5ukQUylG8mLr2OwIl5TE,false,"Result-oriented Civil Engineer with an M.Tech in Engineering Geology from IIT (ISM) Dhanbad and extensive industrial experience in heavy civil infrastructure. Expert in managing complex excavation and execution works within challenging geological environments, including the Lesser Himalayas and urban settings. Proven track record in rock mass characterisation, Drilling & Blasting Methodologies (DBM), and mitigating blast-induced ground vibration. Currently overseeing critical works for the Shimla Bypass Tunnel project, with a specialised background in defence, hydroelectric, and metro infrastructure.",490,2026-08-25 00:00:00.000 +0530,,,,,,,,,,,,,,,,,2397,
ShAsHaNk... +919916229897.,ShAsHaNk...,+919916229897.,https://www.linkedin.com/in/shashank-919916229897-1a570726,urn:li:member:91333709,shashank-919916229897-1a570726,Udupi,Karnataka,India,"Udupi, Karnataka, India",SKEC & KCT (JV),Jr. Geologist.,10+yoe_global,member_urn,,,,,1369825,,,,,,10/2010,false,,false,,3960,2026-08-25 00:00:00.000 +0530,,,,,,,,,,,,,,,,,2470,
Suraj Meena,Suraj,Meena,https://www.linkedin.com/in/suraj-meena-927b3646,urn:li:member:164054191,suraj-meena-927b3646,Jaipur,Rajasthan,India,"Jaipur, Rajasthan, India",Internet,Internet,10+yoe_global,member_urn,,,,,,,,,,,1/2012,false,,false,,3962,2026-08-25 00:00:00.000 +0530,,,,,,,,,,,,,,,,,2023,
Akash Uchani,Akash,Uchani,https://www.linkedin.com/in/akash-uchani,urn:li:member:925937594,akash-uchani,Delhi,,India,"Delhi, India",Freelance,Freelance Data and Busienss Analyst,6-10yoe_global_indian,member_urn,,,,,,,,,,"Freelance Data Analyst & Business Analyst specializing in data-driven decision making, business insights, and analytical solutions. Skilled in Python, SQL, Tableau, Machine Learning, Predictive Analytics, Time Series Forecasting, and Business Intelligence. Experienced in analyzing datasets, building dashboards, identifying trends, and delivering actionable business recommendations. Worked on projects involving customer analytics, risk analysis, forecasting models, sentiment analysis, fraud detection, and business reporting. Passionate about transforming raw data into meaningful insights that improve business performance and strategic planning.",4/2016,false,https://media.licdn.com/dms/image/v2/C5603AQGUfloU9goFpw/profile-displayphoto-shrink_100_100/profile-displayphoto-shrink_100_100/0/1628746193189?e=1788998400&v=beta&t=4eAy3FgAH3bZIDTsWbgStINcajo9pU91maC3PyJ2WTc,false,"Freelance Data Analyst & Business Analyst specializing in data-driven decision making, business insights, and analytical solutions. Skilled in Python, SQL, Tableau, Machine Learning, Predictive Analytics, Time Series Forecasting, and Business Intelligence. Experienced in analyzing datasets, building dashboards, identifying trends, and delivering actionable business recommendations. Worked on projects involving customer analytics, risk analysis, forecasting models, sentiment analysis, fraud detection, and business reporting. Passionate about transforming raw data into meaningful insights that improve business performance and strategic planning.",491,2026-08-25 00:00:00.000 +0530,,,,,,,,,,,,,,,,,1840,
Satyam Mohan,Satyam,Mohan,https://www.linkedin.com/in/satyam-mohan-45825842,urn:li:member:149915012,satyam-mohan-45825842,New Delhi,Delhi,India,"New Delhi, Delhi, India","Varanasi Cantonment, Ministry of Defence, Govt of India",Chief Executive Officer,6-10yoe_global_indian,member_urn,,,,,,,,,,,8/2024,false,https://media.licdn.com/dms/image/v2/D4D03AQF5QIzzFMjpqA/profile-displayphoto-shrink_100_100/profile-displayphoto-shrink_100_100/0/1707830729665?e=1788998400&v=beta&t=11k4LXlf8MmpIN2nKDAUHcd447KPVMBngMppgH9XOR4,false,A civil servant with an urge to bring positive change in the country. Interested in technology enabled governance.,494,2026-08-25 00:00:00.000 +0530,,,,,,,,,,,,,,,,,2636,
Aditya Raj Suman,Aditya Raj,Suman,https://www.linkedin.com/in/aditya-raj-suman-9034bbb3,urn:li:member:404351571,aditya-raj-suman-9034bbb3,,,India,India,CMPDI (Central Mine Planning & Design Institute) (HQ),Deputy Manager,6-10yoe_global_indian,member_urn,,,,,,,,,,,12/2021,false,https://media.licdn.com/dms/image/v2/D5603AQE7CXZPcPjfzA/profile-displayphoto-scale_100_100/B56Zwsm47_GUAg-/0/1770274920140?e=1788998400&v=beta&t=R3kV4Xza_OrIheY76z9arFLnts4U9yWIxd70ZLkLFq0,false,"I am currently working as Deputy manager at CMPDI (HQ). Currently, providing consulting services to subsidiary companies of CIL and private coal producing companies. I have been entrusted with R&D jobs under S&T department (Min. of Science and technology), which involves research on breakthrough technologies in coal preparation.",495,2026-08-25 00:00:00.000 +0530,,,,,,,,,,,,,,,,,1677,
Pramod Rajmeny Rajmeny,Pramod Rajmeny,Rajmeny,https://www.linkedin.com/in/pramod-rajmeny-rajmeny-270096187,urn:li:member:737735412,pramod-rajmeny-rajmeny-270096187,Jodhpur,Rajasthan,India,"Jodhpur, Rajasthan, India",Rajmeny MinCare Consultants,Slope Stability Consultant,6-10yoe_global_indian,member_urn,,,,,,,,,,,3/2018,false,https://media.licdn.com/dms/image/v2/D4D03AQElfUVQYDy7Ng/profile-displayphoto-shrink_100_100/profile-displayphoto-shrink_100_100/0/1685545364017?e=1788998400&v=beta&t=5WF_zXZyK6kToAJM_Y3PJmQ1t48nQ8Z6KWpOtIjamlA,false,"I have worked about 4 decades in Hindustan Zinc Ltd., Vedeanta, about 3 decades in Zawar underground mines and one decade in Rampura Agucha open pit mine. At Rampura Agucha, I maintained and monitored the pit and dump slopes ensuring ramp up of production three times and pit deepening to 420m. The work involved refining blasting practices, establishing control blast techniques to minimize blast induced damage on blasting front. While geological faults were dealt with prestressed support system and intense depressurization were other major components for maintaining the stability. The pit was smartly monitored using 220 prisms, 2 radars, etc. RAM empirical model ( correlating strain with degree of failure symptoms) was formulated to verify the outcome of the instrumentation. While at Zawar, carried out India's largest pillar blast consuming 145 tonne of explosives yielding 0.55 million tonne of ore using electronic initiation.",496,2026-08-25 00:00:00.000 +0530,,,,,,,,,,,,,,,,,2340,
PARTHA PRATIM MAHATO,PARTHA PRATIM,MAHATO,https://www.linkedin.com/in/partha-pratim-mahato-356b00112,urn:li:member:474523122,partha-pratim-mahato-356b00112,Purulia,West Bengal,India,"Purulia, West Bengal, India",Kundan Gold Mines Private limited,Geophysicist,6-10yoe_global_indian,member_urn,,,,,,,,,,"SP,IP, Magnetic field data Acquisition, Processing & Interpretation",11/2025,false,https://media.licdn.com/dms/image/v2/D5603AQFsN2foKTayeA/profile-displayphoto-scale_400_400/B56ZtQ3LlcKgAg-/0/1766588203936?e=1788998400&v=beta&t=B2YZF9d0oiATcAS1QLmiNxLD5_i5YFiPjnkVskBnlVE,false,10 years,497,2026-08-25 00:00:00.000 +0530,,,,,,,,,,,,,,,,,2086,
SHUVARTHY CHOWDHURY,SHUVARTHY,CHOWDHURY,https://www.linkedin.com/in/shuvarthy-chowdhury-2b7752215,urn:li:member:912574507,shuvarthy-chowdhury-2b7752215,,,Greater Kolkata Area,Greater Kolkata Area,BYRNIHAT COAL PRIVATE LIMITED,Executive Director,10+yoe_indian,member_urn,,,,,,,,,,"Has been appointed as Director (Execution & Professional) w.e.f. 26.06.2026 Mining projects in North East establishments and starts and operation control, Commercial & Procurement, Financial Models & Budgeting, Detail Monitoring of project sites, Cost Control, Driving the Coal & Coke sale",6/2026,false,https://media.licdn.com/dms/image/v2/D5603AQGylwdIvQtjuQ/profile-displayphoto-scale_400_400/B56Z2MKp3OKgAg-/0/1776173099267?e=1788998400&v=beta&t=WRwinEz5a-B3-fJA2b21Z73Cd3rAhHtHdM-0vErPcDk,false,"With over 15+ years of experience in mining engineering, project management, operational leadership and consulting, I have successfully led large-scale mining projects across their entire lifecycle — from feasibility studies and due diligence to execution, operational ramp-up and business transformation. My career combines technical excellence with strategic leadership, enabling me to consistently deliver complex projects safely, efficiently and profitably.Currently, I serve as Deputy COO of Mahalaxmi Group, COO of Coal Pulz Private Limited and Executive Director of Byrnihat Coal Pvt. Ltd., where I provide strategic leadership for multiple mining, coke and power businesses. My responsibilities include greenfield project development, mine establishment, operational readiness, production planning, commercial strategy, budgeting, financial modelling, procurement, ERP implementation, performance management and stakeholder engagement. I have successfully led multidisciplinary teams while coordinating with government authorities, consultants, contractors and senior business leaders to ensure timely project execution and operational excellence.Prior to my current role, I gained extensive consulting and project advisory experience, leading detailed project reports, operational due diligence, bid advisory, techno-commercial evaluations, project monitoring, digital transformation initiatives and financial modelling for mining and industrial clients. This experience has strengthened my ability to evaluate project risks, optimize capital investments, improve operational performance and deliver sustainable value for clients.My foundation in mining engineering is complemented by an MBA from IIM Kashipur, PMP® certification, Lean Six Sigma Black Belt, and certifications in Digital Transformation and Agile Business Transformation. This combination enables me to bridge technical, commercial and strategic perspectives while leading complex projects in challenging environments.",1241,2026-08-25 00:00:00.000 +0530,,,,,,,,,,,,,,,,,1622,
lucky bhola,lucky,bhola,https://www.linkedin.com/in/lucky-bhola-23910721,urn:li:member:74910861,lucky-bhola-23910721,Ambala,Haryana,India,"Ambala, Haryana, India",lecollege at morbi,Accountant,10+yoe_global,member_urn,,,,,,,,,,,,false,,false,,3963,2026-08-25 00:00:00.000 +0530,,,,,,,,,,,,,,,,,2096,
Abu Alam,Abu,Alam,https://www.linkedin.com/in/abu-alam-26881a14,urn:li:member:49804784,abu-alam-26881a14,Birbhum,West Bengal,India,"Birbhum, West Bengal, India","Khaskole High School, Malda",Assistant Teacher,10+yoe_global,member_urn,,,,,,,,,,,,false,,false,,3964,2026-08-25 00:00:00.000 +0530,,,,,,,,,,,,,,,,,2069,
KARTHIKEYAN K,KARTHIKEYAN,K,https://www.linkedin.com/in/karthikeyan-k-241ba736,urn:li:member:128368273,karthikeyan-k-241ba736,Coimbatore,Tamil Nadu,India,"Coimbatore, Tamil Nadu, India",KVS Agros,Founder,founders,member_urn,,,,,,,,,,,9/2019,false,,false,,2885,2026-08-25 00:00:00.000 +0530,,,,,,,,,,17,28,,,,,,2090,
Dr. Atul Kumar,Dr. Atul,Kumar,https://www.linkedin.com/in/atuldnb,urn:li:member:146522158,atuldnb,Dhanbad,Jharkhand,India,"Dhanbad, Jharkhand, India",Consultant,Independent Consultant( AI-ML ),10+yoe_global,member_urn,,,,,,,,,,"Advised clients on adopting AI, Machine Learning, and Generative AI solutions to improve business efficiency and decision-making. Built Generative AI applications using LLMs, LangChain, and RAG frameworks for intelligent document search and automated Q&A. Fine-tuned and evaluated ML models to improve accuracy, scalability, and performance. Provided technical training and strategic guidance on responsible AI adoption and implementation.",3/2025,false,https://media.licdn.com/dms/image/v2/D4D03AQGWT-QyJdSkyg/profile-displayphoto-shrink_100_100/profile-displayphoto-shrink_100_100/0/1716311003695?e=1788998400&v=beta&t=BN064Jiba0OVrupK5lVRlmlnAn3gf2uMLhkpRo0mizo,false,"""Passionate Data Scientist with expertise in advanced analytical methodologies, Machine Learning, Deep Learning, NLP, statistical analysis, and generative AI. Eagerly seeking a dynamic role to manage and spearhead large-scale projects in data science, machine learning, and AI. I bring to the table a robust analytical mindset, technical proficiency, and a solid educational foundation. With hands-on experience in model development, deployment, and optimization, I am dedicated to addressing intricate challenges through a data-centric approach. Ready for relocation opportunities.""",6,2026-08-25 00:00:00.000 +0530,,,,,,,,,,,,,,,,,1699,
V. B. Bonny,V. B.,Bonny,https://www.linkedin.com/in/vbbonny,urn:li:member:1019050756,vbbonny,,,India,India,Self-employed,Writer,6-10yoe_global_indian,member_urn,,,,,,,,,,"Author — Independent (2019–Present) Published 6 books across dark romance, fiction, poetry, and human behavior Writes on emotional psychology, attachments, and behavioral patterns Built global reader base across Amazon, Medium, Wattpad, Patreon Develops long-term creative IP and structured storytelling frameworks Produces consistent content around emotional clarity and human insight",3/2020,false,https://media.licdn.com/dms/image/v2/D5603AQEsFQBQT6UlPA/profile-displayphoto-scale_200_200/B56Z33QibOKYAY-/0/1777969806159?e=1788998400&v=beta&t=jP8jV4ZB-IUoh9IQEREaJ-bPLQcPZ1LYXY00B2wIGcw,false,"I write romantic thrillers about people who love too hard, break too quietly, and survive things they were never supposed to.My work explores obsession, dangerous attachment, grief, betrayal, and the fragile line between love and destruction.As an Indian author and poet with an M.Tech from IIT Dhanbad, I bring together analytical precision and emotional intensity to craft stories where murder, secrets, and desire collide.I am drawn to psychologically layered characters—people trying to be understood in worlds that keep misreading them. My stories often live in the tension between control and chaos, tenderness and danger, love and ruin.Through #BonnyVerse, I am building a literary world for readers who crave emotionally intense storytelling, psychological suspense, and unforgettable characters.Genres: Romantic Thriller | Romantic Suspense | Dark FictionBooks include Half-Baked Love, Not Your Silver, Bullets to Betrayals, and more.Website: vbbonny.com",498,2026-08-25 00:00:00.000 +0530,,,,,,,,,,,,,,,,,2433,
Santu Bisui,Santu,Bisui,https://www.linkedin.com/in/santu-bisui-2b2ab3125,urn:li:member:519297254,santu-bisui-2b2ab3125,Midnapore,West Bengal,India,"Midnapore, West Bengal, India",IIT KHARGAPUR DEPARTMENT OF CHEMISTRY,Research Fellowship,6-10yoe_global_indian,member_urn,,,,,,,,,,,,false,https://media.licdn.com/dms/image/v2/C5103AQEo9vZlfUds7g/profile-displayphoto-shrink_100_100/profile-displayphoto-shrink_100_100/0/1517475123336?e=1788998400&v=beta&t=krvdpETP4vJiYOUkWO1ocMI_fKC66gApwzK_PVVlbvg,false,"As a synthetic organic chemist, I am passionate about researching the asymmetric total synthesis of complex natural products. My interests span synthetic methodology, catalysis, and medicinal chemistry, where I strive to push the boundaries of innovative solutions. I am proficient in handling large-scale reactions and have extensive experience working with air, temperature, and light-sensitive molecules. My expertise extends to enzymatic reactions and their practical applications in synthetic processes. Additionally, I am well-versed in various purification techniques, including chromatography and HPLC, and have hands-on experience solving crystal structures.",499,2026-08-25 00:00:00.000 +0530,,,,,,,,,,,,,,,,,1965,
Anirban Sen,Anirban,Sen,https://www.linkedin.com/in/anirban-sen-5ba84518,urn:li:member:61802782,anirban-sen-5ba84518,Pune,Maharashtra,India,"Pune, Maharashtra, India",Mahadhan Agritech Limited (Subsidiary of Deepak Fertilisers And Petrochemicals Corporation Limited),Vice President - Head Downstream Business,10+yoe_global,member_urn,,,,,,,,,,"I am pleased to inform you that I have joined Mahadhan Agritech Limited (formerly known as Smartchem Technologies Ltd.) , 100% subsidiary of Deepak Fertilisers & Petrochemicals Corporation Ltd. (DFPCL), as Vice President - Head Downstream Business. I would like to thank the management of DFPCL to accept my candidature and bestowing this opportunity to be a part of this esteemed company. I would also like to thank my ex-colleagues Mr. Sujeet Kumar for supporting me and Mr. Sanjay Ahuja for his guidance, in taking this role.",11/2024,false,https://media.licdn.com/dms/image/v2/C5603AQFheC2mHvyE9g/profile-displayphoto-shrink_100_100/profile-displayphoto-shrink_100_100/0/1568710933857?e=1788998400&v=beta&t=zhfxR199IwAJvHBVEvUH0o8d5dVpgFPvIT214ZzOjFM,false,"A Proﬁt-driven & success-oriented Business Development Manager oﬀering 30+ years of insightful experience in driving large engagements; New Business Development, Sales & Marketing, Revenue, Proﬁt & Loss, Operational Excellence, CRM, Resources Management, Strategic Planning with key focus on developing operational strategies to accomplish top & bottom-line proﬁtability. Broad experience across sectors pertaining to Construction & Mining. Expertise in planning, launching and developing new business verticals and performance improvement strategies. Experienced in enhancing market penetration, business volumes and growth through innovative strategies and Business alliances.",49,2026-08-25 00:00:00.000 +0530,,,,,,,,,,,,,,,,,2120,
Sibdas Bandyopadhyay,Sibdas,Bandyopadhyay,https://www.linkedin.com/in/sibdas-bandyopadhyay-833a995b,urn:li:member:214696551,sibdas-bandyopadhyay-833a995b,Kolkata,West Bengal,India,"Kolkata, West Bengal, India",Self-employed,Senior Consultant,10+yoe_global,member_urn,,,,,,,,,,,5/2017,false,https://media.licdn.com/dms/image/v2/C5103AQHqM4p4Mzq4UQ/profile-displayphoto-shrink_100_100/profile-displayphoto-shrink_100_100/0/1517608730804?e=1788998400&v=beta&t=Jjd-MpyNlmQR1l4y4336WlJ2v7gE2mOxHeqBw2WEE0s,false,"Experienced Scientist with a demonstrated history of working in ceramic membrane and water purification. Skilled in Research and Development (R&D), CO2 capture and Gas Separation. Strong research professional with 42 years of experience in separation technology and materials science, focused in Applied Chemistry from Indian School of Mines.",71,2026-08-25 00:00:00.000 +0530,,,,,,,,,,,,,,,,,2433,
Mahendra Pratap,Mahendra,Pratap,https://www.linkedin.com/in/mahendra-pratap-ba43b42,urn:li:member:6955180,mahendra-pratap-ba43b42,Noida,Uttar Pradesh,India,"Noida, Uttar Pradesh, India",Dirctorate General of India,Head Reservoir Engineering,10+yoe_global,member_urn,,,,,,,,,,,5/2023,false,https://media.licdn.com/dms/image/v2/C4E03AQEaHuP1e3fJBw/profile-displayphoto-shrink_100_100/profile-displayphoto-shrink_100_100/0/1548057426056?e=1788998400&v=beta&t=qxyi9W_1zVoLTyMxsHu0vgcqm5XbMVo1b_zYLZcC7dY,false,"With B.Tech and Post Graduate Diploma in Petroleum Engineering form IIT (ISM Dhanbad), India and Master of Science in Petroleum Engineering from NTNU, Trondheim, Norway majoring in Reservoir Simulation I have more than 35 years of work experience in oil and gas field development. It consists of about 17 years of Reservoir Simulation and classical reservoir engineering experience in ONGC’s premier institute known as Institute of Reservoir Studies (IRS), Ahmedabad which includes two years of abroad assignments as Consultant Reservoir Simulation Engineer with Petronas Research and Scientific Services (PRSS), Selangor, Malaysia and 3 years of field experience at ONGC’s Nazira Asset, Assam where I headed the Multidisciplinary team to rejuvenate one of the largest and the oldest matured oil field of ONGC, the Lakwa Oil field. After completing 20 years in ONGC, India, I moved abroad and served as Senior and Lead Reservoir Engineer with Petronas Carigali, Malaysia, Qatar Petroleum-Doha and ADCO- Abudhabi, UAE. I worked abroad for 11 years. I returned back to India in 2017 and almost took one year break to spend time with my 95 year old mother at my native village and birth place. From 2018 to 2022, I worked as Head- Reservoir Engineering, Badarivishal Oil Company, Safdarjung, Delhi, GM(Reservoir), Orissa Stevedores Ltd (Oil and Gas Division), Noida while working as Seniors Reservoir Simulation Consultant (part time) with Halliburton India, Gurgaon. My reservoir simulation work and contributions during these periods include preparation of FDPs, Review of existing FDPs that resulted in significant improvement in History Matching by incorporating incipient gas cap in the model, optimization of proposed infill wells as a result of expanding gas cap and recommendations for jacking up pressure through revamping of water injection plant. As a Senior Reservoir Consultant with Halliburton, the simulation model for Vancor Field, Russia was built, history matched and infill locations for enhancing field production proposed. Provided consultancy to Various OVL projects awarded to Halliburton for bidding purposes. I joined Halliburton in October 2022 as Senior Reservoir Consultant (full time) for their reservoir simulation projects with Cairn India Limited. Presently Head of Reservoir Engineering department at Directorate General of Hydrocarbons, Ministry of Petroleum and Natural Gas, Government of India",113,2026-09-01 21:00:56.853 +0530,,,,,,,,,,,,mp_1962@yahoo.com,,,,,1762,
Amardeep Saluja,Amardeep,Saluja,https://www.linkedin.com/in/amardeep-saluja,urn:li:member:3099278,amardeep-saluja,Mumbai,Maharashtra,India,"Mumbai, Maharashtra, India",Self-employed,Freelance Corporate Trainer,10+yoe_global,member_urn,,,,,,,,,,"Conducted over 250 workshops in the last 5 years in the areas of General Management, Change Management, Project Management and Leadership development. These workshops were conducted for Senior/Middle management teams at the Tata Group (TAS), Aditya Birla Group (LEAP), Cisco (Globally), PepsiCo (India and SA), TCS, L&T, Asian Paints, ITC, Emirates NBD (Dubai), etc. Apart from this, have also conducted these Business simulation workshops for students at IIM Lucknow and Goa Institute of Management.",4/2019,false,https://media.licdn.com/dms/image/v2/D4D03AQFPKKQnRJ5K4g/profile-displayphoto-scale_200_200/B4DZwDGXZJKQAY-/0/1769578549870?e=1788998400&v=beta&t=VLYxvqYyXeKEZ-uN71ORcb2wx13B7THye8V9SgTTx5Q,false,"Over 30 years' experience across different areas of business - Software programming, Project management, Technology function head, setting up and running a Production Center, Line of Business head, Chief of Operations, International sales, Strategy implementation and CTO. Apart from this, as a part of the Top Management team for the past eighteen years involved in defining business strategy and reviewing business performance. In the past five years heading the TOPSIM business which involves training middle to senior management teams across corporates in Business Acumen using Business simulations. Conducted over 250 workshops in topics like General Management, Going Global, Universal banking, Change Management and Project Management. Currently working as a freelance Corporate training in areas like Leadership training, Team work and Collaboration.",202,2026-08-25 00:00:00.000 +0530,,,,,,,,,,,,,,,,,2433,
Prabhat Kumar Sinha,Prabhat Kumar,Sinha,https://www.linkedin.com/in/pk-sinha-mining,urn:li:member:1150253783,pk-sinha-mining,Pune District,Maharashtra,India,"Pune District, Maharashtra, India",IMR Group,Executive Director,10+yoe_global,member_urn,,,,,,,,,,"My role is to oversee the overall development of both greenfield coal projects to ensure their early operationalization. I am responsible for engaging with ministry officials for obtaining Environmental and Forest Clearances and for presenting our representations positively to address policy-level challenges. Additionally, I coordinate with the Ministry of Coal to streamline processes as required. I also regularly monitor project progress, guide subordinates, and ensure timely execution of all related activities.",4/2024,false,https://media.licdn.com/dms/image/v2/D4E03AQGH8A5FPpIyqw/profile-displayphoto-shrink_100_100/profile-displayphoto-shrink_100_100/0/1689052348470?e=1788998400&v=beta&t=CCTDtKGRgmwjbQm3BpcNPJ3OJ1ot326c04cQK0nt5Fw,false,"Ex-CMD of Northern Coalfields Limited with over four decades of experience in the coal industry. Proven leadership ability and track record of delivering organizational outcomes. Awards: Coal Minister’s award – Best subsidiary (NCL) among coal companies. National Mine Safety award from the President of India. Fellowship of World Academy of Productivity Science in February 2020 for his role as a visionary corporate leader. 'IMMA Excellence Award 2018' and PSE Excellence Award for 2018 and 2019 by Indian Chamber of Commerce (ICC) recognizing his outstanding contribution to the Indian coal industry and national economy. ‘Best Green Business Leader of the Year’ for FY 2017-18 in recognition of his environmental excellence framework and conservation measures. HB Ghosh Memorial award for Best Mine Manager consecutively in 2012 and 2013 by the Mining Geological and Metallurgical Institute (MGMI). ‘Excellence Award in Environment’ from MP Pollution Control Board for FY 2010-11. Representations Delivered a talk on Sustainable Development of Singrauli Coalfields at Perth, Australia, in December 2019. Visited Russia as part of the Indian delegation to explore the digitization and technological upgradations of Indian mines, in August 2019. Represented the Indian coal industry in the International Mines Expo in Las Vegas, USA in September 2016. Represented the Indian Coal industry in Poland in the year 2008 and the World Mining Congress in Istanbul (Turkey) in 2011.",206,2026-08-25 00:00:00.000 +0530,,,,,,,,,,,,,,,,,1970,
Akhil K Garg,Akhil K,Garg,https://www.linkedin.com/in/akhil-k-garg-30475933,urn:li:member:118314868,akhil-k-garg-30475933,Bengaluru,Karnataka,India,"Bengaluru, Karnataka, India","Management systems & skills, mining & geology, counselling",Independent Professional,10+yoe_global,member_urn,,,,,,,,,,"Auditing (including third-party Certification Body auditing), training and consulting for various management systems (QMS, EMS, OHSMS, EnMS, ISMS, SAMS, MDQMS, ABMS, etc, and their integrated systems), QCI-NABET Schemes, and for other management skills & techniques under both classical management and systems management; personal, organizational and group counseling; and consulting for mining, exploration and geological projects.",12/2016,false,https://media.licdn.com/dms/image/v2/D5603AQEtsnZRQTf6aQ/profile-displayphoto-shrink_100_100/profile-displayphoto-shrink_100_100/0/1675397555810?e=1788998400&v=beta&t=-Ewxf_Mldoc6lq1SCTvql_cbQSTIxXPS6ABmkGGZJX0,false,"I am a distinguished Management Systems professional, Lead Auditor, and Trainer with over 30 years of hands-on experience driving organizational excellence, compliance, and risk mitigation. Since pioneering and heading the Management Systems Division at CMPDI, Coal India Limited, in 1996, I have been into facilitating organizations to integrate different ISO management-systems for themselves for pursuing value adding operational systems.As an independent expert, I partner with multiple top-tier Certification Bodies (CBs) to conduct high-stakes audits and deliver intensive Lead Auditor training programs across approximately 10 distinct management systems.Core Areas of Expertise:Standards Implementation, Auditing & Training: SA8000, ISO 9001, ISO 14001, ISO 45001, ISO 13485, ISO 17025, ISO 27001, ISO 37001, ISO 50001, ISO 37101, ISO 31000, and QCI-NABET accreditation schemes.Thought Leadership: Authoring simplified, practical guides on ISO standards to help global practitioners master and implement complex management systems frameworks.My foundation is rooted in a strong academic background as an IIT (ISM) Dhanbad Gold Medalist and Hayden Medal recipient, followed by institutional research. I remain passionate about demystifying standards and empowering the next generation of management-systems and compliance leaders.✉️ Let’s Connect",264,2026-08-25 00:00:00.000 +0530,,,,,,,,,,,,,,,,,2131,
PRABHAT RANJAN,PRABHAT,RANJAN,https://www.linkedin.com/in/prabhat-ranjan-516278178,urn:li:member:705349602,prabhat-ranjan-516278178,Hyderabad,Telangana,India,"Hyderabad, Telangana, India",IDL Explosives Limited,Whole Time Director,6-10yoe_global_indian,member_urn,,,,,,,,,,,7/2024,false,,false,,3728,2026-08-25 00:00:00.000 +0530,,,,,,,,,,,,,,,,,1959,
Bhushan Prasad Singh,Bhushan Prasad,Singh,https://www.linkedin.com/in/bhushan-prasad-singh-37bb52a6,urn:li:member:379078799,bhushan-prasad-singh-37bb52a6,Hyderabad,Telangana,India,"Hyderabad, Telangana, India",Central Govt,DDMS,10+yoe_global,member_urn,,,,,,,,,,,,false,https://media.licdn.com/dms/image/v2/D5603AQGvezlmXc3vkg/profile-displayphoto-shrink_100_100/B56ZUTKwPfGUAc-/0/1739783341941?e=1788998400&v=beta&t=RB4FkX8iGvS7EMsaw_XyBIHw-oaqsXzsLcqeDQ9aEi8,false,,2635,2026-08-25 00:00:00.000 +0530,,,,,,,,,,,,,,,,,1640,
MADHAV OJHA,MADHAV,OJHA,https://www.linkedin.com/in/madhav-ojha-5b4a6855,urn:li:member:196716376,madhav-ojha-5b4a6855,Delhi,,India,"Delhi, India",Self-employed,"1.Advisor- Sadbhav Engineering Ltd.,Ahmedabad. 2. Advisor- Monnet Ispat and Energy Ltd., New Delhi",10+yoe_global,member_urn,,,,,,,,,,1. Initiated steps to open new coal mines 2. Coordination with Coal India and subsidiaries of Coal India for business developoment,9/2011,false,https://media.licdn.com/dms/image/v2/C5103AQHtExY9q_4uIQ/profile-displayphoto-shrink_100_100/profile-displayphoto-shrink_100_100/0/1516882609476?e=1788998400&v=beta&t=CqpS7XiJgigNTWYnKVfrPBq25PS6ZwT6HUa9bPAZam0,false,"I am passionate about private coal mining and coal utilisation. i) Preparation of various documents/reports, co-ordinating with various agencies/authorities and implementing in field for starting a new coal mine. ii) Streamlining steps for coal linkage for industrial use. iii) Co-ordination with CIL/subsidiaries.",351,2026-08-25 00:00:00.000 +0530,,,,,,,,,,,,,,,,,2433,
Rajeev Kumar Singh,Rajeev,Kumar Singh,https://www.linkedin.com/in/rajeev-kumar-singh-29170a21,urn:li:member:76409101,rajeev-kumar-singh-29170a21,Delhi,,India,"Delhi, India",Mivaan Steels Limited (A Subsidiary of JSW Limited),Associate Vice President- Raw Material Procurement,10+yoe_global,member_urn,,,,,,,,,,Responsible for Procurement/sourcing of Raw Material for Raipur Plant.,11/2019,false,https://media.licdn.com/dms/image/v2/D5603AQGcOyPuz_ew-g/profile-displayphoto-scale_200_200/B56ZwzUD7lIEAY-/0/1770387425116?e=1788998400&v=beta&t=m4MKfiJ8tVx2-GoLS0hVyKm3cRbBfahYja6MrCWVmzU,false,,1539,2026-08-25 00:00:00.000 +0530,,,,,,,,,,,,,,,,,2170,
Dr. Tarun Singh,Dr. Tarun,Singh,https://www.linkedin.com/in/taruniitism,urn:li:member:592439668,taruniitism,South Delhi,Delhi,India,"South Delhi, Delhi, India",Tarushka Engineering and Consultancy Works (P) Ltd.,Managing Director,10+yoe_global,member_urn,,,,,,,,,,,5/2019,false,https://media.licdn.com/dms/image/v2/C5603AQGdnd-swA0q9Q/profile-displayphoto-shrink_100_100/profile-displayphoto-shrink_100_100/0/1600699219623?e=1788998400&v=beta&t=wIxpn_Rkp9IkbED3R2mWxlR_87BuoD4jC5gwJfZnwbo,false,"This is a new startup dealing with Geology and Geotechnical Engineering consultations for construction projects. Currently, we have only a few consultancy jobs and looking for new opportunities.",366,2026-08-25 00:00:00.000 +0530,,,,,,,,,,,,,,,,,2550,
Prasun Kumar,Prasun,Kumar,https://www.linkedin.com/in/prasun-kumar-cbic,urn:li:member:361248880,prasun-kumar-cbic,Dhanbad,Jharkhand,India,"Dhanbad, Jharkhand, India",Central Board of Indirect Taxes and Customs,Superintendent of Customs,10+yoe_global,member_urn,,,,,,,,,,,1/2024,false,https://media.licdn.com/dms/image/v2/C4E03AQEh2g4agMZMrw/profile-displayphoto-shrink_100_100/profile-displayphoto-shrink_100_100/0/1517027689653?e=1788998400&v=beta&t=TpMUmg0vAZmU5oL1uJGx2AcbplaUKcSbmQuoFgk2tT4,false,"I aspire to work in a challenging and competitive environment, thus making strong contributions to organizational goals, through continued development of my technical and professional skills.",382,2026-08-25 00:00:00.000 +0530,,,,,,,,,,,,,,,,,1634,
M.B. Classes,M.B.,Classes,https://www.linkedin.com/in/m-b-classes-10bb351a5,urn:li:member:806037851,m-b-classes-10bb351a5,Rajarhat,West Bengal,India,"Rajarhat, West Bengal, India",M.B. Classes,Educationist,6-10yoe_global_indian,member_urn,,,,,,,,,,,1/2019,false,https://media.licdn.com/dms/image/v2/C5103AQFZ29Sw1B4P1Q/profile-displayphoto-shrink_100_100/profile-displayphoto-shrink_100_100/0/1585472452653?e=1788998400&v=beta&t=VdVBazx8kvpWQLnMnsnsVBEYhAJZGvXY4RPwLsD66KY,false,"An Institute by Ex-IITian & Ex-Presidencian in West Bengal, Kolkata. We look for NEET, AIIMS, JIPMER, JEE(Mains & Advance), WBJEE and Board exams in Physics, Biology, Mathematics, Chemistry & other Board subjects. Visit our website: www.mbclasses.co.in #kolkata #neet #jee #westbengal #institute",446,2026-08-25 00:00:00.000 +0530,,,,,,,,,,,,,,,,,2138,
MANMOY PAUL,MANMOY,PAUL,https://www.linkedin.com/in/manmoy-paul-594b5634,urn:li:member:122291392,manmoy-paul-594b5634,Falakata,West Bengal,India,"Falakata, West Bengal, India",DIPS COOCHBEHAR,Teacher,6-10yoe_global_indian,member_urn,,,,,,,,,,,5/2018,false,https://media.licdn.com/dms/image/v2/C4D03AQFp_MLARxEd9w/profile-displayphoto-shrink_100_100/profile-displayphoto-shrink_100_100/0/1596828181161?e=1788998400&v=beta&t=lOnbPdl8dS_bICOTPE8NcSJfJWqYUobBNtTVaB_w91I,false,"5 Years of Teaching experience.I am a teacher of mathematics for higher education. I love to sing,playing guitar, Play Badminton,Rubik's cube solving, I know Matlab programming",447,2026-08-25 00:00:00.000 +0530,,,,,,,,,,,,,,,,,1761,
Dr.Thinesh Kumar,Dr.Thinesh,Kumar,https://www.linkedin.com/in/dr-thinesh-kumar-71b0ba27,urn:li:member:92811911,dr-thinesh-kumar-71b0ba27,Ranchi,Jharkhand,India,"Ranchi, Jharkhand, India",Coal India Limited,Manager (Geophysics),10+yoe_indian,member_urn,,,,,,,,,,"Seismic Data Acquisition, Processing and Interpretation, Well Log Interpretation, Magnetic Data Interpretation and Electrical methods.",8/2013,false,https://media.licdn.com/dms/image/v2/D4D03AQGCqu7noLEXjw/profile-displayphoto-scale_400_400/B4DZw39zjGG4Ag-/0/1770465476818?e=1788998400&v=beta&t=8YbHXT3gT-BzfaYGenAo1BKtKerK-vN9Z7edJrruJ_Y,false,I am Passionate about solving knotty problems in Geophysics,1255,2026-08-25 00:00:00.000 +0530,,,,,,,,,,,,,,,,,956,
Er.ASHWANI KUMAR,Er.ASHWANI,KUMAR,https://www.linkedin.com/in/er-ashwani-kumar-67202926b,urn:li:member:1107858038,er-ashwani-kumar-67202926b,Sibsagar,Assam,India,"Sibsagar, Assam, India",Potential and Concepts Education Sibsagar Assam,Mathematics Faculty,6-10yoe_global_indian,member_urn,,,,,,,,,,,4/2022,false,https://media.licdn.com/dms/image/v2/D4E03AQEGnifOVy_ehQ/profile-displayphoto-shrink_100_100/profile-displayphoto-shrink_100_100/0/1679506690716?e=1788998400&v=beta&t=GA3f8jGU-v0t_W-ij7e-YoWg3fhofA09QxAQ5fe_Tns,false,I have been Working as Mathematics Mentor Since 2017. #Worked at Vertex Medjee Academy Himmatnagar Gujrat for Four Years and During Covid I have prepared a complete Course (Video Lecture) of 11th and 12th Mathematics for JEE Mains and Advance . #Currently Working as Mathematics Mentor in Potential and Concepts education Sibsagar Assam since April 2022,448,2026-08-25 00:00:00.000 +0530,,,,,,,,,,,,,,,,,2305,
Priyanka Panigrahi,Priyanka,Panigrahi,https://www.linkedin.com/in/priyankapanigrahi,urn:li:member:319588055,priyankapanigrahi,Ahmedabad,Gujarat,India,"Ahmedabad, Gujarat, India","Institute of Reservoir Studies (IRS), ONGC",Assistant Executive Engineer(Reservoir),10+yoe_global,member_urn,,,,,,,,,,"TECHNICAL ROLES: 1. Part of key field development projects of Eastern Offshore NELP Blocks, KG-DWN-98/2 2. Regular monitoring & assessment of oil & gas production of Rajahmundry and Eastern Offshore 3. Part of concept building team on Capacitance Resistance Model for Water Injection for Software Development NON-TECHNICAL ROLES: 1. Represented project achievements for FY 2018-19 of IRS in Technical Advisory Council 2019, pan ONGC via Video Conferencing 2. Delegate at Women Leadership Conclave-IWN CII",7/2017,false,https://media.licdn.com/dms/image/v2/C4E03AQGOgVQPaBI65A/profile-displayphoto-shrink_100_100/profile-displayphoto-shrink_100_100/0/1626142090932?e=1788998400&v=beta&t=wzEkKiOxlwzkdmSh02vufVzu0d264NQ-D1xazEkMfsY,false,"If I take up something, then I make sure, I continue it, till I complete it. Till then, I am "" Of it, By it & For it "". My attitude towards learning has paid me back in terms of holistic development of technical skills, which involve - Map Digitzation, Oilfield Data Management & Analysis, Decline Curve Analysis, & Reservoir Simulation. I have shown presentation skills par excellence, in terms of oral and written(academic/literary). I strongly believe in team work, be it a good team player or commander at a project. I delightfully accept criticism to improve on those realms but I make sure that unnecessary criticism do not hamper my plans & work. Always motivated and daring to go, I do not accept shortcuts and prefer to work for my goal, no matter what it takes. In professional communication, I tend to be friendly & sober which makes me a efficient manager as well as a peacemaker. Simultaneously, my attention & detailing succeed to convince, even those people who differ with me, initially.",501,2026-08-25 00:00:00.000 +0530,,,,,,,,,,,,,,,,,2018,
Sarwar Khan,Sarwar,Khan,https://www.linkedin.com/in/sarwar-khan-614176a6,urn:li:member:376639216,sarwar-khan-614176a6,Delhi,,India,"Delhi, India",Al Kahtani Est,Business Manager,6-10yoe_global_indian,member_urn,,,,,,,,,,,11/2018,false,https://media.licdn.com/dms/image/v2/D4D03AQFTmF3gq8LEBA/profile-displayphoto-scale_200_200/B4DZ8JHhw8GwAc-/0/1782564397605?e=1788998400&v=beta&t=WiU7PP_IDJlIvLGy7yJYzNEqOQ0t2ClEw9s54QikRac,false,"Experienced Sales/Export Manager, Skilled professional for deal Negotiation, Brand Management, CRM, Strategic Planning, Sales professional with (MBA) focused in Business, Marketing Management, Documents handling",502,2026-08-25 00:00:00.000 +0530,,,,,,,,,,,,,,,,,1526,
Nagasuresh Enjamuri,Nagasuresh,Enjamuri,https://www.linkedin.com/in/nagasuresh-enjamuri-7062a570,urn:li:member:251537334,nagasuresh-enjamuri-7062a570,Nalgonda,Telangana,India,"Nalgonda, Telangana, India",Poornaprajna Institute of Scientific Research (PPISR),Assistant Professor,6-10yoe_global_indian,member_urn,,,,,100652474,,,,,,1/2024,false,https://media.licdn.com/dms/image/v2/D5603AQGhP45mdkabAA/profile-displayphoto-shrink_100_100/profile-displayphoto-shrink_100_100/0/1704344843760?e=1788998400&v=beta&t=mdoloHdVbslEBEo1NOw3byb7rnsNK_J6MLB4mcI-9pY,false,"Myself, Dr. Nagasuresh Enjamuri currently (Jan 2024-present) working as Assistant Professor in Heterogeneous Catalysis in Materials Sciences and Catalysis Department of Poornaprajna Institute of Scientific Research (PPISR), Bengaluru, Karnataka, India. Before this, I worked as a Postdoctoral Research Fellow (Sep2022-Dec2023) at Hokkaido University, Japan. Prior to this, I worked as a Research Associate (June2019-Aug2022) at CSIR-National Chemical Laboratory Pune, Maharashtra, India. I obtained my Ph.D. degree in Chemistry (2018) from Indian Institute of Technology (Indian School of Mines) Dhanbad, Jharkhand, India. Before this, I did my M.Sc. Chemistry (2013) from Indian Institute of Technology Guwahati, Assam, India. My research work is mainly focuses on developing industrially relevant catalytic processes for CO2 utilization, biogas upgradation and biomass valorization. I published 12 research articles in international journals with an h-index of 8 and more than 200 citations.",503,2026-08-25 00:00:00.000 +0530,,,,,,,,,,,,,,,,,2303,
Ram Kumar,Ram,Kumar,https://www.linkedin.com/in/ram-kumar-21351b242,urn:li:member:1010546799,ram-kumar-21351b242,Samastipur,Bihar,India,"Samastipur, Bihar, India",Government ITI Biraul Darbhanga,Vice Principal,6-10yoe_global_indian,member_urn,,,,,,,,,,,9/2025,false,https://media.licdn.com/dms/image/v2/D5603AQF9XNFplkA4oA/profile-displayphoto-scale_400_400/B56ZnEPE4eKMAg-/0/1759933912487?e=1788998400&v=beta&t=kkBgOtAKLI0EXpwO0nlbdO_TCyEYAGfRJ43yT2ZTMLQ,false,"I am a hardworking & self motivated Mechanical Engineer.I have done Master's from IIT ISM Dhanbad.I have strong Technical and Professional skills.I have done internship from BOSCH Global Software Technologies Pvt Ltd Bangalore. Currently I am working in KIOCL Limited PSU as a GET under the Ministry of Steel, Govt. of India.",507,2026-08-25 00:00:00.000 +0530,,,,,,,,,,,,,,,,,1895,
Dr. Sudhir Kumar,Dr. Sudhir,Kumar,https://www.linkedin.com/in/dr-sudhir-kumar-0641b957,urn:li:member:200553484,dr-sudhir-kumar-0641b957,,,Greater Delhi Area,Greater Delhi Area,Goverment Polytechnic Uttawar (Palwal),Assistant Workshop Supdtt. (Foreman Instructor),10+yoe_global,member_urn,,,,,,,,,,,8/2016,false,https://media.licdn.com/dms/image/v2/C5103AQGO3ulu6VmNvA/profile-displayphoto-shrink_100_100/profile-displayphoto-shrink_100_100/0/1516962033361?e=1788998400&v=beta&t=4BbOlrGAk7tpJti6vqcKVwV_76ijS2v_lsPQqlkXfu0,false,Reseacher/ Academicians /PhD in Mechanical Engineering from IIT(ISM) Dhanbad/M.Tech. (Machine Design) & B.Tech (Mechanical Engineering),553,2026-08-25 00:00:00.000 +0530,,,,,,,,,,,,,,,,,1890,
Dadhichi Kumar Singh,Dadhichi,Kumar Singh,https://www.linkedin.com/in/dadhichi-singh-ds1511,urn:li:member:797574728,dadhichi-singh-ds1511,Jharkhand,,India,"Jharkhand, India",Self-employed,UI/UX Designer,6-10yoe_global_indian,member_urn,,,,,,,,,,"Designed UI/UX for mobile applications and websites through self-initiated portfolio projects Created wireframes, layouts, and interactive screens focusing on usability and clean design Developed user flows for login, onboarding, dashboards, and service-based applications Designed responsive interfaces for both mobile and web platforms Applied basic UX principles such as user journey, accessibility, and visual hierarchy Used tools like Figma and Adobe Photoshop to create and refine designs Iterated designs based on self-review and usability improvements Maintained design consistency across screens and components",1/2026,false,https://media.licdn.com/dms/image/v2/D5603AQHZ_d4dWjRHBQ/profile-displayphoto-scale_200_200/B56ZwLM3F5KsAY-/0/1769714449126?e=1788998400&v=beta&t=EugJI1Q16w3bwDNnbTm_oabXe1ZqREaTbFLXTMxqVWA,false,"B.Tech Computer Science Engineering student (2026) with hands-on experience in computer operations, data entry, and office documentation. Completed ADCA and industry training programs, with practical exposure to Python programming during training and internship. I bring 2+ years of professional experience as a Service Advisor and Data Entry Executive, handling system-based records, accuracy-driven work, and customer communication. Alongside my technical background, I have a strong foundation in visual design and am specializing in UI/UX design, focusing on clean UI, logical user flow, and usability-driven design for apps and websites. Currently building a practical portfolio through hands-on projects. Open to roles in UI/UX Design, Computer Operations, Data Entry, and related entry-level technical positions.",508,2026-08-25 00:00:00.000 +0530,,,,,,,,,,,,,,,,,2433,
Rahul Minz,Rahul,Minz,https://www.linkedin.com/in/rahul-minz-a408bab5,urn:li:member:411317328,rahul-minz-a408bab5,Ranchi,Jharkhand,India,"Ranchi, Jharkhand, India",Govenment of Jharkhand,Assistant Director cum Senior Scientific Officer,6-10yoe_global_indian,member_urn,,,,,,,,,,,6/2022,false,https://media.licdn.com/dms/image/v2/D4D03AQG_W6otNcIzLg/profile-displayphoto-shrink_100_100/profile-displayphoto-shrink_100_100/0/1683135540954?e=1788998400&v=beta&t=aX7sK9vMrHz_I5an_MJvvu2vCT8eRaHoIN-mEusT_uY,false,Assistant Director in State Forensic Science laboratory.,509,2026-08-25 00:00:00.000 +0530,,,,,,,,,,,,,,,,,1888,
Amit Jain,Amit,Jain,https://www.linkedin.com/in/amit-jain-6a0700175,urn:li:member:697477080,amit-jain-6a0700175,Dhanbad,Jharkhand,India,"Dhanbad, Jharkhand, India",Bath Inn,Chief Executive Officer,6-10yoe_global_indian,member_urn,,,,,,,,,,,8/2023,false,https://media.licdn.com/dms/image/v2/C4D03AQHw46uKldEyVw/profile-displayphoto-shrink_100_100/profile-displayphoto-shrink_100_100/0/1653986136069?e=1788998400&v=beta&t=PL3qHvaF3nOrF1VnBytWOYrJhg2EBny68wkQZ_uvA80,false,Currently I am pursuing MBA from IIT(ISM) Dhanbad.,510,2026-08-25 00:00:00.000 +0530,,,,,,,,,,,,,,,,,1576,
Saumya ',Saumya,',https://www.linkedin.com/in/saumya-414a09241,urn:li:member:1008781072,saumya-414a09241,Gurugram,Haryana,India,"Gurugram, Haryana, India",Patent Drafting and Prosecution,Patent Attorney,6-10yoe_global_indian,member_urn,,,,,,,,,,,4/2025,false,https://media.licdn.com/dms/image/v2/C5603AQFqEr3_I4SQJA/profile-displayphoto-shrink_100_100/profile-displayphoto-shrink_100_100/0/1654967315828?e=1788998400&v=beta&t=QPE9lIvCmeo1Pi5YRur6BRCSi1sRbtd3qsn-z5oqm3s,false,Registered Patent Agent,511,2026-08-25 00:00:00.000 +0530,,,,,,,,,,,,,,,,,2275,
Manu Bhalla,Manu,Bhalla,https://www.linkedin.com/in/manu-bhalla-b6513878,urn:li:member:275037053,manu-bhalla-b6513878,Mumbai,Maharashtra,India,"Mumbai, Maharashtra, India",Self-employed,Investment Professional,6-10yoe_global_indian,member_urn,,,,,,,,,,-Conduct in-depth market research and sectoral analysis to identify high-potential investment opportunities. -Manage a diversified family portfolio with a focus on long-term wealth creation. -Analyze behavioral patterns in financial markets to optimize investment strategies. -Successfully completed NISM Series V-A: Mutual Fund Distributors & NISM Series-XV: Research Analyst certifications.,3/2020,false,https://media.licdn.com/dms/image/v2/D4D03AQFRiBI4Dq9d7A/profile-displayphoto-shrink_100_100/B4DZV_ZsPpG8AU-/0/1741599197637?e=1788998400&v=beta&t=Nzu8syR3xsl1NvpfZOWJyWAES-UPvyfDZwpimsSiSp4,false,"Analytical and results-driven professional with experience in investment management, business analysis, and operations. Proficient in financial markets, data analytics, and strategic decision-making. Adept at identifying investment opportunities, managing stakeholder relationships, and optimizing business operations. Passionate about finance, market trends, and data-driven decision-making.",512,2026-08-25 00:00:00.000 +0530,,,,,,,,,,,,,,,,,2433,
paramasivan ramaiah,paramasivan,ramaiah,https://www.linkedin.com/in/paramasivan-ramaiah-ba02a830,urn:li:member:108215976,paramasivan-ramaiah-ba02a830,Chennai,Tamil Nadu,India,"Chennai, Tamil Nadu, India",neyvelignitecorporationltd,chief manager/mineplanning,10+yoe_global,member_urn,,,,,,,,,,,7/2011,false,https://media.licdn.com/dms/image/v2/C5603AQEXJ3HT0DiN6g/profile-displayphoto-shrink_100_100/profile-displayphoto-shrink_100_100/0/1516443851860?e=1788998400&v=beta&t=txj7dtuHQVlxRTbeLOCUTC84HIbPUpuiT5Z-jCRhx6o,false,Large open cast Mine Planning.Project Planning. Leading any Team.,575,2026-08-25 00:00:00.000 +0530,,,,,,,,,,,,,,,,,2212,
Sachidananda Giri,Sachidananda,Giri,https://www.linkedin.com/in/sachigiri,urn:li:member:498188976,sachigiri,Sundargarh,Odisha,India,"Sundargarh, Odisha, India",M/s Geetarani Mohanty. The World Group,Assistant Manager ( Mining Geologist),6-10yoe_global_indian,member_urn,,,,,,,,,,"Developed and implemented monthly, quarterly, and annual excavation and production plans, integrating geological data with operational capacities to consistently exceed production targets and reduce operational costs by an estimated 10%. Led geological exploration activities, including drilling supervision, core logging, sampling, and geological mapping, delivering accurate data for resource modeling and reserve estimation, enhancing resource accuracy by approximately 15%. Prepared, reviewed, and updated statutory Mine Plans and Mining Plan Modifications in strict compliance with IBM guidelines and regulatory frameworks, ensuring 100% regulatory adherence. Successfully prepared the Review of Mining Plan for Raikela Iron Ore Mines (6.986 MTPA) for M/s Geetarani Mohanty, aligning production capacity with approved regulatory conditions and optimizing mine operations. Prepared the Modification of Mining Plan for Bolani Iron Ore Mines (16.0 MTPA) for Steel Authority of India Limited (SAIL), incorporating production enhancement strategies, updated geological inputs, and addressing operational challenges, resulting in improved mine efficiency. Managed grade control operations by implementing systematic sampling, rigorous analysis, and reconciliation processes, reducing ore dilution and loss by up to 12%, and maintaining consistent ore quality standards. Ensured full statutory compliance with mining, environmental, and safety regulations by maintaining precise technical documentation, facilitating successful inspections, audits, and regulatory submissions. Conducted environmental monitoring and reporting to support sustainable mining practices, ensuring adherence to environmental clearances and consent conditions, contributing to a 20% improvement in environmental compliance metrics.",9/2020,false,https://media.licdn.com/dms/image/v2/D5603AQH8YlfavByUXw/profile-displayphoto-shrink_400_400/B56ZcfFFV5HEAg-/0/1748573117091?e=1788998400&v=beta&t=SnIkdZUK5MGaE48avGh_htoGhlVBiiwKvWSVXzRmxTs,false,"Mining Geologist with 7+ years of experience in geological exploration, resource estimation, mine planning, and statutory compliance in iron ore mining operations. Recognized as a Qualified Person (QP) by Indian Bureau of Mines (IBM) with proven expertise in preparing mining plans and review documents. Currently working as Assistant Manager (Geology) at M/s Geetarani Mohanty, The World Group, contributing to large-scale mining operations including Raikela Iron Ore Mines (6.986 MTPA). Core expertise includes: Geological exploration & resource estimation Mine planning & pit optimization Grade control & quality assurance Statutory compliance (MCDR, IBM, EC conditions) Drilling supervision & geological logging Environmental monitoring & reporting Production planning & excavation scheduling Previously worked across Iron Ore Mines in Odisha, gaining hands-on experience in operational geology, mine planning, and regulatory compliance. I am passionate about efficient mine planning, sustainable mining practices, and operational excellence.",513,2026-08-25 00:00:00.000 +0530,,,,,,,,,,,,,,,,,2183,
Khurshid Ahmed,Khurshid,Ahmed,https://www.linkedin.com/in/khurshid-ahmed-8a159423,urn:li:member:82060537,khurshid-ahmed-8a159423,Jammu & Kashmir,,India,"Jammu & Kashmir, India",Self-employed,Faculty,6-10yoe_global_indian,member_urn,,,,,,,,,,,7/2025,false,https://media.licdn.com/dms/image/v2/D4D03AQHn_QykLrOL4w/profile-displayphoto-shrink_100_100/profile-displayphoto-shrink_100_100/0/1675393540782?e=1788998400&v=beta&t=0mIYV1KffCqvIGeMBILOo-ZttcnoweXaegaGjmbs3zA,false,"After acquiring ample experience, I joined Learning Ant. Where I nurture future engineer, IITians, doctors and people of academia to achieve their goals. I passionately work to inspire and have a positive effect on youth, the future of India.",514,2026-08-25 00:00:00.000 +0530,,,,,,,,,,,,,,,,,2433,
