full_name,first_name,last_name,linkedin_url,member_urn,public_identifier,city,state,country,location,company,job_title,source_file,dedup_key_used,company_description,company_employees,company_founded_year,company_industry,company_linkedin_id,company_linkedin_url,company_location,company_specialities,company_website,job_description,job_started_on,premium,profile_picture_url,recently_hired,summary,id,last_updated,headline,company_url,followers_count,personal_website,ism_batch_start,ism_batch_end,colleges,mobile_number,remark,category_1,category_2,personal_email,work_email,assumed_mobile_no,branch,degree,company_id,lead_status
Indrajeet Verma,Indrajeet,Verma,https://www.linkedin.com/in/indrajeet-verma-8b64a8339,urn:li:member:1425532170,indrajeet-verma-8b64a8339,,,India,India,Khan Global Studies,Associate Professor of Chemistry,founders,member_urn,"Khan Global Studies (KGS) is a comprehensive education platform working under the guidance of popular YouTube educator Khan Sir (Patna), committed to delivering quality and result-oriented learning for both competitive examinations and academic preparation. At KGS, students gain access to in-depth learning content across General Knowledge, Current Affairs, History, Polity, Geography, Economics, Science & Technology, Defence Studies, Space Technology, Indian Map & World Map, Physics, Chemistry, Biology, Computer Science, and Social Education. KGS is widely recognized for preparation in UPSC, UPPCS, BPSC, BSSC, UPSSSC, SSC, Banking, Railways, Airforce, NDA, CDS, CAPF, and other competitive examinations. Alongside competitive exams, KGS also provides structured and exam-focused preparation for NEET, JEE, CUET, and Board Examinations (Classes 9–12) through expert faculty, conceptual clarity, and consistent academic guidance. The vision of KGS is to make quality education accessible, affordable, and impactful, helping students succeed in both career-defining competitive exams and school-level academics.",853,2021,Education,88419313,http://www.linkedin.com/company/khan-global-studies,"Ghaziabad, Uttar Pradesh, India",,www.khanglobalstudies.com,,4/2025,false,,false,"Khan global study-KGS / Ex-PW | Ex-Aakash institute faculty, Delhi | IITian | Ex- Resonance faculty | IIT-ISM Dhanbad | Education | Chemistry | Founder-JanSansad |Delhi",2613,2026-08-25 00:00:00.000 +0530,,,,,,,,,,,,,,,,,1156,
Avik Majumder,Avik,Majumder,https://www.linkedin.com/in/avik-majumder-816a9126,urn:li:member:92257362,avik-majumder-816a9126,Kolkata,West Bengal,India,"Kolkata, West Bengal, India",Kink Revealers - Revealing the Unseen,Principal Delivery Manager,10+yoe_global,member_urn,"Kink Revealers Private Limited is a trusted partner in delivering critical insights into Earth’s surface and subsurface conditions. We empower asset developers and owners with integrated engineering solutions through data driven decision making that helps to design and develop safe and sustainable infrastructure in an efficient way —on land and marine environment. Backed by deep domain expertise and cutting-edge technologies, and multidisciplinary team, we offer ‘fit-for-purpose’ solutions, tailored to the unique challenges of the Energy and Infrastructure sectors. Whether it’s ground modelling, geophysical surveys, or HSSE-compliant design, we bring clarity, confidence, and precision to every project.",8,,Engineering Services,109279474,http://www.linkedin.com/company/kink-revealers-revealing-the-unseen,,,http://kinkrevealers.com/,"In my role at Kink Revealers Private Limited, I am leading complex programs while ensuring client satisfaction and project delivery excellence. By managing budgets and resources effectively, I achieved significant improvements in operational efficiency and team performance. My focus on risk management and compliance helped maintain high standards across all projects.",10/2025,true,https://media.licdn.com/dms/image/v2/D5603AQEx7qB7XZznow/profile-displayphoto-scale_100_100/B56Zhkujb7G4Ac-/0/1754036583519?e=1788998400&v=beta&t=bMeX-DQPhHOKQbRZy14AFyfeqzksB4O7Nlz4OGgSuzg,false,"Kink Revealers Private Limited focuses on delivering exceptional project management and operational efficiency, leveraging my extensive expertise in risk management, resource allocation, and compliance. As Principal Delivery Manager, I collaborate with cross-functional teams to implement streamlined processes, ensure timely project delivery, and uphold stringent quality standards. With over a decade of experience in geophysical and geotechnical project management, I am committed to delivering tailored solutions that align with client objectives and industry regulations. My passion lies in driving innovation, ensuring safety, and enhancing team performance, supported by strong technical skills in data management, HSSE practices, and advanced delivery of projects.",1103,2026-08-25 00:00:00.000 +0530,,,,,,,,,,,,,,,,,1158,
Abhinn Tirkey,Abhinn,Tirkey,https://www.linkedin.com/in/abhinn-tirkey-b64a17297,urn:li:member:1205874364,abhinn-tirkey-b64a17297,Thane,Maharashtra,India,"Thane, Maharashtra, India",HEALWELL24,Chief of Growth strategies,6-10yoe_global_indian,member_urn,"Vioma Lifesciences is a fast growing; India’s First Digital Healthcare , Lifesciences & MedTech Company. DIGITAL HEALTHCARE & DIAGNOSTICS - WELLNESS Vioma Lifesciences - Formerly HealWell24™ is a digital health platform that offers convenient online medical services that empower people to take control of their health. Vioma Lifesciences , Vioma Biologics & ViomaTech ( A Vioma Lifesciences Subsidiary) Vioma Lifesciences Formerly HealWell24™ provide an easy-to-use web and mobile platform where members can connect with India's top doctors - 365 days a year. We empower individuals with remote screening where patients can connect with their dedicated doctors anytime, from anywhere, and engage in live video sessions. HealWell24™ has provided essential healthcare service to thousands of Indians for conditions such as bone cancer, dental abscesses and diabetic retinopathy. Headquartered in Mumbai & RD at Thane",23,2017,Hospitals and Health Care,13367498,https://in.linkedin.com/company/healwell24viomalifesciences,"Mumbai, Maharashtra, India","Corporate Wellness, Diagnostics, telehealth, lab test at home, doctor, Digital Healthcare, Healthtech, Healthcare professional, pharma, B2B HEALTHCARE, B2C HEALTHCARE, MEDICAL DEVICES, MEDCOMMERCE, Digital Therapeutics, Biologics, and Lifesciences",http://viomalife.com/,"Planning and execution of setting up a diagnostic lab Planning operational flow in the Mumbai region Designing expansion plan in and outside Mumbai Outlining online and offline marketing strategies Product owner of our applications and website Collaborating with sales, marketing, technology, and human resources teams to meet deadlines and achieve goals",5/2023,false,https://media.licdn.com/dms/image/v2/D5603AQGD4qtUBsQWxA/profile-displayphoto-shrink_100_100/profile-displayphoto-shrink_100_100/0/1699290088783?e=1788998400&v=beta&t=PgJ191PA2fBNXK0nrTpbhghKe7Qomp-A47m74NMla9w,false,"Ever wondered how tech, politics, and healthcare can intersect? That's the tapestry of my professional journey. With a foundation in Computer Science and a twist of Marketing & HR from my MBA, I've woven a career that's as diverse as it is dynamic. As the Chief of Growth & Staff at HealWell24, I blend analytical prowess with strategic creativity. From Product Management to Market Analysis, my toolbox is vast. But what truly fuels me? The thrill of turning challenges into opportunities, using cross-functional teamwork as my secret sauce. If you're as passionate about pioneering solutions and charting unexplored territories as I am, let's connect and paint the bigger picture together.",148,2026-08-25 00:00:00.000 +0530,,,,,,,,,,,,,,,,,149,
Zakir Shaikh,Zakir,Shaikh,https://www.linkedin.com/in/zakir-shaikh-9519352,urn:li:member:8283661,zakir-shaikh-9519352,Pune,Maharashtra,India,"Pune, Maharashtra, India",Kirloskar Ferrous,Executive Vice President - Human Resources,10+yoe_indian,member_urn,"A vision powered by values instilled in us over a span of 130 years, prepares us for a future of infinite possibilities. A future that is “Limitless”. With innovation at the core of everything we do, we engineer a tomorrow where the progress of human kind is always at the forefront. Kirloskar Ferrous Industries Limited was incorporated in 1991 and has two manufacturing plants. Initially Kirloskar Ferrous Industries Limited was formed with one manufacturing unit at Koppal District, Karnataka. Subsequently, in the year 2007, Shivaji Works Limited located at Solapur, Maharashtra was acquired by us. Today, Kirloskar Ferrous Industries is one of the fastest growing companies in the business, with our core products being Pig Iron, Grey Iron Castings and S. G Iron Castings. Our innovative solutions power the automotive industry, infrastructure and construction, agriculture sector and steel plants, partnering with our customers to build a future that is “Limitless”. The mark ‘Kirloskar’ used in any form as prefix or suffix, ‘i’ and copyright ‘limitless’ as shown are owned by Kirloskar Proprietary Limited and Kirloskar Ferrous Industries Limited is the permitted user.",1403,1991,Manufacturing,1529590,http://www.linkedin.com/company/kirloskarferrous,"Koppal, Karnataka, India","Cylinder Block [Euro 6 Complaint], Cylinder Head [Euro 6 Complaint], Water Jacketed Cylinder Block [Euro 6 Complaint], Housings, and Pig Iron",https://www.kirloskarferrous.com,Head HR and overall responsible for Steel & Tubes,7/2025,false,https://media.licdn.com/dms/image/v2/C4E03AQGX8RTzdt8ucg/profile-displayphoto-shrink_100_100/profile-displayphoto-shrink_100_100/0/1582701361039?e=1788998400&v=beta&t=8sqJdMTYdO8Qr4BR9iinBei_BeBxPHq8QJJyNDEekDU,false,"More than two decades of successful & professional industry leadership experiences in Human Resources closely working with MDs, CEOs, CXO, COOs, Central/Global Functional Lead and even with known Business Leaders. An astute Leader with heterogeneous exposure, adding value to Business by creative thinking & strategically aligning HR with Core Business, M&A and enhance Leadership effectiveness. Experienced in strategic Corporate and Plant HR, with Indian Co., US-JV & EU-MNC. Broadly with Manufacturing, Marketing, Sales, GCC, Engineering & Research Center, etc and delivered it through effective Human Resource Management Skills. Strength & areas of expertise include strategy (business, workforce & HR functional), HR & Business transformation, Leadership Development, Organisation Beh. & Culture building, Capability building/Human Capital, Workforce Design & Planning, Talent Management & Succession Planning, Merger/Acquisition integration, Change Management and Executive Coaching for brown field and green field. Performed role of a performance analyst, mentor, change agent, guide, Global Leader for People Development (PD) motivator, SHL/PI/Thomas Assessment; strong exposure to key HR, Sr. Lead Champion of DSS+ & efficient Personnel Management functions in Industry.",1187,2026-08-25 00:00:00.000 +0530,,,,,,,,,,,,,,,,,1159,
Anuj A.,Anuj,A.,https://www.linkedin.com/in/anuj-a-9367987,urn:li:member:22845498,anuj-a-9367987,Bengaluru,Karnataka,India,"Bengaluru, Karnataka, India",Knowl,Co-Founder,founders,member_urn,External link for Knowl,18,2022,Software Development,89536159,http://www.linkedin.com/company/knowlio,"Bengaluru, Karnataka, India",,https://www.knowl.ai,,5/2022,false,,false,"I architect and scale AI-driven platforms that unlock new markets and revenue streams. Skilled in backend, cloud tech, and modern ML frameworks, my journey spans leading ML-led fintech at Reef and Pinogy to collaborating with global teams at Baker Hughes and Backblaze — applying fine-tuning techniques to optimize risk models and user experiences. One career highlight: driving WFP’s School Connect project — part of their Nobel Peace Prize recognition. Now building Knowl, where we’re reimagining Voice AI for BFSI. We’ve already powered 3Cr+ calls — and we’re just getting started. Always up to jam on AI, systems that scale, or turning sharp ideas into real-world outcomes.",3382,2026-08-25 00:00:00.000 +0530,,,,,,,,,,17,28,,,,,,1160,
Prabhakar J.,Prabhakar,J.,https://www.linkedin.com/in/prabhakar-kumar-jha,urn:li:member:547348135,prabhakar-kumar-jha,,,Greater Delhi Area,Greater Delhi Area,Design2Occupancy Services LLP,Deputy Manager – Operations,10+yoe_global,member_urn,,,,,,,,,,"HVAC & Solar O&M – Spearhead operation and maintenance of HVAC and solar systems, ensuring reliability, efficiency, and sustainability. Installation & Commissioning – Lead installation, testing, and commissioning of AC/DC power systems and solar projects. Energy Audits – Conduct investment‑grade energy audits, identifying conservation opportunities and optimizing performance. ECBC Compliance – Ensure adherence to national energy efficiency standards across building projects. Green Building Certification – Manage IGBC/LEED certification processes and commissioning activities. Government Liaison – Collaborate with agencies, consultants, and third parties for inspections and project delivery. Business Development – Expand footprint across Eastern India through client engagement and proposal management. Capacity Building – Deliver nationwide technical training programs in energy efficiency and renewable energy. Life Cycle Assessment – Conduct LCA studies to evaluate environmental impacts of building materials and systems.",5/2019,false,https://media.licdn.com/dms/image/v2/C5603AQGnIJlMbEP0jw/profile-displayphoto-shrink_100_100/profile-displayphoto-shrink_100_100/0/1654800098148?e=1788998400&v=beta&t=xIDcEB9o-K6tXQ8TZ5s3LKl8eTquXeSvcNPV6CeX34I,false,"Dynamic Energy Management & Sustainability professional with 9+ years of expertise in HVAC systems, solar power projects, and green building consultancy. Skilled in operations, maintenance, installation, testing, and commissioning of AC/DC power systems, rooftop and ground‑mounted solar plants, and advanced HVAC solutions. Proven success in delivering energy audits, ECBC compliance, and green building certifications to drive sustainable infrastructure.Recognized for leading multi‑crore sustainability projects, managing stakeholder engagement, and collaborating with government agencies for project delivery. Adept at business development, proposal management, and expanding organizational footprint across Eastern India. Strong leadership in capacity‑building programs, technical training, and cross‑functional team management, ensuring measurable energy savings and operational excellence.Committed to innovation, sustainability, and creating long‑term impact through Life Cycle Assessment (LCA), commissioning management, and customer‑centric solutions.",153,2026-08-25 00:00:00.000 +0530,,,,,,,,,,,,,,,,,1751,
SONAM RANI,SONAM,RANI,https://www.linkedin.com/in/sonamiitdhn,urn:li:member:680059794,sonamiitdhn,Jharkhand,,India,"Jharkhand, India",Tata Steel,Assistant Manager,6-10yoe_global_indian,member_urn,"Tata Steel is one of the world’s most diversified integrated steel producers, with a capacity of 35 million tonnes per annum (MTPA) across India, the Netherlands, the UK, and Thailand. The World Economic Forum has recognised Tata Steel’s Jamshedpur, Kalinganagar and IJmuiden plants as Manufacturing Lighthouses. With over 76,000 employees worldwide, Tata Steel is a Great Place to Work®-certified organisation. In India, Tata Steel operates in Jamshedpur and Gamharia in Jharkhand, and in Kalinganagar (including Neelachal Ispat Nigam Limited) and Meramandali in Odisha, with an overall capacity of 26.6 MTPA. The Company has captive mining operations in India, including collieries in Jharia and West Bokaro, as well as iron ore mines in Noamundi, Katamati, Joda East, Khondbond, Vijaya II, and Koida. It also operates iron ore assets in Labrador and Northern Quebec, Canada. Tata Steel aims to achieve Net Zero emissions by 2045. The upcoming 0.75 MTPA electric arc furnace-based steelmaking facility in Ludhiana is the Company’s first low-emission plant in India. In the UK, Tata Steel is transitioning to a 3.2 MTPA EAF-based steelmaking route, following the decommissioning of its heavy-end assets in 2024. In 2025, the Government of the Netherlands and Tata Steel signed a non-binding Joint Letter of Intent for the first phase of the transition to low-emission steel production at IJmuiden. Focused on sustainability, innovation, agility, and fostering deep relationships with customers and communities, Tata Steel aspires to become the most respected and valuable metals and mining company globally.",58348,,Mining,166262,https://fr.linkedin.com/company/tatasteelltd,"Mumbai, Maharashtra, India","steelmaking, engineering, mining, steel products, steel solutions, steel research et engineering",https://www.tatasteel.com,Finance and Accounts,11/2024,false,https://media.licdn.com/dms/image/v2/C5103AQGZDmBh_19IWg/profile-displayphoto-shrink_100_100/profile-displayphoto-shrink_100_100/0/1545754551681?e=1788998400&v=beta&t=PBWS7cGxdpZ0VUvMSr99gYB4cKTwG7ZtZ2b0IaLqN9c,false,ο Developing and implementing the strategy ο Business & Lead Generation ο Strategic Planner ο Sales Operations ο Market Analyst ο Retail Management ο Account Management ο Data Analysis ο Brand communication ο Application writing,157,2026-08-25 00:00:00.000 +0530,,,,,,,,,,,,,,,,,29,
vandit vyas,vandit,vyas,https://www.linkedin.com/in/vanditvyas16,urn:li:member:621363380,vanditvyas16,Mumbai,Maharashtra,India,"Mumbai, Maharashtra, India",Coal India Limited,Deputy Manager (Geology),6-10yoe_global_indian,member_urn,"This is the official page of Coal India Limited. Coal India Limited (CIL) the state-owned coal mining corporate, came into being in November 1975. With a modest production of 79 Million Tonnes (MTs) at the year of its inception Coal India, today is the single largest coal producer in the world and one of the largest corporate employer with manpower of 2,12,066 (as on 1st April, 2026). Spread across eight Indian states, CIL operates in 85 mining areas, managing a total of 295 working mines, consisting of 121 underground, 163 opencast, and 11 mixed mines along with other establishments like workshops, hospitals, and so on. CIL is a Maharatna company – a privileged status conferred by the Government of India to select state-owned enterprises in order to empower them to expand their operations and emerge as global giants. CIL has thirteen subsidiary companies viz. Eastern Coalfields Limited (ECL), Bharat Coking Coal Limited (BCCL), Central Coalfields Limited (CCL), Western Coalfields Limited (WCL), South Eastern Coalfields Limited (SECL), Northern Coalfields Limited (NCL), Mahanadi Coalfields Limited (MCL), Central Mine Planning & Design Institute Limited (CMPDIL), CIL Navi Karniya Urja Limited (for development of non-conventional/clean & renewable energy), Bharat Coal Gasification and Chemicals Ltd. (for development of Coal-to-Ammonium Nitrate project in India), Coal Gas India Ltd. (for coal gasification projects) & CIL Rajasthan Akshay Urja Limited (for renewable business). CIL has a foreign subsidiary in Mozambique namely Coal India Africana Limitada (CIAL) (for acquiring, exploration, and development of overseas coal assets). Further, CIL has six joint venture companies – Hindustan Urvarak & Rasayan Limited, Talcher Fertilizers Ltd., CIL NTPC Urja Pvt. Ltd., Coal Lignite Urja Private Limited, International Coal Venture Private Limited & DVC CIL Power Private Ltd. The mines in Assam i.e. North Eastern Coalfields (NEC), are managed directly by CIL.",2666,1975,Mining,90357974,https://in.linkedin.com/company/coalindialtd,"Baruipur, West Bengal, India","Coal Mining, Energy Provider, and Foraying into Renewables",https://www.coalindia.in,"Nodal Officer (Geology) for 3 Areas in Western Coalfields Limited (WCL). Involved in planning and execution of Annual Exploration Program at Projects and Planning Division. Responsible for Coal Block Auctions and Bidding for WCL. Certified Internal Auditor for ISO, Preparation and Monitoring Of Ongoing Projects for WCL.",3/2024,false,https://media.licdn.com/dms/image/v2/D4D03AQGSYN3E9fCXJw/profile-displayphoto-scale_100_100/B4DZmzcZ_xIEAc-/0/1759652194261?e=1788998400&v=beta&t=TLVVk1NQob7psCjSnkftlNymLfXO_fS-4hgoODvUtag,false,"Experienced Applied Geologist with a demonstrated history of working in the the field of coal mining industry under Ministry of Coal, India. Skilled in Microsoft Excel, Microsoft Word, Strategic Planning, Public Speaking, and basic ArcGIS and AutoCAD. Strong professional with a MSc Tech in Applied Geology from Indian Institute of Technology (Indian School of Mines), Dhanbad.",158,2026-08-25 00:00:00.000 +0530,,,,,,,,,,,,,,,,,88,
Nikhil Paliwal,Nikhil,Paliwal,https://www.linkedin.com/in/nikhil-paliwal-b83b45141,urn:li:member:579125331,nikhil-paliwal-b83b45141,Gurugram,Haryana,India,"Gurugram, Haryana, India",Ricekraft,Co-Founder,founders,member_urn,Ricekraft is a K-Beauty brand offering K-Beauty products which are Clean & Effective and suitable for Indian Skin and Climate.,3,2021,Retail Health and Personal Care Products,85191449,http://www.linkedin.com/company/ricekraft,"Ahmedabad, Gujarat, India","Social Media Management, Digital Marketing, Ads Optimization, Skincare, Operations Management, Supply Chain Management, Growth, and Relationship Management",http://ricekraft.com,"We at RiceKraft envision to fuse Korean traditions with modernity by blending rice with new age ingredients, and deliver Clean and Effective Korean Skincare products tailored for Indian skin needs.",11/2024,false,,false,,3517,2026-08-25 00:00:00.000 +0530,,,,,,,,,,17,28,,,,,,1325,
Shashi Kumar,Shashi,Kumar,https://www.linkedin.com/in/sh4shi,urn:li:member:858363069,sh4shi,Bengaluru,Karnataka,India,"Bengaluru, Karnataka, India",Amazon,Software Development Engineer,founders,member_urn,,760446,,Software Development,1586,https://www.linkedin.com/company/amazon,,,,,8/2025,false,,false,,3523,2026-08-25 00:00:00.000 +0530,,,,,,,,,,,,,,,,,392,
Manish Kumar,Manish,Kumar,https://www.linkedin.com/in/manishkumarsinha,urn:li:member:28111931,manishkumarsinha,Chennai,Tamil Nadu,India,"Chennai, Tamil Nadu, India",KOBELCO Construction Equipment India,"Associate Vice President, Quality Head",10+yoe_indian,member_urn,External link for KOBELCO Construction Equipment India,785,2006,Machinery Manufacturing,817604,http://www.linkedin.com/company/kobelcoindiaofficial,"Noida, Uttar Pradesh, India","Construction Equipment Manufacturing , Heavy Equipment Manufacturing, Mining Equipment Manufacturing, Earthmoving and Construction Equipment, Excavator, Crane, Mini Excavator, Construction Excavator, and Mining Excavator",https://www.kobelco-in.com/,,6/2023,false,https://media.licdn.com/dms/image/v2/D5603AQFVMXTJ1pIpaA/profile-displayphoto-shrink_100_100/profile-displayphoto-shrink_100_100/0/1703241810307?e=1788998400&v=beta&t=BH2h_61TBFIoVGMF9_fwHb-BnOYrinyHmohWEiAHaKY,false,"*Problem Solver & Continuous Improvement Leader *21+ years of rich experience in Quality Management & Operational Excellence in various MNCs. *Currently, working as AVP and Head of Quality Department in Kobelco Construction Equipment India, Chennai, since June'23. *Earlier worked as Head of Quality Department in Tata Marcopolo Motors (multi-plant operation ) till May'23. *Earlier worked as Head of Quality Department in Hyundai Construction Equipment India, Pune since Nov'18 till Nov'21 *Earlier worked in Tata Hitachi Construction Machinery in QA for 14 years (since May 2003) *Lean Six Sigma Black Belt *Certified Lead Auditor of ISO 9001:2015 *TBExG (Tata Business Excellence Group)-Certified Internal Assessor of Business Excellence (based on Malcolm Baldridge Quality Award Criteria) *Skilled in Product, Process, Customer & Supplier Quality Management, New Product and Component Development, Lean Six Sigma, Design Thinking, QMS, DMAIC, SPC/SQC, APQP, PPAP, VA-VE, Reliability Engg. *Experienced in Hydraulics, Manufacturing Processes, Mining Machinery *Successfully executing reliability and value engineering projects based on voice of customer by leveraging bench-marking, gap analysis and mitigation *Proficient in analytical tools, problem-solving approaches, process improvement, anticipatory failure identification & prevention *Outstanding communication & collaborative leadership skills, problem solving and conflict resolution skills",698,2026-09-01 21:00:56.853 +0530,,,,,,,,,,,,quasiobvert@gmail.com,,,,,1161,
Rajesh Bagaria,Rajesh,Bagaria,https://www.linkedin.com/in/rajesh-bagaria-62253614,urn:li:member:49093370,rajesh-bagaria-62253614,Delhi,,India,"Delhi, India",KONKAN LNG LIMITED,Chief Executive Officer,10+yoe_global,member_urn,"Konkan LNG Limited (KLL) is a strategically located LNG regasification terminal at Dabhol, Maharashtra, empowering India's clean energy future. Backed by GAIL (India) Limited, KLL plays a pivotal role in ensuring reliable, efficient, and sustainable natural gas supply to industries, power, and transport sectors across western India and beyond. With a capacity of 5 MMTPA, scalable infrastructure, and a newly commissioned breakwater, KLL is now a year-round operational port, capable of receiving cargo even during the monsoon — a milestone that places it among India’s most versatile LNG terminals. Our key infrastructure includes: LNG unloading and storage Regasification facilities Truck Loading Facility (TLF) KLL is committed to safety, environmental stewardship, and operational excellence — ensuring energy access, sustainability, and growth for a cleaner tomorrow. Location: Dabhol, Maharashtra Website: https://konkanlng.in Industry: Oil & Energy / LNG Infrastructure Specialties: LNG Regasification, Natural Gas Logistics, Clean Energy, All-Weather Port Operations, Gas-Based Economy Support",55,2013,Oil and Gas,85234450,http://www.linkedin.com/company/konkan-lng-limited,"Guhagar, Maharashtra, India",,http://konkanlng.in,,4/2025,false,https://media.licdn.com/dms/image/v2/D4D03AQHNftkaqItzLw/profile-displayphoto-shrink_100_100/profile-displayphoto-shrink_100_100/0/1687588690156?e=1788998400&v=beta&t=Mep21GwHNFhZKz0Vb59M6sliEjKsg2BLEk74guS9_ms,false,,1604,2026-08-25 00:00:00.000 +0530,,,,,,,,,,,,,,,,,1162,
Ayush Nigam,Ayush,Nigam,https://www.linkedin.com/in/ayush-nigam-6a709841,urn:li:member:146514655,ayush-nigam-6a709841,Gurgaon,Haryana,India,"Gurgaon, Haryana, India",KPMG India,Assistant Manager,founders,member_urn,"KPMG entities in India are established under the laws of India and are owned and managed (as the case may be) by established Indian professionals. Established in September 1993, the KPMG entities have rapidly built a significant competitive presence in the country. Today we operate from offices across 14 cities including in Ahmedabad, Bengaluru, Chandigarh, Chennai, Gurugram, Hyderabad, Jaipur, Kochi, Kolkata, Mumbai, Noida, Pune, Vadodara and Vijayawada. KPMG entities have a domestic client base of over 2700 companies. Our global approach to service delivery helps provide value-added services to clients. Our differentiation is derived from a rapid performance-based, industry-tailored and technology-enabled business advisory services delivered by some of the leading talented professionals in the country. KPMG professionals are grouped by industry focus and our clients are able to deal with industry professionals who speak their language. Our internal information technology and knowledge management systems enable the delivery of informed and timely business advice to clients.",31199,,Business Consulting and Services,2525298,http://www.linkedin.com/company/kpmgindia,"Gurugram, Haryana, India","Tax, Advisory, Risk Consulting, Strategic Alliances, Deal Advisory, Infrastructure Advisory services, Government Advisory services, KPMG Learning Academy, Global Mobility Services, International Tax, Transfer Pricing, Indirect Tax, Deal Advisory, M&A Tax, BFSI Tax, and Management consulting",https://social.kpmg/contactus,,4/2024,false,,false,"A dedicated, self-motivated and hardworking individual with 8+ years of work experience. Currently leading Analytics and Automations team at KPMG India. Past experience is across Financial Operations, Program & Product Management. Industry experience is across Managed Services, Hospitality & E-commerce.",2419,2026-08-25 00:00:00.000 +0530,,,,,,,,,,,,,,,,,1163,
Supratim Bhattacharjee,Supratim,Bhattacharjee,https://www.linkedin.com/in/supratim-bhattacharjee-7ab83881,urn:li:member:291708275,supratim-bhattacharjee-7ab83881,New Delhi,Delhi,India,"New Delhi, Delhi, India",KPMG India,Consultant ICDS,founders,member_urn,"KPMG entities in India are established under the laws of India and are owned and managed (as the case may be) by established Indian professionals. Established in September 1993, the KPMG entities have rapidly built a significant competitive presence in the country. Today we operate from offices across 14 cities including in Ahmedabad, Bengaluru, Chandigarh, Chennai, Gurugram, Hyderabad, Jaipur, Kochi, Kolkata, Mumbai, Noida, Pune, Vadodara and Vijayawada. KPMG entities have a domestic client base of over 2700 companies. Our global approach to service delivery helps provide value-added services to clients. Our differentiation is derived from a rapid performance-based, industry-tailored and technology-enabled business advisory services delivered by some of the leading talented professionals in the country. KPMG professionals are grouped by industry focus and our clients are able to deal with industry professionals who speak their language. Our internal information technology and knowledge management systems enable the delivery of informed and timely business advice to clients.",31199,,Business Consulting and Services,2525298,http://www.linkedin.com/company/kpmgindia,"Gurugram, Haryana, India","Tax, Advisory, Risk Consulting, Strategic Alliances, Deal Advisory, Infrastructure Advisory services, Government Advisory services, KPMG Learning Academy, Global Mobility Services, International Tax, Transfer Pricing, Indirect Tax, Deal Advisory, M&A Tax, BFSI Tax, and Management consulting",https://social.kpmg/contactus,Working in KPMG Advisory Services' PMU at Ministry of Women and Child Development. Working on 1.Skill Recognition of Anganwadi Worker as Caregiver 2.Anganwadi Functionaries Working Conditions and social security benefits (including PM JAY) 3.Matters related to Capital Assets,2/2025,false,,false,"Supratim Bhattacharjee is a highly skilled Public Policy graduate with a strong academic background, currently deputed as a Consultant at the Ministry of Women and Child Development under the Saksham Anganwadi and Poshan 2.0 Division through KPMG Advisory Services. He has previously served as a Central MME Associate at Pratham Education Foundation, focusing on government partnership programs, and as a Project Management & Policy Research Intern at UNNATHI. His diverse expertise spans education policy, healthcare, social security, employment-based policies, and large-scale program monitoring and evaluation. He possesses proven capabilities in inter-ministerial coordination, policy development, scheme evaluation, data-driven governance, capital asset monitoring, and evidence-based decision support, positioning him as a valuable contributor to institutional strengthening and public sector reform initiatives",2421,2026-08-25 00:00:00.000 +0530,,,,,,,,,,,,,,,,,1163,
Vaibhav Bose,Vaibhav,Bose,https://www.linkedin.com/in/vaibhavbose1,urn:li:member:489629948,vaibhavbose1,Lucknow,Uttar Pradesh,India,"Lucknow, Uttar Pradesh, India",Landmark Group,Manager - Finance,founders,member_urn,"For over five decades, Landmark Group has shaped the region’s retail and hospitality landscape-growing from a single store in Bahrain to one of the largest and most successful omnichannel and hospitality groups across the Middle East, Asia and Africa. Rooted in purpose and powered by innovation, we bring together 21 trusted brands — including own brands like Centrepoint, Max, Home Centre, Babyshop, Splash, Shoemart, Lifestyle, VIVA, Citymax and more- spanning fashion, home, fitness, and hospitality. With over 2,500 stores across 15 countries, we live our purpose every day: creating exceptional value for all the lives we touch. Driven by a customer-first philosophy, we place strong emphasis on enriching every interaction. Through our portfolio of loyalty programmes, Shukran and Landmark Rewards, we connect with over 35 million active members, offering exclusive rewards and meaningful experiences across our brands and partners. At Landmark, we believe our greatest strength lies in our people. Our success is powered by talented and passionate Landmarkers who bring diverse perspectives, creativity, and expertise to everything they do. With over 53,000 employees from almost 100 nationalities, we continue to build a culture of growth, innovation, and shared purpose, living the group's values collectively of listening, empowering, adapting and delivering with integrity.",31482,,Retail,26500,http://www.linkedin.com/company/landmark-group,"Dubai, Dubai, United Arab Emirates","Retail, Malls, Fashion, Ecommerce, Hospitality, Supply Chain, and Leisure",http://www.landmarkgroup.com/,Corporate Finance,7/2024,false,,false,,3597,2026-08-25 00:00:00.000 +0530,,,,,,,,,,,,,,,,,1166,
Suparna Chatterjee,Suparna,Chatterjee,https://www.linkedin.com/in/suparna-chatterjee-96b16916,urn:li:member:54137891,suparna-chatterjee-96b16916,Bengaluru,Karnataka,India,"Bengaluru, Karnataka, India",LEdOrbis Solutions,Director,10+yoe_indian,member_urn,Ledorbis Solutions has been conceptualized by some of the very experienced team members coming from various facets of corporate world and educational domain. It helps provide learning opportunities to all sections of the society beyond the boundaries of restricted classroom learning and it believes in providing customized solutions based on individual learning requirements. The organization strives to provide a holistic approach towards the skill development from providing the requisite infrastructure to the study curriculum and the assessment programs to help make any individual attain the necessary expertise in the domain of his interest. Our motto is “Anywhere Anytime Learning”,4,2019,E-learning,30216788,http://www.linkedin.com/company/ledorbis-solutions,"Kolkata, West Bengal, India",,http://www.ledorbis.in,Online Training,6/2019,false,https://media.licdn.com/dms/image/v2/C4D03AQGZRt3rc7gktg/profile-displayphoto-shrink_100_100/profile-displayphoto-shrink_100_100/0/1516581358256?e=1788998400&v=beta&t=ro34xe0VoLBnvspGKiqL3CaGVnZ5i06RpV7WluKqBOs,false,,1988,2026-08-25 00:00:00.000 +0530,,,,,,,,,,,,,,,,,1168,
Sidesh Kumar Dhakar,Sidesh,Kumar Dhakar,https://www.linkedin.com/in/sidesh-kumar-dhakar-39b982149,urn:li:member:602592167,sidesh-kumar-dhakar-39b982149,,,India,India,Lenek Technologies Private Limited,Co-Founder,founders,member_urn,"Lenek is dedicated to designing, manufacturing, and marketing medical devices in India that can make medical diagnostics more convenient for both the patients and the medical institutions. We aspire to create an ecosystem of research and development around medical technologies in India with a mission to make healthcare accessible to everyone through point-of-care procedures. Reach out to us for discussions related to healthcare industry and to know more about the work we are doing.",33,2021,Medical Equipment Manufacturing,80168534,http://www.linkedin.com/company/lenek-technologies-private-limited,"Kanpur, Uttar Pradesh, India","Medical Technologies, Medical Imaging, Medical Devices, AI, Hardware Development, and Software Development",http://www.lenektech.com,,7/2021,false,,false,"Experienced in Product Development, Machine Learning, Deep Learning, Computer Vision, Signals, Python, and JavaScript full-stack development with a demonstrated history of working in Medical Imaging Technology, Education Technology, and Algorithmic Trading.",3395,2026-08-25 00:00:00.000 +0530,,,,,,,,,,17,28,,,,,,1169,
Devendra Singh,Devendra,Singh,https://www.linkedin.com/in/devendra-singh-6520a619,urn:li:member:62924318,devendra-singh-6520a619,Delhi,,India,"Delhi, India",Lenskart.com,OmniChannel Labs,founders,member_urn,"At Lenskart, we believe that clear vision is fundamental to the personal development and well-being of an individual, and our aim is to build tech-enabled solutions that improve access to affordable and quality ‘Eyewear for All’. We commenced our operations in India as an online business in 2010 and opened our first retail store in New Delhi in 2013. Since then, we have scaled through both the online and offline channels and have established a presence through our retail stores, websites, mobile applications, and other channels.",15082,2008,"Technology, Information and Internet",213339,http://www.linkedin.com/company/lenskart-com,"Gurgaon, Haryana, India","Eyewear, Eyeglasses, Sunglasses, Contact Lenses, Power Sunglasses, Optical, Retail, Fashion, Vision, Eyecare, Visioncare, Digital, Omnichannel, Ecommerce, Technology, Manufacturing, Supply Chain, and Phygital",http://www.lenskart.com,,,false,,false,"Learning & growing to disrupt Indian retail by Tech Innovations and Decentralised Supply Chain for OmniChannel business model. I also want to involve in projects where my expertise & contribution can bring sustainable development for the society, humanity and nature.",2075,2026-08-25 00:00:00.000 +0530,,,,,,,,,,,,,,,,,1170,
Vaishali Gupta,Vaishali,Gupta,https://www.linkedin.com/in/ism555,urn:li:member:174283743,ism555,Mumbai,Maharashtra,India,"Mumbai, Maharashtra, India",HYPHEN,Co-Founder & Chief Growth Officer,founders,member_urn,"The journey of Hyphen began when we discovered the challenges individuals face with the ever-growing options for addressing any skin concern, each helmed with different ingredients. Here, we hyphenate multiple ingredients to craft result-driven solutions catering to every Indian's skin concern. Nature's power and the potency of science come together in each bottle, offering an array of benefits and a touch of magic that elevates your skincare to a whole new level. Hyphen is fueled by our passion for skincare and a vision to build a brand that empowers you to HAVE IT ALL.",85,,Retail Health and Personal Care Products,97866340,http://www.linkedin.com/company/letshyphen,,,https://bit.ly/Lets_Hyphen,,7/2022,false,,false,,4096,2026-08-25 00:00:00.000 +0530,,,,,,,,,,17,28,,,,,,1171,
Tarun Sharma,Tarun,Sharma,https://www.linkedin.com/in/tarun-sharma-a5993328,urn:li:member:97859877,tarun-sharma-a5993328,Mumbai,Maharashtra,India,"Mumbai, Maharashtra, India",HYPHEN,Co-Founder,founders,member_urn,"The journey of Hyphen began when we discovered the challenges individuals face with the ever-growing options for addressing any skin concern, each helmed with different ingredients. Here, we hyphenate multiple ingredients to craft result-driven solutions catering to every Indian's skin concern. Nature's power and the potency of science come together in each bottle, offering an array of benefits and a touch of magic that elevates your skincare to a whole new level. Hyphen is fueled by our passion for skincare and a vision to build a brand that empowers you to HAVE IT ALL.",85,,Retail Health and Personal Care Products,97866340,http://www.linkedin.com/company/letshyphen,,,https://bit.ly/Lets_Hyphen,,7/2022,true,,false,,4097,2026-08-25 00:00:00.000 +0530,,,,,,,,,,17,28,,,,,,1171,
Srijita P.,Srijita,P.,https://www.linkedin.com/in/srijita-p-b29078103,urn:li:member:439100241,srijita-p-b29078103,Bengaluru,Karnataka,India,"Bengaluru, Karnataka, India",Wells Fargo,Senior Risk Analytics Consultant,6-10yoe_global_indian,member_urn,"Wells Fargo & Company (NYSE: WFC) is a diversified, community-based financial services company with approximately $1.9 trillion in assets. Wells Fargo’s vision is to satisfy our customers’ financial needs and help them succeed financially. Founded in 1852 and headquartered in San Francisco, Wells Fargo provides banking, investment and mortgage products and services, as well as consumer and commercial finance, through more than 7,300 locations, 12,000 ATMs, the internet (wellsfargo.com) and mobile banking, and has offices in over 40 countries and territories to support customers who conduct business in the global economy. With approximately 250,000 team members, Wells Fargo serves one in three households in the United States. Wells Fargo & Company was ranked No. 41 on Fortune’s 2022 rankings of America’s largest corporations. News, insights and perspectives from Wells Fargo are also available at Wells Fargo Stories. Relevant military experience is considered for veterans and transitioning service men and women. All qualified applicants will receive consideration for employment without regard to race, color, religion, sex, sexual orientation, gender identity, national origin, disability, status as a protected veteran, or any other legally protected characteristic.© 2016 Wells Fargo Bank, N.A. All rights reserved. Member FDIC.",240832,,Financial Services,1235,https://www.linkedin.com/company/wellsfargo,"San Francisco, California, United States","Business Banking, Wholesale banking, Mortgage, Consumer Finance, and Commercial Finance",http://www.wellsfargo.com,"Working in Portfolio Monitoring, Analytics, Collections & Recovery for the Wells Fargo Business Banking portfolio. Collaborates with multiple teams to optimize analytics, ensuring early detection of credit risk and analyzing strategies for risk reduction. Has end-to-end ownership of multiple reports, including leading annual reviews for them, conducting proactive analytics on all metrics to understand current trends, and analytics for any emerging risks within the portfolio.",2/2024,false,https://media.licdn.com/dms/image/v2/C5103AQEhxzqhPzziJA/profile-displayphoto-shrink_100_100/profile-displayphoto-shrink_100_100/0/1544947407569?e=1788998400&v=beta&t=QgF15FSis5vdsJSIz2-gC_7Vqq_9Nbx2yEA71XSyOBY,false,"Results-driven Risk Analytics professional at Wells Fargo with 4+ years of experience in credit risk analytics, portfolio monitoring, and loss forecasting in the banking industry. Skilled in conducting proactive analytics to identify emerging risks, and ensuring compliance with regulatory frameworks (CCAR, CECL, BLF). Adept at leveraging SAS, Tableau, SQL, Python, and advanced data analytics to deliver actionable insights that reduce exposure and improve portfolio performance. A finance enthusiast with an M.Sc. in Mathematics and Computing from IIT (ISM) Dhanbad, and a B.Sc. from Ramjas College, University of Delhi, majoring in Mathematics.",170,2026-08-25 00:00:00.000 +0530,,,,,,,,,,,,,,,,,769,
Debarshee Mitra,Debarshee,Mitra,https://www.linkedin.com/in/debarshee-mitra-iimcal,urn:li:member:574490182,debarshee-mitra-iimcal,Bengaluru,Karnataka,India,"Bengaluru, Karnataka, India",JioHotstar,Director Business Strategy,6-10yoe_global_indian,member_urn,"JioHotstar is one of India’s leading streaming platforms, formed through the coming together of JioCinema and Disney+ Hotstar. With an unparalleled content catalog, innovative technology, and a commitment to accessibility, JioHotstar aims to redefine entertainment for everyone across India.",1801,,Entertainment Providers,105490663,http://www.linkedin.com/company/jiohotstar,,,https://www.hotstar.com/,,6/2025,true,https://media.licdn.com/dms/image/v2/C5603AQGYVFUGDAyhSg/profile-displayphoto-shrink_100_100/profile-displayphoto-shrink_100_100/0/1516944122749?e=1788998400&v=beta&t=VVlUahI64Pts4VDXI-6GvyE16xzp63vi6vfN4kPNDss,false,"Regional sales manager, launched and now heading NCR markets. Sales enthusiast. Digital marketer and content writer in the past.",172,2026-08-25 00:00:00.000 +0530,,,,,,,,,,,,,,,,,1139,
Sandeep Boora,Sandeep,Boora,https://www.linkedin.com/in/sandeep-boora-b6a0a5161,urn:li:member:648176194,sandeep-boora-b6a0a5161,Bengaluru,Karnataka,India,"Bengaluru, Karnataka, India",Leumas®,Vice President - Manufacturing Operations and Supply Chain,10+yoe_indian,member_urn,"Leumas is a deep-tech manufacturing startup building advanced robot factories that help Wellness & Pharma Brands unlock Global Quality Manufacturing, On-Demand. Leumas’ differentiated solution is enabled by deep engineering innovation of software-driven, modular robotic factories that bring flexibility, scale, and cost efficiency to production while also digitalizing production workflow for unparalleled operational efficiencies. Solutions: ✅ On-Demand Contract Manufacturing for Wellness & Pharma Brands: Flexible, pay-per-use production service that helps brands scale by Producing On-Demand - Improving Working Capital, Reducing Inventory Risk and Accelerating Market Entry. Technology-led Operations Management to orchestrate Order to Dispatch workflow for unparalleled efficiencies ✅ Dedicated Factory for Wellness & Pharma Brands: Fully Managed, Flexible Factory capacity anywhere globally, powered by Software-driven Operations control. AWS style Private Production lines that are modular and Scale On-Demand. Asset-light, distributed manufacturing network to derisk supply chain, improve cost & quality control, and accelerate innovation. Team: Leumas' co-founding and leadership team brings together researchers who have developed and scaled frontier tech solutions for the manufacturing industry, alongside seasoned operators who have led production plants worldwide. Website: www.leumasware.com LinkedIn: https://www.linkedin.com/company/leumasware",44,,Pharmaceutical Manufacturing,87078443,http://www.linkedin.com/company/leumasware,"Bangalore Urban, Karnataka, India","Industry 4.0, Pharmaceutical Manufacturing, and Wellness",https://leumasware.com,"At Leumas, I champion Manufacturing Operations & Supply Chain — Driving operational excellence and agile supply chains at Leumas to power the future of precision manufacturing",12/2024,false,https://media.licdn.com/dms/image/v2/D5603AQFLQITm1zvP0g/profile-displayphoto-shrink_100_100/profile-displayphoto-shrink_100_100/0/1700584214984?e=1788998400&v=beta&t=HSPLcdl_3O2fwT8zgtnzhQ_YI2iyxJ88QDUm8VZjJh0,false,"Building Leumas -. Advanced Robot Factories that help wellness & pharma brands produce On-Demand to achieve (radically) better business outcomes. More about us at www.leumasware.com Previously worked in Cold Supply Chain Management, Food tech Startups, Infrastructure Projects and Limestone Mining Operations.",1142,2026-08-25 00:00:00.000 +0530,,,,,,,,,,,,,,,,,1172,
Manas Kumar Mishra,Manas Kumar,Mishra,https://www.linkedin.com/in/manas-kumar-mishra-2716bb103,urn:li:member:440680117,manas-kumar-mishra-2716bb103,Kolkata,West Bengal,India,"Kolkata, West Bengal, India",Leven Squad – Careers & Curiosity ™,Founder,founders,member_urn,Leven Squad is the next-gen platform for rapid upskilling and effortless learning delivery. We simplify education. Professionals gain modern skills through lean courses. Institutions and educators launch training programs without the wait. Leven is life. Squad means we move together. Built for people who don’t do slow. Upskill faster. Teach smarter. Monetize better…,1,2024,Education,103715197,http://www.linkedin.com/company/leven-squad,"Kolkata, West Bengal, India",,https://www.levensquad.com/,Building the fascinating ecosystem of knowledge where the only limitation is one's imagination.,7/2024,false,,false,"Building Leven Squad - Careers & Curiosity: The fascinating ecosystem of knowledge where the only limitation is one's imagination!Making learning easy, fun, deep, and lasting with our products - Quick Skills for learners and LMS Mikro for institutions.Democratizing career access and upskilling for the most overlooked and underserved.",3313,2026-08-25 00:00:00.000 +0530,,,,,,,,,,17,28,,,,,,1173,
Apurva Yadav,Apurva,Yadav,https://www.linkedin.com/in/apurva-yadav-225b22173,urn:li:member:692544701,apurva-yadav-225b22173,Delhi,,India,"Delhi, India",LeverX,Senior Developer,founders,member_urn,"LeverX is an SAP Gold Partner, SAP Global Strategic Supplier, and enterprise solutions provider for businesses worldwide, including companies from the Fortune 500 list. Key facts about us: * Since 2003, we’ve been developing digital transformation solutions. * 20+ years of SAP partnership with design thinking workshops and software projects. * Comprehensive SAP expertise, from SAP consulting to SAP implementation. * Headquartered in the USA, with global delivery centers in Europe, Middle East, and Central Asia. * Worldwide clientele includes 1500+ successfully delivered projects to the clients in North America, Europe, MENA, Central Asia, and other regions. * 2,200+ employees worldwide. * A certified cloud partner of AWS, Google Cloud, and Microsoft Azure. * ISO compliance includes ISO 9001:2015 (quality management systems), ISO/IEC 27001:2013 (information security), ISO 55001:2014 (asset management), ISO 22301:2019 (security and resilience), and ISO 14001:2015 (environmental management systems). As a software integrator, we seamlessly connect diverse systems and platforms, ensuring stable performance, interoperability, and cost optimization. Our expertise spans enterprise platforms, data engineering, analytics solutions, strategic managed services, IT transformation, and organizational change management consulting. As an SAP Gold Partner and SAP Global Strategic Supplier, we provide customers and partners with enterprise solutions that ensure unparalleled experiences, robust performance, and broad scalability opportunities. The solutions and areas we work with include SAP Business Technology Platform, SAP Business AI, SAP S/4HANA (and migration to it), SAP PLM, SAP DSC, SAP EWM, SAP TM, SAP YL, SAP Spend Management, SAP Human Capital Management, and much more.",1717,2003,IT Services and IT Consulting,10806413,http://www.linkedin.com/company/leverxglobal,"Miami, Florida, United States","SAP BTP, SAP Business AI, SAP S/4HANA Migration, SAP Implementation, SAP Support, SAP PLM, SAP Spend Management, SAP HCM, SAP SuccessFactors, DataLark by LeverX, SAP DSC, SAP EWM, SAP TM, SAP YL, ABAP programming, and SAP Ariba",https://leverx.com/,,10/2023,false,,false,"A self motivated, logical and musically strong IT professional, with 6+ years of experience in SAP Technical, Functional and Automation, who likes to challenge the usual. Skills include SAP ABAP, AWS Solutions Architect, ABAP on Cloud. Also an efficient and effective communicator who is always striving towards developing understanding of what is. Also founding member of Rewire Music Academy(Music school teaching electronic music production and DJing), Dark(Electronic Music Events/Artist Management) and Nasana(Record Label). 10+ years experience in music domain.",2940,2026-08-25 00:00:00.000 +0530,,,,,,,,,,,,,,,,,1174,
Gourav Didwania,Gourav,Didwania,https://www.linkedin.com/in/gourav-didwania,urn:li:member:537407972,gourav-didwania,Bengaluru,Karnataka,India,"Bengaluru, Karnataka, India",Licious,Senior Data Scientist,founders,member_urn,"Licious began in 2015 when Abhay Hanjura and Vivek Gupta set out to transform a $55Bn category that was largely unbranded, inconsistent, and untouched by modern food standards. Their vision was simple - bring honesty, hygiene, and joy to meat and seafood buying in India. What followed was a category-defining shift powered by India’s only fully integrated 0–4°C cold chain, global FSSC 22000 certification, backward integration through bio-secure poultry farms, and rigorous control over freshwater fish and seafood. With five state-of-the-art processing centres and an annual capacity of 36,000 tonnes, Licious now serves India’s top metros - Bengaluru, NCR, Mumbai, Hyderabad, Pune, Chennai and Kolkata - through a strong online presence, expanding retail stores, and fast-growing quick commerce partnerships, including 30-minute delivery across major urban clusters. Over the years, the brand has reached 4.5 million customers, earning unmatched trust, quality leadership and a loyal following in a category long defined by guesswork. This unwavering focus on quality, innovation, and consumer obsession has made Licious India’s first D2C unicorn. Today, it stands as the country’s most loved, iconic D2C meat brand - elevating everyday meals, setting new benchmarks for safety and freshness, and building an ecosystem where farmers, meat technicians, supply partners and delivery heroes thrive alongside millions of delighted home cooks.",2062,2015,Food and Beverage Services,9471845,http://www.linkedin.com/company/licious,"Bengaluru, Karnataka, India","Fresh Meat delivered at your door step., seafood, chicken, lamb , goat , pickle , Spreads, and fish",http://www.licious.in,"Spearheading end-to-end Data Science and Machine Learning initiatives, owning problem scoping, model design, deployment, and monitoring. Leading the personalization charter, designing scalable ML solutions to improve customer engagement, repeat purchase behavior, and cart conversions. Designed and deployed a cross-sell recommendation system on the cart page to suggest highly relevant complementary items based on user history and cart context. Collaborating cross-functionally with product and engineering teams to implement real-time recommendation APIs, ensuring low-latency inference and fault-tolerant deployment.",5/2025,false,,false,"Experienced Data Scientist with 4+ years of expertise in building scalable AI solutions, specializing in LLMs, NLP, MLOps, and real-time ML systems. Skilled in optimizing ML pipelines, deploying AI at scale, and leading high-performing teams to solve complex business challenges.",2208,2026-08-25 00:00:00.000 +0530,,,,,,,,,,,,,,,,,1175,
Pradip Goyal,Pradip,Goyal,https://www.linkedin.com/in/pradip-goyal,urn:li:member:333867764,pradip-goyal,Bengaluru,Karnataka,India,"Bengaluru, Karnataka, India",Licious,Product Management- Growth,founders,member_urn,"Licious began in 2015 when Abhay Hanjura and Vivek Gupta set out to transform a $55Bn category that was largely unbranded, inconsistent, and untouched by modern food standards. Their vision was simple - bring honesty, hygiene, and joy to meat and seafood buying in India. What followed was a category-defining shift powered by India’s only fully integrated 0–4°C cold chain, global FSSC 22000 certification, backward integration through bio-secure poultry farms, and rigorous control over freshwater fish and seafood. With five state-of-the-art processing centres and an annual capacity of 36,000 tonnes, Licious now serves India’s top metros - Bengaluru, NCR, Mumbai, Hyderabad, Pune, Chennai and Kolkata - through a strong online presence, expanding retail stores, and fast-growing quick commerce partnerships, including 30-minute delivery across major urban clusters. Over the years, the brand has reached 4.5 million customers, earning unmatched trust, quality leadership and a loyal following in a category long defined by guesswork. This unwavering focus on quality, innovation, and consumer obsession has made Licious India’s first D2C unicorn. Today, it stands as the country’s most loved, iconic D2C meat brand - elevating everyday meals, setting new benchmarks for safety and freshness, and building an ecosystem where farmers, meat technicians, supply partners and delivery heroes thrive alongside millions of delighted home cooks.",2062,2015,Food and Beverage Services,9471845,http://www.linkedin.com/company/licious,"Bengaluru, Karnataka, India","Fresh Meat delivered at your door step., seafood, chicken, lamb , goat , pickle , Spreads, and fish",http://www.licious.in,"Leading red-meat shopping experience, habit formation, funnel optimization and new user growth through SEO/GEO and referral programs",6/2025,false,,false,"I'm a consumer Product Manager with ~8 years of experience across ecommerce, edtech, and fintech.In my current role at Licious, I lead shopping experience, new user conversion, repeat purchase strategy through incentives and gamification, and CAC reduction through SEO, referrals, and perf marketing optimization.Before this, at WhiteHat Jr, I led product-led growth for a $60M+ ARR business. I launched new products, ran experiments across activation and retention, and scaled international markets to ~$25M ARR.Earlier, I built 0-1 fintech products in investments, lending and insurance domain.Across roles, I've owned problems end to end, discovery through execution, working closely with engineering, design, and analytics to ship things that move metrics.On the personal side, I am an builder, AI enthusiast, life-long student and avid reader. My curiosity drives me to continuously learn about diverse subjects, ranging from psychology, product management, human evolution, economics, to leadership and businesses.",2207,2026-08-25 00:00:00.000 +0530,,,,,,,,,,,,,,,,,1175,
Abhijit Pegu,Abhijit,Pegu,https://www.linkedin.com/in/abhijit-pegu-9b859666,urn:li:member:234349340,abhijit-pegu-9b859666,Guwahati,Assam,India,"Guwahati, Assam, India",LW3 Private Limited,Co-Founder,founders,member_urn,Accelerating Sustainable Traceability globally.,10,2014,IT Services and IT Consulting,90918612,http://www.linkedin.com/company/lw3-private-limited,"Guwahati, Assam, India",,https://lw3.world,Impact Headed!,3/2024,true,,false,"Welcome to my LinkedIn profile! I’m the founder of LW3, a pioneering startup at the forefront of leveraging blockchain technology to revolutionize traceability and transparency in supply chains. With a passion for innovation and with over 10+ years of experiences across technology consulting, government advisory, and corporate strategy, I embarked on this entrepreneurial journey to tackle some of the most pressing challenges in transparency and ethical sourcing.",3324,2026-08-25 00:00:00.000 +0530,,,,,,,,,,17,28,,,,,,1178,
Marungsha Brahma,Marungsha,Brahma,https://www.linkedin.com/in/marungsha,urn:li:member:361215396,marungsha,Guwahati,Assam,India,"Guwahati, Assam, India",LW3 Private Limited,Co-Founder and CTO,founders,member_urn,Accelerating Sustainable Traceability globally.,10,2014,IT Services and IT Consulting,90918612,http://www.linkedin.com/company/lw3-private-limited,"Guwahati, Assam, India",,https://lw3.world,,12/2022,false,,false,"Co-founder & CTO at LW3, driving the development of a blockchain-enabled Digital Product Passport to transform global supply chains. I bring a proven track record of building and scaling technology products across diverse sectors—Edtech, OTT, and SustainabilityTech—with a focus on combining scalability, transparency, and compliance. At LW3, I lead technology strategy and execution, building platforms that align with emerging global regulations such as the EU Battery Passport (2027) and India Battery Aadhar while enabling businesses to unlock circularity and traceability at scale. Passionate about the intersection of technology, sustainability, and regulation, I specialize in turning complex compliance requirements into simple, robust digital solutions that can scale globally.",3325,2026-08-25 00:00:00.000 +0530,,,,,,,,,,17,28,,,,,,1178,
Ram Ji Tiwari,Ram Ji,Tiwari,https://www.linkedin.com/in/ram-ji-tiwari-132040122,urn:li:member:507700406,ram-ji-tiwari-132040122,,,Mumbai Metropolitan Region,Mumbai Metropolitan Region,A.P. Moller - Maersk,"Head of Operational Excellence - India, Bangladesh & Sri Lanka (Maersk Contract Logistics)",10+yoe_global,member_urn,"A.P. Moller - Maersk is an integrated transport and logistics company; going all the way, together, for our customers and society. ALL THE WAY is our commitment to connect the world so that everyone has both the possibility and the ability to trade, grow and thrive. The company employs roughly 110.000 employees across operations in 130 countries.",83594,,"Transportation, Logistics, Supply Chain and Storage",479080,http://www.linkedin.com/company/maersk-group,"Copenhagen, Capital Region of Denmark, Denmark","Container Shipping, Container Terminals, Retail, Manufacturing, Offshore, shipping, ports, logistics, warehousing , distribution, supply chain, integrated logistics, 4PL, and Cold Chain Solutions",http://www.maersk.com,Head of Operational Excellence & Standardization | Maersk Contract Logistics (IBS),1/2026,false,https://media.licdn.com/dms/image/v2/D5603AQF7TBfOvPMfAg/profile-displayphoto-shrink_100_100/profile-displayphoto-shrink_100_100/0/1727706506607?e=1788998400&v=beta&t=yuCBc1c_2LLHVljVucHOHciPo90k5jSFGJez7V9vA_c,false,"14+ years of professional experience in Operations Excellence (OpEx), Operations Management, Business Excellence, Industrial Engineering (IE), Continuous Improvement (CI), and Lean Six Sigma domains Currently serving as Operations Manager III (L6) in First Mile (FC) Operations at Amazon Successfully launched multiple Fulfillment Centers (LKO1, AMD2) Expert in the entire spectrum of FC operations, including Outbound (OB) & Inbound Operations (IB), ACES (Amazon Customer Excellence Services / Operation Excellence) & Network Process Engineering (PE)/ Program Management Prior experience includes 4+ years in the steel industry, 1+ year in shipbuilding, and 1.5+ years in e-governance transport projects in roles focusing on Industrial Engineering (IE), Operations Excellence (OpEx), Business Excellence, Continuous Improvement (CI) and Lean Six Sigma Lean Six Sigma Master Black Belt certified, with proven expertise in productivity improvement, resource optimization, and implementation of industrial engineering (IE) techniques across diverse industries Keen interest in Operation Excellence/Industrial Engineering (IE)/Lean Six Sigma/Business Excellence/Continuous Improvement.",921,2026-08-25 00:00:00.000 +0530,,,,,,,,,,,,,,,,,1179,
Souradip Ghosh,Souradip,Ghosh,https://www.linkedin.com/in/souradip-ghosh-2a0543bb,urn:li:member:428328408,souradip-ghosh-2a0543bb,,,India,India,Tata Consulting Engineers,Manager,6-10yoe_global_indian,member_urn,"Tata Consulting Engineers Limited (TCE) is the largest Indian private sector engineering and project consultancy and an emerging global leader in integrated engineering solutions. With more than 63 years of engineering excellence, TCE has a presence in over 65 countries and 12000+ completed projects, the company operates in the following 4 Industry segments: 1. Infrastructure (Water, Built Environment, Transportation and Sustainable Infrastructure) 2. Power (Nuclear, Hydroelectric, Renewable, Thermal and Transmission & Distribution) Transmission and Distribution) 3. Hydrocarbons and Chemicals (Green & Sustainable Chemicals, Chemicals & Sustainable Chemicals, Refineries & Petrochemicals and Agrochemicals & Fertilisers) 4. Mining and Metallurgy (Ferrous Metals, Non-Ferrous Metals and Mineral Beneficiation) TCE serves domestic as well as international markets and is known for several first-of-its-kind projects offering Design and Engineering, Sustainability & Energy Transition Solutions, Project Management & Safety and Digital & Advanced Technology services across all three verticals. A part of Tata Group - India’s most respected group, TCE is a 100% subsidiary of Tata Sons Limited.",12798,1962,Design Services,27196,https://in.linkedin.com/company/tceconnect,"Thane, Maharashtra, India","Design & Engineering Consultancy, Basic & Detailed Engineering, Project Management Consultancy, Construction Management Consultancy, Procurement Management Services, Advanced Technologies & Simulation, Digital Engineering Services, IIOT & Asset Life Cycle Management, Smartcities, Water & Waste Management , Thermal, Nuclear & Renewable energy solutions, Steel Metal & Mining Solutions, and Plant upgrade and modernisation for process industry",http://www.tataconsultingengineers.com,Mining & Metallurgy BU-Non Ferrous,3/2026,false,https://media.licdn.com/dms/image/v2/D5603AQEYXrVRaCkddw/profile-displayphoto-scale_100_100/B56Z1dfQl4KwAc-/0/1775389971139?e=1788998400&v=beta&t=A7f7qNwVBMMv2du9L-vuDEFiq0YKPThnC2xwdj2Nksw,false,"Mineral Processing Engineer with 7+ years of experience across beneficiation plant operations and process engineering. Currently Manager – Process (Non‑Ferrous) at Tata Consulting Engineers (TCE), working on process design, review engineering, and techno‑commercial activities. Strong at bridging plant‑level operational insights with practical, operable engineering solutions.",183,2026-08-25 00:00:00.000 +0530,,,,,,,,,,,,,,,,,293,
Sukesh Nalamasa,Sukesh,Nalamasa,https://www.linkedin.com/in/sukesh-nalamasa-59b06145,urn:li:member:158384135,sukesh-nalamasa-59b06145,Dhanbad,Jharkhand,India,"Dhanbad, Jharkhand, India",Mahanadi Coalfields Ltd,Manager,10+yoe_indian,member_urn,"Mahanadi Coalfields Limited (MCL), the youngest coal producing subsidiary of Coal India, was carved out of South Eastern Coalfields Limited (SECL) in 1992 with its headquarters at Sambalpur (Odisha). The company had registered a record 193.3 million tonne coal production with highest ever 192.7 million tonne coal despatch to consumers during the financial year 2022-23. The company has following subsidiaries-- Mahanadi Basin Power Limited (SPV) MJSJ Coal Limited MNH Shakti Limited Mahanadi Coal Railway Limited",338,1992,Coal Mining,100371300,http://www.linkedin.com/company/mahanadicoal,"Sambalpur, Odisha, India",Coal Mining and Energy,www.mahanadicoal.in,,1/2025,false,,false,,3816,2026-08-25 00:00:00.000 +0530,,,,,,,,,,,,,,,,,1180,
Krishna Deo Prasad,Krishna Deo,Prasad,https://www.linkedin.com/in/krishna-deo-prasad-3abba351,urn:li:member:185095283,krishna-deo-prasad-3abba351,Dhanbad,Jharkhand,India,"Dhanbad, Jharkhand, India",Mahanadi Coalfields Limited,General Manager,6-10yoe_global_indian,member_urn,"Mahanadi Coalfields Limited is a Mining and Metals company located in P.O. - Jagriti Vihar, Burla, Sambalpur, Orissa, India.",677,1990,Mining,8608247,http://www.linkedin.com/company/mahanadi-coalfields-limited,"Sambalpur, Odisha, India",,http://www.mahanadicoal.nic.in,,3/2018,false,https://media.licdn.com/dms/image/v2/C5103AQHmTCPHuup78Q/profile-displayphoto-shrink_100_100/profile-displayphoto-shrink_100_100/0/1516556086344?e=1788998400&v=beta&t=G6e7o3_ZagaZM6ptjYFHxh4mET80powncTj2_nrQhO8,false,,2900,2026-08-25 00:00:00.000 +0530,,,,,,,,,,,,,,,,,1181,
JOEL VICTOR,JOEL,VICTOR,https://www.linkedin.com/in/joel-victor-1239661b,urn:li:member:71052075,joel-victor-1239661b,Hyderabad,Telangana,India,"Hyderabad, Telangana, India",Mahindra Home Finance,Assistant Vice President-HRD,10+yoe_indian,member_urn,External link for Mahindra Home Finance,3865,2007,Financial Services,33185945,http://www.linkedin.com/company/mahindrahomefinance,"Mumbai, Maharashtra, India","Rural Finance, Housing Finance, Home Finance, and Rural Development",http://www.mahindrahomefinance.com/,"Zonal Head-HR,AVP",8/2024,true,https://media.licdn.com/dms/image/v2/D5603AQF_bUB17nSvEw/profile-displayphoto-shrink_100_100/profile-displayphoto-shrink_100_100/0/1719038495643?e=1788998400&v=beta&t=87HJ6Dmz3OYm7sBfPgUsD3t81h6gT40fe7WElK-LQDg,false,"Strategic and hands-on HR leader with 18 years of experience spanning the full spectrum of human resources—Talent Acquisition, Talent Management, HR Business Partnering, L&D, Compliance, and Operations. Throughout my career, I’ve led transformative people initiatives, managed leadership transitions, and supported business growth through thoughtful workforce strategies. My strengths lie in building high-performing teams, designing scalable people solutions, and aligning HR with evolving business needs. I’ve navigated complex challenges, from crisis situations to mergers, always with a people-first mindset and strong business acumen. 18 years of progressive HR leadership experience across Talent Acquisition, Talent Management, HR Business Partnering, HR Operations, L&D, Compliance, and Strategic HR. Proven expertise in designing and implementing people strategies that align with business goals and foster long-term growth. Skilled in talent management, leadership development, and building strong succession pipelines to support organizational scalability. Successfully led large-scale change initiatives, including mergers, crisis management, and regional HR setups. Adept at building high-performance cultures and driving employee engagement through strategic interventions and operational excellence. Strong track record of collaborating with senior leadership to shape organizational direction and lead cross-functional teams.",838,2026-09-01 21:00:56.853 +0530,,,,,,,,,,,,joelvictor@dcmshriram.com,joelvictor@dcmshriram.com,,,,1182,
Anshuman Agrawal,Anshuman,Agrawal,https://www.linkedin.com/in/anshuman-agrawal,urn:li:member:44499225,anshuman-agrawal,Pune Division,Maharashtra,India,"Pune Division, Maharashtra, India",Maintonia,Co-Founder,founders,member_urn,External link for Maintonia,3,2025,"Technology, Information and Internet",74721718,http://www.linkedin.com/company/maintonia,"Bengaluru, Karnataka, India",,https://maintonia.ai/,,3/2022,true,,false,"I’m building Minimac Systems with a clear belief:Lubricants are not consumables. They are assets—and assets should never be wasted. For over 20 years, I’ve worked at the intersection of lubrication, machinery reliability, and industrial sustainability, with a singular focus - closing the loop on lubricants At Minimac, we are rethinking the entire lifecycle of industrial oils through what we call:Circular Lubrication Economy, where lubricants are reconditioned, reused, and recycled, instead of being discarded. This is not just about maintenance.It’s about reducing import dependency, cutting industrial waste, and unlocking massive carbon savings. What we’re building at Minimac: ♻️ Circular models across lubricant lifecycle (Reconditioning | Reuse | Recycling)⚙️ Reliability-led maintenance systems for zero breakdowns Scalable solutions aligned with EPR, ESG & decarbonisationImpact ambition: ~1000 Gg CO₂e abatement I’m a Mechanical Gold Medalist from IIT (ISM) and a Post Graduate from IIM Indore. I started my journey at Tata Motors, but chose early on to build something of my own—combining deep engineering with long-term sustainability thinking. Over the years, I’ve had the opportunity to contribute as a speaker, practitioner, and thought partner in the lubrication and reliability space, helping industries improve rotary and hydraulic equipment performance globally. Beyond work, I enjoy conversations around food, and someday, I might slow things down at a beachside kitchen. But for now, the mission is clear:Build a world where no lubricant is wasted, and no machine fails because of it. www.minimacsystems.com",3370,2026-08-25 00:00:00.000 +0530,,,,,,,,,,17,28,,,,,,1183,
Sunit Pahwa,Sunit,Pahwa,https://www.linkedin.com/in/sunit-pahwa-97403511,urn:li:member:38890024,sunit-pahwa-97403511,Bengaluru,Karnataka,India,"Bengaluru, Karnataka, India",Majid Al Futtaim,Director - Strategic Workforce Planning,10+yoe_global,member_urn,"Founded in 1992, Majid Al Futtaim is an Emirati-owned, diversified lifestyle conglomerate operating across the Middle East, Africa and Asia. The Group started from one man’s vision to transform the face of shopping, entertainment, and leisure to ‘Create Great Moments For Everyone, Everyday’. It has since grown into one of the region’s most respected businesses, employing 43,000 people, with owned assets valued at US$18 billion and has the highest credit rating (BBB) among privately held corporates in the region. Majid Al Futtaim owns and operates 29 shopping malls, 7 hotels and four mixed-use communities, welcoming more than 600 million customers through its doors every year.",27293,1992,Retail,255117,http://www.linkedin.com/company/majid-al-futtaim,"Dubai, Dubai, United Arab Emirates","Retail, Leisure and Entertainment, Real Estate, and Shopping",http://www.majidalfuttaim.com/,"As a Director of Strategic Workforce Planning at MAF Retail, I thrive at the intersection of people, performance, and profitability. My work is driven by a deep commitment to aligning workforce strategies with business outcomes — ensuring we stay agile, efficient, and future-ready. I lead initiatives that keep staff costs in line with sales targets, enhance workforce productivity, and improve visibility into key metrics through robust analytical dashboards. My focus areas include workforce planning & management, staff cost management, people analytics and optimization of store and head office staff through right-sizing and operating model design. I also define store archetypes for varying formats and evolving customer needs. With a strong foundation in data-driven decision-making, I partner across the business to transform complex workforce challenges into actionable insights and strategic opportunities.",8/2022,true,https://media.licdn.com/dms/image/v2/C5603AQH4-2b_TKESVQ/profile-displayphoto-shrink_100_100/profile-displayphoto-shrink_100_100/0/1517744099134?e=1788998400&v=beta&t=nqI9BFNgC4QUpvn4VMStL0VCMIufQdcNMPyozqMcv-E,false,"I am a retail strategist with over 21 years of experience in Data & Analytics, Product, and Strategy across leading global retailers including Walmart, Tesco, and Kroger. At MAF Retail, I have spent the last three years spearheading initiatives in Strategic Workforce Planning, People Analytics, Workforce Management, and Organizational Effectiveness. I am passionate about using analytics & data-driven insights to enhance workforce productivity, optimize staff costs, and evolve store operating models to drive performance. I believe the future of Workforce Planning lies at the intersection of data, tech, and human-centered design. Let’s connect if you’re interested in retail workforce optimization, people analytics, or future-of-work strategy. Specialties: Store Operations, Workforce Management, Merchandising, Retail Pricing, eCommerce Operations, Retail Analytics, Predictive Modeling, Forecasting, S&OP, Labor Demand Planning, Wage Planning & Budgeting, Resource Optimization, Data Mining, Statistics, Process Re-engineering, Lean Six Sigma, Problem Solving, Data Science, Machine Learning, Organization Design, People Strategy & Analytics, Building High Performance teams, Mentoring & Coaching",882,2026-08-25 00:00:00.000 +0530,,,,,,,,,,,,,,,,,1184,
ASHOK AJAD,ASHOK,AJAD,https://www.linkedin.com/in/ashok-ajad,urn:li:member:185228949,ashok-ajad,Bengaluru,Karnataka,India,"Bengaluru, Karnataka, India",Mantra Softech,Director - AI & Head - Cognitive Intelligence (CV-SBU),10+yoe_indian,member_urn,"Mantra Softech is a global technology manufacturer and solutions provider specialising in advanced biometrics, artificial intelligence and computer-vision–driven identity platforms. Since 2006, we have been building enterprise- and national-scale systems for Identity & Access Management (IAM) and Identity Verification (IDV) across critical infrastructure, financial services and public sector programmes. Our platforms are powered by proprietary biometric algorithms, deep-learning models and high-performance matching engines, engineered for mission-critical and high-throughput environments. Our in-house R&D organisation, anchored by a DSIR-recognised research laboratory in India, leads advanced research in fingerprint, face, iris and palm recognition, multi-modal biometric fusion, presentation attack detection and real-time computer vision intelligence. Mantra has established the world’s first dedicated Biometric Research Lab for Spoof Prevention, focused on next-generation liveness and anti-spoofing technologies to protect national ID, banking, border security and large-scale digital onboarding ecosystems against deepfakes and sophisticated presentation attacks. With deployments and exports in 40+ countries, Mantra supports governments, airports and large enterprises worldwide in building secure, scalable and privacy-ready identity infrastructure for national ID programmes, border and aviation security, workforce access control and high-assurance digital journeys. At Mantra Softech, sustained investment in AI, computer vision and biometric R&D drives trusted digital identity at global scale.",1023,,IT Services and IT Consulting,405422,http://www.linkedin.com/company/mantra-softech,"Ahmedabad, Gujarat, India","Biometrics, RFID, Embedded, facial recognition, IRIS, Fingerprint scanner, Business Security, Integrated security system, National ID, citizen identification, Access Control system, Security system, Time Attendance system, POS devices, smart city, airport solution, biometric enrolment system, and biometric sensor",www.mantratec.com,"As Director of AI and BU Head of Cognitive Intelligence at Mantra Softech, I lead the strategy and execution of AI-driven innovation across biometric intelligence, cognitive automation, and security solutions. My role focuses on transforming cutting-edge research into scalable, production-ready products that solve real-world challenges in identity verification, authentication, fraud prevention, liveness detection, and intelligent decision-making. I drive the roadmap for AI and cognitive intelligence by aligning research, product development, customer needs, and business goals. I lead AI R&D in fingerprint, face, iris, palm, and multimodal biometrics, along with spoof detection, liveness detection, computer vision, edge AI, anomaly detection, and secure model deployment. A key responsibility is to identify emerging trends, define innovation priorities, and build AI solutions that are accurate, robust, scalable, and commercially impactful. As BU Head, I focus on business ownership, solution portfolio development, go-to-market alignment, and collaboration with product, engineering, sales, delivery, and customer-facing teams. I ensure that AI research is converted into practical solutions across healthcare, government, enterprise security, banking, and digital identity ecosystems. I am passionate about building responsible, secure, and high-performance AI systems that meet strong standards of accuracy, privacy, fairness, reliability, and efficiency. My work includes mentoring AI scientists, data scientists, and ML engineers, while promoting a culture of innovation, experimentation, knowledge sharing, and continuous learning. Through this role, my mission is to strengthen Mantra Softech’s leadership in AI-powered biometric and cognitive intelligence solutions. I aim to build intelligent systems that enhance digital trust, improve security, reduce fraud, and enable future-ready identity solutions at scale and beyond.",4/2026,false,https://media.licdn.com/dms/image/v2/D5603AQEOMolQMS9Tfw/profile-displayphoto-shrink_100_100/profile-displayphoto-shrink_100_100/0/1724433281032?e=1788998400&v=beta&t=RtUqIaPMm4GqzrTxGsvLY0FpHDy_ewND3NGdQIBH1ME,false,"I am an AI and Machine Learning leader with decade of experience in the AI and Data Science field, with extensive expertise in ideating, developing, and leading large-scale end-to-end AI engagements across multiple industry sectors.My work focuses on building intelligent, secure, and scalable AI solutions across biometrics, computer vision, cognitive intelligence, healthcare, oil & gas, retail, automobiles, agriculture, public-sector systems, and enterprise security. I specialize in applied research spanning multiple ML domains, including biometric intelligence, spoof detection, liveness detection, graph representation learning, multi-task learning, meta-learning, responsible AI, anomaly detection, edge AI, and secure AI deployment.I have led Artificial Intelligence innovation teams to solve complex real-world problems by transforming advanced research into production-ready products and platforms. My work involves defining AI strategy, designing solution architectures, developing model evaluation frameworks, building scalable data and ML pipelines, and creating AI systems that are accurate, reliable, secure, and deployable in real-world environments.I have contributed to 12+ patents across Indian and US jurisdictions and authored 10+ research papers in Artificial Intelligence, reflecting my commitment to applied research, innovation, and the development of impactful AI technologies. I have also presented my AI solutions and research work at leading platforms and events, including RSNA 2020, Intel Innovation 2021, LTTS Techgium / Tekshetra 2020–2021, Intel AI Summit 2021, oneAPI DevSummit APJ 2022, NASSCOM AI Gamechangers 2022, and ICONIP 2022.At present, I lead AI and Cognitive Intelligence initiatives focused on identity verification, biometric security, fraud prevention, healthcare intelligence, intelligent automation, and digital trust. I work closely with research, product, engineering, business, and customer-facing teams to convert ideas into scalable solutions that deliver measurable business and social impact.A key part of my role is mentoring AI scientists, data scientists, and machine learning engineers while promoting a culture of innovation, experimentation, ownership, responsible AI, and continuous learning.My broader mission is to build future-ready AI systems that strengthen trust, improve security, reduce fraud, and enable intelligent digital transformation across industries.",1221,2026-09-01 21:00:56.853 +0530,,,,,,,,,,,,ashok.ajad@gmail.com,,,,,1185,
Madhav Agarwal,Madhav,Agarwal,https://www.linkedin.com/in/madhav-agarwal-2k,urn:li:member:719236825,madhav-agarwal-2k,Kanpur,Uttar Pradesh,India,"Kanpur, Uttar Pradesh, India",Mars Auto Pvt Ltd,Director of Business Development,founders,member_urn,"Looking for a trusted partner for high-quality product line. Enhance your product line with high-quality components from Mars Auto Pvt. Ltd. With over 4 decades in serving OEMs across automotive, defence, textile and footware industries, we are your trusted partner in precision manufacturing. Visit our website or contact us at marsautokanpur@gmail.com for more information.",3,1987,Defense and Space Manufacturing,104339026,http://www.linkedin.com/company/marsautokanpur,"Kanpur, Uttar Pradesh, India","Automobile Lights, Aircraft Lights, Safety Equiptments, Textile Machinery, Shoe Components, and Defense components",https://marsauto.co.in/,"Spearheading the company's business strategy and drive innovation in product development. Providing End-to-end Engineering Solutions - Transforming Client's Ideas to Market-Ready , Mass Manufacturable Products",10/2024,false,,false,"Steering Manufacturing Excellence at Mars Auto, Kanpur, with an unwavering focus on solving complex problems through technology. Industries we serve - Aerospace, Automobile, Defence, Textile, Footwear.",2179,2026-08-25 00:00:00.000 +0530,,,,,,,,,,,,,,,,,1186,
Ashok Kumar,Ashok,Kumar,https://www.linkedin.com/in/ashok-kumar-5889145,urn:li:member:17197880,ashok-kumar-5889145,Delhi,,India,"Delhi, India",Marsh India,Chief Strategy Officer - Government Business,founders,member_urn,رابط خارجي لـ ‏Marsh IMEA‏,0,,Insurance,9373168,http://www.linkedin.com/company/marsh-india,"Dubai, Dubai, United Arab Emirates",‏Risk Consulting، Insurance Broking، Benefits Management، و Risk Management‏,https://www.corporate.marsh.com/global/home.html,"Insurance, Reinsurance & Risk Management",2/2024,true,,false,"Professional with over 30 years of experience in BFSI, Risk Management, General Insurance, Government Business, Banking, Wealth Management, Channel Management and Engineering . Currently working with Marsh India. Worked with ICICI Bank in Govt Banking Group, Head Investment Advisor-Wealth Management, ICICI Bank. Also worked as Zonal Head North - ICICI Securities for 3 Years. Birla Sun Life Mutual Fund ( 4yrs) in North Region and East region. Worked for more than 5 years with ACC Ltd and was adjudged Marketing Person of the year. Also worked with Voltas Ltd in Construction and Equipment Division, Calcutta and NMDC Ltd ( A leading Navratna PSU) for ~ 3Yrs as Mining Engineer at Karnataka and Chattisgarh Mines.Specialties: Insurance, Risk Management, Employee Health and Benefits, Govt. Business, eGov, Wholesale Banking, Wealth Management, Investment Banking, Corporate Sales, Channel Management, New business setup, Private Placement, Mutual Fund & Mining Engineering",3127,2026-08-25 00:00:00.000 +0530,,,,,,,,,,,,,,,,,1187,
Priyanka Sen,Priyanka,Sen,https://www.linkedin.com/in/priyanka-sen-15913b110,urn:li:member:466143765,priyanka-sen-15913b110,Kolkata,West Bengal,India,"Kolkata, West Bengal, India",JPMorgan Chase & Co.,Vice President,6-10yoe_global_indian,member_urn,"With a history tracing its roots to 1799 in New York City, JPMorganChase is one of the world's oldest, largest, and best-known financial institutions—carrying forth the innovative spirit of our heritage firms in global operations across 100 markets. We serve millions of customers and many of the world’s most prominent corporate, institutional, and government clients daily, managing assets and investments, offering business advice and strategies, and providing innovative banking solutions and services. Social Media Terms and Conditions: https://bit.ly/JPMCSocialTerms JPMorgan Chase & Co. is an Equal Opportunity Employer. All qualified applicants will receive consideration for employment without regard to race, color, religion, sex, sexual orientation, gender identity, national origin, disability, or status as a protected veteran.",237266,,Financial Services,1068,https://fr.linkedin.com/company/jpmorganchase,"New York, New York, United States","Consumer & Community Banking, Corporate and Investment Bank, Asset Management, Private Banking et Commercial Banking",http://www.jpmorganchase.com,"Technology partner & developer for strategic initiatives Corporate/Regulatory Reporting, Deposits Product Offering. - Seeded and currently managing a team of 15 talented individuals out of Glasgow(UK) - Architected technology solution & established agile methodology for Corporate/Regulatory Reporting. - Practiced Test Driven Development & Automated Integration Testing - Transitioned from monolithic to cloud ready applications - Avid contributor to budget & planning exercise - Yet to achieve: Horizontal scalability using auto scaled infrastructure, Re-Architect application act as Micro-Batch Automated alerting & monitoring.",12/2019,false,https://media.licdn.com/dms/image/v2/D4D03AQHVFwgqZIPoHA/profile-displayphoto-scale_100_100/B4DZkEsXqZHwAg-/0/1756720365164?e=1788998400&v=beta&t=iLKm51reucxAAHz6yfJb354K1_J9boqC0c_V5060y1w,false,"Results driven, technology manager, with hands on experience in, technology, and finance while leading teams in the development and delivery of technology solutions for dynamic business requirements. Strengths include development and execution of project plans, mentoring global teams, providing coaching and conflict management to resolve issues and evaluate and implement technology initiatives. Strong time management abilities and effective utilization of functional resources and architects to develop and implement project plans, provide recommendations on project scope and overall fit within the technology structure.",195,2026-08-25 00:00:00.000 +0530,,,,,,,,,,,,,,,,,25,
Abhishek Bhatia,Abhishek,Bhatia,https://www.linkedin.com/in/abhishek-bhatia-911b12b3,urn:li:member:405870493,abhishek-bhatia-911b12b3,Gurgaon,Haryana,India,"Gurgaon, Haryana, India",Maruti Suzuki India Limited,Deputy General Manager,10+yoe_indian,member_urn,"Maruti Suzuki was established with a dream to provide the 'Joy of Mobility' in the early 1980s. With a humble start of manufacturing about 20,000 cars in a year, the Company has grown leaps and bounds, manufacturing close to 2 million cars a year in FY 2022-23. Over the last four decades, the Company has served over 27 million happy customers in India and around 100 countries of the world. It maintained its market leadership in India throughout–reflecting the Company’s obsession with creating customer delight and demonstrating its agility to adapt to the changing times. This was possible by leveraging the unique ability of Suzuki Motor Corporation (parent company) to design feature-rich, safer, environment-friendly products, delivering world-class quality at an affordable price. In FY 2023-24, Maruti Suzuki embarked on an ambitious path in terms of manufacturing scale, while simultaneously transiting towards a low-carbon path. This marks a new phase for the Company.",50398,,Motor Vehicle Manufacturing,8412,http://www.linkedin.com/company/maruti-udyog-limited,"Delhi, India",Low cost and Flexible manufacturing,http://www.marutisuzuki.com,Automatic Transmission Calibration,4/2024,false,,false,,3836,2026-08-25 00:00:00.000 +0530,,,,,,,,,,,,,,,,,1188,
Vivek Krishn Agrawal,Vivek Krishn,Agrawal,https://www.linkedin.com/in/vivekkagrawal,urn:li:member:372819520,vivekkagrawal,New Delhi,Delhi,India,"New Delhi, Delhi, India",Maruti Suzuki India Limited,Program Manager,founders,member_urn,"Maruti Suzuki was established with a dream to provide the 'Joy of Mobility' in the early 1980s. With a humble start of manufacturing about 20,000 cars in a year, the Company has grown leaps and bounds, manufacturing close to 2 million cars a year in FY 2022-23. Over the last four decades, the Company has served over 27 million happy customers in India and around 100 countries of the world. It maintained its market leadership in India throughout–reflecting the Company’s obsession with creating customer delight and demonstrating its agility to adapt to the changing times. This was possible by leveraging the unique ability of Suzuki Motor Corporation (parent company) to design feature-rich, safer, environment-friendly products, delivering world-class quality at an affordable price. In FY 2023-24, Maruti Suzuki embarked on an ambitious path in terms of manufacturing scale, while simultaneously transiting towards a low-carbon path. This marks a new phase for the Company.",50398,,Motor Vehicle Manufacturing,8412,http://www.linkedin.com/company/maruti-udyog-limited,"Delhi, India",Low cost and Flexible manufacturing,http://www.marutisuzuki.com,,8/2023,false,,false,"A process driven, people oriented individual with three year of experience in different roles across Business strategy, operation & expansion, profitability and stakeholder management. Skilled in MIS, Dash-boarding, people & resource management and P&L decisions. Constantly looking to learn, grow and solve business problems by skill set learned over the professional as well as the student life. I have completed my Bachelor of Technology in Mechanical Engineering from the Indian Institute of Technology (Indian School of Mines) Dhanbad. Being actively involved in clubs and NGOs, helped me to develop the skill of taking initiatives, management and leadership. I am a benevolent, proactive and determined person. There is nothing that excites me more than meeting new people, discussing new ideas developing new relationships and contributing to the overall growth of my organization and people around me.",2894,2026-08-25 00:00:00.000 +0530,,,,,,,,,,,,,,,,,1188,
Prabhanshu Gupta,Prabhanshu,Gupta,https://www.linkedin.com/in/prabhanshu-gupta-419b37169,urn:li:member:674658453,prabhanshu-gupta-419b37169,Gurugram,Haryana,India,"Gurugram, Haryana, India",Maruti Suzuki India Limited,Deputy Manager,6-10yoe_global_indian,member_urn,"Maruti Suzuki was established with a dream to provide the 'Joy of Mobility' in the early 1980s. With a humble start of manufacturing about 20,000 cars in a year, the Company has grown leaps and bounds, manufacturing close to 2 million cars a year in FY 2022-23. Over the last four decades, the Company has served over 27 million happy customers in India and around 100 countries of the world. It maintained its market leadership in India throughout–reflecting the Company’s obsession with creating customer delight and demonstrating its agility to adapt to the changing times. This was possible by leveraging the unique ability of Suzuki Motor Corporation (parent company) to design feature-rich, safer, environment-friendly products, delivering world-class quality at an affordable price. In FY 2023-24, Maruti Suzuki embarked on an ambitious path in terms of manufacturing scale, while simultaneously transiting towards a low-carbon path. This marks a new phase for the Company.",50398,,Motor Vehicle Manufacturing,8412,http://www.linkedin.com/company/maruti-udyog-limited,"Delhi, India",Low cost and Flexible manufacturing,http://www.marutisuzuki.com,,4/2021,false,https://media.licdn.com/dms/image/v2/C5603AQG6U5RoS2mAnA/profile-displayphoto-shrink_100_100/profile-displayphoto-shrink_100_100/0/1627899192225?e=1788998400&v=beta&t=zu0-_uG0tDzllmCxL3Df2Z1uVgeChwexcMt4HXduHNo,false,"Responsibilities:- 1) 1D engine simulation model building ( including coolant and oil circuit) and its calibration to predict engine performance and FE at different drive cycle. 2) Predictive engine combustion modeling. 3) xRT, FRM and Transient engine simulation model building and calibration. 4) Predictive and Detailed friction modelling. 5) Engine Raw emission modelling. 6) Aftertreatment system modelling. 7) HILs Compatible simulation model making. 8) Optimization of hardware like Cam profile, VVT etc. 9) Analyzation of new ideas by 1D simulation to check its impact on engine performance like VVT, Dual spark plug, EGR, water injection, change in cam profile, Thermal coating of head and piston, Oil cooler, friction improvement ideas etc. 10) Model based calibration activities using MATLAB Simulink. 11) Automation of activities through python scripts. 12) AVL cruise simulations for miscellaneous purpose.",207,2026-08-25 00:00:00.000 +0530,,,,,,,,,,,,,,,,,1188,
mahesh naik,mahesh,naik,https://www.linkedin.com/in/mahesh-naik-47667015b,urn:li:member:643625370,mahesh-naik-47667015b,Washim,,India,"Washim, India",JSW Steel,Junior Manager,6-10yoe_global_indian,member_urn,"Over the last 35 years, we have partnered the country in its journey to self-reliance, by embracing sustainability, adopting cutting-edge technology and having innovation and R&D initiatives at the heart of our culture. From humble beginnings with a single plant in 1982, we are now India's leading manufacturer of value-added and high-end steels. Our plants in Karnataka, Tamil Nadu and Maharashtra have a total capacity of 29.7 MTPA, and we are scaling up existing plants and opening new ones to take that figure to 40 MTPA. Globally, we own a plate and pipe mill in the US, and mining assets in the US, Chile and Mozambique. But we're not ones to rest on our laurels. Driven by decades of experience and a dynamic culture, we constantly seek new ways to revolutionize steelmaking. To begin with, we integrate sustainability into everything we do. We benchmark our business vision and governance systems, manufacturing and sales processes, and even our customer and community engagement initiatives, against global best-in-class standards. We bolster these sustainability initiatives, by staying on the cutting edge of technology. It's a strategy that has helped us create the largest product portfolio in India, and at the same time, become India's largest exporter of steel with a presence in more than 100 countries. Today, nearly 40% of our products are high-value steels, a figure we intend to take up to 50% soon. We’ve made this technological prowess possible with a relentless focus on innovation and R&D. It has helped us stay ahead of competition, customise our offerings as per client requirements, partner with global leaders such as JFE Steel, Marubeni Itochu Steel, Praxair and Severfield Rowen Plc. to be cost-efficient, and be seen worldwide as a purveyor of high-end, value-added steel.",22611,,Mining,3757983,http://www.linkedin.com/company/jswsteel,"Mumbai, Maharashtra, India","Energy, Infrastructure, Cement, IT, and Foundation",http://www.jsw.in,,12/2016,false,https://media.licdn.com/dms/image/v2/C5103AQHpUbAyR94lAA/profile-displayphoto-shrink_100_100/profile-displayphoto-shrink_100_100/0/1521988968127?e=1788998400&v=beta&t=_FPdwJmd0wnsGvPtJVP7TrU2TPLf__GLwIiLGr1kw2Y,false,,550,2026-08-25 00:00:00.000 +0530,,,,,,,,,,,,,,,,,1145,
Anoop Kumar Sengupta,Anoop Kumar,Sengupta,https://www.linkedin.com/in/anoop-kumar-sengupta-a2918523,urn:li:member:81046401,anoop-kumar-sengupta-a2918523,,,Greater Kolkata Area,Greater Kolkata Area,Self employed,Ex Chief General Manager,10+yoe_global,member_urn,,,,,,,,,,,5/2007,false,https://media.licdn.com/dms/image/v2/C4D03AQE5SRunrF2d2g/profile-displayphoto-shrink_100_100/profile-displayphoto-shrink_100_100/0/1517017175381?e=1788998400&v=beta&t=0_27rgGYCryfzG00gQWZsrFaHcCPBd3WVH-bDkaVf9A,false,"37 years of experience in largest PSU of India, Coal India Ltd",204,2026-08-25 00:00:00.000 +0530,,,,,,,,,,,,,,,,,2432,
Reema Yadav,Reema,Yadav,https://www.linkedin.com/in/reema-yadav-661420166,urn:li:member:663926185,reema-yadav-661420166,Gurugram,Haryana,India,"Gurugram, Haryana, India",Maruti Suzuki India Limited,Manager,6-10yoe_global_indian,member_urn,"Maruti Suzuki was established with a dream to provide the 'Joy of Mobility' in the early 1980s. With a humble start of manufacturing about 20,000 cars in a year, the Company has grown leaps and bounds, manufacturing close to 2 million cars a year in FY 2022-23. Over the last four decades, the Company has served over 27 million happy customers in India and around 100 countries of the world. It maintained its market leadership in India throughout–reflecting the Company’s obsession with creating customer delight and demonstrating its agility to adapt to the changing times. This was possible by leveraging the unique ability of Suzuki Motor Corporation (parent company) to design feature-rich, safer, environment-friendly products, delivering world-class quality at an affordable price. In FY 2023-24, Maruti Suzuki embarked on an ambitious path in terms of manufacturing scale, while simultaneously transiting towards a low-carbon path. This marks a new phase for the Company.",50398,,Motor Vehicle Manufacturing,8412,http://www.linkedin.com/company/maruti-udyog-limited,"Delhi, India",Low cost and Flexible manufacturing,http://www.marutisuzuki.com,,4/2026,false,https://media.licdn.com/dms/image/v2/C5603AQEIi6WJT7poAA/profile-displayphoto-shrink_100_100/profile-displayphoto-shrink_100_100/0/1610989038253?e=1788998400&v=beta&t=xYGQ2Rul6ppWymXClxNFQajNAQHtXm5dWW-oHBhb0mI,false,,2689,2026-08-25 00:00:00.000 +0530,,,,,,,,,,,,,,,,,1188,
Uday Ranjan,Uday,Ranjan,https://www.linkedin.com/in/udayranjan11,urn:li:member:596523621,udayranjan11,Dhanbad,Jharkhand,India,"Dhanbad, Jharkhand, India",Maruti Suzuki India Limited,Senior Manager | Drivetrain & GSLA Design & Development | Research & Development,6-10yoe_global_indian,member_urn,"Maruti Suzuki was established with a dream to provide the 'Joy of Mobility' in the early 1980s. With a humble start of manufacturing about 20,000 cars in a year, the Company has grown leaps and bounds, manufacturing close to 2 million cars a year in FY 2022-23. Over the last four decades, the Company has served over 27 million happy customers in India and around 100 countries of the world. It maintained its market leadership in India throughout–reflecting the Company’s obsession with creating customer delight and demonstrating its agility to adapt to the changing times. This was possible by leveraging the unique ability of Suzuki Motor Corporation (parent company) to design feature-rich, safer, environment-friendly products, delivering world-class quality at an affordable price. In FY 2023-24, Maruti Suzuki embarked on an ambitious path in terms of manufacturing scale, while simultaneously transiting towards a low-carbon path. This marks a new phase for the Company.",50398,,Motor Vehicle Manufacturing,8412,http://www.linkedin.com/company/maruti-udyog-limited,"Delhi, India",Low cost and Flexible manufacturing,http://www.marutisuzuki.com,,4/2026,false,https://media.licdn.com/dms/image/v2/C5103AQG9kTtqzny9DA/profile-displayphoto-shrink_100_100/profile-displayphoto-shrink_100_100/0/1545294800171?e=1788998400&v=beta&t=LWYbNLM79ad0nOAm7_a938Uv3K2Dkkb0RFyM163tIyY,false,"Driveline ,GSLA component design and developmentCAD Modeling, Tolerance Stack up, RCA, DOE,Project management,Technical support through application of engineering principles,analysis and empirical method in design and process.",199,2026-08-25 00:00:00.000 +0530,,,,,,,,,,,,,,,,,1188,
Shubham Thakur,Shubham,Thakur,https://www.linkedin.com/in/shubham-thakur-48a44977,urn:li:member:272819050,shubham-thakur-48a44977,Gurugram,Haryana,India,"Gurugram, Haryana, India",Maruti Suzuki India Limited,Manager,6-10yoe_global_indian,member_urn,"Maruti Suzuki was established with a dream to provide the 'Joy of Mobility' in the early 1980s. With a humble start of manufacturing about 20,000 cars in a year, the Company has grown leaps and bounds, manufacturing close to 2 million cars a year in FY 2022-23. Over the last four decades, the Company has served over 27 million happy customers in India and around 100 countries of the world. It maintained its market leadership in India throughout–reflecting the Company’s obsession with creating customer delight and demonstrating its agility to adapt to the changing times. This was possible by leveraging the unique ability of Suzuki Motor Corporation (parent company) to design feature-rich, safer, environment-friendly products, delivering world-class quality at an affordable price. In FY 2023-24, Maruti Suzuki embarked on an ambitious path in terms of manufacturing scale, while simultaneously transiting towards a low-carbon path. This marks a new phase for the Company.",50398,,Motor Vehicle Manufacturing,8412,http://www.linkedin.com/company/maruti-udyog-limited,"Delhi, India",Low cost and Flexible manufacturing,http://www.marutisuzuki.com,"- Lead shop floor coordination and response efforts to drive breakdown time reduction against established operational KPIs. - Manage and track preventive and predictive maintenance schedules, driving team focus toward high target compliance and proactive execution. - Guide the team through detailed root-cause analysis for major equipment failures to deploy permanent, effective countermeasures. - Oversee the standardized replication of successful technical solutions across all similar machinery plant-wide to safeguard asset reliability. - Coordinate critical spare parts forecasting and inventory tracking, ensuring high parts availability while keeping storage workflows optimized. - Mentor the technical team through tailored capability building and multi-skilling initiatives, directly supporting their growth and shop floor safety.",4/2024,false,https://media.licdn.com/dms/image/v2/D4D03AQED8Ffz6GzeKQ/profile-displayphoto-shrink_100_100/profile-displayphoto-shrink_100_100/0/1686532816337?e=1788998400&v=beta&t=opOmwD_zl7EnP9LB4ZmOG-YYp7_PGscToYGBtIV5z6Y,false,"Working as a maintenance manager with 10 years of experience overseeing Engine Assembly line maintenance operations. My focus is on ensuring total equipment reliability and maximum uptime by effectively managing technical resources, shop floor teams, and industrial assets.As a PMP and Lean Six Sigma Green Belt certified professional, I combine structured project management with data-driven workflows to streamline daily operations. I focus on executing technical upgrades, minimizing breakdown downtime, and resolving complex technical challenges safely and efficiently. By leveraging advanced automation and enterprise maintenance tracking, I ensure shop floor processes remain predictable, organized, and highly efficient.Always ready for new challenges and opportunities that can bring genuine value addition to my technical and managerial capabilities.",193,2026-08-25 00:00:00.000 +0530,,,,,,,,,,,,,,,,,1188,
vikash kumar,vikash,kumar,https://www.linkedin.com/in/vikash-kumar-150706111,urn:li:member:470551884,vikash-kumar-150706111,Gurgaon,Haryana,India,"Gurgaon, Haryana, India",Maruti Suzuki India Limited,Deputy Manager,10+yoe_indian,member_urn,"Maruti Suzuki was established with a dream to provide the 'Joy of Mobility' in the early 1980s. With a humble start of manufacturing about 20,000 cars in a year, the Company has grown leaps and bounds, manufacturing close to 2 million cars a year in FY 2022-23. Over the last four decades, the Company has served over 27 million happy customers in India and around 100 countries of the world. It maintained its market leadership in India throughout–reflecting the Company’s obsession with creating customer delight and demonstrating its agility to adapt to the changing times. This was possible by leveraging the unique ability of Suzuki Motor Corporation (parent company) to design feature-rich, safer, environment-friendly products, delivering world-class quality at an affordable price. In FY 2023-24, Maruti Suzuki embarked on an ambitious path in terms of manufacturing scale, while simultaneously transiting towards a low-carbon path. This marks a new phase for the Company.",50398,,Motor Vehicle Manufacturing,8412,http://www.linkedin.com/company/maruti-udyog-limited,"Delhi, India",Low cost and Flexible manufacturing,http://www.marutisuzuki.com,,4/2019,false,https://media.licdn.com/dms/image/v2/C5603AQGy2f0TBVrxNQ/profile-displayphoto-shrink_100_100/profile-displayphoto-shrink_100_100/0/1624100861597?e=1788998400&v=beta&t=C9yes_-rIX3SITtRH-4K681kxj6rpG9wUgOnqmkNvTI,false,,1901,2026-08-25 00:00:00.000 +0530,,,,,,,,,,,,,,,,,1188,
Saurabh Singhal,Saurabh,Singhal,https://www.linkedin.com/in/saurabh-singhal-056740b9,urn:li:member:422848578,saurabh-singhal-056740b9,Mumbai,Maharashtra,India,"Mumbai, Maharashtra, India",mCaffeine,Head Of Supply Chain,10+yoe_indian,member_urn,"We are a personal care brand, on a mission to add a caffeine rush to your lifestyle, getting you #UpForLife. Co-founded by Tarun Sharma, Vikas Lachhwani, Vaishali Gupta, Mohit Jain, and Saurabh Singhal, our brand focuses on bringing the super ingredient Caffeine to everyday life of Millennials and Gen Zs in three forms: Energizing Coffee, Refreshing Tea and Indulging Chocolate. Our portfolio comprises more than 95 caffeine-based products in multiple categories, with the major ones being Body Care, Face Care, Hair Care, Eye Care and Lip Care. We have plans to continuously add new launches to our portfolio. We're addicted to the rush of energy, the surge of antioxidants, and the irresistible aroma that leaves you craving for more. But that's not all. We are the winners of the Nykaa Femina Beauty Awards 2022 for Best Choco Body Butter and Grazia India's Most Loved Brands 2021. Our products are SLS and Parabens Free, FDA approved, Made Safe certified, have a zero plastic footprint, and are PETA certified. They are 100% Vegan & Cruelty-Free. Visit us at www.mcaffeine.com",297,2015,Personal Care Product Manufacturing,13222211,http://www.linkedin.com/company/mcaffeine,"Mumbai, Maharashtra, India",Personal Care and Consumer Goods,http://bit.ly/mcaffeine,"mCaffeine is India’s 1st caffeinated personal care brand where beauty has no colour or gender. It's an extension to the hyperactive lifestyle and individualistic identity. mCaffeine range of personal care products is positioned in the premium category with a very unique proposition - Energized Personal Care comprising of hair and skin care products. Our products are based on extensive research and designed to serve a purpose. BRAND PHILOSOPHY ______________________________________ ""Nothing is real if you don’t believe in who you are"" We at MCaffeine believe in making the right choices. We choose to believe in Confidence over Color. We choose to believe in inner beauty over fads. We at MCaffeine believe in celebrating life. We celebrate inner peace and strength. We celebrate everyday struggles. We celebrate motivation and passion. We at MCaffeine are a team that is driven. We are building products that have a purpose. We are building a brand with an identity. We are building an attitude of self-respect.",8/2015,false,https://media.licdn.com/dms/image/v2/C4E03AQEdT_6Ckk_SyQ/profile-displayphoto-shrink_100_100/profile-displayphoto-shrink_100_100/0/1611559897429?e=1788998400&v=beta&t=DVlHUj0uG80nWj0R0BQCbNUvekvpaSvay-sxwSR8tpI,false,"Building Largest Caffeine Skin Care. We are India’s 1s​t​ caffeinated personal care brand with an exciting range of Caffeinated products for young and aspiring millennials. We are 100% Vegan & Cruelty-free, Peta certified brand. Our products are FDA approved, Made Safe & dermatologically tested, with no SLS, parabens, silicones & mineral oils. We believe in Confidence over all skin & body biases. Redefining the age-old notions of beauty associated with colour, we never sell insecurities. We have vowed not to make fairness products. At mCaffeine beauty has no colour or gender. It's about you. You are a revolution, a culture, a routine, a high, and essentially now - a Lifestyle. You are Bold, Young and Confident. Come, join the pack!",1076,2026-08-25 00:00:00.000 +0530,,,,,,,,,,,,,,,,,1189,
Mohit Jain,Mohit,Jain,https://www.linkedin.com/in/mohit-jain-1b12b98a,urn:li:member:317255893,mohit-jain-1b12b98a,Mumbai,Maharashtra,India,"Mumbai, Maharashtra, India",mCaffeine,Co-Founder & Head of Finance,founders,member_urn,"We are a personal care brand, on a mission to add a caffeine rush to your lifestyle, getting you #UpForLife. Co-founded by Tarun Sharma, Vikas Lachhwani, Vaishali Gupta, Mohit Jain, and Saurabh Singhal, our brand focuses on bringing the super ingredient Caffeine to everyday life of Millennials and Gen Zs in three forms: Energizing Coffee, Refreshing Tea and Indulging Chocolate. Our portfolio comprises more than 95 caffeine-based products in multiple categories, with the major ones being Body Care, Face Care, Hair Care, Eye Care and Lip Care. We have plans to continuously add new launches to our portfolio. We're addicted to the rush of energy, the surge of antioxidants, and the irresistible aroma that leaves you craving for more. But that's not all. We are the winners of the Nykaa Femina Beauty Awards 2022 for Best Choco Body Butter and Grazia India's Most Loved Brands 2021. Our products are SLS and Parabens Free, FDA approved, Made Safe certified, have a zero plastic footprint, and are PETA certified. They are 100% Vegan & Cruelty-Free. Visit us at www.mcaffeine.com",297,2015,Personal Care Product Manufacturing,13222211,http://www.linkedin.com/company/mcaffeine,"Mumbai, Maharashtra, India",Personal Care and Consumer Goods,http://bit.ly/mcaffeine,,4/2023,true,,false,"Experienced Specialist with a demonstrated history of working in the consumer goods industry. Skilled in Social Services, Operations Management, Online Marketplace, and Decision-Making. Strong professional with a Bachelor of Technology (BTech) from Indian Institute of Technology (Indian School of Mines), Dhanbad.",3428,2026-08-25 00:00:00.000 +0530,,,,,,,,,,17,28,,,,,,1189,
SADAQUAT HUSSAIN,SADAQUAT,HUSSAIN,https://www.linkedin.com/in/sadaquat-hussain-3946b716a,urn:li:member:676566112,sadaquat-hussain-3946b716a,Mumbai,Maharashtra,India,"Mumbai, Maharashtra, India",mCaffeine,Founder’s Office,founders,member_urn,"We are a personal care brand, on a mission to add a caffeine rush to your lifestyle, getting you #UpForLife. Co-founded by Tarun Sharma, Vikas Lachhwani, Vaishali Gupta, Mohit Jain, and Saurabh Singhal, our brand focuses on bringing the super ingredient Caffeine to everyday life of Millennials and Gen Zs in three forms: Energizing Coffee, Refreshing Tea and Indulging Chocolate. Our portfolio comprises more than 95 caffeine-based products in multiple categories, with the major ones being Body Care, Face Care, Hair Care, Eye Care and Lip Care. We have plans to continuously add new launches to our portfolio. We're addicted to the rush of energy, the surge of antioxidants, and the irresistible aroma that leaves you craving for more. But that's not all. We are the winners of the Nykaa Femina Beauty Awards 2022 for Best Choco Body Butter and Grazia India's Most Loved Brands 2021. Our products are SLS and Parabens Free, FDA approved, Made Safe certified, have a zero plastic footprint, and are PETA certified. They are 100% Vegan & Cruelty-Free. Visit us at www.mcaffeine.com",297,2015,Personal Care Product Manufacturing,13222211,http://www.linkedin.com/company/mcaffeine,"Mumbai, Maharashtra, India",Personal Care and Consumer Goods,http://bit.ly/mcaffeine,,8/2024,false,,false,"I'm a seasoned data science professional with a rich skill set that includes Python, SQL, Java, Excel, and more. My journey at GrayQuest Education Finance has been one of innovation and data-driven impact. In my current role, I've championed the automation of loan execution processes, harnessing the power of intelligent models to minimize manual effort. These models, crafted using tools like Jupyter Notebook, VS Code, SQL, Python, and more, have revolutionized our workflow by efficiently assigning lenders and streamlining processes. One of my proudest achievements has been in the realm of credit risk management. I've taken on the challenge of developing advanced credit risk scoring models. By deploying techniques such as Random Forest and LGBM, coupled with extensive exploratory data analysis and feature engineering, I've succeeded in significantly reducing default rates and improving the quality of lending decisions. Collaboration is at the core of my work, and I pride myself on effectively communicating complex concepts to foster cross-functional alignment. Before my current role, I served as a Risk Analyst where I demonstrated my data prowess by designing informative dashboards using SQL, Apache Superset, and Metabase across various verticals. I also designed models, both SQL and Python-based, capable of preemptively identifying erroneous disbursements before they reached lenders. My work extended beyond data analysis to operations streamlining as I identified bottlenecks, working closely with finance and collection teams to improve portfolio reconciliation and share valuable insights. Notably, I also developed Python and SQL models for the proactive detection of fraudulent customers, consistently identifying more than four cases daily. Furthermore, I crafted a model to detect mismatches in selfie and KYC photographs using Jupyter Notebook, SQL, and Python. My passion for leveraging data for impactful decisions drives my enthusiasm for future challenges and opportunities in the dynamic world of data science ,machine learning ,credit risk modelling etc.",3025,2026-08-25 00:00:00.000 +0530,,,,,,,,,,,,,,,,,1189,
Dheeraj Mehta,Dheeraj,Mehta,https://www.linkedin.com/in/dheeraj-mehta-8a0b2649,urn:li:member:172991352,dheeraj-mehta-8a0b2649,Gurugram,Haryana,India,"Gurugram, Haryana, India",Medserg,Building Medserg,6-10yoe_global_indian,member_urn,"Understanding the need of people, we at Medserghealth provide modern age medical treatments which are not only the best but also cost-effective. We are associated with some of the most reputed internationally accredited hospitals in India run by extremely compassionate & competent medical authorities in various specialties. We provide patients a comfortable and pleasant experience #medicaltourisminindia #medicaltourismindia #medicalassistance #medserghealth",6,,Hospitals and Health Care,31260143,http://www.linkedin.com/company/medserg,"Gurugram, Haryana, India",,https://medserg.com/,,4/2024,false,https://media.licdn.com/dms/image/v2/D4D03AQGH4YNTJn393A/profile-displayphoto-shrink_100_100/profile-displayphoto-shrink_100_100/0/1693801386592?e=1788998400&v=beta&t=9wJJjzuxtAhPtSAR9_PpX9ThkuAJe4MCcgguX4kuoIg,false,"With over 10 years of experience in the healthcare industry, I was a Senior Manager at Pristyn Care, a leading online platform that connects patients with doctors and hospitals. I am responsible for managing projects and central operations, ensuring quality service delivery, customer satisfaction, and business growth. I have a strong background in startup development and international business, having co-founded BreakfastBay, an online food delivery service, and lead sales at NirogStreet, an Ayurveda marketplace. I have successfully launched and scaled new products and services, expanded into new markets, and established strategic partnerships. I am skilled in business planning, sales operations, new business development, and Microsoft Excel. I hold a bachelor's and master's degree in management in petroleum from the Indian School of Mines, an elite institution for engineering and technology.",197,2026-09-01 21:00:56.853 +0530,,,,,,,,,,,,dheeraj.mehta@vaidam.com,dheeraj.mehta@vaidam.com,,,,1190,
Dev Jain,Dev,Jain,https://www.linkedin.com/in/dev-jain-iitism,urn:li:member:965946731,dev-jain-iitism,Jabalpur,Madhya Pradesh,India,"Jabalpur, Madhya Pradesh, India",Meesho,Senior Associate,founders,member_urn,"Meesho is India’s e-commerce marketplace, on a mission to democratise internet commerce. Our multi-sided technology platform connects four key stakeholders — consumers, sellers, logistics partners, and content creators — to power inclusive growth at scale. We enable individuals and small businesses to sell online with ease, offering access to a wide customer base, integrated logistics, payment solutions, and platform support. For customers, Meesho offers a broad and affordable selection, tailored for diverse needs across Bharat. We also empower creators to build commerce-driven content that drives discovery and engagement. Our logistics operations are powered by Valmo, Meesho’s asset-light logistics platform that works entirely through partner-led infrastructure to ensure cost-efficient and scalable deliveries.",23643,2015,"Technology, Information and Internet",10037698,http://www.linkedin.com/company/meesho,"Bengaluru, Karnataka, India","E-Commerce, Mobile App, Internet, Startup, and Marketplace",https://meesho.io/,,6/2026,false,,true,"I enjoy building things that solve real world problems - especially at the intersection of technology, business, and human behavior. Through building Neurastone, Voke AI and Alleviate Automation, I have worked on early-stage products focused on communication, automation, and practical problem solving. These experiences exposed me to product thinking, user behavior, and operating in uncertain environments, while constantly reminding me how much there is still to learn. That curiosity continues to drive how I approach new challenges. I’m particularly interested in understanding why people use products the way they do, how small insights translate into scalable solutions, and how structured thinking helps navigate ambiguous problems. Alongside technology and business, photography and filmmaking have been a long-standing creative pursuit. I was the Winner of InFocus, one of the largest photography events among engineering colleges in India, held during FMC Weekend at IIT (BHU) Varanasi. My work has also been featured by: Street Photography Worldwide Realme India & Realme Global Realme Creator’s Hub TFPS - IIT Kharagpur PCIITBHU - IIT (BHU) Fotofreaks - IIT (ISM) Dhanbad I am an active member of Lights Camera ISM and Fotofreaks, the official filmmaking and photography clubs of IIT (ISM) Dhanbad. I’m naturally curious, comfortable with ambiguity, and motivated by the process of learning, building, and improving over time. Always open to conversations with people working on interesting problems.",3079,2026-08-25 00:00:00.000 +0530,,,,,,,,,,,,,,,,,1191,
Aditya G.,Aditya,G.,https://www.linkedin.com/in/aditya-gupta8,urn:li:member:756585859,aditya-gupta8,Bengaluru,Karnataka,India,"Bengaluru, Karnataka, India",Meesho,Analytics,founders,member_urn,"Meesho is India’s e-commerce marketplace, on a mission to democratise internet commerce. Our multi-sided technology platform connects four key stakeholders — consumers, sellers, logistics partners, and content creators — to power inclusive growth at scale. We enable individuals and small businesses to sell online with ease, offering access to a wide customer base, integrated logistics, payment solutions, and platform support. For customers, Meesho offers a broad and affordable selection, tailored for diverse needs across Bharat. We also empower creators to build commerce-driven content that drives discovery and engagement. Our logistics operations are powered by Valmo, Meesho’s asset-light logistics platform that works entirely through partner-led infrastructure to ensure cost-efficient and scalable deliveries.",23643,2015,"Technology, Information and Internet",10037698,http://www.linkedin.com/company/meesho,"Bengaluru, Karnataka, India","E-Commerce, Mobile App, Internet, Startup, and Marketplace",https://meesho.io/,,12/2024,false,,false,"Having a keen eye to transform and automate processes. In the current role, identified a major bottleneck in project delivery and automated the flow which reduced operating costs and saved 3 months time.",3082,2026-08-25 00:00:00.000 +0530,,,,,,,,,,,,,,,,,1191,
Pranjal Arusia,Pranjal,Arusia,https://www.linkedin.com/in/pranjal-arusia-00bb4b115,urn:li:member:483582539,pranjal-arusia-00bb4b115,Gwalior,Madhya Pradesh,India,"Gwalior, Madhya Pradesh, India",Meesho,Manager - Analytics,6-10yoe_global_indian,member_urn,"Meesho is India’s e-commerce marketplace, on a mission to democratise internet commerce. Our multi-sided technology platform connects four key stakeholders — consumers, sellers, logistics partners, and content creators — to power inclusive growth at scale. We enable individuals and small businesses to sell online with ease, offering access to a wide customer base, integrated logistics, payment solutions, and platform support. For customers, Meesho offers a broad and affordable selection, tailored for diverse needs across Bharat. We also empower creators to build commerce-driven content that drives discovery and engagement. Our logistics operations are powered by Valmo, Meesho’s asset-light logistics platform that works entirely through partner-led infrastructure to ensure cost-efficient and scalable deliveries.",23643,2015,"Technology, Information and Internet",10037698,http://www.linkedin.com/company/meesho,"Bengaluru, Karnataka, India","E-Commerce, Mobile App, Internet, Startup, and Marketplace",https://meesho.io/,,1/2026,false,https://media.licdn.com/dms/image/v2/C4D03AQFB95FmKw87oA/profile-displayphoto-shrink_100_100/profile-displayphoto-shrink_100_100/0/1620796857903?e=1788998400&v=beta&t=b51B62IRC06xTuI7mXWlsks_wjP6VcjO4YSQb7buXuo,false,"Analyst, at Meesho was earlier in food tech startup. Was involved in strategy, manpower planning, customer behaviour, products launches. Bachelor of Technology (B.Tech.) focused in B.Tech in Electronics and communication Engineering from IIT (ISM) Dhanbad.",392,2026-08-25 00:00:00.000 +0530,,,,,,,,,,,,,,,,,1191,
Alagu Ram,Alagu,Ram,https://www.linkedin.com/in/alagu-ram-56800178,urn:li:member:274713056,alagu-ram-56800178,Udaipur,Rajasthan,India,"Udaipur, Rajasthan, India",Hindustan Zinc,Manager,6-10yoe_global_indian,member_urn,"Hindustan Zinc Limited (BSE: HINDZINC and NSE: HINDZINC), a Vedanta Group company, is the world’s largest zinc producer and amongst the top 5 silver producers globally. The company supplies to more than 40 countries and holds a market share of about 75% of the primary zinc market in India. Hindustan Zinc has been recognized as the world’s most sustainable company in the metals and mining category by the S&P Global Corporate Sustainability Assessment 2025, reflecting its operational excellence, innovation, and leading ESG practices. Hindustan Zinc is also a certified 3.32 times Water-Positive company and is committed to achieving Net Zero emissions by 2050 or sooner. Transforming the lives of 1.9 million people through its focused social welfare initiatives, Hindustan Zinc is among the Top 10 CSR companies in India. As a world leader in the metals and mining industry, Hindustan Zinc is pivotal in providing critical metals essential for the global energy transition for a sustainable future. For any queries, please write to- infohzl@vedanta.co.in",4500,,Manufacturing,13742084,http://www.linkedin.com/company/hindustanzinc,"Udaipur, Rajasthan, India","Metals, Mining, Zinc, Lead, Silver, Exploration, Sustainability, CSR, Safety, Employment, Natural resources, Power, Leader, Metals and Mining, Infrastructure, Metal Technology, India, Smelting, and Commodities",http://www.hzlindia.com,Head Geotechnical - Zawar Group of mines,4/2026,false,https://media.licdn.com/dms/image/v2/D5603AQFbUZHFBVOILA/profile-displayphoto-scale_200_200/B56Z95RJ4oGUAc-/0/1784445968113?e=1788998400&v=beta&t=tSPDEEVC3z5N_02F2xibP5-TGgyLlGK8rVlfMDTR680,false,"Head Mining Geotechnical manager | 12+ years in Underground Metal Mines | Currently at Zawar, India",216,2026-08-25 00:00:00.000 +0530,,,,,,,,,,,,,,,,,1092,
Harshita Mahbubani,Harshita,Mahbubani,https://www.linkedin.com/in/harshita-mahbubani-b7070124a,urn:li:member:1034895684,harshita-mahbubani-b7070124a,Kota,Rajasthan,India,"Kota, Rajasthan, India",Meesho,Senior Associate,founders,member_urn,"Meesho is India’s e-commerce marketplace, on a mission to democratise internet commerce. Our multi-sided technology platform connects four key stakeholders — consumers, sellers, logistics partners, and content creators — to power inclusive growth at scale. We enable individuals and small businesses to sell online with ease, offering access to a wide customer base, integrated logistics, payment solutions, and platform support. For customers, Meesho offers a broad and affordable selection, tailored for diverse needs across Bharat. We also empower creators to build commerce-driven content that drives discovery and engagement. Our logistics operations are powered by Valmo, Meesho’s asset-light logistics platform that works entirely through partner-led infrastructure to ensure cost-efficient and scalable deliveries.",23643,2015,"Technology, Information and Internet",10037698,http://www.linkedin.com/company/meesho,"Bengaluru, Karnataka, India","E-Commerce, Mobile App, Internet, Startup, and Marketplace",https://meesho.io/,,6/2026,false,,true,"If someone asks me to describe myself in less than 10 seconds, I always use the following quote: “Do not judge me by my success, judge me by how many times I fell down and got back up again.” Nelson Mandela When I chose Science and Mathematics and dreamed of cracking IIT, my father warned me that it was a tough road. Only 2–3% make it. Sixteen-year-old me listened, paused, and said: “I want to be that 3%.” If I could go back in time, I’d hug that kid and thank her for teaching me how to fight for what I truly want. As the adage goes, “Hope is a good thing, may be the best of the things and no good thing ever dies.” I’ve always believed that things work out, especially when it feels like they won’t. And somehow, they always have. Hey! I’m Harshita Mahbubani, a final-year undergraduate at IIT (ISM) Dhanbad, and an Incoming Senior Associate at Meesho, something I genuinely never thought I’d crack, until I did. That experience alone reinforced what I’ve seen time and again: faith, effort, and patience have a funny way of aligning. Over the last few years, my journey hasn’t been linear and I’m grateful for that. I’ve explored multiple domains with curiosity and intent. From Supply Chain & Operations at AB InBev, to Growth & Strategy roles at early-stage startups like 10X and PandaMoney, to Product exposure at Hyperpure (Zomato), and marketplace and growth work with Weekday (YC-backed). I’ve tried my hand at business analytics, growth strategy, operations, product thinking, and technical problem-solving, learning that real growth often comes from stepping outside comfort zones. Sometimes confidently, sometimes nervously, and sometimes with a very messy VS Code terminal. What ties all of this together is my interest in business growth, strategy, and operations, backed by analytical thinking and hands-on execution. I enjoy working at the intersection of data, people, and systems, especially in fast-moving, ambiguous environments. Beyond work, I value good conversations. The kind that aren’t just logical, but warm. I love listening to stories, understanding people, exchanging perspectives, and being in spaces that leave you thinking a little deeper or smiling a little wider. Sometimes growth comes from action; sometimes it comes from stillness. And as Krishna says in the Bhagavad Gita, “A man is made by his belief. As he believes, so he is.” So, believe. Things have a way of working out, often better than we imagined. Still learning. Still growing. Still trusting the process. One day at a time.",3041,2026-08-25 00:00:00.000 +0530,,,,,,,,,,,,,,,,,1191,
Yogesh Priyadarahi,Yogesh,Priyadarahi,https://www.linkedin.com/in/yogesh-priyadarahi-90a151119,urn:li:member:493042906,yogesh-priyadarahi-90a151119,,,Greater Patna Area,Greater Patna Area,Self employed,Student,10+yoe_global,member_urn,,,,,,,,,,,1/2013,false,https://media.licdn.com/dms/image/v2/C5603AQEJPnx4zXCGiQ/profile-displayphoto-shrink_100_100/profile-displayphoto-shrink_100_100/0/1517612172566?e=1788998400&v=beta&t=QFyycQWYOne5FocCQFavFBXiWiRWSFYxsLIAj73NE8w,false,"I have completed my industry training in Vedanta , Rajasthan.",222,2026-08-25 00:00:00.000 +0530,,,,,,,,,,,,,,,,,2432,
Misbaul Haque,Misbaul,Haque,https://www.linkedin.com/in/misbaul-haque-17a65310a,urn:li:member:461443630,misbaul-haque-17a65310a,Bengaluru,Karnataka,India,"Bengaluru, Karnataka, India",Meesho,Associate Director HR,6-10yoe_global_indian,member_urn,"Meesho is India’s e-commerce marketplace, on a mission to democratise internet commerce. Our multi-sided technology platform connects four key stakeholders — consumers, sellers, logistics partners, and content creators — to power inclusive growth at scale. We enable individuals and small businesses to sell online with ease, offering access to a wide customer base, integrated logistics, payment solutions, and platform support. For customers, Meesho offers a broad and affordable selection, tailored for diverse needs across Bharat. We also empower creators to build commerce-driven content that drives discovery and engagement. Our logistics operations are powered by Valmo, Meesho’s asset-light logistics platform that works entirely through partner-led infrastructure to ensure cost-efficient and scalable deliveries.",23643,2015,"Technology, Information and Internet",10037698,http://www.linkedin.com/company/meesho,"Bengaluru, Karnataka, India","E-Commerce, Mobile App, Internet, Startup, and Marketplace",https://meesho.io/,HRBP Tech and Data Science,7/2026,true,https://media.licdn.com/dms/image/v2/C4E03AQEKaDAOOPkHIQ/profile-displayphoto-shrink_100_100/profile-displayphoto-shrink_100_100/0/1615176459739?e=1788998400&v=beta&t=EGd4co1e9wXnqIsC-vMNzSFf2pYVnb9lXBy29QPmDQw,false,"Leading charters of Talent Brand , New Hire Success, employee experience and culture as a Senior Manager HR COE",391,2026-08-25 00:00:00.000 +0530,,,,,,,,,,,,,,,,,1191,
Vaibhav Mahajan,Vaibhav,Mahajan,https://www.linkedin.com/in/vaibhav-mahajan-365051190,urn:li:member:752573885,vaibhav-mahajan-365051190,,,Greater Bengaluru Area,Greater Bengaluru Area,Meesho,Product Manager I,6-10yoe_global_indian,member_urn,"Meesho is India’s e-commerce marketplace, on a mission to democratise internet commerce. Our multi-sided technology platform connects four key stakeholders — consumers, sellers, logistics partners, and content creators — to power inclusive growth at scale. We enable individuals and small businesses to sell online with ease, offering access to a wide customer base, integrated logistics, payment solutions, and platform support. For customers, Meesho offers a broad and affordable selection, tailored for diverse needs across Bharat. We also empower creators to build commerce-driven content that drives discovery and engagement. Our logistics operations are powered by Valmo, Meesho’s asset-light logistics platform that works entirely through partner-led infrastructure to ensure cost-efficient and scalable deliveries.",23643,2015,"Technology, Information and Internet",10037698,http://www.linkedin.com/company/meesho,"Bengaluru, Karnataka, India","E-Commerce, Mobile App, Internet, Startup, and Marketplace",https://meesho.io/,Product and Design - Monetisation,3/2026,false,https://media.licdn.com/dms/image/v2/D4D03AQE1-9OjozWV0w/profile-displayphoto-shrink_100_100/profile-displayphoto-shrink_100_100/0/1715762173757?e=1788998400&v=beta&t=nDbE9ParyBwwPhR770Lq0N8AL8wl41rjWfBEmGJwEqs,false,Passionate problem-solver with a strong drive for learning and growth,389,2026-08-25 00:00:00.000 +0530,,,,,,,,,,,,,,,,,1191,
Jenne Mohana Krishna,Jenne,Mohana Krishna,https://www.linkedin.com/in/jenne-mohana-krishna,urn:li:member:1346529129,jenne-mohana-krishna,Bengaluru,Karnataka,India,"Bengaluru, Karnataka, India",Meesho,Senior Associate - Business Management,founders,member_urn,"Meesho is India’s e-commerce marketplace, on a mission to democratise internet commerce. Our multi-sided technology platform connects four key stakeholders — consumers, sellers, logistics partners, and content creators — to power inclusive growth at scale. We enable individuals and small businesses to sell online with ease, offering access to a wide customer base, integrated logistics, payment solutions, and platform support. For customers, Meesho offers a broad and affordable selection, tailored for diverse needs across Bharat. We also empower creators to build commerce-driven content that drives discovery and engagement. Our logistics operations are powered by Valmo, Meesho’s asset-light logistics platform that works entirely through partner-led infrastructure to ensure cost-efficient and scalable deliveries.",23643,2015,"Technology, Information and Internet",10037698,http://www.linkedin.com/company/meesho,"Bengaluru, Karnataka, India","E-Commerce, Mobile App, Internet, Startup, and Marketplace",https://meesho.io/,,6/2026,false,,true,"When I first walked into () , I thought my path was set: circuits, machines, equations. But somewhere between solving problems on paper and solving them in real life, I stumbled onto a new obsession - , , . That curiosity turned into action. I built a campus venture from scratch, experimented with brand storytelling, dove into retention strategies at consumer companies, and collaborated with brands on growth and engagement initiatives. Every role taught me the same lesson: . My engineering roots keep me analytical, my entrepreneurial drive keeps me restless, and my love for marketing keeps me creative. Together, they fuel how I approach business - like an engineer, like an entrepreneur, and like a marketer. Now in my final year, I’m chasing the intersections that excite me most: Business Development, Founder’s Office, Growth, Product, Retention, and Marketing. If it involves building, scaling, or reimagining how ideas meet the world - I’m all in. Let’s connectif you believe in strategies that don’t just grow businesses, but shape stories people remember.",3080,2026-08-25 00:00:00.000 +0530,,,,,,,,,,,,,,,,,1191,
Sahil Kumar,Sahil,Kumar,https://www.linkedin.com/in/sahil-kumar-iit-product-strategy,urn:li:member:1054941900,sahil-kumar-iit-product-strategy,,,Dhanbad-Ranchi Area,Dhanbad-Ranchi Area,Meesho,Senior Associate: Fulfillment & Experience,founders,member_urn,"Meesho is India’s e-commerce marketplace, on a mission to democratise internet commerce. Our multi-sided technology platform connects four key stakeholders — consumers, sellers, logistics partners, and content creators — to power inclusive growth at scale. We enable individuals and small businesses to sell online with ease, offering access to a wide customer base, integrated logistics, payment solutions, and platform support. For customers, Meesho offers a broad and affordable selection, tailored for diverse needs across Bharat. We also empower creators to build commerce-driven content that drives discovery and engagement. Our logistics operations are powered by Valmo, Meesho’s asset-light logistics platform that works entirely through partner-led infrastructure to ensure cost-efficient and scalable deliveries.",23643,2015,"Technology, Information and Internet",10037698,http://www.linkedin.com/company/meesho,"Bengaluru, Karnataka, India","E-Commerce, Mobile App, Internet, Startup, and Marketplace",https://meesho.io/,Trucker Payouts & Cost Optimization: Building a payout system for vendors under Valmo along with GPS integration.,6/2026,false,,true,Engineer from IIT Dhanbad with right management skills who loves to solve Business Problems using technology and strategy.,3269,2026-08-25 00:00:00.000 +0530,,,,,,,,,,,,,,,,,1191,
Nand Kumarum,Nand,Kumarum,https://www.linkedin.com/in/nand-kumarum-b2582a17,urn:li:member:58784717,nand-kumarum-b2582a17,Delhi,,India,"Delhi, India",Ministry of Electronics and Information Technology,"Chief Executive Officer, MyGov India",founders,member_urn,The Ministry of Electronics and Information Technology is an executive agency of the Union Government of the Republic of India.,745,1991,Government Administration,39291128,http://www.linkedin.com/company/meity-in,"Delhi, India",,https://www.meity.gov.in/,,10/2024,false,,false,,3653,2026-08-25 00:00:00.000 +0530,,,,,,,,,,,,,,,,,1192,
Amit Kumar,Amit,Kumar,https://www.linkedin.com/in/amit-kumar-b3268120,urn:li:member:73325846,amit-kumar-b3268120,Bengaluru,Karnataka,India,"Bengaluru, Karnataka, India",Mercedes-Benz Research and Development India,Principal Consultant,10+yoe_indian,member_urn,"Mercedes-Benz Research and Development India (MBRDI) is the largest research and development centre for Mercedes-Benz Group AG outside of Germany. With over 27 years of innovation, MBRDI is contributing towards building the world’s most desirable cars, right here from India. Our mission - shape the future of sustainable mobility, one innovation at a time. MBRDI’s expertise includes developing new technologies like connected, autonomous and electric in the mobility world - driving digital acceleration, leading excellence in-car software and paving the way for sustainable mobility. MBRDI currently employs over 8500 professionals in the field of engineering, digitalisation, testing and simulation, and data science, with people at the heart of our culture. Our philosophy - When every individual shines in his or her own capabilities, we shine! We are committed to building an environment where everyone is enabled to bring their true self to work, each day. By fostering a diverse & inclusive work ecosystem, and enabling equal opportunities, we are building a culture that inspires innovation and sparks creativity and growth.",10832,,Motor Vehicle Manufacturing,293939,http://www.linkedin.com/company/mercedes-benz-research-and-development-india,"Bangalore Urban, Karnataka, India","Automotive Engineering, Design & Development, Information Technology, CAE Simulation, Sustainability, Electric Mobility, and Car Software",https://www.mbrdi.co.in/#/,,4/2022,false,https://media.licdn.com/dms/image/v2/C5103AQH3hKkc8twxzA/profile-displayphoto-shrink_100_100/profile-displayphoto-shrink_100_100/0/1556081690344?e=1788998400&v=beta&t=AYuvoXKso28WrItOBl8fD9CFm2WCJUCTiE_iKkIpJfg,false,"I have been working as a OpenText Exstream developer and possess a good scripting knowledge. I am well versed with the Processes like StoryTeller, StreamOUT, XMLOUT, MailOUT, RedirectOUT and events like XMLIN, StreamIN(RecordIN) along with web applications like Workshop, Storyboard, ReTouch and Writer. Worked on setting up new environments for on-premise version of Exstream and performed upgrades/migration to latest versions. I am also working on the cloud edition version of Exstream 23.4 and has good working knowledge in creating projects from scratch to deployment in production using tools/components like Design Manager, Designer, Content Author, Communications Designer, Empower Editor, DAS.",714,2026-08-25 00:00:00.000 +0530,,,,,,,,,,,,,,,,,1193,
Sanjib Ghosh,Sanjib,Ghosh,https://www.linkedin.com/in/sanjib-ghosh-geng,urn:li:member:220062144,sanjib-ghosh-geng,Bengaluru,Karnataka,India,"Bengaluru, Karnataka, India",Mercedes-Benz Research and Development India,"Senior Manager, IT for Sales",10+yoe_global,member_urn,"Mercedes-Benz Research and Development India (MBRDI) is the largest research and development centre for Mercedes-Benz Group AG outside of Germany. With over 27 years of innovation, MBRDI is contributing towards building the world’s most desirable cars, right here from India. Our mission - shape the future of sustainable mobility, one innovation at a time. MBRDI’s expertise includes developing new technologies like connected, autonomous and electric in the mobility world - driving digital acceleration, leading excellence in-car software and paving the way for sustainable mobility. MBRDI currently employs over 8500 professionals in the field of engineering, digitalisation, testing and simulation, and data science, with people at the heart of our culture. Our philosophy - When every individual shines in his or her own capabilities, we shine! We are committed to building an environment where everyone is enabled to bring their true self to work, each day. By fostering a diverse & inclusive work ecosystem, and enabling equal opportunities, we are building a culture that inspires innovation and sparks creativity and growth.",10832,,Motor Vehicle Manufacturing,293939,http://www.linkedin.com/company/mercedes-benz-research-and-development-india,"Bangalore Urban, Karnataka, India","Automotive Engineering, Design & Development, Information Technology, CAE Simulation, Sustainability, Electric Mobility, and Car Software",https://www.mbrdi.co.in/#/,,5/2025,true,https://media.licdn.com/dms/image/v2/C4D03AQFrO0NyMBOQuQ/profile-displayphoto-shrink_100_100/profile-displayphoto-shrink_100_100/0/1654371943181?e=1788998400&v=beta&t=PJYMugyG8YIk0KP9VtG7q9DvgdWu1aKpFDfLG4h2hWM,false,"It is proved by various researches even by neuroscientists that people who enjoy their work and are happy are more productive. On the other hand, those who are in a stressed and constrained environment, they not only have a low output at work, they carry it home also which has a negative impact on their health and personal lives. Who does not want to be part of a workplace that is fun and enjoyable? But is it possible? - I truly believe it is possible. I have started the movement #MakeWorkplaceFunAgain and I am on a mission to make 1 million professionals have an enjoyable and fun workplace, thereby increasing their productivity and also making a positive change in their Personal lives. I have a reason to be so confident about making this change. Our professional workplaces are not our first workplace (or ""Karmabhumi). We had our schools and colleges and universities as our workplaces before. We had our fair share of worries there also (exams, cut off marks, minimum percentage etc.) but we enjoyed those days so much. We were really happy at each other's success and were there by each others' sides when times were tough. We are the same guys now in professional workplace, just that my friends will be in some other company and someone's else's college mate will be with me. However, the professional workplace is so stressful and contained. And there is no reason why this can not be changed and be as enjoyable and fulfilled as our school and college days. I have put together my 20+ years of professional experience in creating enjoyable, fun-loving and productive workplaces and also incorporated experiences of other colleagues and friends to come put with a step-by-step process to achieve the same. If you are interested to make the change in your workplace or now someone who needs to do so, feel free to contact me. We together create a new ""generation"" of corporate employees - the #GenG s - They will have the Guts to follow their Gut!",938,2026-08-25 00:00:00.000 +0530,,,,,,,,,,,,,,,,,1193,
Shivam Merothiya,Shivam,Merothiya,https://www.linkedin.com/in/shivam-merothiya-108ba679,urn:li:member:280651544,shivam-merothiya-108ba679,Noida,Uttar Pradesh,India,"Noida, Uttar Pradesh, India",MeroxIO IT Solutions Pvt. Ltd.,Co-Founder & CTO,founders,member_urn,"We at MeroxIO aim to provide aesthetically pleasing Shopify solutions, Served over 5k+ merchants across the world. We are industry experts in the Speed Performance Optimization of e-commerce websites and have served over 4000 E-commerce(specifically on Shopify) stores to achieve blazing fast website speed performance. Apart from speed optimization, we are experts in all sets of services like new feature development, app development, Digital Marketing, SEO, Maintainance, and tech support to all kinds of businesses from small start-ups to anyone who has ideas that can move the globe.",19,2018,IT Services and IT Consulting,29214283,http://www.linkedin.com/company/meroxio,"Ghaziabad, Uttar Pradesh, India","E-COMMERCE DEVELOPMENT, DIGITAL MARKETING, WEBSITE SERVICES, SHOPIFY DEVELOPMENT, WORDPRESS DEVELOPMENT, BIG COMMERCE DEVELOPMENT, OPENCART DEVELOPMENT, DROP-SHIPPING STORE DEVELOPMENT, SEARCH ENGINE OPTIMIZATION, SOCIAL MEDIA MARKETING, EMAIL CAMPAIGNS, GOOGLE ADWORDS, FACEBOOK CAMPAIGNS, SMS CAMPAIGNS, WEBSITE DESIGNING, and WEBSITE SPEED OPTIMIZATION",https://meroxio.com/,"We at MeroxIO aim to provide aesthetically pleasing eCommerce solutions. We offer a range of services like Speed Performance Optimization, Conversion rate Optimization, Store Development, and Custom app development to automate the complex e-commerce operations",4/2021,false,,false,"IIT Graduate, CTO & Customer Relation Manager at MeroxIO IT Solutions.",3198,2026-08-25 00:00:00.000 +0530,,,,,,,,,,17,28,,,,,,1194,
Pratik Ranjan,Pratik,Ranjan,https://www.linkedin.com/in/pratik-ranjan-0a0b3581,urn:li:member:292448568,pratik-ranjan-0a0b3581,Bokaro,Jharkhand,India,"Bokaro, Jharkhand, India",GOPA MetaMeta,Project Officer,founders,member_urn,"GOPA MetaMeta is an integral part of GOPA, Europe’s leading professional services provider combining engineering know-how, consulting expertise and targeted communication to deliver holistic solutions for increasingly complex projects that are effective on all levels - technical, institutional and societal. GOPA’s core promise: Shaping a better tomorrow – for our partners, society, and the environment. In 2024, MetaMeta was acquired by GOPA AFC, a GOPA unit headquartered in Bonn, Germany. GOPA MetaMeta Team and Services Our staff are highly qualified technical advisers and project managers who think innovatively and firmly believe in the importance of local ownership by the communities with whom we work in the Global South. Our team understands how to embed its technical advice in the systems and cultures of the countries where we work. We serve a broad range of clients, including the Netherlands Government, the World Bank, the Asian Development Bank, UN organisations and various research funds, including the Dutch Research Council (NWO). Since early 2024, GOPA MetaMeta is part of the GOPA Consulting Group from Germany, which is one of the largest international development organisations in Europe. GOPA MetaMeta’s water and land management expertise complements the broad sectoral expertise existing within the wider GOPA Group. At GOPA MetaMeta, we are on a mission to empower global communities through innovative solutions in land and water management. Through stakeholder mobilization, practical research, program development, implementation support, training, guideline and policy development, we drive tangible and scalable improvements in land and water management practices. Our work revolves around seven themes: irrigation management, landscapes and local climates, floods and droughts management, green infrastructure, vital water services, green and blue economy, and agroecology. In all these themes the aim is to bring practical improvement at scale.",74,,Environmental Services,9821048,http://www.linkedin.com/company/metameta,"Wageningen, Gelderland, Netherlands","water management, landscape rehabilitation, green roads for water, flood-based livelihoods, regenerative agriculture, groundwater management, urban water resilience, SMART Centres, rodent green, games with a heart, and local climate managment",http://metameta.nl/,,7/2022,false,,false,"I am a Project Officer at MetaMeta Research with 6+ years of experience in Government Sector, International firm working towards the betterment of the people especially the rural masses. I am proficient in making the Detailed Project Report (DPR), and have experience in handling projects on Business Incubation Center, Micro Enterprise Development, Farm Value Addition, Business plan of PG/PC, Commodity Planning and Production Chain at ORMAS. I spend my extra time working on a selection of projects to improve my current skill‑set. Apart from that, being the tunneling specialist, I'm the 21st Tunnel Engineer of India (until 2017) with my PG from IIT (ISM) Dhanbad. I'm proficient in CATIA V5, and ANSYS. Also well versed in organizing events ,served previously as Program Co-ordinator and Cyber in charge of ECO Club in BIT Sindri. Team player, confident & dedicated towards my work.",1479,2026-08-25 00:00:00.000 +0530,,,,,,,,,,,,,,,,,1195,
Pankaj Sachdev,Pankaj,Sachdev,https://www.linkedin.com/in/pankaj-sachdev-077794109,urn:li:member:458791003,pankaj-sachdev-077794109,Gurugram,Haryana,India,"Gurugram, Haryana, India",Metso,Technology Manager - Separation,6-10yoe_global_indian,member_urn,"Metso is a frontrunner in sustainable technologies, end-to-end solutions and services for the aggregates, minerals processing and metals refining industries globally. By improving our customers’ energy and water efficiency, increasing their productivity, and reducing environmental risks with our product and process expertise, we are the partner for positive change. Metso is committed to limiting global warming to 1.5°C with Science Based Targets.",20607,,Industrial Machinery Manufacturing,4918,http://www.linkedin.com/company/metsoofficial,"Espoo, Uusimaa, Finland","Aggregates, Mineral refining, Metal refining, Mineral processing, Mining products and services, Aggregates products and services, Metal refining products and services, Metal processing, Crushing and screening equipment, mineral handling, Ore processing, Digital solutions for aggregates, Digital solutions for mining, and Digital solutions for metals",https://www.metso.com/,,6/2026,false,https://media.licdn.com/dms/image/v2/D5603AQHj97c65XunVg/profile-displayphoto-scale_100_100/B56Z.IFeigKEAY-/0/1784694565723?e=1788998400&v=beta&t=FJFRyjTi4p30lvK5U3k3ckS-aClThQ2AYT7QJ38AoOo,true,"Mineral Processing Engineer with 9+ years of experience in mineral beneficiation, coal preparation, and technical sales. B.Tech in Mineral Processing Engineering from IIT (ISM) Dhanbad (2017).Currently working as Technical Sales Manager at Metso, driving business development and technical solutions for flotation, thickening, automation and mineral processing technologies. Previously led process design and engineering for beneficiation plants at Lloyds Consulting & Engineering, contributed to coal washery process designing, OPEX studies and DPRs at Adani, process optimization at Nalco Water, and execution & commissioning of coal washery projects at HEC Limited.",243,2026-08-25 00:00:00.000 +0530,,,,,,,,,,,,,,,,,1196,
KUMAR SHIVAM,KUMAR,SHIVAM,https://www.linkedin.com/in/shivamiitdhn2k17,urn:li:member:302932903,shivamiitdhn2k17,Jharkhand,,India,"Jharkhand, India",Tata Steel,"Senior Manager, Design & Engg. - Power Systems & Plant Electrics",6-10yoe_global_indian,member_urn,"Tata Steel is one of the world’s most diversified integrated steel producers, with a capacity of 35 million tonnes per annum (MTPA) across India, the Netherlands, the UK, and Thailand. The World Economic Forum has recognised Tata Steel’s Jamshedpur, Kalinganagar and IJmuiden plants as Manufacturing Lighthouses. With over 76,000 employees worldwide, Tata Steel is a Great Place to Work®-certified organisation. In India, Tata Steel operates in Jamshedpur and Gamharia in Jharkhand, and in Kalinganagar (including Neelachal Ispat Nigam Limited) and Meramandali in Odisha, with an overall capacity of 26.6 MTPA. The Company has captive mining operations in India, including collieries in Jharia and West Bokaro, as well as iron ore mines in Noamundi, Katamati, Joda East, Khondbond, Vijaya II, and Koida. It also operates iron ore assets in Labrador and Northern Quebec, Canada. Tata Steel aims to achieve Net Zero emissions by 2045. The upcoming 0.75 MTPA electric arc furnace-based steelmaking facility in Ludhiana is the Company’s first low-emission plant in India. In the UK, Tata Steel is transitioning to a 3.2 MTPA EAF-based steelmaking route, following the decommissioning of its heavy-end assets in 2024. In 2025, the Government of the Netherlands and Tata Steel signed a non-binding Joint Letter of Intent for the first phase of the transition to low-emission steel production at IJmuiden. Focused on sustainability, innovation, agility, and fostering deep relationships with customers and communities, Tata Steel aspires to become the most respected and valuable metals and mining company globally.",58348,,Mining,166262,https://fr.linkedin.com/company/tatasteelltd,"Mumbai, Maharashtra, India","steelmaking, engineering, mining, steel products, steel solutions, steel research et engineering",https://www.tatasteel.com,,3/2026,false,https://media.licdn.com/dms/image/v2/D4D03AQGEEUV4lJINOw/profile-displayphoto-shrink_100_100/profile-displayphoto-shrink_100_100/0/1694804319939?e=1788998400&v=beta&t=_OYPI-fpJjM-xEIPyVs5_USkX8QwgCG7JR4ycVkAfYI,false,"I am a M.Tech educated Engineer with extensive research in Load Optimization using Machine Learning Algorithms, with a verifiable track record of achievements. Entrepreneurial and commercially astute, I am a dynamic, motivated and well-grounded change agent with a passion for attaining the unachievable through analysis and collaboration. I consistently demonstrate a can-do attitude and embrace tough challenges with energy and enthusiasm. Key Competencies: -Leadership and Management -Project Management and scheduling -Decision Making -Time Management -Operational Strategy -Change Management -Communication and Negotiation Technologies: -Ms Project, Ms Office, -ETAP, Dialux EVO, AutoCAD Electrical, Siemens SIMATIC STEP 7 -MATLAB, PSPICE, MULTISIM, VMWARE",235,2026-08-25 00:00:00.000 +0530,,,,,,,,,,,,,,,,,29,
Ashvani Kumar Sahu,Ashvani Kumar,Sahu,https://www.linkedin.com/in/ashvani-kumar-sahu-36185b23,urn:li:member:82735417,ashvani-kumar-sahu-36185b23,Gurugram,Haryana,India,"Gurugram, Haryana, India",Metso,Technology Manager Separations,10+yoe_global,member_urn,"Metso is a frontrunner in sustainable technologies, end-to-end solutions and services for the aggregates, minerals processing and metals refining industries globally. By improving our customers’ energy and water efficiency, increasing their productivity, and reducing environmental risks with our product and process expertise, we are the partner for positive change. Metso is committed to limiting global warming to 1.5°C with Science Based Targets.",20607,,Industrial Machinery Manufacturing,4918,http://www.linkedin.com/company/metsoofficial,"Espoo, Uusimaa, Finland","Aggregates, Mineral refining, Metal refining, Mineral processing, Mining products and services, Aggregates products and services, Metal refining products and services, Metal processing, Crushing and screening equipment, mineral handling, Ore processing, Digital solutions for aggregates, Digital solutions for mining, and Digital solutions for metals",https://www.metso.com/,,12/2023,false,https://media.licdn.com/dms/image/v2/C4D03AQGx2zUuv_wmTg/profile-displayphoto-shrink_100_100/profile-displayphoto-shrink_100_100/0/1594203731555?e=1788998400&v=beta&t=IWNeckaG_AzI7w3tOS_50GQ0draqfDH8th2_SWJELu0,false,"Experienced Manager with a proven track record in mineral processing across a diverse portfolio, including Iron Ore, Manganese, Lead/Zinc, Copper, Slag, Barite, Silica, and Coal. Possesses strong expertise in minerals and coal beneficiation, grinding circuits, process engineering, as well as proposal and project engineering. Currently doing sales for separation products like flotation, thickeners & magnetic separators as well as the complete mineral processing circuit solutions. Known for driving process optimization and delivering high-quality engineering solutions. A results-driven professional with an M.Tech in Coal & Mineral Beneficiation from the Indian Institute of Technology (Indian School of Mines), Dhanbad.",1053,2026-08-25 00:00:00.000 +0530,,,,,,,,,,,,,,,,,1196,
Manish Agrawal,Manish,Agrawal,https://www.linkedin.com/in/manish-agrawal-12738063,urn:li:member:224861359,manish-agrawal-12738063,Gurgaon,Haryana,India,"Gurgaon, Haryana, India",Mettl,Principal Architect,10+yoe_indian,member_urn,"At Mercer | Mettl, our mission is to enable organizations to build winning teams by making credible people decisions across two key areas - acquisition and development. Since our inception in 2010, we have partnered with 6000+ corporates, 31 sector skill councils/government departments, and 700+ educational institutions across 100+ countries. Our research-backed assessments, efficient cloud platform, and in-depth analytics help us deliver transformative results for our clients and their employees. We create customized assessments across the employee lifecycle, including pre-hiring screening, candidate skills assessment, training and development programs for employees/students, certification exams, contests and beyond. Using analysis and insights as catalysts for change, we anticipate and understand the individual impact of business decisions -- now and in the future. We see people’s current and future needs through innovation, and our holistic view, specialized expertise, and deep analytical rigor underpin every idea and solution we offer. Be sure to carefully read and understand all the disclaimers, limitations, and restrictions before using the assessment services, reports, products, psychometric tools or the company systems or website. Read the complete disclaimer here (https://pages.mettl.com/disclaimer).",528,2009,Software Development,2344873,http://www.linkedin.com/company/mettl,"Gurugram, Haryana, India","Recruitment Assessments, Training & Development Assessments, Certification Management Software, psychometric assessments, hackathons, campus hiring, competency based evaluation, coding tests, pre-employment testing , psychometric profiling, content for pre-employment testing, online proctoring, certification software, online exam platform, aptitude assessment, leadership assessment, online assessment, online proctored exams, certification software, high potential identification, assessments for multiskilling, anti-cheating technology, learning and development, remote proctoring, and human resources",https://mettl.com,,4/2023,false,https://media.licdn.com/dms/image/v2/C5603AQGMPBtn5VXd9w/profile-displayphoto-shrink_100_100/profile-displayphoto-shrink_100_100/0/1624774009193?e=1788998400&v=beta&t=6o2tUJjqUZ-9kxYJg_81mXoz0bUyHXrzMkCmiPKzwzI,false,,1782,2026-08-25 00:00:00.000 +0530,,,,,,,,,,,,,,,,,1197,
Pammi Grewal,Pammi,Grewal,https://www.linkedin.com/in/pammi-grewal-19522a12,urn:li:member:42360449,pammi-grewal-19522a12,Kolkata,West Bengal,India,"Kolkata, West Bengal, India",Micromine,CEO-India,10+yoe_global,member_urn,"Micromine is a leading provider of innovative software solutions that span the breadth of the mining cycle from geological exploration and data management, to resource estimation, mine design, planning and production control. Founded 38 years ago, we have steadily grown over the years to become one of the world’s leading mining software companies with our solutions currently used in 3000+ projects at 120+ mine sites. Customers use Micromine software to maximise their asset value, increase productivity and for decisions on which they know they can rely. Our software is renowned for its ease of use yet powerful capabilities. All products are available in numerous languages and supported by local experts. Our huge on-going commitment to research and development ensures Micromine develops software products that continue to set new standards of innovation and excellence for the mining and resources industries.",410,1986,Software Development,76265,http://www.linkedin.com/company/micromine,"Perth, Western Australia, Australia","Integrated mining software solutions, Geobank, Mining Software, Intuitive Mining Solutions, Micromine, Pitram, Data Management Software, Mine Design, Fleet Management, Exploration, 3D Mine Design, Customer Service, and Innovation",https://www.micromine.com,,,false,https://media.licdn.com/dms/image/v2/C5603AQFP6X_RcWE1Bw/profile-displayphoto-shrink_100_100/profile-displayphoto-shrink_100_100/0/1517783299376?e=1788998400&v=beta&t=KAMm3Oh5UND7ywiSODVrFf3pF2lpKqeDLwqZ4ZxL5H8,false,"Marketing Director, Joy Mining Services ltd Kolkata",1180,2026-08-25 00:00:00.000 +0530,,,,,,,,,,,,,,,,,1198,
Pammi Grewal,Pammi,Grewal,https://www.linkedin.com/in/pammi-grewal-ab814710,urn:li:member:36177260,pammi-grewal-ab814710,Kolkata,West Bengal,India,"Kolkata, West Bengal, India",Micromine Pty Ltd,CEO- India,founders,member_urn,"Micromine is a leading provider of innovative software solutions that span the breadth of the mining cycle from geological exploration and data management, to resource estimation, mine design, planning and production control. Founded 38 years ago, we have steadily grown over the years to become one of the world’s leading mining software companies with our solutions currently used in 3000+ projects at 120+ mine sites. Customers use Micromine software to maximise their asset value, increase productivity and for decisions on which they know they can rely. Our software is renowned for its ease of use yet powerful capabilities. All products are available in numerous languages and supported by local experts. Our huge on-going commitment to research and development ensures Micromine develops software products that continue to set new standards of innovation and excellence for the mining and resources industries.",410,1986,Software Development,76265,http://www.linkedin.com/company/micromine,"Perth, Western Australia, Australia","Integrated mining software solutions, Geobank, Mining Software, Intuitive Mining Solutions, Micromine, Pitram, Data Management Software, Mine Design, Fleet Management, Exploration, 3D Mine Design, Customer Service, and Innovation",https://www.micromine.com,,,false,,false,,3984,2026-08-25 00:00:00.000 +0530,,,,,,,,,,,,,,,,,1198,
Vishal Goyal,Vishal,Goyal,https://www.linkedin.com/in/vishal-goyal-a1577011,urn:li:member:40706225,vishal-goyal-a1577011,Udaipur,Rajasthan,India,"Udaipur, Rajasthan, India","Ministry of Labour & Employment, Governme","Dy. Director of Mines Safety, Udaipur Region Directorate General of Mines Safety Government of India",10+yoe_global,member_urn,,273,,Government Administration,47576808,http://www.linkedin.com/company/ministry-of-labour-employment-governme,,,http://www.dgfasli.nic.in,,7/2022,false,https://media.licdn.com/dms/image/v2/C5603AQEGUN_4UQ9k4w/profile-displayphoto-shrink_100_100/profile-displayphoto-shrink_100_100/0/1661308507397?e=1788998400&v=beta&t=I0EWjV-iq5gSDd3974M3kp3S2SSJF7MtgDFlU1IfpQI,false,Service to the Nation,959,2026-08-25 00:00:00.000 +0530,,,,,,,,,,,,,,,,,1200,
Nitin Verma,Nitin,Verma,https://www.linkedin.com/in/nvverma,urn:li:member:20798061,nvverma,Gurgaon,Haryana,India,"Gurgaon, Haryana, India",Mirae Asset Global Indices,Chief Executive Officer,10+yoe_indian,member_urn,External link for Mirae Asset Global Indices,23,2022,Financial Services,106669796,http://www.linkedin.com/company/mirae-asset-global-indices,"Gurugram, Haryana, India",,https://indices.miraeasset.com/,"Head of Global Indices with full P&L ownership, having built and scaled a global index provider from inception to a multi million dollar revenue business within 3.5 years. Driving strategic vision, global expansion, and operational excellence while leading the firm’s GenAI strategy to unlock new growth avenues and efficiencies.",4/2022,true,https://media.licdn.com/dms/image/v2/D5603AQFrXUYy7ZFbVA/profile-displayphoto-scale_100_100/B56aAUNBxXGUAY-/0/1787045355521?e=1788998400&v=beta&t=FRg3-ymgLCNiRCg-NDTxXfVCrRUq2VSN9dF2iCD6LC0,false,"As a head of global indices and operator focused on building and scaling global businesses across financial markets, data, and technology.I have setup a global index provider from the ground up—leading everything from company setup and regulatory registration to scaling it into a profitable multi-million dollar revenue business within 3.5 years. My experience spans full P&L ownership, global expansion, and end-to-end operational leadership, with a strong focus on driving scalable growth, optimizing cost structures, and building high-performance teams.I specialize in translating strategy into execution—aligning product, operations, and commercial functions to deliver measurable business outcomes.Currently, I am driving the firm’s Generative AI strategy, embedding AI-led capabilities across products and processes to unlock new revenue streams, enhance efficiency, and future-proof the business.",1196,2026-09-01 21:00:56.853 +0530,,,,,,,,,,,,"nitin.verma@evalueserve.com, nitin.ism@gmail.com",nitin.verma@evalueserve.com,,,,1201,
Arindam Roy,Arindam,Roy,https://www.linkedin.com/in/arindam-roy-145a07211,urn:li:member:901281797,arindam-roy-145a07211,Kolkata,West Bengal,India,"Kolkata, West Bengal, India",Maheshwari Mining Private Limited,Manager Geophysics,6-10yoe_global_indian,member_urn,"MMPL Pvt. Ltd. (formerly, Maheshwari Mining) is India’s largest fully integrated underground mining services provider.",347,1972,Mining,106376021,http://www.linkedin.com/company/mmpl-pvt-ltd,"Kolkata, West Bengal, India",,https://www.mmplmining.com/,,5/2025,false,https://media.licdn.com/dms/image/v2/D4E03AQEzRC_bBcb-iw/profile-displayphoto-shrink_100_100/profile-displayphoto-shrink_100_100/0/1702209504513?e=1788998400&v=beta&t=_eLs4rOnz2EnWHi-T-wDUk5sBEBWnH941BJAdyFUuY4,false,"Driven and detail-oriented Geophysicist with over 8 years of diverse field and analytical experience in subsurface investigations, specializing in ground and borehole geophysical surveys. Proficient in the complete spectrum of geophysical data acquisition, processing, quality control, and interpretation. I have extensive hands-on expertise with industry-standard logging systems and software, including Century Geophysical Corp, Robertson GeoLogging, GeoVista, ALT-MSI, Electromind, and WellCAD. An alumnus of IIT(ISM) Dhanbad, I bring a strong academic foundation and a problem-solving mindset to every project. My specialization lies in borehole geophysical logging, integrating multiple parameters such as resistivity, density, gamma-gamma, sonic, caliper, and NMR data to provide comprehensive subsurface characterization. I have worked across a variety of geological settings in India and the Middle East (Dubai and Saudi Arabia), adapting to both exploratory and operational environments with ease. I am passionate about leveraging advanced geophysical techniques and multidisciplinary integration to support exploration, hydrogeological assessments, mining development, and reservoir evaluation. Known for delivering high-quality data interpretation and actionable insights, I strive to bridge the gap between raw field data and informed decision-making. Key Competencies: Ground and Downhole Geophysical Surveys Borehole Logging Tools and Interpretation WellCAD, Log Digitization & Composite Log Preparation Formation Evaluation & Structural Interpretation Team Leadership, Project Planning & Field Execution Integration with Geological, Geotechnical, and Hydrogeological Data With a steadfast commitment to innovation, safety, and accuracy, I aim to contribute meaningfully to cutting-edge geophysical exploration and resource management.",145,2026-08-25 00:00:00.000 +0530,,,,,,,,,,,,,,,,,1202,
Deepak Choudhary,Deepak,Choudhary,https://www.linkedin.com/in/deepak-choudhary-7a145922,urn:li:member:78751273,deepak-choudhary-7a145922,Bangalore Urban,Karnataka,India,"Bangalore Urban, Karnataka, India",Mochalo,Co-Founder & COO,founders,member_urn,"Mochalo | Fresh. Fast. Droolicious. Delivering freshly cooked gourmet meals for dogs—crafted with care, cooked on-demand, with deliveries starting in just 30 minutes. At Mochalo, we’re redefining pet food by blending science-backed nutrition, real human-grade ingredients, and operational excellence. Every bowl is prepared only after you order, under the guidance of pet nutritionists and veterinary experts. With a deep understanding of dogs’ physiological needs and a commitment to uncompromised quality, we aim to bring pets food that’s not only tasty and wholesome but also timely and convenient. Currently operating across Bangalore with a network of hyperlocal cloud kitchens, we’re on a mission to become India’s leading fresh pet food brand—built for modern pet parents who love their dogs like family, but feed them like dogs. Join us as we bring joy back to every bowl.",2,2025,Pet Services,106469894,http://www.linkedin.com/company/mochalo,"Bengaluru, Karnataka, India","Fresh Pet Food, Nutrition, and Kitchen to bowl",https://mochalo.com,,2/2025,false,,false,Having worked in different industries with multiple roles has helped me to become a dynamic individual with a strong sense of empathy towards customers. I believe in creating strong relationships at work and also enjoy traveling.,3341,2026-08-25 00:00:00.000 +0530,,,,,,,,,,,,,,,,,1204,
Rishabh Dwivedi,Rishabh,Dwivedi,https://www.linkedin.com/in/dwivedi-rishabh,urn:li:member:306911515,dwivedi-rishabh,Bengaluru,Karnataka,India,"Bengaluru, Karnataka, India",Tekion Corp,Senior Product Manager,6-10yoe_global_indian,member_urn,"Tekion is redefining automotive retail with an end-to-end, AI-native platform purpose-built for the industry. With AI built into every workflow, Tekion delivers intelligent automation, real-time insights, and advanced decision support—driving measurable efficiency, revenue, and modern consumer experiences. As the first and fastest cloud-native platform for automotive, Tekion unites OEMs, dealers, partners, and consumers through its revolutionary suite of solutions: Automotive Retail Cloud (ARC) for retailers, Automotive Enterprise Cloud (AEC) for manufacturers and large enterprises, and Automotive Partner Cloud (APC) for technology and industry partners. Together, these offerings connect the entire ecosystem on a single, AI-native platform that empowers teams to operate smarter, serve faster, and scale more profitably. With AI-powered, cloud-native technology, Tekion is enabling the most seamless, transparent, and profitable retail experiences in the industry—helping automotive businesses transform how they operate today and prepare for what’s next.",3009,,Software Development,41315,https://www.linkedin.com/company/tekion,"Pleasanton, California, United States",,https://www.tekion.com/,,4/2024,false,https://media.licdn.com/dms/image/v2/C4E03AQGvnMJdDXJ-rA/profile-displayphoto-shrink_100_100/profile-displayphoto-shrink_100_100/0/1627033207558?e=1788998400&v=beta&t=ZKczIOjOHA1AjGR-aqQY9oHuDU0lTMfr33ciT_Oj19o,false,"A Product Manager with over 7 years of experience at the intersection of technology, AI, and business. Skilled in building data-driven, user-centric products, defining product strategy and roadmaps, and leading cross-functional teams to deliver scalable tech solutions with a strong problem-solving and growth mindset.",246,2026-08-25 00:00:00.000 +0530,,,,,,,,,,,,,,,,,738,
Rajesh Karel MUMBAI,Rajesh Karel,MUMBAI,https://www.linkedin.com/in/rajesh-karel-mumbai-a22042175,urn:li:member:695822138,rajesh-karel-mumbai-a22042175,,,Mumbai Metropolitan Region,Mumbai Metropolitan Region,Defence,Chief Engineer,10+yoe_global,member_urn,,,,,,,,,,"Building Construction Engineer, Highway & Bridge, Marine Engineering",9/2021,false,https://media.licdn.com/dms/image/v2/D4D03AQElAhl8UTtfzA/profile-displayphoto-shrink_100_100/profile-displayphoto-shrink_100_100/0/1693647646481?e=1788998400&v=beta&t=SBfE1OC9aZvRJ_gMeI7Agarxt_QWwv6WD7sz1zvT-Lc,false,See Profile,250,2026-08-25 00:00:00.000 +0530,,,,,,,,,,,,,,,,,1735,
Rajat Singh,Rajat,Singh,https://www.linkedin.com/in/rajat-singh-9210b18a,urn:li:member:316745449,rajat-singh-9210b18a,Noida,Uttar Pradesh,India,"Noida, Uttar Pradesh, India",Moglix,Director Supply Chain Management,10+yoe_global,member_urn,"We are an Asia-based B2B commerce company intensively inclined towards B2B procurement of industrial supplies, in particular, MRO, Safety, Electrical & Lighting, Cleaning & Laundry Supplies, Office Supplies, Tools and many more industry essentials. Owing to the fragmentation of products and categories, industrial procurement is deemed to be a complex subject, across the globe. However, we at Moglix, through our extensive range of products and dedicated team of professionals are tapping into the responsibility of providing a seamless solution to this deep-rooted problem of the industry. We take pride in delivering world-class services and, our clients are well aware of the fact that we do not just deliver products; we deliver a satisfying experience, which has enabled us to forge strong relationship with our customers. It’s a cultural belief that is demonstrated every day, through exceptional customer service, product selection and, paramount industry knowledge.",1330,2015,Manufacturing,6419569,http://www.linkedin.com/company/moglix,"Singapore, Singapore","e-commerce, Internet, and Mobile",https://www.moglix.com,,4/2025,false,https://media.licdn.com/dms/image/v2/C4E03AQH91Rek5hrfMQ/profile-displayphoto-shrink_100_100/profile-displayphoto-shrink_100_100/0/1517261649293?e=1788998400&v=beta&t=58CK_9DM9FUDwj4-CsoxVDYtU6Z2SaH6OPQxPqaN6Gg,false,"I am a Supply Chain and Operations professional with 12 years of diverse experience in Logistics, Automotive and E-Commerce Industry. There I worked in different functions of Operations, Process Excellence , Procurement and New Product Development. Currently working as Director in Supply Chain team of Moglix heading their logistics operations of E commerce and Manufacturing business both. I am a MBA graduate from NITIE Mumbai and an Engineering graduate from IIT Dhanbad. Key Skills : Team Management, Project Management, Process Improvement, P&L, Vendor Management, Cost Control & Procurement. Hobbies: Running ,Trekking and adventure sports enthusiast.",947,2026-08-25 00:00:00.000 +0530,,,,,,,,,,,,,,,,,1206,
Ravula Sai Vamshi,Ravula Sai,Vamshi,https://www.linkedin.com/in/sai-vamshi-r5,urn:li:member:622378843,sai-vamshi-r5,Telangana,,India,"Telangana, India",MOIL LIMITED,Manager (Mines),founders,member_urn,"MOIL is a Schedule “A” Miniratna Category-I Company. It was originally incorporated as Manganese Ore (India) Limited in the year 1962. Subsequently, name of the Company was changed from Manganese Ore (India) Limited to MOIL Limited during the financial year 2010-11. At present, MOIL operates 10 mines, six located in the Nagpur and Bhandara districts of Maharashtra and four in the Balaghat district of Madhya Pradesh. All these mines are about a century old. Except 3, rest of the mines are worked through underground method. The Balaghat Mine is the largest mine of the Company. The mine has now reached a mining depth of about 383 meters from the surface. Dongri Buzurg Mine located in the Bhandara district of Maharashtra is an opencast mine that produces manganese dioxide ore used by dry battery industry. This ore in the form of manganous oxide is used as micro-nutrient for cattle feed and fertilizers. MOIL fulfils about 50% of the total requirement of dioxide ore in India. MOIL produces and sells different grades of Manganese Ore. They are: High Grade Ores for production of Ferro manganese Medium grade ore for production of Silico manganese Blast furnace grade ore required for production of hot metal and Dioxide for dry battery cells and chemical industries. MOIL has set up a plant based on indigenous technology to manufacture 1,000 MT per annum capacity of Electrolytic Manganese Dioxide (EMD). This product is used for the manufacture of dry battery cells. EMD produced by the Company is of good quality and well accepted by the market. A Ferro manganese plant having a capacity of 10,000 MT per annum was also set up in 1998 by MOIL for value addition. In order to promote non-conventional energy resources, MOIL has installed 4.8 MW Wind Energy Farm at Nagda Hills and 15.2 MW Wind Farm at Ratedi Hills, Dist. Dewas in Madhya Pradesh.",935,1962,Mining,7083948,http://www.linkedin.com/company/moil-limited,"Nagpur, Maharashtra, India",,http://moil.nic.in/,,12/2025,false,,false,,4023,2026-08-25 00:00:00.000 +0530,,,,,,,,,,,,,,,,,1207,
Akash Dwivedi,Akash,Dwivedi,https://www.linkedin.com/in/akash-dwivedi-70603142,urn:li:member:149364150,akash-dwivedi-70603142,Gurugram,Haryana,India,"Gurugram, Haryana, India",Monitor Deloitte,Engagement Manager,founders,member_urn,"To navigate the future with confidence, organizations need to make and act upon the right choices: clear, timely and inspirational choices that deliver growth in a dynamic, disrupted world. Monitor Deloitte’s strategy practitioners combine deep industry insights with cutting edge methods to help leaders resolve their most critical decisions, drive value, and achieve transformational success. Monitor Deloitte serves as a trusted advisor to our clients, partnering with them to make clear data-driven choices that drive growth and enterprise value amidst significant societal and technological disruption. Our strategic advisors help catalyze the C-suite agenda to increase growth and de-risk strategic choices while orchestrating complex business transformations and unlocking business agility and sustainable value. Monitor Deloitte focuses in addressing a variety of management areas, including Strategy and Innovation, Insight & Data, Growth Commercial Strategy, and Transformation & Business Design.",3208,,Business Consulting and Services,18062937,http://www.linkedin.com/company/monitordeloitte,,,http://www.monitordeloitte.com,,4/2026,false,,false,,3966,2026-08-25 00:00:00.000 +0530,,,,,,,,,,,,,,,,,1209,
SOMNATH CHAKRAVARTY,SOMNATH,CHAKRAVARTY,https://www.linkedin.com/in/somnath-chakravarty-03628228,urn:li:member:96218538,somnath-chakravarty-03628228,South Delhi,Delhi,India,"South Delhi, Delhi, India",MONNET ISPAT & ENERGY LTD.,Vice President ( CBM ),10+yoe_indian,member_urn,"Monnet Ispat & Energy Ltd. is the Flagship company of Monnet Group. Monnet Group is an industrial conglomerate born out of a conviction.It is this strength of conviction that makes us the second largest coal-based Sponge Iron manufacturer with thriving facilities in Raipur and Raigarh in the State of Chattisgarh. Today, Monnet has a combined capacity of 860,000 TPA of Sponge Iron, 300,000 TPA of Steel, 60,000 TPA of Ferro Alloys and Power generation facility of 150MW besides running the largest underground coal mine in the country. Employees Strenth of the group is more than 3300.",943,,Mining,509782,http://www.linkedin.com/company/monnet-ispat-&-energy-ltd.-raigarh,"Raigarh, Chhattisgarh, India",Manufacturing,http://www.monnetgroup.com,"Corporate management and decision making for the entire stretch of E & P business. Monnet Ispat & Energy Ltd ( MIEL ) – a name of a big fame, catering huge facilities for the manufacture of coal based sponge iron / steel making, power generation & mining , initiating its diversification towards the field of E & P and development business for Oil / Gas / CBM / CMM etc. Project management, right from conceptual planning till presentation to the corporate board, stakeholders meet, Govt agencies etc. Preparation of bid docs.,negotiation & evaluation of contracts. Interactions with international E & P companies, service providers, national / international business delegates. Geological,Geophysical & Reservoir data analysis, cement evaluation, frac design, estimation of reserve & reservoir parameters. Geophysical Logging ( open & cased),log data interpretation, analysis & evaluation. Seismic data ( 2D & 3D offshore / onshore) acquisition, processing & interpretation. Training seminars, presentations & development of senior Managers / Executives.",1/2012,false,,false,"Career Objective: A corporate Leader with knowledge, ability & tenacity to meet the deadline of challenges in the E & P business scenario for Oil,Gas, CBM & Shale Gas,with a vision that ‘sky is the beginning not the limit’. Corporate management and decision making for the entire stretch of E & P business. Project management, right from conceptual planning till presentation to the corporate board, stakeholders meet, Govt agencies etc. Preparation of bid docs.,negotiation & evaluation of contracts. Interactions with international E & P companies, service providers, national / international business delegates. Geological,Geophysical & Reservoir data analysis, cement evaluation, frac design, estimation of reserve & reservoir parameters. Geophysical Logging ( open & cased),log data interpretation, analysis & evaluation. Seismic data ( 2D & 3D offshore / onshore) acquisition, processing & interpretation. Training seminars, presentations & development of senior Managers / Executives.",1938,2026-08-25 00:00:00.000 +0530,,,,,,,,,,,,,,,,,1210,
Mohish Maheshwari,Mohish,Maheshwari,https://www.linkedin.com/in/mohish-maheshwari-38306964,urn:li:member:227075283,mohish-maheshwari-38306964,Bengaluru,Karnataka,India,"Bengaluru, Karnataka, India",mPokket,Product Manager-I,founders,member_urn,"Accelerating Everyday Ambition. At mPokket, we exist to remove the financial friction that stalls potential. We are on a mission to empower Young India - the Upskillers, the Aspirants, and the Self-Starters to achieve their dreams with true financial independence. Founded in 2016 by Gaurav Jalan, mPokket was born from a simple yet powerful realisation, while global youth enjoyed financial freedom, young Indians faced barriers. We set out to bridge the gap between aspirations and affordability. Today, we bridge that gap by offering quick, dignified, and accessible instant loans up to ₹2,00,000. Our Impact We are proud to be a trusted partner for over 65 million customers, maintaining a 4.6/5 rating on the Google Play Store. We do not just provide loans, we provide momentum for part-time earners, salaried professionals, and the self-employed across India. We believe that to fuel the dreams of others, we must first fuel our own. Our culture is built on collaboration, continuous learning, and innovation. This commitment to our people is reflected in our 4.4+ rating on AmbitionBox, a testament to our inclusive and thriving workplace. Here, every day is an opportunity to grow, create, and make a meaningful impact.",1834,2016,Financial Services,13190626,http://www.linkedin.com/company/mpokket,"Kolkata, West Bengal, India","Finance, Instant Loan, Salaried Loan, Instant Pocket Money, Loan, Business Loan, Instant Lending, Emergency cash, Personal Loan, and Unsecured Lending",https://mpokket.in/,"Working on fintech lending, focusing on disbursements and credit flows at scale (~1.5L daily transactions across banking partners). a. Led end-to-end ownership of disbursement systems across app and web, scaling web disbursals to ~1.4K/day and enabling iOS capability (~1.2K/day contribution) b. Contributed to Prime Loan rollout, driving ~7.2K loans and ₹45Cr+ disbursed within 6 months of launch c. Improved lending funnel conversion and bank addition success rates through journey redesign and UX optimizations d. Drove experimentation using Clevertap & Firebase, improving engagement and decision-making across key user flows",3/2025,true,,false,"I wasn’t looking for a specific role or company—I was trying to understand what kind of work actually fits how I think. That journey took me from a government role to a startup, and eventually into product management—where I found the intersection of ambiguity, decision-making, and ownership. Today, I work as a Product Manager in fintech lending, focusing on disbursements and credit flows at scale. What drives me is not just building features, but improving the quality of product decisions. I do this by: Challenging assumptions Actively seeking dissent Using engineering as a thinking partner Integrating customer, business, and data perspectives Over time, this has helped me: Scale lending products handling high transaction volumes Improve conversion and reliability across critical journeys Align cross-functional teams to move from ambiguity to decisions Personally, I’ve evolved from being outcome-driven to process-oriented—focusing on building better thinking systems rather than chasing short-term results.",1875,2026-08-25 00:00:00.000 +0530,,,,,,,,,,,,,,,,,1212,
Vikas Agrawal,Vikas,Agrawal,https://www.linkedin.com/in/vikas-agrawal-0406b15a,urn:li:member:210741744,vikas-agrawal-0406b15a,Jaipur,Rajasthan,India,"Jaipur, Rajasthan, India",MSTC Ltd.,Manager,10+yoe_indian,member_urn,"MSTC became a subsidiary of SAIL in 1974. In 1982, it got delinked from SAIL and became an independent company under Ministry of Steel. It was a canalizing agency for import of ferrous scrap till 1992. Activities As on date,MSTC has two major portfolios of business. One is Known as the Marketing Division which looks after the procurement of industrial raw materials in bulk for its Principals.The sourcing is done either from foreign manufacturers / traders or from domestic producers. The items that are procured include HMS, HR Coil, Billets, Wire Rods, LAM Coke, Coking coal, Naphtha etc which are mainly consumed by the steel industry in the country. The second portfolio provides a virtual marketplace for domestic sellers and buyers to do business in metal scrap (ferrous/non-ferrous), surplus stores, machineries, obsolete spares, vehicles, Plants etc. The methodology adopted includes open tender, public auction and e-auction. Of late, MSTC has emerged as a major player in the country for promoting e-commerce. Its eauction portals namely,www.mstcecommerce.com/auctionhome/ and www.mstcecommerce.com have become popular tools for transacting business over the internet in a transparent manner. MSTC has developed a eprocurement portal and is ready with its eprocurement services.",482,1964,Government Administration,2883224,http://www.linkedin.com/company/mstc-ltd-,"Baruipur, West Bengal, India","Government auctions, Coal and Tea auctions, Metal and scrap business, and E-Commerce",http://www.mstcindia.co.in,,4/2024,false,https://media.licdn.com/dms/image/v2/C5103AQG0_1TEIveqLg/profile-displayphoto-shrink_100_100/profile-displayphoto-shrink_100_100/0/1517399983302?e=1788998400&v=beta&t=ZkgG_MTPDmgUfzBPOgEMoYWDZZmIytnEi8S6Da_2ENM,false,,1927,2026-08-25 00:00:00.000 +0530,,,,,,,,,,,,,,,,,1213,
Binod Kumar,Binod,Kumar,https://www.linkedin.com/in/binod-kumar-9aba049,urn:li:member:29370515,binod-kumar-9aba049,Raipur,Chhattisgarh,India,"Raipur, Chhattisgarh, India",Mining Tech Consultancy Services (MTCS),Associate Vice President & Principal Consultant,10+yoe_indian,member_urn,"Mining Tech Consultancy Services Ltd. MTCS is a premier consulting firm serving the diverse and evolving needs of the mining and exploration sector. With core expertise in Coal, Iron Ore, Gold. Copper, Base Metals, Critical Minerals & Rare Earth Elements (REE). We offer end-to-end technical services that drive efficiency, compliance, and innovation across mining projects. MTCS is an Accredited Prospecting/Exploration Agency (APA), Mining Plan Preparing Agency (MPPA), Accredited Exploration Agency (AEA) under QCI-NABET, and a Notified Private Exploration Agency (NPEA). Our team comprises 50+ skilled professionals, including Geologists, Mining Engineers, Geo-Physicists, Surveyors, Environmental Engineers, Infrastructure Engineers (Electrical, Mechanical, Civil) & Processing Engineers and GIS & Remote Sensing Experts., supported by a dedicated Exploration Crew of highly experienced Drillers & Support staff. Key Services: Geological Exploration, Geological Report (GR) Preparation & Surveying. Mine Planning & Operational Scheduling Mining Plan, Mine Closure Plan, JORC Reports Feasibility, Pre-Feasibility & Detailed Project Reports Due Diligence, Lenders Engineer, and Audit Reports Operational (Optimization) Studies – Cost, ROM Quality & Productivity Geospatial Analysis & Digital Tech in Mining Financial Modelling & DPR Preparation With 20 drilling rigs and a Geophysical logger van supporting deep exploration up to 1200m, we bring robust field capabilities to every project. Our holistic, cross-functional approach ensures technical, operational, and financial excellence. At MTCS, we are committed to enabling sustainable growth and resource optimization for the mining industry.",13,,Mining,104975237,http://www.linkedin.com/company/mtcspl,"Ahmedabad, Gujarat, India","Technical Due diligence, Mineral Exploration, Geological Modelling, Resource and Reserve Evolution, Mine Planning, Geological Mapping, Remote Sensing & GIS, AI & ML (Artificial Intelligence and Machine Learning), Environmental Management, Field geology, Surveying, Precious metals, and Strategic & Critical Minerals",www.mtcspl.com,,4/2023,false,https://media.licdn.com/dms/image/v2/C5603AQFHTPTxCSfyTQ/profile-displayphoto-shrink_100_100/profile-displayphoto-shrink_100_100/0/1517672453482?e=1788998400&v=beta&t=WeSyFCJtttHUR_WSWMa9yWs4hKzogq7P1u0m1ctYf4Q,false,,1954,2026-08-25 00:00:00.000 +0530,,,,,,,,,,,,,,,,,1214,
Pranjal Agarwal,Pranjal,Agarwal,https://www.linkedin.com/in/pranjal-agarwal-b6093272,urn:li:member:259101432,pranjal-agarwal-b6093272,Bengaluru,Karnataka,India,"Bengaluru, Karnataka, India",Mudrex,India Market Head,founders,member_urn,"Mudrex is India’s best crypto trading app and a leading FIU-registered crypto platform built to make crypto investing and trading simple, safe, and accessible for everyone. Our mission is to transform how individuals and institutions participate in the world of crypto by combining powerful technology, transparent processes, and world-class security. We believe cryptocurrencies are a core part of long-term wealth creation — but we also understand that crypto is a unique asset class that demands clarity, planning, and trust. That’s why we provide investors with research-backed insights, guided tools, and an intuitive platform that helps them make informed and confident decisions. Whether you’re exploring how to enter the market or expanding an existing portfolio, Mudrex gives you the foundation to invest responsibly. With user-friendly producWe believe that investing in cryptocurrencies is key to building lasting wealth and that not all investment approaches are created equal. We understand that cryptocurrencies represent a unique asset class that requires careful consideration and planning. That's why we provide our clients with the tools, resources, and expertise to make informed investment decisions. Our ultimate goal is to help our clients achieve their financial goals and become their go-to platform for crypto investing. Our mission is to simplify the process of investing in crypto assets, catering specifically to those who seek to invest rather than trade. Our user-friendly platform offers a range of products designed to provide market-linked and stable returns, enabling you to effectively build and expand your crypto portfolio. Additionally, we offer tailored guidance to investors keen on exploring this burgeoning asset class. We take pride in being backed by prestigious investors such as Y-Combinator, Nexus Venture Partners, and other esteemed names in the industry. Join us on our journey to make crypto investing accessible and hassle-free for everyone!",133,2018,Financial Services,27449860,http://www.linkedin.com/company/mudrex,"Mountain View, California, United States","Investing, Cryptocurrency, Crypto Trading, and Crypto Futures Trading",http://www.mudrex.com,"Leading India market strategy for one of the country's fastest-growing crypto asset management platforms (YC W2019). Own India P&L, growth strategy, and market expansion across retail and institutional segments Drive user acquisition, retention, and revenue growth through multi-channel GTM strategies Lead regulatory engagement and compliance positioning in the evolving Indian crypto landscape Manage cross-functional teams spanning marketing, partnerships, product, and operations Build and scale strategic partnerships with exchanges, wallets, and fintech platforms Shape product roadmap based on India market insights and user behavior data",1/2024,true,,false,"Growth and market expansion leader with 8+ years of experience across crypto, stablecoins, fintech, and SaaS — from early-stage startups to scaled platforms. Currently leading India market strategy at Mudrex, one of India's leading crypto asset management platforms, where I own P&L, growth, partnerships, and regulatory positioning. Simultaneously contributing to Saber.money, building stablecoin-to-fiat off-ramp infrastructure connected to Circle's Payments Network (CPN) across India and the EU. Previously co-founded BinBill (raised $1M, 50K+ app downloads in 3 months), led growth at FieldAssist (B2B SaaS for FMCG distribution), and consulted at CRISIL on infrastructure and mining sector advisory. Core strengths: Go-to-market strategy | Product-market fit | User acquisition | Cross-border payments | Stablecoin rails | Team building | 0-to-1 product launches ISB PGP (Finance & Marketing) | IIT(ISM) Dhanbad",3403,2026-08-25 00:00:00.000 +0530,,,,,,,,,,,,,,,,,1215,
Manish Kumar,Manish,Kumar,https://www.linkedin.com/in/manishkrias,urn:li:member:14867113,manishkrias,Gurgaon,Haryana,India,"Gurgaon, Haryana, India",Mu Gamma Consultants Pvt. Ltd.,Chairperson,10+yoe_indian,member_urn,"Mu Gamma Consultants is a team of experts deeply interested in sustainable development. We are distinguished by our diverse professional backgrounds and our rich work experience as ex-staff members of The World Bank, United Nations, Indian Administrative Service, Council of Scientific and Industrial Research, reputed Universities and other organizations of international repute. Partnered with national and international institutions for creating knowledge that promotes environment friendly solutions to social and economic development challenges. Serving not-for-profit organizations and CSR divisions of private firms working on social and economic development of the community across India, advising on customization of global knowledge to local needs. Provision of services to foreign private enterprises, governments organizations and research institutes interested in India, connecting them to knowledge of emerging business opportunities across all sectors. Provide highly specialized inputs on capacity building to private enterprises, connecting them to advanced global knowledge on various thematic issues. Offering a range of support services to philanthropists investing in India on environmental and social causes.",12,2015,Environmental Services,14415951,http://www.linkedin.com/company/mu-gamma-consultants,"Gurugram, Haryana, India","Consulting, Research, Capacity Building, Advocacy, Sustainable Development, Environment, Water, Sanitation, Sustainability, climate, plastic pollution, river basin, research, and advocacy",https://www.mugammaconsultants.com/,,3/2024,true,https://media.licdn.com/dms/image/v2/D5603AQGaBj-QN2XNzw/profile-displayphoto-shrink_800_800/B56Zcz395WGoAc-/0/1748922006302?e=1788998400&v=beta&t=UoC1jD1uxd-JZYSPrvVEb7aLyaoImO02z8Ya1L8SbSQ,false,"As Chairperson of MGC, I leverage my academic credentials and extensive professional experience to provide strategic guidance and technical support on environment, skill development, education and application of AI to these thematic areas across India, UAE and North America. I have a Master in Public Administration from Harvard Kennedy School, a PhD in Institutional and Regulatory Economics of Public Private Partnerships from The George Washington University, and an Engineering degree from IIT(ISM) Dhanbad, India. I was Consultant to The World Bank Group from 2022 to mid-2025; prior to that I was the Managing Director and CEO of the National Skill Development Corporation, where I led the implementation of various skill development initiatives and programs in India, in collaboration with multiple stakeholders, including the government, the private sector, and the civil society. I earlier worked as a Senior Institution Development Economist at The World Bank for over four years, where I contributed to the design and evaluation of institutional and regulatory frameworks for public-private partnerships in various sectors, such as water, energy, transport, and urban development. I am passionate about applying my skills and knowledge to foster inclusive and sustainable growth, especially in developing and emerging economies.",1264,2026-09-01 21:00:56.853 +0530,,,,,,,,,,,,"mkumar@worldbank.org, manishkrias@hotmail.com",mkumar@worldbank.org,,,,1216,
Ramprasad Bhattacharya,Ramprasad,Bhattacharya,https://www.linkedin.com/in/ramprasad-bhattacharya-b8843839,urn:li:member:135442328,ramprasad-bhattacharya-b8843839,,,Greater Kolkata Area,Greater Kolkata Area,Murugappa Water Technology and Solutions Pvt. Ltd.,"Head-Technical,Business Devlopment & Sales",10+yoe_indian,member_urn,External link for Murugappa Water Technology and Solutions Pvt. Ltd.,212,1981,Environmental Services,13233823,http://www.linkedin.com/company/murugappa-water-solutions-pvt-ltd,"Chennai, Tamil Nadu, India","R&D( REVOLUTION&DISRUPTION, NATURE RESTORATIVE, Water technology, Water tech, Waste Water Recovery, Water Recycle Technology, water recycle, water reuse, industrial water treatment, zero liquid discharge, and sustainable watertech",http://murugappawater.com/,,3/2025,false,https://media.licdn.com/dms/image/v2/D4D03AQFBmQrsipibEQ/profile-displayphoto-scale_100_100/B4DZ.70sJtHQAY-/0/1785562580563?e=1788998400&v=beta&t=YWGgMTntQiNXluTr58TTr7UNhPZ63I-_s-MGBNojPr4,false,"A Chemical engineering graduate with more than 30 years of industry experience including a credible 8 years tenure as the Managing Director of the Indian operation of The Nalco Holding Company, a US MNC world leader in specialty chemical industry segment. Failed as an entrepreneur, but strongly feels he can develop a strategic perspective, understand growth dimensions, handle growth induced complexities, strengthen internal processes, and improve the work environment along with meeting the stake holder’s expectations. Opted for early retirement in 2008 to pursue own business interests and currently work as a Management & Business consultant based out at Kolkata. Has vast experience of working in diverse industry segments, both at domestic and international business environment.",664,2026-08-25 00:00:00.000 +0530,,,,,,,,,,,,,,,,,1217,
Shahbaj Khan,Shahbaj,Khan,https://www.linkedin.com/in/shahbaj-khan-73a3b9104,urn:li:member:442916830,shahbaj-khan-73a3b9104,Gurugram,Haryana,India,"Gurugram, Haryana, India",Mynd Integrated Solutions Pvt. Ltd.,Senior Manager - Revenue Operations,founders,member_urn,"Mynd Integrated Solutions is a trusted name in Business Process Management (BPM), empowering businesses to streamline critical operations with a focus on Finance & Accounting (FAO), Human Resource Outsourcing (HRO), and Consulting. Since 2002, we’ve been helping companies manage their non-core yet essential processes—including Finance & Accounts, Payroll & Retiral Benefits Management, Manpower Outsourcing, Data Processing, and Commercial & Record Keeping. By combining innovative IT, process expertise, and extensive industry experience, we drive exceptional results for our 1000+ clients. With 2,000+ professionals delivering services across 40+ Indian cities and extending to 60+ countries through a robust partner network, Mynd Solutions is a truly global partner for your business needs. Our state-of-the-art facilities in Gurgaon, along with regional offices in Delhi, Mumbai, Bangalore, and Chennai, ensure we’re always close to our clients. Expanding globally, we established a presence in Singapore in 2012 and continue to strengthen our reach across Asia, EMEA, and the Americas. Our operations are backed by a commitment to exceeding expectations, supported by strict adherence to Service Level Agreements (SLAs). Follow us on: https://twitter.com/myndsol http://www.facebook.com/Myndsol Business Process Management, BPM Solutions, Finance Outsourcing, HR Outsourcing, Payroll Management, FAO Provider, HRO Provider, Global Shared Services, Tech-enabled BPM, Business Efficiency Solutions, Manpower Outsourcing, Record Management Services.",2112,2002,Outsourcing and Offshoring Consulting,788313,http://www.linkedin.com/company/mynd-solutions-private-ltd,"Gurugram, Haryana, India","Finance and Accounts Outsourcing, HR Outsourcing, Consulting and Audits, Payroll Management, HR Compliances & Consulting, e-HRIS, Manpower Outsourcing, Vendor Management, CAF Processing, Fixed Assets Management, Audit & Taxation, Bills & Collection, and MIS & Compliances",https://www.myndsolution.com/,,5/2026,false,,true,"I help SaaS and ITES companies turn complex business data into revenue-generating decisions.As a Strategy Manager leading Financial Planning & Analytics and Revenue Operations, I sit at the intersection of commercial strategy, financial planning, and go-to-market execution. My work spans pipeline forecasting, sales performance analytics, pricing strategy, and operating cadence design — all built to scale.Over 7.5 years, I've partnered with CEOs, CROs, CFOs, and GTM leaders to: Build RevOps infrastructure that reduces forecast error and accelerates deal velocity Lead annual & quarterly planning cycles (AOP, QBRs, rolling forecasts) for $350Mn+ revenue organizations Managed Investor relations / Board meetings updating members on the company's performance Deliver analytics frameworks that connect leading indicators to revenue outcomes Drive cross-functional alignment between Sales, Marketing, Finance, and ProductComfortable operating at both the strategic level (board decks, OKR design) and in the data (SQL, dashboards, model-building).Currently open to senior RevOps, Strategy, or Head of Planning roles in high-growth SaaS / ITES companies.",1891,2026-08-25 00:00:00.000 +0530,,,,,,,,,,,,,,,,,1219,
Shailesh Kumar,Shailesh,Kumar,https://www.linkedin.com/in/shaileshkmumbai,urn:li:member:1058161176,shaileshkmumbai,,,Mumbai Metropolitan Region,Mumbai Metropolitan Region,MySkillVerse,CEO and Founder at MySkillVerse,founders,member_urn,We Train Working Proffessionals to enhance their Skill Set.,2,2025,Professional Training and Coaching,109133350,http://www.linkedin.com/company/myskillverse,"Thane, Maharashtra, India",Stock Market,https://myskillverse.com/,,8/2024,false,,false,"In Equity and Investment Instruments since last two decades. Authored books - Cruising Through The Stock Market - Steering Clear of Common Stock Market Mistakes - Invest Smat A Guide to Stock Market Investment - Titans of Investing : Learning From Ivestment Legends I guide and mentor retail investors and SMEs in understanding and navigating the capital markets. My focus is on empowering individuals across all age groups—from young professionals to retirees—to effectively manage and grow their wealth through knowledge and strategic learning. I do not offer stock tips or advisory services of stock market, but instead provide education and mentorship to foster informed financial decision-making",3300,2026-08-25 00:00:00.000 +0530,,,,,,,,,,17,28,,,,,,1220,
Sripadi R Chary,Sripadi,R Chary,https://www.linkedin.com/in/sripadi-r-chary-26867725,urn:li:member:88244144,sripadi-r-chary-26867725,,,Greater Hyderabad Area,Greater Hyderabad Area,NCC Limited,Executive Vice President,10+yoe_indian,member_urn,"Across decades, across disciplines, NCC Ltd has dedicated itself to building infrastructure of uncompromising standards. Infrastructure that is a constant reminder of the Company’s holistic construction expertise, which in turn is the result of relentless innovation and sheer dedication. Today, NCC Ltd plays a visible role on the national infrastructure stage, leaving its signature mark of quality in several key growth areas. NCC Ltd was founded in 1978 as a partnership firm by Padma Sri Awardee Dr. AVS Raju (Founder and Chairman Emeritus). NCC became a limited company in 1990, and was listed on National Stock Exchange in 1992. The Company today stands number two among listed construction companies in India with a consolidated annual turnover of Rs 15,701 crore and an order book of Rs 50,244 crore as of 31 March 2023. The company has a well diversified business portfolio with a foothold in every segment of the construction sector with the following Business Verticals: Buildings/ Transportation/ Electrical (T&D)/ Water & Environment / Irrigation / Railways / Mining. NCC Ltd enjoys the reputation of completing projects on time without compromising on quality and has won several awards and accolades recently including the 3rd Fastest Growing Construction Company in India, the top challenger award, and Build India Infra award, among others. NCC Ltd have been accredited with ISO 9001:2015, 14001:2015 and 45001:2018 certification for all fields of Civil Engineering Works including Design, Development & Construction of Industrial Structures, Residential & Industrial Buildings and Execution of Infrastructure Projects for Highways and Airports.",12647,1978,Construction,742168,http://www.linkedin.com/company/nagarjuna-construction-company-limited,"Hyderabad, Telangana, India","Buildings & Housing, Roads, Electrical, Water & Environment, Irrigation, Railways, International, Oil & Gas, Power, Metals, and Mining",http://www.ncclimited.com,,11/2025,true,https://media.licdn.com/dms/image/v2/D5603AQEHbohtlODT_w/profile-displayphoto-scale_200_200/B56Z385OXSH8Ac-/0/1778064354983?e=1788998400&v=beta&t=iOSIssHU-owA42ehrYBzPJ3Nr-BIVHSZ5WqLLNrRFAU,false,"Result-oriented and qualified mining professional with over 42 years of experience in the mining industry under various capacities. I currently serve as Executive Vice President at NCC Limited. My role encompasses leading the Mining Division with a focus on mine planning, development, operations, project management, business development, and contract management. My expertise spans the execution of both greenfield and brownfield opencast mining projects, obtaining statutory clearances, land acquisition, infrastructure development, and ensuring quality and safety standards. My career reflects a strong commitment to delivering strategic mining solutions through effective project planning, monitoring, and resource optimization. Specializing in mineral exploration and project implementation, I contribute to the success of large-scale projects by addressing challenges such as environmental compliance, resettlement, and rehabilitation. Acting as key member of core group of the company for preparing & executing business plans. Close collaboration with cross-functional teams such as Engineering, Finance, HR and external regulatory bodies to optimize performance, manage costs and drive innovation for operational excellence. Executing site works in accordance with the best industry standards, while taking necessary statutory approvals, clearances and licenses like approval of Mining Plan, Mining Lease, Forest clearance, Environment clearance, CTE & CTO, License for establishment and use of Explosive magazine from PESO and working permissions from DGMS Manage land acquisition challenges and ensure smooth transition for conducting uninterrupted mining operations Develop and enforce Standard Operating Procedures (SOPs) to streamline mining processes. Drive and adoption of Automation and Digitization in the mining process to enhance transparency and timely decision making Implementing safety plans, Risk analysis entailing identification of opportunities, analysis of data, cost benefit analysis, implementation & post audits. Leading, mentoring and motivating team members to accomplish the assigned tasks Imparting in-house training and statutory trainings to subordinates and workmen for enhancing the process operations and SafetyGenerating monthly technical reports, cost sheet, daily & monthly performance report, maintaining documentation, statutory records, registers & returns Excellent track record. Recognized as Best Mine’s Manager by SCCL (A Govt. Company) and placed in the rank of “Exceeded expectations” at JSPL and OSEPL",1269,2026-08-25 00:00:00.000 +0530,,,,,,,,,,,,,,,,,1221,
Suryakant Pandey,Suryakant,Pandey,https://www.linkedin.com/in/suryakant-pandey-01942b18,urn:li:member:60775509,suryakant-pandey-01942b18,,,Mumbai Metropolitan Region,Mumbai Metropolitan Region,Narayana Academy,Chemistry Teacher,founders,member_urn,"The flagship institute of Narayana Coaching Centre was established in the year 1979 as a coaching institute for aspirants of state level entrance exams. Ever since Narayana began it has been growing at a remarkable pace. It was the visionary zeal of founder chairman Dr. P. Narayana, a gold medallist and renowned academician that led to the setting up of a coaching centre in Nellore, Andhra Pradesh, which was the precursor for the Narayana Group. The perseverance paid off by 1983, the coaching center became a full-fledged institution. By 1985 this centre had earned a name for itself in offering the best possible education in its field of operations. That was just the beginning. The vision propelled a growth that still fuels it today. A high school in 1990, a girls’ residential college in 1993 in Nellore and a junior college in 1999 along with IIT-JEE coaching centers in Nellore, Hyderabad, Visakhapatnam and Vijayawada were established. The awesome wings of Narayana extended to professional education as well. Engineering Colleges at Nellore in 1998 and Gudur in 2001, a Medical College in 1999 and a Dental College in 2001 were also established. Few courses were included in a Paramedical Division of the Medical College in 2002. In the same year, junior colleges and EAMCET coaching centers were also established in Tirupati, Kurnool, Anantapur, Rajahmundry and Kakinada. Delhi became the next destination in 2004. Two centres for IIT-JEE training were opened at Kalu Sarai and Punjabi Bagh and two for PMT & DCE training at Janakpuri and South Extension. The following year, centres at Mayur Vihar for IIT-JEE & Rohini for PMT/DCE came up. In the next year Noida, Faridabad & Gurgaon centres followed. The Group’s Correspondence division started its operation in 2004-05 & the Online version of All India Test Series has come into effect from 2007. Dr. P. Narayana has been the backbone of the group which today encorporates 100 plus campuses that caters to more than 1,75,000 students a year. Now on its 35th year of existence Narayana Group continues with its dizzy heights of success. After nurturing thousands of students and helping them realize their cherished goals, Narayana has become a household name throughout the length and breadth of the country.",385,,Education Administration Programs,13640467,http://www.linkedin.com/company/narayanaacademydelhi,"Delhi, India",,http://narayanadelhi.com/,"Senior Chemistry Faculty & Centre Operations Lead Leading academic delivery for JEE Main, JEE Advanced & NEET programs Responsible for operations and admissions of Narayana Kharghar Centre Driving admissions planning, parent counselling, and conversion meetings Monitoring faculty performance, scheduling, discipline, and academic quality Coordinating with regional leadership for growth, retention, and result consistency",1/2025,false,,false,"I am an IIT graduate with extensive experience in management, marketing, and sales. My career began as a faculty member, leading to entrepreneurial ventures in education, online learning, retail, property sales, and export-import. Currently, I serve as the Regional Director for Uttar Pradesh (Net Zero India Foundation), focusing on clean energy initiatives and grassroots government project implementation. I excel in communication, mentoring, and relationship management, effectively engaging with government officials and maintaining strong partnerships. My skills in convincing and negotiation have been instrumental in driving project success and fostering collaborative efforts for sustainable solutions.",3471,2026-08-25 00:00:00.000 +0530,,,,,,,,,,,,,,,,,1222,
Anmol Ratna Singh,Anmol,Ratna Singh,https://www.linkedin.com/in/anmol-ratna-singh-999566105,urn:li:member:446291973,anmol-ratna-singh-999566105,New Delhi,Delhi,India,"New Delhi, Delhi, India",National Center for Seismology,MRFP SRF,6-10yoe_global_indian,member_urn,"NCS provides earthquake data and seismicity reports of specific regions to various user agencies such as, insurance companies, industrial units, power houses, river valley projects etc. on payment basis. Seismological data and earthquake related information is also supplied to agencies dealing with relief",24,,,85217344,http://www.linkedin.com/company/national-center-for-seismology,"Delhi, India",,http://seismo.gov.in,,10/2025,false,https://media.licdn.com/dms/image/v2/D4D03AQFG3fObDurSuA/profile-displayphoto-shrink_100_100/profile-displayphoto-shrink_100_100/0/1696071509322?e=1788998400&v=beta&t=OeBoM2aH4xDEDIYZdJzcte1E4CJpQ7Buwf2Dd6C_j6o,false,,2915,2026-08-25 00:00:00.000 +0530,,,,,,,,,,,,,,,,,1223,
Byomkesh Dash,Byomkesh,Dash,https://www.linkedin.com/in/byomkesh-dash,urn:li:member:553688053,byomkesh-dash,Jharkhand,,India,"Jharkhand, India",National Metallurgical Laboratory,Chief Scientist,10+yoe_indian,member_urn,External link for National Metallurgical Laboratory,289,1950,Research Services,1245558,http://www.linkedin.com/company/national-metallurgical-laboratory,"Jamshedpur, Jharkhand, India","metallurgy, minerals, rare earth, materials, alloy development, material evaluation, waste management, and iron and steel making",http://www.nml.res.in,,8/2020,false,https://media.licdn.com/dms/image/v2/C5103AQGSYy26IbuOnw/profile-displayphoto-shrink_100_100/profile-displayphoto-shrink_100_100/0/1536060514470?e=1788998400&v=beta&t=MF81VAdLzk4ctcXzw5yNWwzpPuYzQX7_2cWEImrVdB0,false,,1906,2026-08-25 00:00:00.000 +0530,,,,,,,,,,,,,,,,,1225,
Shishir Verma,Shishir,Verma,https://www.linkedin.com/in/shishir-verma-98890460,urn:li:member:217238648,shishir-verma-98890460,New Delhi,Delhi,India,"New Delhi, Delhi, India",NatWest Group,Vice President,10+yoe_global,member_urn,"We’re the bank that turns possibilities into progress. We understand our customers, their worlds, and what matters to them. We help them see the opportunities and navigate a rapidly changing world. And we’re simplifying our business so that we can anticipate our customers’ needs and react to them quickly. Our business is UK centred and covers retail, commercial and private banking customers, with more offshore and further afield. Our services bring together our people’s incredible specialist knowledge with a sense of innovation, and carefully designed technology-driven journeys. As one of the leading supporters of UK business, we’re using enterprise as a force for change. We’re focusing on the people and communities who have traditionally faced the highest barriers to entry and figuring out ways to remove them. That includes learning and education, whether directed at young people or building financial confidence in adults. And by fostering a leading learning culture in our business, our people also prosper.",44578,,Banking,68360623,http://www.linkedin.com/company/natwest-group,"Edinburgh, Scotland, United Kingdom","Banking, Financial Services, Digital, Technology, Customer Services, Risk, Audit, Finance , and Data",https://jobs.natwestgroup.com/,,7/2025,false,https://media.licdn.com/dms/image/v2/C5603AQFwvUkojru1_w/profile-displayphoto-shrink_100_100/profile-displayphoto-shrink_100_100/0/1596396094082?e=1788998400&v=beta&t=NFn-g8P6g1lnOn4r7zJQdABCfjLkBI_v5ZQk1IlhLT4,false,"An MBA from IIM Indore in Finance and Strategy, I'm currently working in a leadership role at NatWest Group leading teams specialised in Anti-Money Laundering and Anti-Bribery and Corruption. Interested in team management and project management roles to leverage my prior experiences.",926,2026-08-25 00:00:00.000 +0530,,,,,,,,,,,,,,,,,1226,
"Khushboo Jha, PMP®",Khushboo,"Jha, PMP®",https://www.linkedin.com/in/khushboo-jha-yogi,urn:li:member:276469601,khushboo-jha-yogi,North Delhi,Delhi,India,"North Delhi, Delhi, India",NatWest Group,"Associate Vice President, Strategy & Tranformation Leader",6-10yoe_global_indian,member_urn,"We’re the bank that turns possibilities into progress. We understand our customers, their worlds, and what matters to them. We help them see the opportunities and navigate a rapidly changing world. And we’re simplifying our business so that we can anticipate our customers’ needs and react to them quickly. Our business is UK centred and covers retail, commercial and private banking customers, with more offshore and further afield. Our services bring together our people’s incredible specialist knowledge with a sense of innovation, and carefully designed technology-driven journeys. As one of the leading supporters of UK business, we’re using enterprise as a force for change. We’re focusing on the people and communities who have traditionally faced the highest barriers to entry and figuring out ways to remove them. That includes learning and education, whether directed at young people or building financial confidence in adults. And by fostering a leading learning culture in our business, our people also prosper.",44578,,Banking,68360623,http://www.linkedin.com/company/natwest-group,"Edinburgh, Scotland, United Kingdom","Banking, Financial Services, Digital, Technology, Customer Services, Risk, Audit, Finance , and Data",https://jobs.natwestgroup.com/,"Leading strategy and digital transformation across customer journeys, payments, AI/GenAI, automation and operations for a global retail banking portfolio. Digital Banking & Customer Journey Transformation Led end-to-end retail onboarding transformation through BPM-led, API-integrated architecture, enabling 10-minute STP journeys, ~40% efficiency improvement and ~99% RFT Designed centralized exception-handling and assisted-onboarding journeys through process mapping, gap analysis, solution validation and UAT Payments & Retail Banking Transformation Led end-to-end Switcher journey across onboarding, eligibility validation and incentive payments, defining business rules, TO-BE requirements and delivery roadmap Managed Switch-In/Switch-Out payment analytics, controls and reconciliation, coordinating cross-functional stakeholders to resolve payment and eligibility exceptions AI, GenAI & Intelligent Automation Transformed customer chatbot into a GenAI-enabled triage platform, increasing containment by 18% and reducing escalations by 22% Developed RAG-based knowledge retrieval solution to improve query resolution and response consistency Delivered NLP-led complaint analytics, reducing repeat complaints by 20% Delivered RPA/BPM and IDP-led workflow transformation across banking operations Global Transformation & Leadership Lead a 20+ member operations and analytics team across performance, capacity and transformation initiatives Led UK-to-India operating-model transformation, embedding governance, risk controls and automation while delivering ~50% cost savings Program & Agile Delivery Drive transformation through roadmap planning, stakeholder management, risk governance, UAT and executive reporting Partner with business, technology and risk stakeholders on requirements prioritization and delivery Support Agile delivery across Sprint Planning, Reviews, Retrospectives, PI Planning and dependency management",6/2023,false,https://media.licdn.com/dms/image/v2/D5603AQHSl9Nf29a-Mg/profile-displayphoto-scale_400_400/B56Z3uHXn2KYAg-/0/1777816406143?e=1788998400&v=beta&t=rtnCeB9l0T3EAJttvGLyfd21DFuy48bwezzd0xBGLHM,false,"I lead strategy and digital transformation across banking, working at the intersection of business, technology, data and operations.With 7+ years of experience across BFSI and industrial domains, I have worked across large-scale transformation programs spanning digital banking, customer journeys, payments, AI/GenAI, intelligent automation and operating-model transformation.Currently at NatWest, I lead and deliver transformation initiatives across: Digital Banking & Customer Journeys – Led retail onboarding transformation enabling 10-minute STP journeys, ~40% efficiency improvement and ~99% RFT Payments & Retail Banking – Led Switch-In/Switch-Out customer journeys covering eligibility, incentive payments, controls and reconciliation, improving payment processing and exception management AI & GenAI Transformation – Delivered GenAI-powered customer triage (+18% containment, -22% escalations), RAG-based knowledge solutions and NLP-led complaint analytics Intelligent Automation – Delivered RPA, BPM and IDP-led transformation across banking workflows, driving significant productivity and FTE benefits Global Transformation & Leadership – Led a 20+ member operations and analytics team and supported UK-to-India transformation with governance, risk controls and zero-disruption deliveryMy experience spans program & project management, business analysis, Agile delivery, requirements elicitation, process re-engineering, stakeholder management, governance, UAT and change delivery.PMP® | PSM I | Lean Six Sigma Green BeltMBA – IIM Lucknow | B.Tech – IIT (ISM) DhanbadInterested in opportunities across Strategy & Transformation, Program Management, Digital Transformation and Business Analysis within Banking & Financial Services.Email id - khushboo.jha@iiml.org",409,2026-08-25 00:00:00.000 +0530,,,,,,,,,,,,khushboo.jha@iiml.org,khushboo.jha@iiml.org,,,,1226,
Rahul Jain,Rahul,Jain,https://www.linkedin.com/in/rahul-jain-8b01412a,urn:li:member:101858244,rahul-jain-8b01412a,Bengaluru,Karnataka,India,"Bengaluru, Karnataka, India",NatWest Group,Director : Architecture,10+yoe_global,member_urn,"We’re the bank that turns possibilities into progress. We understand our customers, their worlds, and what matters to them. We help them see the opportunities and navigate a rapidly changing world. And we’re simplifying our business so that we can anticipate our customers’ needs and react to them quickly. Our business is UK centred and covers retail, commercial and private banking customers, with more offshore and further afield. Our services bring together our people’s incredible specialist knowledge with a sense of innovation, and carefully designed technology-driven journeys. As one of the leading supporters of UK business, we’re using enterprise as a force for change. We’re focusing on the people and communities who have traditionally faced the highest barriers to entry and figuring out ways to remove them. That includes learning and education, whether directed at young people or building financial confidence in adults. And by fostering a leading learning culture in our business, our people also prosper.",44578,,Banking,68360623,http://www.linkedin.com/company/natwest-group,"Edinburgh, Scotland, United Kingdom","Banking, Financial Services, Digital, Technology, Customer Services, Risk, Audit, Finance , and Data",https://jobs.natwestgroup.com/,,3/2026,false,https://media.licdn.com/dms/image/v2/D5603AQGrd56cA653Kw/profile-displayphoto-scale_400_400/B56Z2lNFhXKYAg-/0/1776593180381?e=1788998400&v=beta&t=cAM4sGD6CD07vND1fKQAE-MmF67SzPU_ZkeJT397pqg,false," Passionate about technology, people and customer experience.  Delivering MACH architecture based solutions.  Re-architect legacy applications in scalable, granular reusable components.  Hands on experience in building hybrid solutions including distributed and mainframe platform.  Domain knowledge in Payments, Mortgage and Fraud Prevention.  Disruptive thinking and attention to detail adds up to my key strengths.  Experience of Agile and Waterfall methodology.  Overall 16.6 years of experience.",924,2026-08-25 00:00:00.000 +0530,,,,,,,,,,,,,,,,,1226,
Dr. Mousumi Dasgupta,Dr. Mousumi,Dasgupta,https://www.linkedin.com/in/dr-mousumi-dasgupta-9a6a3437,urn:li:member:130956174,dr-mousumi-dasgupta-9a6a3437,,,Greater Delhi Area,Greater Delhi Area,Navitas Solutions,Director and Chief Operating Officer,10+yoe_indian,member_urn,"NAVITAS SOLUTIONS offers industry oriented practical training programs and consultancy services in the areas of Energy domain, to enable enterprises in achieving technical and business excellence. The programs are oriented to suit different groups of participants starting from entry level trainees, experienced middle management professionals to higher level executives. VISION To make Navitas Solutions a dynamic, cost effective and vibrant value based organization comprising of exceptionally skilled, motivated and committed professionals. MISSION To provide Technical and Soft Skills Training of exceptional quality through facilitators who are constantly evolving to achieve their highest potential; and empowering others in enhancing their personal effectiveness as well as Technical Excellence. METHODOLOGY - Navitas Solutions’ Training is a set of systematic processes designed to meet learning objectives related to trainees’ current or future goals. - Training delivery methods consist of techniques and materials used by facilitators, to structure learning experiences, and relevant case studies. - Navitas Technical Trainings are offered under NAVITAS’ Work Integrated Learning Methodology (WILM), to enhance professional excellence for the trainees.",1,2018,Oil and Gas,90875378,http://www.linkedin.com/company/navitas-solutions-ind,"Faridabad, Haryana, India","Training, Oil and Gas, Energy, Soft Skills, Petroleum, Renewable Energy, Hydrogen, Consultancy, India, International, Projects, and Certified Programs",www.navitassolution.com,"NAVITAS SOLUTIONS offers industry-oriented, practical training programs and consultancy services in the areas of Energy domain, to enable enterprises in achieving technical and business excellence. The programs are oriented to suit different groups of participants starting from entry level trainees, experienced middle management professionals to higher level executives.",5/2018,false,https://media.licdn.com/dms/image/v2/C5603AQEnL6zH2Qjs9Q/profile-displayphoto-shrink_100_100/profile-displayphoto-shrink_100_100/0/1516776325362?e=1788998400&v=beta&t=4gy1_-Jln1oryv29rCkOGUETkViFCAodq_4ZGw5Wwvo,false,"A Geophysicist, and a Doctorate in Coal Bed Methane Modeling, Dr. Dasgupta is the founder of Navitas Solutions. Her interests include GIS, Petroleum Exploration and Academics and Research. Former Corporate Training Head of the University of Petroleum & Energy Studies, she specializes in Technological Solutions-Petroleum Exploration, Well Logging, Coal Bed Methane and GIS (Geographical Information System). She has done MSc.Tech (Applied Geophysics) and M.Tech (Mining Geophysics) from Indian School of Mines, Dhanbad and has completed her Ph.D from University of Petroleum & Energy Studies. She has 28+ years of experience in the Oil & Gas Industry. During her decade long tenure with UPES, she worked as the Academic Head of the PTTEP Program. She also worked as Project Head for esteemed international clients Petrobangla and its companies, Ministry of Power, Energy and Mineral Resources Division (EMRD). It was a prestigious project funded by the ADB (Asian Development Bank). She has also contributed extensively in developing &delivering customized training programmes for leading National Energy Companies and MNCs.",701,2026-09-01 21:00:56.853 +0530,,,,,,,,,,,,dasgupta_mousam@yahoo.com,,,,,1227,
Shubham Mall,Shubham,Mall,https://www.linkedin.com/in/shubham-mall-123840a8,urn:li:member:384279723,shubham-mall-123840a8,Gurugram,Haryana,India,"Gurugram, Haryana, India",Navitasys India Private Limited,Assistant Manager,6-10yoe_global_indian,member_urn,External link for Navitasys India Private Limited,1000,2019,"Appliances, Electrical, and Electronics Manufacturing",89686117,http://www.linkedin.com/company/navitasys-india-private-limited,"Bawal, Haryana, India",,www.navitasys.com,,10/2025,false,https://media.licdn.com/dms/image/v2/C5103AQFMGIp8mv9Mjg/profile-displayphoto-shrink_100_100/profile-displayphoto-shrink_100_100/0/1565668436730?e=1788998400&v=beta&t=aTq-t6qGuTeY2e-CcsmksPOUUPNMrHOilacNG3tkMKc,false,Industrial as well as civil engineer searching for job realated to same. done internship for 2 months in Rdel (pipavav),83,2026-08-25 00:00:00.000 +0530,,,,,,,,,,,,,,,,,1228,
Aayush Giri,Aayush,Giri,https://www.linkedin.com/in/aayush-giri,urn:li:member:852374516,aayush-giri,,,India,India,Nethermind,Senior Developer Relations Engineer,founders,member_urn,"Nethermind has a world class team of builders and researchers with expertise in Ethereum, protocol engineering, layer 2 scaling, decentralized finance, smart contracts development and enterprise blockchain. We provide technology, R&D and consulting services for blockchain and DeFi businesses. The Nethermind team actively contributes to Ethereum core development and supports many Ethereum projects to help further develop the ecosystem. Working with amazing partners such as StarkWare, POA, EWF, Baseline, Provide and many more, Nethermind is building the future of blockchain and DeFi. Build with Nethermind. Github: https://github.com/NethermindEth Contact us on: hello@nethermind.io For technical assistance, join us on our Discord: https://discord.gg/PaCMRFdvWT",212,2017,IT Services and IT Consulting,18421489,http://www.linkedin.com/company/nethermind,"London, England, United Kingdom","DeFi, Ethereum, Layer 2 scaling , Blockchain, Protocol engineering, and Research & Development",http://nethermind.io,"Leading developer relations at Nethermind while building the tools I advocate for. - Build AI agents and MCP (Model Context Protocol) servers that let LLMs query and act on onchain systems, plus SDKs and developer tooling that make integration easier. - Ship developer-facing products and reference implementations, then help teams adopt and integrate them, solutions-engineering style. - Create technical content, workshops, and node and infrastructure tutorials across Starknet, Aztec, and the wider Ethereum ecosystem. - Represent Nethermind at ETHGlobal and other events; build and engage developer communities across AI, ZK, Rust, and Ethereum.",4/2025,false,,false,"Hey, I'm Aayush. I build things and then help other people build on them, which is a roundabout way of saying I do a bit of everything: AI product engineering, forward-deployed and solutions work, developer relations, and the odd quant system. Right now that's as Senior DevRel at Nethermind.Lately most of what I ship is AI: LLM apps, agents that actually do something, and MCP servers that wire models into real systems. hexcast (live at hexcast.xyz) turns 88 Ethereum sources into 60-word, LLM-summarized cards, running a cloud model with a local fallback. finix, an MCP server that lets Claude read and act on Celo, won the Celo track at ETHGlobal Taipei.Before the AI stuff I was a backend and research engineer, happiest in Rust, Python, Go, or Solidity, and I never really left. That half shows up as trading and market-data infrastructure, distributed systems, and developer tooling with real users (a testnet faucet CLI I wrote does a few thousand npm installs a year). Not all of it is crypto either. One of my favorite builds is a Mac app that flings a screenshot to another Mac with a fist gesture.Same instinct every time: take a hard system and make it easy for the next person to build on or adopt. Whether that's called forward deployed engineer, AI product engineer, solutions engineer, DevRel, or quant, that's the work I want to be doing.I'm most active on X (@AayushStack), where I share what I'm building. Always up for a chat about AI, developer tooling, or trading systems.",2345,2026-08-25 00:00:00.000 +0530,,,,,,,,,,,,,,,,,1229,
Rudra Prathap Naidu,Rudra Prathap,Naidu,https://www.linkedin.com/in/rudraprathapnaidu,urn:li:member:156818693,rudraprathapnaidu,Andhra Pradesh,,India,"Andhra Pradesh, India",Netscribes,Group Manager - Data & AI,10+yoe_global,member_urn,"Netscribes is a global AI-driven firm that helps firms with insights, automation and innovation. Over the last two decades, we have helped both Fortune 500 companies, as well as high-potential startups, leverage data to tackle disruption, understand evolving markets, and accelerate business growth through digital transformation to remain future-ready.",0,2000,IT Services and IT Consulting,25974,http://www.linkedin.com/company/netscribes,"New York, New York, United States","Innovation Research, Market Intelligence, Consumer Research, Data Analytics, Data Engineering, AI/ML, Automation, and Technology solutions",http://www.netscribes.com,,1/2025,true,https://media.licdn.com/dms/image/v2/C4E03AQH7PRFyJ9vcHg/profile-displayphoto-shrink_100_100/profile-displayphoto-shrink_100_100/0/1614864108074?e=1788998400&v=beta&t=UUa2QoenjVP85qhaOO4K4wj5eZg085I4h_7u2gdMFaQ,false,,1709,2026-08-25 00:00:00.000 +0530,,,,,,,,,,,,,,,,,1230,
Smaranjit Maiti,Smaranjit,Maiti,https://www.linkedin.com/in/smaranjit-maiti,urn:li:member:108209928,smaranjit-maiti,West Bengal,,India,"West Bengal, India",NeuraLumi,Technical Co-Founder | Backend & Platform Engineering,founders,member_urn,Neura Lumi is an AI-powered platform to streamline research by delivering powerful solutions to accelerate scientific discovery.,2,2024,Research Services,104466091,http://www.linkedin.com/company/neuralumi,"San Francisco, California, United States",,https://neuralumi.com/#join-beta,"Architected and implemented a robust server infrastructure capable of handling terabytes of data for real-time applications. Architected scalable systems powered by LLMs, vector databases, and agentic frameworks. Designed backend infrastructure capable of managing hundreds of millions of records and large-scale document datasets. Developed high-performance APIs using FastAPI, asynchronous Python, and Go. Built data ingestion pipelines and retrieval systems enabling high-performance semantic search across large document collections.",7/2024,true,,false,"Senior Software Engineer with deep experience building backend and platform systems for multi-tenant SaaS products. I specialize in designing scalable APIs, event-driven workflows, and integration-heavy platforms, with Salesforce serving as one of the core systems rather than the entire stack. Over the years, I’ve owned end-to-end system design—from architecture and development to deployment, monitoring, and support—working across companies, startups. My focus is on backend reliability, extensibility, and clean system boundaries that allow teams and customers to scale without complexity.",2933,2026-08-25 00:00:00.000 +0530,,,,,,,,,,17,28,,,,,,1231,
Naresh Rachamalla,Naresh,Rachamalla,https://www.linkedin.com/in/nareshrachamalla,urn:li:member:64108101,nareshrachamalla,Hyderabad,Telangana,India,"Hyderabad, Telangana, India",NewPage Solutions,Principal Architect,10+yoe_global,member_urn,External link for Newpage Solutions,149,2012,IT Services and IT Consulting,40675133,http://www.linkedin.com/company/newpage-solutions,"Miami, Florida, United States","Patient Engagement, Digital Health, Genomics, Bioinformatics, Digital healthcare solution, AR VR Healthcare, Healthcare IT Services, BioTech Digital Solutions, Pharma Digital Solutions, Patient Companion Apps, Chronic Disease Management Solutions, Digital Health and Life Sciences, Healthcare app development, Metaverse in Healthcare, mHealth Solutions, genomics sequencing, Mobile apps, artificial intelligence, Machine Learning, and Adobe Experience Manager",https://www.newpage.io/,,6/2018,false,https://media.licdn.com/dms/image/v2/C5603AQG7l9wCjF18RQ/profile-displayphoto-shrink_100_100/profile-displayphoto-shrink_100_100/0/1523861429711?e=1788998400&v=beta&t=Gr_qHwIQRjGIs8jufi5h7v0NQWbmMN5qdupV6wYOqMA,false,"I have 11+ years of Industry experience developing all kinds of products. I have 5 years of work experience at Microsoft before moving to startup arena. I have 2+ years of work experience as Technical Lead and Technical Architect for scalable platforms and solutions. I have worked on a range of domains and technologies. I have developed multiple products from abstract idea stage to end product stage. I have good experience in team building and picking up top talent for the team. My core skills are in product architecture, product development, machine learning along with multitude of diverse skillsets.",1129,2026-08-25 00:00:00.000 +0530,,,,,,,,,,,,,,,,,1232,
Bhaira Ram Godara,Bhaira Ram,Godara,https://www.linkedin.com/in/bhaira-ram-godara-26518425,urn:li:member:87015533,bhaira-ram-godara-26518425,Jammu & Kashmir,,India,"Jammu & Kashmir, India",NHPC Limited,Dy. General Manager ( Geology),10+yoe_indian,member_urn,"NHPC Limited is India's premier green energy NAVRATNA Company under Ministry of Power, Government of India. NHPC champions clean, renewable energy with minimal carbon footprints, supporting the national grid and integrating solar and wind energy into the power system. Currently, NHPC's total installed capacity is 7144.20 MW and the company is presently engaged in the construction of projects aggregating to 10492.70 MW. At present, NHPC is working on more than 50000 MW capacity projects and it spearheads 60% of all hydro projects under construction in India. Among its flagship endeavours, the 2000 MW Subansiri Lower project stands as a testament to NHPC's prowess, representing one of India's largest hydroelectric projects. Similarly, the 2880 MW Dibang Multi-purpose project underlines NHPC's commitment to pioneering initiatives in power generation and flood moderation. As of December 31st 2023, NHPC boasts an authorized share capital of Rs. 15,000 crore and total investment base of Rs. 79789.87 crore. Having successfully concluded its IPO in 2009, NHPC is listed on both the NSE and BSE. NHPC's is a financially robust company which has consistently shown strong financial performance since its inception. The company registered a Profit after Tax (PAT) of Rs. 3744 crore for FY 2023-24. In line with the Government of India's clean energy transition objectives, NHPC is steadfastly working towards achieving an installed capacity of 23000 MW by 2032 and 50000 MW by 2047. This trajectory will elevate NHPC amongst the world's top 10 hydropower companies. NHPC is not only playing a crucial role in India’s energy security but is also empowering the people at large with its CSR initiatives aiming at overall socio-economic development of the common masses.",3597,1975,Renewable Energy Power Generation,14721036,http://www.linkedin.com/company/nhpclimited,"Faridabad, Haryana, India","Hydropower, Solar Power, Renewable Energy, Wind Power, Pumped Storage Hydro Projects, and Floating Solar",https://www.nhpcindia.com,,2/2021,false,https://media.licdn.com/dms/image/v2/C4E03AQG_pT1HyS1NCQ/profile-displayphoto-shrink_100_100/profile-displayphoto-shrink_100_100/0/1619891711384?e=1788998400&v=beta&t=JnpV1BS1V2iyxOWUVekbi3Pcjcxd_lNFU3viXU9a4Uo,false,"More than 25 yrs of experience in planning and execution of Engineering Geological & Geo-technical Investigations and Geological Data acquisition & interpretation related to Hydro Power Projects in Complex Himalayan Geological Set-up. Specialties: Underground Geo Mapping, 3D Geo Logging of Exploratory Drifts, Geo Logging of Drill Cores, Rock Mechanic Testing, Remote Sensing Studies, Use of GPS, Data Analysis using AutoCAD, Dips, RockWorks, Grapher etc. Ability to work with and lead a team Excellent Communication and Negotiation Skills",789,2026-09-01 21:00:56.853 +0530,,,,,,,,,,,,"bhaira.godara@larsentoubro.com, godaranhpc@gmail.com, bhaira.godara@gmail.com",,,,,1233,
Ajay Kumar Verma,Ajay Kumar,Verma,https://www.linkedin.com/in/ajay-kumar-verma-2a3ab423,urn:li:member:83345307,ajay-kumar-verma-2a3ab423,Faridabad,Haryana,India,"Faridabad, Haryana, India",NHPC Limited,General Manager,10+yoe_indian,member_urn,"NHPC Limited is India's premier green energy NAVRATNA Company under Ministry of Power, Government of India. NHPC champions clean, renewable energy with minimal carbon footprints, supporting the national grid and integrating solar and wind energy into the power system. Currently, NHPC's total installed capacity is 7144.20 MW and the company is presently engaged in the construction of projects aggregating to 10492.70 MW. At present, NHPC is working on more than 50000 MW capacity projects and it spearheads 60% of all hydro projects under construction in India. Among its flagship endeavours, the 2000 MW Subansiri Lower project stands as a testament to NHPC's prowess, representing one of India's largest hydroelectric projects. Similarly, the 2880 MW Dibang Multi-purpose project underlines NHPC's commitment to pioneering initiatives in power generation and flood moderation. As of December 31st 2023, NHPC boasts an authorized share capital of Rs. 15,000 crore and total investment base of Rs. 79789.87 crore. Having successfully concluded its IPO in 2009, NHPC is listed on both the NSE and BSE. NHPC's is a financially robust company which has consistently shown strong financial performance since its inception. The company registered a Profit after Tax (PAT) of Rs. 3744 crore for FY 2023-24. In line with the Government of India's clean energy transition objectives, NHPC is steadfastly working towards achieving an installed capacity of 23000 MW by 2032 and 50000 MW by 2047. This trajectory will elevate NHPC amongst the world's top 10 hydropower companies. NHPC is not only playing a crucial role in India’s energy security but is also empowering the people at large with its CSR initiatives aiming at overall socio-economic development of the common masses.",3597,1975,Renewable Energy Power Generation,14721036,http://www.linkedin.com/company/nhpclimited,"Faridabad, Haryana, India","Hydropower, Solar Power, Renewable Energy, Wind Power, Pumped Storage Hydro Projects, and Floating Solar",https://www.nhpcindia.com,,8/2024,false,https://media.licdn.com/dms/image/v2/D5603AQEeUa66ooVQzg/profile-displayphoto-scale_200_200/B56Z97oKCNHUAg-/0/1784485553287?e=1788998400&v=beta&t=F9QJ-blOtU1WhqN-4bJRxpLBdR2YoqvvCPEvXuw1oEk,false,Engineering geology professional willing to work in an ever learning and challenging environment.,790,2026-08-25 00:00:00.000 +0530,,,,,,,,,,,,,,,,,1233,
Shubham Srivastava,Shubham,Srivastava,https://www.linkedin.com/in/shubhamsrivastava21,urn:li:member:539166043,shubhamsrivastava21,New Delhi,Delhi,India,"New Delhi, Delhi, India","National Informatics Centre, MeitY",Deputy Director,6-10yoe_global_indian,member_urn,"National Informatics Centre (NIC) was established in 1976, and has since emerged as a “prime builder” of e-Government / e-Governance applications up to the grassroots level as well as a promoter of digital opportunities for sustainable development. NIC, through its ICT Network, “NICNET”, has institutional linkages with all the Ministries /Departments of the Central Government, 37 State Governments/ Union Territories, and about 736 District administrations of India. NIC has been instrumental in steering e-Government/e-Governance applications in government ministries/departments at the Centre, States, Districts and Blocks, facilitating improvement in government services, wider transparency, promoting decentralized planning and Centre, States, Districts and Blocks, facilitating improvement in government services, wider transparency, promoting decentralized planning and management, resulting in better efficiency and accountability to the people of India. ""Informatics-led-development” programme of the government has been spearheaded by NIC to derive competitive advantage by implementing ICT applications in social & public administration.",2079,1976,IT Services and IT Consulting,13714183,http://www.linkedin.com/company/nicmeity,"New Delhi, Delhi, India",,https://www.nic.gov.in,,8/2026,false,https://media.licdn.com/dms/image/v2/D5603AQHV-okgHYJncw/profile-displayphoto-scale_100_100/B56Z5QMZatKUAc-/0/1779461889259?e=1788998400&v=beta&t=0wxbwlJHRhzz5Fv9TNf1AEiLj6KcAKg4554cSdaj7oc,false,"""Passionate in Exploring, Unexplored paths""",396,2026-08-25 00:00:00.000 +0530,,,,,,,,,,,,,,,,,1234,
Mahesh Kumar,Mahesh,Kumar,https://www.linkedin.com/in/mahesh-kumar-b43262a9,urn:li:member:385819107,mahesh-kumar-b43262a9,Nalanda,Bihar,India,"Nalanda, Bihar, India","National Informatics Centre, MeitY",Scientist,10+yoe_indian,member_urn,"National Informatics Centre (NIC) was established in 1976, and has since emerged as a “prime builder” of e-Government / e-Governance applications up to the grassroots level as well as a promoter of digital opportunities for sustainable development. NIC, through its ICT Network, “NICNET”, has institutional linkages with all the Ministries /Departments of the Central Government, 37 State Governments/ Union Territories, and about 736 District administrations of India. NIC has been instrumental in steering e-Government/e-Governance applications in government ministries/departments at the Centre, States, Districts and Blocks, facilitating improvement in government services, wider transparency, promoting decentralized planning and Centre, States, Districts and Blocks, facilitating improvement in government services, wider transparency, promoting decentralized planning and management, resulting in better efficiency and accountability to the people of India. ""Informatics-led-development” programme of the government has been spearheaded by NIC to derive competitive advantage by implementing ICT applications in social & public administration.",2079,1976,IT Services and IT Consulting,13714183,http://www.linkedin.com/company/nicmeity,"New Delhi, Delhi, India",,https://www.nic.gov.in,,3/2022,false,https://media.licdn.com/dms/image/v2/C5603AQFQ4IHwUQJsyQ/profile-displayphoto-shrink_100_100/profile-displayphoto-shrink_100_100/0/1562205296522?e=1788998400&v=beta&t=pgg2txEBEK6SjhEUYAW3VE5-11siiWyntaI0j_Fupyo,false,"Experienced Assistant Professor with a demonstrated history of working in the higher education industry. Skilled in SQL, C++, C (Programming Language), Teaching, and Programming. Strong education professional with a PhD focused in Recommendation System from National Institute of Technology , Patna.",566,2026-08-25 00:00:00.000 +0530,,,,,,,,,,,,,,,,,1234,
Bhavesh Jagariya,Bhavesh,Jagariya,https://www.linkedin.com/in/bhavesh-jagariya-58bbb512a,urn:li:member:534479867,bhavesh-jagariya-58bbb512a,Jaipur,Rajasthan,India,"Jaipur, Rajasthan, India","National Informatics Centre, MeitY",Scientist B / Assistant Director (IT),6-10yoe_global_indian,member_urn,"National Informatics Centre (NIC) was established in 1976, and has since emerged as a “prime builder” of e-Government / e-Governance applications up to the grassroots level as well as a promoter of digital opportunities for sustainable development. NIC, through its ICT Network, “NICNET”, has institutional linkages with all the Ministries /Departments of the Central Government, 37 State Governments/ Union Territories, and about 736 District administrations of India. NIC has been instrumental in steering e-Government/e-Governance applications in government ministries/departments at the Centre, States, Districts and Blocks, facilitating improvement in government services, wider transparency, promoting decentralized planning and Centre, States, Districts and Blocks, facilitating improvement in government services, wider transparency, promoting decentralized planning and management, resulting in better efficiency and accountability to the people of India. ""Informatics-led-development” programme of the government has been spearheaded by NIC to derive competitive advantage by implementing ICT applications in social & public administration.",2079,1976,IT Services and IT Consulting,13714183,http://www.linkedin.com/company/nicmeity,"New Delhi, Delhi, India",,https://www.nic.gov.in,,12/2022,false,https://media.licdn.com/dms/image/v2/C4E03AQGfESPQXfG0ew/profile-displayphoto-shrink_100_100/profile-displayphoto-shrink_100_100/0/1592458486285?e=1788998400&v=beta&t=pDyIoAroEklec4BdC5xhzBZFm713g5y3AioK0cHzCWY,false,"Experience of working in the complete Software development life cycle involving development, testing, documentation. Good work ethics. Ability to work well both in a team environment and an individual environment. Ability to work in Pressure and Timeline Environment.",398,2026-08-25 00:00:00.000 +0530,,,,,,,,,,,,,,,,,1234,
RAMA KRISHNA DHARAVATH,RAMA KRISHNA,DHARAVATH,https://www.linkedin.com/in/rama-krishna-dharavath-6b8857a9,urn:li:member:387299372,rama-krishna-dharavath-6b8857a9,Bengaluru,Karnataka,India,"Bengaluru, Karnataka, India","National Informatics Centre, MeitY",Deputy Director (IT) / Scientist-C / District Informatics Officer,6-10yoe_global_indian,member_urn,"National Informatics Centre (NIC) was established in 1976, and has since emerged as a “prime builder” of e-Government / e-Governance applications up to the grassroots level as well as a promoter of digital opportunities for sustainable development. NIC, through its ICT Network, “NICNET”, has institutional linkages with all the Ministries /Departments of the Central Government, 37 State Governments/ Union Territories, and about 736 District administrations of India. NIC has been instrumental in steering e-Government/e-Governance applications in government ministries/departments at the Centre, States, Districts and Blocks, facilitating improvement in government services, wider transparency, promoting decentralized planning and Centre, States, Districts and Blocks, facilitating improvement in government services, wider transparency, promoting decentralized planning and management, resulting in better efficiency and accountability to the people of India. ""Informatics-led-development” programme of the government has been spearheaded by NIC to derive competitive advantage by implementing ICT applications in social & public administration.",2079,1976,IT Services and IT Consulting,13714183,http://www.linkedin.com/company/nicmeity,"New Delhi, Delhi, India",,https://www.nic.gov.in,,8/2026,false,https://media.licdn.com/dms/image/v2/C5103AQEJjf546AMp6A/profile-displayphoto-shrink_100_100/profile-displayphoto-shrink_100_100/0/1516690989495?e=1788998400&v=beta&t=ETLUBqUad82FQEUQ5PvLqoTcBg1NSXJXbJnwI42Cir0,false,"I'm a dedicated professional with a wealth of experience in IT and government projects. My career journey showcases a remarkable array of achievements, emphasizing my commitment to innovation and public service. In the realm of state projects, I've provided essential technical support to systems like Worksoft Planning, eHospital, HeMan, and AEBAS, spanning multiple government departments. My involvement extends to implementing projects like IRAD and RCCMS, ensuring their successful execution. My day-to-day activities include managing critical network infrastructure, offering video conferencing solutions, providing technical advisory services, and maintaining cybersecurity and information security standards. I've been instrumental in implementing various E-Gov applications and have supported recruitment initiatives and election processes. I've demonstrated my adaptability by upgrading systems, providing technical support for online platforms, and facilitating the publication of Gazette notifications through the E-Gazette system. I've also played a crucial role in election processes, ensuring smooth IT operations during MLA, MP, and MLC elections, as well as Local Body Elections, GP Reservation Fixation, and PM and CM visits. In summary, my career reflects unwavering dedication to leveraging technology for the betterment of public services. My technical expertise, adaptability, and commitment to enhancing government operations are the hallmarks of my professional journey.",397,2026-08-25 00:00:00.000 +0530,,,,,,,,,,,,,,,,,1234,
Saswat Swarup,Saswat,Swarup,https://www.linkedin.com/in/saswat-swarup,urn:li:member:461924369,saswat-swarup,Delhi,,India,"Delhi, India","National Informatics Centre, MeitY",Deputy Director (IT) / Scientist C,6-10yoe_global_indian,member_urn,"National Informatics Centre (NIC) was established in 1976, and has since emerged as a “prime builder” of e-Government / e-Governance applications up to the grassroots level as well as a promoter of digital opportunities for sustainable development. NIC, through its ICT Network, “NICNET”, has institutional linkages with all the Ministries /Departments of the Central Government, 37 State Governments/ Union Territories, and about 736 District administrations of India. NIC has been instrumental in steering e-Government/e-Governance applications in government ministries/departments at the Centre, States, Districts and Blocks, facilitating improvement in government services, wider transparency, promoting decentralized planning and Centre, States, Districts and Blocks, facilitating improvement in government services, wider transparency, promoting decentralized planning and management, resulting in better efficiency and accountability to the people of India. ""Informatics-led-development” programme of the government has been spearheaded by NIC to derive competitive advantage by implementing ICT applications in social & public administration.",2079,1976,IT Services and IT Consulting,13714183,http://www.linkedin.com/company/nicmeity,"New Delhi, Delhi, India",,https://www.nic.gov.in,"Ministry of Power Informatics Division, NIC-MOP, Ministry of Power",7/2023,false,https://media.licdn.com/dms/image/v2/D5603AQGUDNh0A-m9gw/profile-displayphoto-shrink_100_100/profile-displayphoto-shrink_100_100/0/1725981264481?e=1788998400&v=beta&t=ONIE-J3EEadM6wHC3fYIAmw6FlBWxn92AuY_sHF_B0E,false,"Promotion, Planning, Design, Development and Implementation of various national e-governance projects and applications broadly divided into the implementation of deep learning solutions, web applications development, systems design, supervision, and monitoring of subordinates.",395,2026-08-25 00:00:00.000 +0530,,,,,,,,,,,,,,,,,1234,
Shanu Kumar,Shanu,Kumar,https://www.linkedin.com/in/krshanu,urn:li:member:200642462,krshanu,Bengaluru,Karnataka,India,"Bengaluru, Karnataka, India",Nirmaan,Co-Founder,founders,member_urn,"Nirmaan is a modern MEP Focused contracting firm, we pride ourselves on our innovative use of technology to streamline project execution. Through our proprietary technology, we have taken the guesswork out of project execution. Our systems are designed to create customised and detailed project plans and trackers, ensuring that every aspect of the project is meticulously planned, closely monitored and executed flawlessly.",76,2021,Engineering Services,77678158,http://www.linkedin.com/company/nirmaanapp,"Bengaluru, Karnataka, India","HVAC Systems, Fire & Safety Systems, Security Systems, Networking, and Electrical",,Productising MEP & Engineering Services for Businesses.,4/2022,false,,false,Building Nirmaan,3449,2026-08-25 00:00:00.000 +0530,,,,,,,,,,17,28,,,,,,1235,
Tapas Kumar Nag,Tapas Kumar,Nag,https://www.linkedin.com/in/tapaskumarnag51763131,urn:li:member:542335309,tapaskumarnag51763131,Kolkata,West Bengal,India,"Kolkata, West Bengal, India",NIS Management Ltd,Independent Director,founders,member_urn,External link for NIS Management Ltd,305,1985,Facilities Services,14540245,http://www.linkedin.com/company/nis-management-ltd,"Kolkata, West Bengal, India","Integrated Facility Solutions, End-to-End Security Solutions, Soft Services Management, Workforce Management, Fire Safety Management, Risk Assessment, Security Training and Development, Retail Security Services, Hospital Security Services, Industrial Security, Pantry Management, Pest Control Services, Housekeeping Services, Surveillance and Monitoring, Electronic Security Solutions, Event Security Management, Manned Guarding Services, Corporate Security Solutions, Facility Management, and Private Security Services",http://www.nis.co.in,I am an Independent Director on the Board and Chairman of the Audit Committee,10/2023,false,,false,"With over 45 years of experience in the Coal and Energy sector, including 10 years at a Board-level position, I provide strategic oversight to organisations navigating complex regulatory and industrial landscapes. As the former Chairman-cum-Managing Director (CMD) of a Miniratna PSU, I led large-scale operations with a focus on fiduciary integrity, operational excellence, and stakeholder management. My post-retirement assignments as an Advisor to a State PSU Power Company and my transition to the private sector as an Independent Director have enabled me to bring my experience to private boards and leadership teams. Boardroom Value Add: Risk & Safety Governance: As Chairman of the Ministry of Coal's High-Level Expert Committee on Safety, I help boards oversee critical operational risks and safety protocols. ESG & Sustainability: Deep expertise in the 'E' of ESG—guiding firms through energy transition, environmental compliance, and BRSR mandates. Strategic Oversight: Providing objective counsel on Audit, NRC, and CSR committees to align management actions with shareholder interests. Advisory & Consulting Focus Areas: Operational Risk & Safety: Designing safety-first cultures to mitigate high-consequence risks (Current Chair of the Ministry of Coal High-Level Safety Committee). Energy Transition & ESG: Strategic guidance on shifting from traditional mining to sustainable, BRSR-compliant mining. Arbitration and Conciliation: Member, Conciliation Committee of Independent Experts of Ministry of Power and Permanent member of Indian Council of Arbitration. Project Oversight: Ensuring infrastructure projects remain on track and compliant. I am open to Board appointments, Advisory board roles, and Strategic Consulting assignments where my experience in the Indian Coal and energy landscape can drive long-term value.",1652,2026-08-25 00:00:00.000 +0530,,,,,,,,,,,,,,,,,1236,
Akshay Mohnot,Akshay,Mohnot,https://www.linkedin.com/in/akshaymohnot,urn:li:member:474720894,akshaymohnot,Hyderabad,Telangana,India,"Hyderabad, Telangana, India",NNG Realty Private Limited,Founder and CEO,founders,member_urn,External link for NNG Realty Private Limited,3,2023,Real Estate,109128279,http://www.linkedin.com/company/nngrealty,"Hyderabad, Telangana, India","Real Estate Investment, Fund Raising, Due Diligence, Estate Management, and Valuation",http://navanirmaangroup.com/,,7/2025,false,,false,"Key Things about AKSHAY 1. Wealth Management Expert- With experience in deal structuring, financial modelling, tax efficient modelling, Go to Market strategies, Credit Risk Management, Stochastic prediction expert. 2. AIF Category I & II Manager- From PPM creation, AIF governance structuring to enable RPT, registering with SEBI, raising funds and managing day to day activities and investor relation of AIF of INR 400 crore AUM. 3. Sales and Marketing Expert- B2B sales Enthusiast who has been responsible for scaling 2 companies from 0-1 Million USD ARR in less than 8 months. Loves to formulate Go to market strategies, design pre-sales & sales pitch, recognise product market fit for SAAS, Fintech and Real Estate 4. Business Analyst- Expert design thinker with analytical and technical(Python, R, SQL) skills. Some of the other skill set includes Cohort analysis, manpower design(project management), financial planning, cap table creation, Startup SWOT market analysis.",3452,2026-08-25 00:00:00.000 +0530,,,,,,,,,,17,28,,,,,,1237,
Bhargav Pagadala,Bhargav,Pagadala,https://www.linkedin.com/in/bhargav-pagadala,urn:li:member:431002610,bhargav-pagadala,Pune District,Maharashtra,India,"Pune District, Maharashtra, India",Normet Group,Deputy General Manager of Sales,founders,member_urn,"Normet is a world-leading, innovative technology company. We define the future of underground operations in mining, tunnelling, and civil engineering projects, helping our partners increase safety, sustainability, and productivity throughout the lifecycle of their projects. Normet is a caring, committed, and courageous company. We establish long-term relationships with our customers and partners to find optimum solutions to challenges that will have positive impacts on people and the environment. We constantly engage to deliver maximum value to our clients, providing high performance products and services that generate a sustainable future. Our offerings include a complete portfolio of mining and tunnelling solutions for the entire process chain, as well as future technologies such as digitalisation, extended reality, and automation. Headquartered in Finland, we employ over 1,800 dedicated professionals in more than 50 locations in 30 countries around the world, committing to long-term, mutually beneficial partnerships that create value in our industry and society as a whole. Normet Group net sales were EUR 482 million in 2024.",1828,1962,Machinery Manufacturing,131113,http://www.linkedin.com/company/normetgroup,"Espoo, Uusimaa, Finland","Advanced solutions for mining and tunnelling industries, Ground support, Explosives charging, Underground equipment and their life cycle management, TBM operations, Sprayed Concrete, Scaling, Underground Logistics, Rock Support, Waterproofing, digitalisation, electrification, and automation",https://www.normet.com,"Responsible for leading equipment sales strategy for Normet’s Underground & Infrastructure business in India. Driving growth across tunnelling and mining segments through strategic account development, market intelligence, and integrated sales-service execution. Focused on delivering sustainable business growth by combining technical solutions, commercial acumen, and customer-centric approaches. Engaged in building high-impact partnerships and expanding Normet’s footprint in complex infrastructure and mining projects.",4/2026,false,,false,"As the Regional Sales Manager at Epiroc, I leverage my 16 years of diverse experience in sales, service, operations, project management, and startups to deliver customer-centric solutions and drive business growth. I have a master's degree in business administration from NITIE, Mumbai, and a bachelor's degree in engineering from IIT (ISM), Dhanbad, as well as a certification in artificial intelligence for managers from IIM Bangalore. My core competencies include skill development, customer success, problem solving, and data analytics. I have successfully handled teams, adapted to changing customer needs, and worked independently and collaboratively. I am passionate about innovation and learning new technologies, and I aim to create value and impact in the mining industry with Epiroc.",2013,2026-08-25 00:00:00.000 +0530,,,,,,,,,,,,,,,,,1238,
Tushar Khandelwal,Tushar,Khandelwal,https://www.linkedin.com/in/tushar-khandelwal-560b47b0,urn:li:member:396982872,tushar-khandelwal-560b47b0,Dhanbad,Jharkhand,India,"Dhanbad, Jharkhand, India",Enhancing Moments,Retoucher,10+yoe_global,member_urn,,,,,,,,,,Retouching images ranging from weddings to fashion to fineart as well as working on composites.,2/2013,false,,false,,3939,2026-08-25 00:00:00.000 +0530,,,,,,,,,,,,,,,,,1793,
Kartikey Dayal,Kartikey,Dayal,https://www.linkedin.com/in/kartikey-dayal-451155103,urn:li:member:439301437,kartikey-dayal-451155103,Uttar Pradesh,,India,"Uttar Pradesh, India",Northern Coalfields Limited,Manager,6-10yoe_global_indian,member_urn,"NCL, a Govt. of India Undertaking, is one of the eight subsidiaries of the largest coal-producing company in the world, Coal India Limited. #NorthernCoalfields",356,1985,Coal Mining,97919129,http://www.linkedin.com/company/northerncoalfields,"Chitrangi, Madhya Pradesh, India",,www.nclcil.in,,5/2025,false,https://media.licdn.com/dms/image/v2/C5603AQHtG1v_ykrwvg/profile-displayphoto-shrink_100_100/profile-displayphoto-shrink_100_100/0/1517057563946?e=1788998400&v=beta&t=tqF1wNcv83iPkCcHhQk3Vh3UrgqQgMSkGicHjrVmpdI,false,"Being a mining engineer, I had an experience with Tata Steel and is currently working with Coal India limited (Khadia Project,NCL).",54,2026-08-25 00:00:00.000 +0530,,,,,,,,,,,,,,,,,1239,
Manoj Kumar,Manoj,Kumar,https://www.linkedin.com/in/manoj-kumar-00b48062,urn:li:member:222124043,manoj-kumar-00b48062,Uttar Pradesh,,India,"Uttar Pradesh, India",Northern Coalfields Limited,Deputy Manager,6-10yoe_global_indian,member_urn,"NCL, a Govt. of India Undertaking, is one of the eight subsidiaries of the largest coal-producing company in the world, Coal India Limited. #NorthernCoalfields",356,1985,Coal Mining,97919129,http://www.linkedin.com/company/northerncoalfields,"Chitrangi, Madhya Pradesh, India",,www.nclcil.in,,1/2025,false,https://media.licdn.com/dms/image/v2/D4D03AQFQyckPjmcKng/profile-displayphoto-shrink_100_100/profile-displayphoto-shrink_100_100/0/1714609129480?e=1788998400&v=beta&t=-6OINnJUEplltrXI8kG2Gg1eB6iLhzHTiNt95bVGywc,false,IITian | Mining Engineer | Options Trader ( in that order),55,2026-08-25 00:00:00.000 +0530,,,,,,,,,,,,,,,,,1239,
Kishan Kumar Singh,Kishan Kumar,Singh,https://www.linkedin.com/in/kishan-kumar-singh-177b4416b,urn:li:member:680645611,kishan-kumar-singh-177b4416b,Vidisha,Madhya Pradesh,India,"Vidisha, Madhya Pradesh, India",Northern Coalfields Limited,Deputy Manager,6-10yoe_global_indian,member_urn,"NCL, a Govt. of India Undertaking, is one of the eight subsidiaries of the largest coal-producing company in the world, Coal India Limited. #NorthernCoalfields",356,1985,Coal Mining,97919129,http://www.linkedin.com/company/northerncoalfields,"Chitrangi, Madhya Pradesh, India",,www.nclcil.in,,1/2025,false,https://media.licdn.com/dms/image/v2/D5603AQH8wLjBDoxlXQ/profile-displayphoto-shrink_100_100/profile-displayphoto-shrink_100_100/0/1692733044152?e=1788998400&v=beta&t=vfu5lRSLJSfQbF7nOpTpbjj1_UhZ-uummdABwMyx8Wo,false,,2898,2026-08-25 00:00:00.000 +0530,,,,,,,,,,,,,,,,,1239,
jayant oraon,jayant,oraon,https://www.linkedin.com/in/jayant-oraon-bb5040130,urn:li:member:537561785,jayant-oraon-bb5040130,Ranchi,Jharkhand,India,"Ranchi, Jharkhand, India",NOUVELLE GABON MINING S.A,Head of Operations,10+yoe_global,member_urn,Submit your CV to recrutement@nouvellegabonmining.com or contact@nouvellegabonmining.com The flagship Nouvelle Gabon Mining(NGM) is a Gabonese company having Manganese ore mining and processing facilities. It is based out of Gabon having its deposits and operations in the region of Franceville and Okondja. NGM is co-owned by Gabonese State and shareholders from all parts of the world . NGM put its footsteps into Gabon in the year 2013 acquiring licenses for exploration at Franceville and built its first plant which began production in 2017. Presently it has two facilities at Franceville and Okondja with combined installed capacity of 2.4 Million tonnes. It has also acquired recently greenfield project at Mounana which will take the total installed capacity to 3.2 Million tonnes NGM exports LUMPS and FINES to different parts of the globe from Owendo port at Libreville. Innovation is the foundation of NGM development that helps create mining of the future and achieve the vision of producing quintessential natural resources in the world by creating long term value. NGM values and feels proud to invest in the people who work with the organisation to overcome new challenges.,313,2013,Mining,68001689,http://www.linkedin.com/company/nouvellegabonmining,South Africa,"Exploration, Extraction, and Production",https://www.nouvellegabonmining.com/,,5/2023,false,https://media.licdn.com/dms/image/v2/C4D03AQEQtvKGFYT_tw/profile-displayphoto-shrink_100_100/profile-displayphoto-shrink_100_100/0/1516936937917?e=1788998400&v=beta&t=t0RuNIAOx7P_PEFuZktW-6ZJ9-GPINXA615oo9wT2G8,false,,1747,2026-08-25 00:00:00.000 +0530,,,,,,,,,,,,,,,,,1241,
Baivab Sinha,Baivab,Sinha,https://www.linkedin.com/in/baivabsinha,urn:li:member:52436085,baivabsinha,Hyderabad,Telangana,India,"Hyderabad, Telangana, India",Novartis India,Director Data Science,10+yoe_indian,member_urn,"Novartis is reimagining medicine in India since 1947. Our people make us a Great Place to Work 2026®, & we are recognised among Asia’s Best Workplaces 2025™. As a leading global medicines company, we use innovative science and digital technologies to create transformative treatments in areas of great medical need. In our quest to find new medicines, we consistently rank among the world’s top companies investing in research and development. Novartis products reach nearly 1 billion people globally and we are finding innovative ways to expand access to our latest treatments. About 125,000 people of more than 140 nationalities work at Novartis around the world. Novartis is aware of employment scams which make false use of our company name or leader’s names to defraud job seekers. Novartis does not make job offers without interview and never asks candidates for money. All our current job openings are displayed here. If you have encountered a job posting or been approached with a job offer that you suspect may be fraudulent, we strongly recommend you do not respond, send money or personal information. See our community guidelines: http://bit.ly/35zXur6",2249,1996,Pharmaceutical Manufacturing,28729631,http://www.linkedin.com/company/novartis-india,"Mumbai, Maharashtra, India","Pharmaceuticals, Healthcare, Research, Innovation, Quality, Sustainability, Innovative medicines, Opthalmology, Oncology, Respiratory, Bone & Pain, Immunology & Dermatology, Cardiovascular, Metabolics, and Neurosciences",http://www.novartis.com/in-en,"Lead strategic Data Science programs spanning Patient Predictive Modeling (PPM), HCP Analytics, Dynamic Targeting, Field NBA, and decision intelligence solutions supporting priority therapy areas and product launches. Spearhead Analytics Rewiring and Key Driver Analytics (KDA) initiatives, transforming traditional reporting into explainable AI and machine learning driven decision systems. Lead innovation in AI Lens, Medical Lens, and Agentic AI, building next generation GenAI solutions leveraging RAG, knowledge graphs, semantic discovery, and intelligent decision support capabilities. Guided delivery of the 340B Diversion Detection platform, leveraging anomaly detection, network analytics, and LLM-enabled insights to proactively identify business risks and opportunities. Drive enterprise-scale AI and ML capabilities through automated model development, feature engineering, MLOps, model monitoring, explainability, drift detection, and feature store frameworks. Modernize predictive analytics through advanced ML and deep learning techniques, including transformer-based tabular models, automated feature selection, explainable AI, and scalable AutoML capabilities. Partner with senior leaders across business, technology, data, and engineering organizations to define AI strategy, prioritize investments, and translate complex business challenges into scalable analytical products. Lead and mentor global teams of Data Scientists, ML Engineers, and Analytics Leaders while driving organizational transformation toward reusable AI platforms, product-centric operating models, and enterprise-scale decision intelligence capabilities.",10/2025,false,https://media.licdn.com/dms/image/v2/C5603AQGL85g3cFNlSA/profile-displayphoto-shrink_100_100/profile-displayphoto-shrink_100_100/0/1534756645074?e=1788998400&v=beta&t=jBoPVeeeeerZrOmWFXTJ4pRGtL_r9TbrrFK-A2Z7LRg,false,"Graduate of IIT (ISM) Dhanbad with a degree in Computer Science & Engineering. Director of Data Science at Novartis, leading AI, Machine Learning, and Advanced Analytics initiatives across Dynamic Targeting, Next Best Action (NBA), Generative AI & Knowledge Intelligence, Key Driver Analysis (KDA), Patient Analytics, HCP Analytics, Predictive Modeling, and Decision Intelligence. Strategic AI/ML leader with 17+ years of experience across China, the United States, Europe, and India, driving innovation and business transformation through data, analytics, and artificial intelligence. Inventor of 12 patents and author of 10 international research papers and journal publications spanning Artificial Intelligence, Machine Learning, Knowledge Graphs, Natural Language Processing, Recommendation Systems, and Applied Data Science. Proven track record of building and scaling AI solutions that improve customer targeting, omnichannel engagement, field force effectiveness, commercial performance, and strategic decision-making. Leading enterprise AI adoption and analytics transformation initiatives, enabling data-driven decision making and measurable business impact. Extensive experience translating complex business challenges into scalable AI products and advanced analytics solutions. Trusted advisor to senior leaders, helping bridge business strategy, analytics, and technology. Built and led high-performing global Data Science teams while fostering innovation, collaboration, and continuous learning. Expertise across Machine Learning, Deep Learning, Generative AI, NLP, Predictive Analytics, Recommendation Systems, Explainable AI, Forecasting, Optimization, and Decision Intelligence. Hands-on experience with Python, TensorFlow, PyTorch, Hugging Face, Scikit-learn, MLOps, cloud technologies, and enterprise AI deployment. Experienced in managing analytics portfolios, strategic roadmaps, budgets, stakeholder relationships, and vendor partnerships. Recognized for connecting teams and capabilities across organizations to accelerate innovation, improve reuse, reduce duplication, and maximize business value. Showcased AI innovation at CES and IFA and contributed to the establishment of Changhong's Research Lab in Santa Clara and its R&D and manufacturing operations in India. Passionate about leveraging AI, data, technology, and people to solve complex business challenges and create lasting impact.",1039,2026-08-25 00:00:00.000 +0530,,,,,,,,,,,,,,,,,1242,
Nishant Kumar,Nishant,Kumar,https://www.linkedin.com/in/nishant-kumar-23a980164,urn:li:member:659322190,nishant-kumar-23a980164,Madhubani,Bihar,India,"Madhubani, Bihar, India",NTPC Limited,Assistant Manager,6-10yoe_global_indian,member_urn,External link for NTPC Limited,25171,1975,Utilities,10898,http://www.linkedin.com/company/ntpc,"New Delhi, Delhi, India","Coal Based Power Stations, Gas Based Power Stations, Hydro Based Power Projects, Renewable Energy & Distributed Generation, Environment Management, Corporate Social Responsibility, and Consultancy",http://www.ntpc.co.in,,12/2018,false,https://media.licdn.com/dms/image/v2/C5103AQGlgO3sYq7tXw/profile-displayphoto-shrink_100_100/profile-displayphoto-shrink_100_100/0/1531908403806?e=1788998400&v=beta&t=rSPQCC0ebwuGZpMHPHGSLZqWou8jji-Kea_WB9brzdY,false,,2874,2026-08-25 00:00:00.000 +0530,,,,,,,,,,,,,,,,,1244,
Aseem Misra,Aseem,Misra,https://www.linkedin.com/in/aseem-misra-71812088,urn:li:member:310833668,aseem-misra-71812088,Hazaribag,Jharkhand,India,"Hazaribag, Jharkhand, India",NTPC Limited,Additional General Manager,10+yoe_indian,member_urn,External link for NTPC Limited,25171,1975,Utilities,10898,http://www.linkedin.com/company/ntpc,"New Delhi, Delhi, India","Coal Based Power Stations, Gas Based Power Stations, Hydro Based Power Projects, Renewable Energy & Distributed Generation, Environment Management, Corporate Social Responsibility, and Consultancy",http://www.ntpc.co.in,,10/2018,false,https://media.licdn.com/dms/image/v2/C4E03AQFKl6gvNZYQ5Q/profile-displayphoto-shrink_100_100/profile-displayphoto-shrink_100_100/0/1517053250125?e=1788998400&v=beta&t=Ewn5TudT6JfehsvZ5IUHKjTkpJC_8pZhOEVajhCHDrw,false,First Class Mines Managers Certificate (Coal) from DGMS Dhanbad,676,2026-09-01 21:00:56.853 +0530,,,,,,,,,,,,aseemmisra@ntpc.co.in,aseemmisra@ntpc.co.in,,,,1244,
Dr Prabhat Jaiswal,Dr Prabhat,Jaiswal,https://www.linkedin.com/in/dr-prabhat-jaiswal-9b656154,urn:li:member:192474714,dr-prabhat-jaiswal-9b656154,Uttar Pradesh,,India,"Uttar Pradesh, India",NTPC Limited,Manager,10+yoe_indian,member_urn,External link for NTPC Limited,25171,1975,Utilities,10898,http://www.linkedin.com/company/ntpc,"New Delhi, Delhi, India","Coal Based Power Stations, Gas Based Power Stations, Hydro Based Power Projects, Renewable Energy & Distributed Generation, Environment Management, Corporate Social Responsibility, and Consultancy",http://www.ntpc.co.in,,7/2009,false,https://media.licdn.com/dms/image/v2/D5603AQG3ylli2PvWaQ/profile-displayphoto-scale_200_200/B56Z46iUl4KwAc-/0/1779098538473?e=1788998400&v=beta&t=ynG7zZ4LkU6bmt0Bb8P2CxrcsEHgM4lddzUSkgsZpbA,false,,1839,2026-08-25 00:00:00.000 +0530,,,,,,,,,,,,,,,,,1244,
Ravi Mittal,Ravi,Mittal,https://www.linkedin.com/in/ravi-mittal-6044b1107,urn:li:member:452109604,ravi-mittal-6044b1107,Singrauli,Madhya Pradesh,India,"Singrauli, Madhya Pradesh, India",NTPC,Deputy General Manager,10+yoe_indian,member_urn,External link for NTPC Limited,25171,1975,Utilities,10898,http://www.linkedin.com/company/ntpc,"New Delhi, Delhi, India","Coal Based Power Stations, Gas Based Power Stations, Hydro Based Power Projects, Renewable Energy & Distributed Generation, Environment Management, Corporate Social Responsibility, and Consultancy",http://www.ntpc.co.in,,8/2008,false,https://media.licdn.com/dms/image/v2/D5603AQEQZU4_BWrYIg/profile-displayphoto-shrink_100_100/B56Z4WbI2JHEAU-/0/1778492674217?e=1788998400&v=beta&t=x_fKpCM2cU9vle5GPufQeALhrltJ-FO6T37MOTJO7_Y,false,,1866,2026-08-25 00:00:00.000 +0530,,,,,,,,,,,,,,,,,1244,
Ashwani Matolia,Ashwani,Matolia,https://www.linkedin.com/in/ashwani-matolia-38357b199,urn:li:member:780750675,ashwani-matolia-38357b199,Surat,Gujarat,India,"Surat, Gujarat, India",NTPC Limited,Manager EEMG,10+yoe_indian,member_urn,External link for NTPC Limited,25171,1975,Utilities,10898,http://www.linkedin.com/company/ntpc,"New Delhi, Delhi, India","Coal Based Power Stations, Gas Based Power Stations, Hydro Based Power Projects, Renewable Energy & Distributed Generation, Environment Management, Corporate Social Responsibility, and Consultancy",http://www.ntpc.co.in,,8/2008,false,https://media.licdn.com/dms/image/v2/C5603AQEvxZMo3OUy_w/profile-displayphoto-shrink_100_100/profile-displayphoto-shrink_100_100/0/1594895849533?e=1788998400&v=beta&t=yZgb5OqZeiD_xKPMFCFpSAj9zxfdvsGhrOOcAnsFgDQ,false,,1802,2026-08-25 00:00:00.000 +0530,,,,,,,,,,,,,,,,,1244,
nikhil kumar ojha,nikhil kumar,ojha,https://www.linkedin.com/in/nikhilkumarojha,urn:li:member:101648274,nikhilkumarojha,,,India,India,NTPC Limited,Manager,10+yoe_indian,member_urn,External link for NTPC Limited,25171,1975,Utilities,10898,http://www.linkedin.com/company/ntpc,"New Delhi, Delhi, India","Coal Based Power Stations, Gas Based Power Stations, Hydro Based Power Projects, Renewable Energy & Distributed Generation, Environment Management, Corporate Social Responsibility, and Consultancy",http://www.ntpc.co.in,,4/2025,false,,false,,3827,2026-08-25 00:00:00.000 +0530,,,,,,,,,,,,,,,,,1244,
Shubham Dhoke,Shubham,Dhoke,https://www.linkedin.com/in/shubham-dhoke-844963121,urn:li:member:507001588,shubham-dhoke-844963121,Nagpur,Maharashtra,India,"Nagpur, Maharashtra, India",NTPC Limited,Deputy Manager,6-10yoe_global_indian,member_urn,External link for NTPC Limited,25171,1975,Utilities,10898,http://www.linkedin.com/company/ntpc,"New Delhi, Delhi, India","Coal Based Power Stations, Gas Based Power Stations, Hydro Based Power Projects, Renewable Energy & Distributed Generation, Environment Management, Corporate Social Responsibility, and Consultancy",http://www.ntpc.co.in,Managing power plant operations.,12/2018,false,https://media.licdn.com/dms/image/v2/D4E03AQEBV5TzCzYE_A/profile-displayphoto-shrink_100_100/profile-displayphoto-shrink_100_100/0/1714274114009?e=1788998400&v=beta&t=XyJp8yTdyC3rEhAdA0zj1FaAQZ0Hv_en1PO_J3TrFGo,false,"Currently serving as Deputy Manager at NTPC Limited, contributing to the optimization of power systems and enhancing operational efficiency. Holds a B.Tech. in Electrical Engineering from IIT (ISM) Dhanbad, with a solid grounding in electrical and electronics engineering. Combines analytical skills and a collaborative approach to support impactful energy initiatives and solutions aligned with organizational objectives. Dedicated to applying power systems expertise to drive innovation and meet energy challenges effectively.",67,2026-08-25 00:00:00.000 +0530,,,,,,,,,,,,,,,,,1244,
Sai Raja Rayapureddy,Sai Raja,Rayapureddy,https://www.linkedin.com/in/sai-raja-rayapureddy-b7901b2b6,urn:li:member:1272070605,sai-raja-rayapureddy-b7901b2b6,Raigarh,Chhattisgarh,India,"Raigarh, Chhattisgarh, India",NTPC Limited,Manager,6-10yoe_global_indian,member_urn,External link for NTPC Limited,25171,1975,Utilities,10898,http://www.linkedin.com/company/ntpc,"New Delhi, Delhi, India","Coal Based Power Stations, Gas Based Power Stations, Hydro Based Power Projects, Renewable Energy & Distributed Generation, Environment Management, Corporate Social Responsibility, and Consultancy",http://www.ntpc.co.in,,3/2019,false,https://media.licdn.com/dms/image/v2/D4D03AQHbqfJLPD3EHA/profile-displayphoto-shrink_100_100/profile-displayphoto-shrink_100_100/0/1718245615573?e=1788998400&v=beta&t=l_ZW3ymFvtn0ruk5XjKs5IC4tT_1yJIWtvkH_zDvpe0,false,"I’m a strategy professional with deep roots in industrial operations and a growing focus on transformation and sustainability. My career began in the mining sector, where I led large, cross-functional teams through complex operations, safety initiatives, and digital change programs. I’ve worked across planning, logistics, process improvement, and stakeholder engagement. Most often in high-stakes environments requiring precision, clarity, and empathy. At NTPC Ltd,I helped drive operational excellence, implemented multilingual safety systems, led organization-wide ERP rollouts, and resolved long-standing on-ground challenges through collaborative change management. These experiences shaped my ability to translate vision into execution and manage ambiguity with structure.",69,2026-08-25 00:00:00.000 +0530,,,,,,,,,,,,,,,,,1244,
Anuragg Tiewari,Anuragg,Tiewari,https://www.linkedin.com/in/anuragg-tiewari-595a2411b,urn:li:member:501196865,anuragg-tiewari-595a2411b,South Delhi,Delhi,India,"South Delhi, Delhi, India",NTPC Limited,Senior Manager,10+yoe_indian,member_urn,External link for NTPC Limited,25171,1975,Utilities,10898,http://www.linkedin.com/company/ntpc,"New Delhi, Delhi, India","Coal Based Power Stations, Gas Based Power Stations, Hydro Based Power Projects, Renewable Energy & Distributed Generation, Environment Management, Corporate Social Responsibility, and Consultancy",http://www.ntpc.co.in,,4/2022,false,https://media.licdn.com/dms/image/v2/C5103AQGeXhBowsAe4A/profile-displayphoto-shrink_100_100/profile-displayphoto-shrink_100_100/0/1516887517670?e=1788998400&v=beta&t=TPtRadfZVsMfaUZ_NbZi3BZxgELRN9hrDo4qsa5urLY,false,,1840,2026-08-25 00:00:00.000 +0530,,,,,,,,,,,,,,,,,1244,
Shilpa Kareddy,Shilpa,Kareddy,https://www.linkedin.com/in/shilpa-kareddy-260838240,urn:li:member:1005357672,shilpa-kareddy-260838240,,,India,India,NTPC Limited,Manager,10+yoe_indian,member_urn,External link for NTPC Limited,25171,1975,Utilities,10898,http://www.linkedin.com/company/ntpc,"New Delhi, Delhi, India","Coal Based Power Stations, Gas Based Power Stations, Hydro Based Power Projects, Renewable Energy & Distributed Generation, Environment Management, Corporate Social Responsibility, and Consultancy",http://www.ntpc.co.in,Handled Regulatory & policy related matters Involved in drafting stakeholders’ business agreements Reconciliation of energy accounts with customers Responsible for organising training programs for employees of beneficiary organisations Coordinated with multiple departments across power stations for prioritising requirements based on emergent needs and budget provisions Analysed procurement Data of all power generation plants in the southern region and was involved in the unification process of procurement functions in the company Provided continuous feedback to the senior management for procurement process improvement which has reduced the Award Lead Time by 10%,3/2019,false,,false,,3856,2026-08-25 00:00:00.000 +0530,,,,,,,,,,,,,,,,,1244,
ARUN LAL,ARUN,LAL,https://www.linkedin.com/in/arun-lal-6957651a,urn:li:member:67567505,arun-lal-6957651a,,,India,India,NTPC Limited,Sr Manager,10+yoe_indian,member_urn,External link for NTPC Limited,25171,1975,Utilities,10898,http://www.linkedin.com/company/ntpc,"New Delhi, Delhi, India","Coal Based Power Stations, Gas Based Power Stations, Hydro Based Power Projects, Renewable Energy & Distributed Generation, Environment Management, Corporate Social Responsibility, and Consultancy",http://www.ntpc.co.in,,,false,https://media.licdn.com/dms/image/v2/C4E03AQHfUaWVCQQ4ug/profile-displayphoto-shrink_100_100/profile-displayphoto-shrink_100_100/0/1614339673484?e=1788998400&v=beta&t=twiBGHt4FHe56tyu9EIRWPya6YpzFrYFLalmzCYYU5Y,false,,1844,2026-08-25 00:00:00.000 +0530,,,,,,,,,,,,,,,,,1244,
Aditya Sharma,Aditya,Sharma,https://www.linkedin.com/in/aditya-sharma-3146b61b,urn:li:member:70409536,aditya-sharma-3146b61b,Siliguri,West Bengal,India,"Siliguri, West Bengal, India",Numaligarh Refinery Limited,"Senior Manager(HSE), SMT",10+yoe_indian,member_urn,External link for Numaligarh Refinery Limited,1080,,Oil and Gas,471493,http://www.linkedin.com/company/numaligarh-refinery-limited,"Morangi, Assam, India","Refining & Sales : Our product range includes LPG, Naphtha, Motor Spirit ( MS), Aviation Turbine Fuel ( ATF)Superior Kerosene Oil ( SKO)High Speed Diesel (HSD), and Raw Petroleum Coke ( RPC ) Calcined Petroleum Coke ( CPC) & Sulphur.",http://www.nrl.co.in,,6/2026,false,https://media.licdn.com/dms/image/v2/D4D03AQFMbh-6fCqYYA/profile-displayphoto-scale_100_100/B4DZ5jxAPDJUAY-/0/1779790252340?e=1788998400&v=beta&t=dP7OZpd6Kcmrg8YOW_irEjXYE6b8llMhu8bmXvb8hGM,false,,1894,2026-08-25 00:00:00.000 +0530,,,,,,,,+919644084515,,,,,,+919644084515,,,1245,
Akshay Singh,Akshay,Singh,https://www.linkedin.com/in/akshay-singh-a435393b,urn:li:member:141664659,akshay-singh-a435393b,Bengaluru,Karnataka,India,"Bengaluru, Karnataka, India",OC Academy,Strategy Director,10+yoe_indian,member_urn,"OC Academy is the #1 choice to provide technology-led advanced upskilling courses for doctors. We offer international certification courses, post graduate programs & fellowship programs accredited by globally renowned medical institutes. Our offerings span multiple formats designed to maximize learning with the minimum time invested. Whether you’re a doctor who just graduated or a super-specialist, our courses bring together the world’s best clinical expert panel and are designed keeping the HCP's academic needs in mind. At OC Academy, we like to believe that technological innovation, when combined with expert medical education, creates a long-lasting impact on advancing patient outcomes, and our fellowship program, post graduate programs, and certificate courses aim to do just that. With curated video, audio, and e-learning content that combines online lectures & LIVE interactions with key opinion leaders & experts, HCPs would now be able to learn within the comfort of their personal space.",63,,E-Learning Providers,91375963,http://www.linkedin.com/company/oc-academy,"Bengaluru, Karnataka, India",,https://www.ocacademy.in/,,4/2026,true,https://media.licdn.com/dms/image/v2/D5603AQGSZMozClryrg/profile-displayphoto-shrink_100_100/profile-displayphoto-shrink_100_100/0/1643966615443?e=1788998400&v=beta&t=grGe4-MD__U1CZ9E5QF4Hy55UoLLze0ei59pIFjOqHs,false,"With over seven years of industry experience, I currently serve as Strategy Director at OC Academy, leveraging my expertise in growth strategies, data insights, and performance marketing. I focus on driving strategic initiatives, fostering collaboration across teams, and aligning organizational goals with actionable plans to achieve sustainable growth. My career spans leadership roles in business strategy, category management, and program management, where I have effectively contributed to brand development, customer acquisition, and market expansion. Dedicated to delivering data-driven solutions, I aim to optimize performance and create impact through strategic planning and execution.",695,2026-09-01 21:00:56.853 +0530,,,,,,,,,,,,akshay090592@gmail.com,,,,,1248,
Puneet Saxena,Puneet,Saxena,https://www.linkedin.com/in/saxenapuneet,urn:li:member:36822969,saxenapuneet,Vadodara,Gujarat,India,"Vadodara, Gujarat, India",ONGC,DGM Geophysics,10+yoe_indian,member_urn,"Maharatna ONGC is the largest producer of crude oil and natural gas in India, contributing around 70 per cent of Indian domestic production. The crude oil is the raw material used by downstream companies like IOC, BPCL, HPCL to produce petroleum products like Petrol, Diesel, Kerosene, Naphtha, Cooking Gas-LPG. ONGC is India’s Top Energy Company and ranks 14th among global energy majors (Platts). It is the only Indian company to figure in Fortune’s ‘Most Admired Energy Companies’ list. ONGC ranks 226th overall in Forbes Global 2000. Acclaimed for its Corporate Governance practices, Transparency International has ranked ONGC 26th among the biggest publicly traded global giants. It is most valued public enterprise in India, and one of the highest profit-making and dividend-paying. ONGC has a unique distinction of being a company with in-house service capabilities in all areas of Exploration and Production of oil & gas and related oil-field services. Winner of the Best Employer award, a dedicated team of over 25,000 professionals toil round the clock in challenging locations. ONGC is an integrated energy company with interests in upstream, midstream and downstream sector of the hydrocarbon value chain, renewables, LNG, Power generation, petrochemicals and Value Added Products. ONGC's wholly-owned subsidiary Navratna ONGC Videsh Limited (OVL) is the biggest Indian multinational in the energy space, participating in 32 oil and gas properties in 15 countries. ONGC's subsidiary Mangalore Refinery and Petrochemicals Limited (MRPL) is a Schedule ‘A’ Miniratna, with a single-location refining capacity of 15 million tons per annum. ONGC subsidiary HPCL is a Maharatna CPSE, and has the second largest share of product pipelines in India with a pipeline network of more than 3370 kms for transportation of petroleum products and a vast marketing network consisting of 14 Zonal offices and 133 Regional Offices.",16644,1956,Oil and Gas,10219,http://www.linkedin.com/company/oilandnaturalgascorporation,"Delhi, India","Exploration and Production, Energy, Gas, Oil, and Renewables",http://www.ongcindia.com/,"Seismic Acquisition, Seismic Data Processing , PSTM, PSDM, AVO, Single & Multicomponent seismics, Inversion: Prestack simultaneous & Prestack PPPS Joint Inversion, Geostatistical Inversion",3/2001,false,,false,"Multicomponent Seismic: Prestack Joint Inversion of Multicomponent data, Prestack Stochastic Inversion, Seismic Data Processing & acquisition Specialties: Six Sigma Black Belt, Lead Auditor OHSAS",1612,2026-08-25 00:00:00.000 +0530,,,,,,,,,,,,,,,,,1250,
Priya Prakash,Priya,Prakash,https://www.linkedin.com/in/priya-prakash-430132a,urn:li:member:30174948,priya-prakash-430132a,Delhi,,India,"Delhi, India",ONGC,Manager,10+yoe_indian,member_urn,"Maharatna ONGC is the largest producer of crude oil and natural gas in India, contributing around 70 per cent of Indian domestic production. The crude oil is the raw material used by downstream companies like IOC, BPCL, HPCL to produce petroleum products like Petrol, Diesel, Kerosene, Naphtha, Cooking Gas-LPG. ONGC is India’s Top Energy Company and ranks 14th among global energy majors (Platts). It is the only Indian company to figure in Fortune’s ‘Most Admired Energy Companies’ list. ONGC ranks 226th overall in Forbes Global 2000. Acclaimed for its Corporate Governance practices, Transparency International has ranked ONGC 26th among the biggest publicly traded global giants. It is most valued public enterprise in India, and one of the highest profit-making and dividend-paying. ONGC has a unique distinction of being a company with in-house service capabilities in all areas of Exploration and Production of oil & gas and related oil-field services. Winner of the Best Employer award, a dedicated team of over 25,000 professionals toil round the clock in challenging locations. ONGC is an integrated energy company with interests in upstream, midstream and downstream sector of the hydrocarbon value chain, renewables, LNG, Power generation, petrochemicals and Value Added Products. ONGC's wholly-owned subsidiary Navratna ONGC Videsh Limited (OVL) is the biggest Indian multinational in the energy space, participating in 32 oil and gas properties in 15 countries. ONGC's subsidiary Mangalore Refinery and Petrochemicals Limited (MRPL) is a Schedule ‘A’ Miniratna, with a single-location refining capacity of 15 million tons per annum. ONGC subsidiary HPCL is a Maharatna CPSE, and has the second largest share of product pipelines in India with a pipeline network of more than 3370 kms for transportation of petroleum products and a vast marketing network consisting of 14 Zonal offices and 133 Regional Offices.",16644,1956,Oil and Gas,10219,http://www.linkedin.com/company/oilandnaturalgascorporation,"Delhi, India","Exploration and Production, Energy, Gas, Oil, and Renewables",http://www.ongcindia.com/,,1/2013,false,https://media.licdn.com/dms/image/v2/D4D03AQGmDDHPkqajiA/profile-displayphoto-shrink_100_100/profile-displayphoto-shrink_100_100/0/1716363442918?e=1788998400&v=beta&t=_8EWXVnsao7zyyMYLHD2cOVaaiZbdFTEmUxXjpGHRe4,false,,1597,2026-08-25 00:00:00.000 +0530,,,,,,,,,,,,,,,,,1250,
Pramesh Satapathy,Pramesh,Satapathy,https://www.linkedin.com/in/pramesh-satapathy-aa96406a,urn:li:member:246428193,pramesh-satapathy-aa96406a,Dehradun,Uttarakhand,India,"Dehradun, Uttarakhand, India",Oil and Natural Gas Corporation Ltd,Chief Geophysicist,10+yoe_indian,member_urn,"Maharatna ONGC is the largest producer of crude oil and natural gas in India, contributing around 70 per cent of Indian domestic production. The crude oil is the raw material used by downstream companies like IOC, BPCL, HPCL to produce petroleum products like Petrol, Diesel, Kerosene, Naphtha, Cooking Gas-LPG. ONGC is India’s Top Energy Company and ranks 14th among global energy majors (Platts). It is the only Indian company to figure in Fortune’s ‘Most Admired Energy Companies’ list. ONGC ranks 226th overall in Forbes Global 2000. Acclaimed for its Corporate Governance practices, Transparency International has ranked ONGC 26th among the biggest publicly traded global giants. It is most valued public enterprise in India, and one of the highest profit-making and dividend-paying. ONGC has a unique distinction of being a company with in-house service capabilities in all areas of Exploration and Production of oil & gas and related oil-field services. Winner of the Best Employer award, a dedicated team of over 25,000 professionals toil round the clock in challenging locations. ONGC is an integrated energy company with interests in upstream, midstream and downstream sector of the hydrocarbon value chain, renewables, LNG, Power generation, petrochemicals and Value Added Products. ONGC's wholly-owned subsidiary Navratna ONGC Videsh Limited (OVL) is the biggest Indian multinational in the energy space, participating in 32 oil and gas properties in 15 countries. ONGC's subsidiary Mangalore Refinery and Petrochemicals Limited (MRPL) is a Schedule ‘A’ Miniratna, with a single-location refining capacity of 15 million tons per annum. ONGC subsidiary HPCL is a Maharatna CPSE, and has the second largest share of product pipelines in India with a pipeline network of more than 3370 kms for transportation of petroleum products and a vast marketing network consisting of 14 Zonal offices and 133 Regional Offices.",16644,1956,Oil and Gas,10219,http://www.linkedin.com/company/oilandnaturalgascorporation,"Delhi, India","Exploration and Production, Energy, Gas, Oil, and Renewables",http://www.ongcindia.com/,,1/2023,false,https://media.licdn.com/dms/image/v2/C5603AQFScKXQb2SBZg/profile-displayphoto-shrink_100_100/profile-displayphoto-shrink_100_100/0/1517452864683?e=1788998400&v=beta&t=8WE3YoiBnLI2feasNSysNuwbkTvt8GXMFnqVUYbdywY,false,,1596,2026-08-25 00:00:00.000 +0530,,,,,,,,,,,,,,,,,1250,
K Vidyasagar,K,Vidyasagar,https://www.linkedin.com/in/k-vidyasagar-8b5b625a,urn:li:member:211885193,k-vidyasagar-8b5b625a,Hyderabad,Telangana,India,"Hyderabad, Telangana, India",Oil and Natural Gas Corporation Ltd,Deputy General Manager,10+yoe_indian,member_urn,"Maharatna ONGC is the largest producer of crude oil and natural gas in India, contributing around 70 per cent of Indian domestic production. The crude oil is the raw material used by downstream companies like IOC, BPCL, HPCL to produce petroleum products like Petrol, Diesel, Kerosene, Naphtha, Cooking Gas-LPG. ONGC is India’s Top Energy Company and ranks 14th among global energy majors (Platts). It is the only Indian company to figure in Fortune’s ‘Most Admired Energy Companies’ list. ONGC ranks 226th overall in Forbes Global 2000. Acclaimed for its Corporate Governance practices, Transparency International has ranked ONGC 26th among the biggest publicly traded global giants. It is most valued public enterprise in India, and one of the highest profit-making and dividend-paying. ONGC has a unique distinction of being a company with in-house service capabilities in all areas of Exploration and Production of oil & gas and related oil-field services. Winner of the Best Employer award, a dedicated team of over 25,000 professionals toil round the clock in challenging locations. ONGC is an integrated energy company with interests in upstream, midstream and downstream sector of the hydrocarbon value chain, renewables, LNG, Power generation, petrochemicals and Value Added Products. ONGC's wholly-owned subsidiary Navratna ONGC Videsh Limited (OVL) is the biggest Indian multinational in the energy space, participating in 32 oil and gas properties in 15 countries. ONGC's subsidiary Mangalore Refinery and Petrochemicals Limited (MRPL) is a Schedule ‘A’ Miniratna, with a single-location refining capacity of 15 million tons per annum. ONGC subsidiary HPCL is a Maharatna CPSE, and has the second largest share of product pipelines in India with a pipeline network of more than 3370 kms for transportation of petroleum products and a vast marketing network consisting of 14 Zonal offices and 133 Regional Offices.",16644,1956,Oil and Gas,10219,http://www.linkedin.com/company/oilandnaturalgascorporation,"Delhi, India","Exploration and Production, Energy, Gas, Oil, and Renewables",http://www.ongcindia.com/,,4/1985,false,https://media.licdn.com/dms/image/v2/C5603AQG-zvH-3__BQQ/profile-displayphoto-shrink_100_100/profile-displayphoto-shrink_100_100/0/1610716717153?e=1788998400&v=beta&t=q6xu4hgvfygj1m2lng8p05rZd1MK9gwuj6yimLXTOdk,false,,1595,2026-08-25 00:00:00.000 +0530,,,,,,,,,,,,,,,,,1250,
Praveen Kumar,Praveen,Kumar,https://www.linkedin.com/in/praveen-kumar-72280832b,urn:li:member:1396460042,praveen-kumar-72280832b,Mumbai,Maharashtra,India,"Mumbai, Maharashtra, India",Oil and Natural Gas Corporation Ltd,General Manager,10+yoe_indian,member_urn,"Maharatna ONGC is the largest producer of crude oil and natural gas in India, contributing around 70 per cent of Indian domestic production. The crude oil is the raw material used by downstream companies like IOC, BPCL, HPCL to produce petroleum products like Petrol, Diesel, Kerosene, Naphtha, Cooking Gas-LPG. ONGC is India’s Top Energy Company and ranks 14th among global energy majors (Platts). It is the only Indian company to figure in Fortune’s ‘Most Admired Energy Companies’ list. ONGC ranks 226th overall in Forbes Global 2000. Acclaimed for its Corporate Governance practices, Transparency International has ranked ONGC 26th among the biggest publicly traded global giants. It is most valued public enterprise in India, and one of the highest profit-making and dividend-paying. ONGC has a unique distinction of being a company with in-house service capabilities in all areas of Exploration and Production of oil & gas and related oil-field services. Winner of the Best Employer award, a dedicated team of over 25,000 professionals toil round the clock in challenging locations. ONGC is an integrated energy company with interests in upstream, midstream and downstream sector of the hydrocarbon value chain, renewables, LNG, Power generation, petrochemicals and Value Added Products. ONGC's wholly-owned subsidiary Navratna ONGC Videsh Limited (OVL) is the biggest Indian multinational in the energy space, participating in 32 oil and gas properties in 15 countries. ONGC's subsidiary Mangalore Refinery and Petrochemicals Limited (MRPL) is a Schedule ‘A’ Miniratna, with a single-location refining capacity of 15 million tons per annum. ONGC subsidiary HPCL is a Maharatna CPSE, and has the second largest share of product pipelines in India with a pipeline network of more than 3370 kms for transportation of petroleum products and a vast marketing network consisting of 14 Zonal offices and 133 Regional Offices.",16644,1956,Oil and Gas,10219,http://www.linkedin.com/company/oilandnaturalgascorporation,"Delhi, India","Exploration and Production, Energy, Gas, Oil, and Renewables",http://www.ongcindia.com/,,1/2025,false,https://media.licdn.com/dms/image/v2/D5603AQF1YHWZyvef4w/profile-displayphoto-shrink_100_100/profile-displayphoto-shrink_100_100/0/1727369969109?e=1788998400&v=beta&t=9dkonNDYCYiJWyYzHZGByB4SjEPe5DnkAIJkp47Tq5k,false,,1594,2026-08-25 00:00:00.000 +0530,,,,,,,,,,,,,,,,,1250,
pradeep mishra,pradeep,mishra,https://www.linkedin.com/in/pradeep-mishra-04a9446b,urn:li:member:250166074,pradeep-mishra-04a9446b,Dhanbad,Jharkhand,India,"Dhanbad, Jharkhand, India",Coal India Limited,Mining Manager,6-10yoe_global_indian,member_urn,Notice - This is not an official page of Coal India Limited. We are in the process of taking it down. Thanks,8112,1975,Mining,574498,https://in.linkedin.com/company/coal-india-limited,"Kolkata, West Bengal, India",,,,7/2018,false,https://media.licdn.com/dms/image/v2/C4E03AQHLyzo2HseqbA/profile-displayphoto-shrink_100_100/profile-displayphoto-shrink_100_100/0/1626282625481?e=1788998400&v=beta&t=qy1M2IZfl6qjGqf1uevHAWivmI5g41YgR9m1JVAM05Q,false,looking forward for better opportunities to enhance my skills and better utilisation,310,2026-08-25 00:00:00.000 +0530,,,,,,,,,,,,,,,,,86,
AASHU GUPTA,AASHU,GUPTA,https://www.linkedin.com/in/aashu-gupta-9068677b,urn:li:member:285796950,aashu-gupta-9068677b,Bihar,,India,"Bihar, India",Coal India Limited,Assistant Manager,6-10yoe_global_indian,member_urn,Notice - This is not an official page of Coal India Limited. We are in the process of taking it down. Thanks,8112,1975,Mining,574498,https://in.linkedin.com/company/coal-india-limited,"Kolkata, West Bengal, India",,,,11/2017,true,https://media.licdn.com/dms/image/v2/C5103AQFDEHmSauNWhQ/profile-displayphoto-shrink_100_100/profile-displayphoto-shrink_100_100/0/1536991391834?e=1788998400&v=beta&t=XfXRDpBOjVn2KoPP8ZMyk4Y3APReh8TTBGvNyfp4z-I,false,"Experienced Assistant Manager with a demonstrated history of working in the mining & metals industry. Skilled in Microsoft Excel, Customer Service, Microsoft Word, Public Speaking, and Microsoft Office. Strong professional with a Bachelor of Technology - BTech focused in environmental engineering from Indian Institute of Technology (Indian School of Mines), Dhanbad.",311,2026-08-25 00:00:00.000 +0530,,,,,,,,,,,,,,,,,86,
Kumar Samit,Kumar,Samit,https://www.linkedin.com/in/kumar-samit-a13348120,urn:li:member:502490031,kumar-samit-a13348120,Mumbai,Maharashtra,India,"Mumbai, Maharashtra, India",Oil and Natural Gas Corporation Ltd,Procurement Manager,10+yoe_indian,member_urn,"Maharatna ONGC is the largest producer of crude oil and natural gas in India, contributing around 70 per cent of Indian domestic production. The crude oil is the raw material used by downstream companies like IOC, BPCL, HPCL to produce petroleum products like Petrol, Diesel, Kerosene, Naphtha, Cooking Gas-LPG. ONGC is India’s Top Energy Company and ranks 14th among global energy majors (Platts). It is the only Indian company to figure in Fortune’s ‘Most Admired Energy Companies’ list. ONGC ranks 226th overall in Forbes Global 2000. Acclaimed for its Corporate Governance practices, Transparency International has ranked ONGC 26th among the biggest publicly traded global giants. It is most valued public enterprise in India, and one of the highest profit-making and dividend-paying. ONGC has a unique distinction of being a company with in-house service capabilities in all areas of Exploration and Production of oil & gas and related oil-field services. Winner of the Best Employer award, a dedicated team of over 25,000 professionals toil round the clock in challenging locations. ONGC is an integrated energy company with interests in upstream, midstream and downstream sector of the hydrocarbon value chain, renewables, LNG, Power generation, petrochemicals and Value Added Products. ONGC's wholly-owned subsidiary Navratna ONGC Videsh Limited (OVL) is the biggest Indian multinational in the energy space, participating in 32 oil and gas properties in 15 countries. ONGC's subsidiary Mangalore Refinery and Petrochemicals Limited (MRPL) is a Schedule ‘A’ Miniratna, with a single-location refining capacity of 15 million tons per annum. ONGC subsidiary HPCL is a Maharatna CPSE, and has the second largest share of product pipelines in India with a pipeline network of more than 3370 kms for transportation of petroleum products and a vast marketing network consisting of 14 Zonal offices and 133 Regional Offices.",16644,1956,Oil and Gas,10219,http://www.linkedin.com/company/oilandnaturalgascorporation,"Delhi, India","Exploration and Production, Energy, Gas, Oil, and Renewables",http://www.ongcindia.com/,"Results-driven Procurement Manager with experience in strategic sourcing, contract management, and vendor governance for critical Oil & Gas operations. Responsible for ensuring uninterrupted support services, regulatory compliance, and cost-effective procurement for surface operations at Ahmedabad Asset. Key Responsibilities: - Managed end-to-end procurement of Operations & Maintenance contracts for surface facilities and production support services. - Led sourcing and contracting of essential services required to sustain Oil & Gas production and meet statutory / compliance requirements. - Oversaw contract performance monitoring, SLA compliance, renewals, amendments, and risk mitigation. - Resolved post-contractual issues including claims, disputes, scope changes, and vendor coordination. - Managed vendor invoice processing, billing validation, and payment coordination for timely closure. - Conducted quarterly performance reviews with stakeholders and service providers to improve efficiency and service delivery. - Collaborated with cross-functional teams including Operations, Finance, SCM, Engineering, and HSE for procurement planning and execution.",5/2025,false,https://media.licdn.com/dms/image/v2/C4E03AQFXr3nXC3iFDw/profile-displayphoto-shrink_100_100/profile-displayphoto-shrink_100_100/0/1571035091117?e=1788998400&v=beta&t=yayaT0AXlrJbnpaKarxnLjpv9q0CgqnobGNQsYmU7EA,false,,1593,2026-08-25 00:00:00.000 +0530,,,,,,,,,,,,,,,,,1250,
Sai Manoj,Sai,Manoj,https://www.linkedin.com/in/sai-manoj-660284a2,urn:li:member:364961448,sai-manoj-660284a2,Kakinada,Andhra Pradesh,India,"Kakinada, Andhra Pradesh, India",Oil and Natural Gas Corporation Ltd,EE (Reservoir),10+yoe_indian,member_urn,"Maharatna ONGC is the largest producer of crude oil and natural gas in India, contributing around 70 per cent of Indian domestic production. The crude oil is the raw material used by downstream companies like IOC, BPCL, HPCL to produce petroleum products like Petrol, Diesel, Kerosene, Naphtha, Cooking Gas-LPG. ONGC is India’s Top Energy Company and ranks 14th among global energy majors (Platts). It is the only Indian company to figure in Fortune’s ‘Most Admired Energy Companies’ list. ONGC ranks 226th overall in Forbes Global 2000. Acclaimed for its Corporate Governance practices, Transparency International has ranked ONGC 26th among the biggest publicly traded global giants. It is most valued public enterprise in India, and one of the highest profit-making and dividend-paying. ONGC has a unique distinction of being a company with in-house service capabilities in all areas of Exploration and Production of oil & gas and related oil-field services. Winner of the Best Employer award, a dedicated team of over 25,000 professionals toil round the clock in challenging locations. ONGC is an integrated energy company with interests in upstream, midstream and downstream sector of the hydrocarbon value chain, renewables, LNG, Power generation, petrochemicals and Value Added Products. ONGC's wholly-owned subsidiary Navratna ONGC Videsh Limited (OVL) is the biggest Indian multinational in the energy space, participating in 32 oil and gas properties in 15 countries. ONGC's subsidiary Mangalore Refinery and Petrochemicals Limited (MRPL) is a Schedule ‘A’ Miniratna, with a single-location refining capacity of 15 million tons per annum. ONGC subsidiary HPCL is a Maharatna CPSE, and has the second largest share of product pipelines in India with a pipeline network of more than 3370 kms for transportation of petroleum products and a vast marketing network consisting of 14 Zonal offices and 133 Regional Offices.",16644,1956,Oil and Gas,10219,http://www.linkedin.com/company/oilandnaturalgascorporation,"Delhi, India","Exploration and Production, Energy, Gas, Oil, and Renewables",http://www.ongcindia.com/,"From 2019 at EOA Kakinada, I'm involved in the Development group focusing on Reservoir performance & optimization, Project development activities, Well Testing & Interpretation..",1/2022,false,https://media.licdn.com/dms/image/v2/D5603AQF6G_xMPaChRA/profile-displayphoto-scale_100_100/B56Zm9abWRI8Ag-/0/1759819448911?e=1788998400&v=beta&t=S8mXVt1pZ7yVbI3XwUgSLDMoiG-LnTC06-27kB-GY8w,false,"Petroleum Engineer from IIT(ISM) Dhanbad with a work experience of 5 years. Worked in Onshore & Offshore Projects and got expertise in Data Acquisition, Interpretation, Project Development. Currently working on Field development projects using Dynamic reservoir models and DSF programme launched by GoI to monetize marginal discoveries.",1116,2026-08-25 00:00:00.000 +0530,,,,,,,,,,,,,,,,,1250,
Pavan Aggarwal,Pavan,Aggarwal,https://www.linkedin.com/in/pavan-aggarwal-7b599a15,urn:li:member:53206265,pavan-aggarwal-7b599a15,Delhi,,India,"Delhi, India",Oil and Natural Gas Corporation Ltd,Chief Corporate Planning,10+yoe_indian,member_urn,"Maharatna ONGC is the largest producer of crude oil and natural gas in India, contributing around 70 per cent of Indian domestic production. The crude oil is the raw material used by downstream companies like IOC, BPCL, HPCL to produce petroleum products like Petrol, Diesel, Kerosene, Naphtha, Cooking Gas-LPG. ONGC is India’s Top Energy Company and ranks 14th among global energy majors (Platts). It is the only Indian company to figure in Fortune’s ‘Most Admired Energy Companies’ list. ONGC ranks 226th overall in Forbes Global 2000. Acclaimed for its Corporate Governance practices, Transparency International has ranked ONGC 26th among the biggest publicly traded global giants. It is most valued public enterprise in India, and one of the highest profit-making and dividend-paying. ONGC has a unique distinction of being a company with in-house service capabilities in all areas of Exploration and Production of oil & gas and related oil-field services. Winner of the Best Employer award, a dedicated team of over 25,000 professionals toil round the clock in challenging locations. ONGC is an integrated energy company with interests in upstream, midstream and downstream sector of the hydrocarbon value chain, renewables, LNG, Power generation, petrochemicals and Value Added Products. ONGC's wholly-owned subsidiary Navratna ONGC Videsh Limited (OVL) is the biggest Indian multinational in the energy space, participating in 32 oil and gas properties in 15 countries. ONGC's subsidiary Mangalore Refinery and Petrochemicals Limited (MRPL) is a Schedule ‘A’ Miniratna, with a single-location refining capacity of 15 million tons per annum. ONGC subsidiary HPCL is a Maharatna CPSE, and has the second largest share of product pipelines in India with a pipeline network of more than 3370 kms for transportation of petroleum products and a vast marketing network consisting of 14 Zonal offices and 133 Regional Offices.",16644,1956,Oil and Gas,10219,http://www.linkedin.com/company/oilandnaturalgascorporation,"Delhi, India","Exploration and Production, Energy, Gas, Oil, and Renewables",http://www.ongcindia.com/,,7/2022,false,https://media.licdn.com/dms/image/v2/C4D03AQET1dvXByljdQ/profile-displayphoto-shrink_100_100/profile-displayphoto-shrink_100_100/0/1516573173019?e=1788998400&v=beta&t=gQDt11iXTeG7Nx0AhSa0ijWI6eNjK4dzMYFdoDYypF8,false,,779,2026-08-25 00:00:00.000 +0530,,,,,,,,,,,,,,,,,1250,
Bikram Keshari Mangaraj,Bikram Keshari,Mangaraj,https://www.linkedin.com/in/bikram-keshari-mangaraj-350058aa,urn:li:member:388295916,bikram-keshari-mangaraj-350058aa,Mumbai,Maharashtra,India,"Mumbai, Maharashtra, India",Oil and Natural Gas Corporation Ltd,Group General Manager,6-10yoe_global_indian,member_urn,"Maharatna ONGC is the largest producer of crude oil and natural gas in India, contributing around 70 per cent of Indian domestic production. The crude oil is the raw material used by downstream companies like IOC, BPCL, HPCL to produce petroleum products like Petrol, Diesel, Kerosene, Naphtha, Cooking Gas-LPG. ONGC is India’s Top Energy Company and ranks 14th among global energy majors (Platts). It is the only Indian company to figure in Fortune’s ‘Most Admired Energy Companies’ list. ONGC ranks 226th overall in Forbes Global 2000. Acclaimed for its Corporate Governance practices, Transparency International has ranked ONGC 26th among the biggest publicly traded global giants. It is most valued public enterprise in India, and one of the highest profit-making and dividend-paying. ONGC has a unique distinction of being a company with in-house service capabilities in all areas of Exploration and Production of oil & gas and related oil-field services. Winner of the Best Employer award, a dedicated team of over 25,000 professionals toil round the clock in challenging locations. ONGC is an integrated energy company with interests in upstream, midstream and downstream sector of the hydrocarbon value chain, renewables, LNG, Power generation, petrochemicals and Value Added Products. ONGC's wholly-owned subsidiary Navratna ONGC Videsh Limited (OVL) is the biggest Indian multinational in the energy space, participating in 32 oil and gas properties in 15 countries. ONGC's subsidiary Mangalore Refinery and Petrochemicals Limited (MRPL) is a Schedule ‘A’ Miniratna, with a single-location refining capacity of 15 million tons per annum. ONGC subsidiary HPCL is a Maharatna CPSE, and has the second largest share of product pipelines in India with a pipeline network of more than 3370 kms for transportation of petroleum products and a vast marketing network consisting of 14 Zonal offices and 133 Regional Offices.",16644,1956,Oil and Gas,10219,http://www.linkedin.com/company/oilandnaturalgascorporation,"Delhi, India","Exploration and Production, Energy, Gas, Oil, and Renewables",http://www.ongcindia.com/,,1/2021,false,https://media.licdn.com/dms/image/v2/C5603AQHSgbO-fuaoQQ/profile-displayphoto-shrink_100_100/profile-displayphoto-shrink_100_100/0/1636911151270?e=1788998400&v=beta&t=O7fnxb6rr05jpDgBLcXxOo_KAghWQFZLuxI1a94tfmA,false,,2658,2026-08-25 00:00:00.000 +0530,,,,,,,,,,,,,,,,,1250,
Anshul Jha,Anshul,Jha,https://www.linkedin.com/in/anshul-jha-b91477139,urn:li:member:565505245,anshul-jha-b91477139,Mahesana,Gujarat,India,"Mahesana, Gujarat, India",Oil and Natural Gas Corporation Ltd,Assistant Executive Engineer - Production,founders,member_urn,"Maharatna ONGC is the largest producer of crude oil and natural gas in India, contributing around 70 per cent of Indian domestic production. The crude oil is the raw material used by downstream companies like IOC, BPCL, HPCL to produce petroleum products like Petrol, Diesel, Kerosene, Naphtha, Cooking Gas-LPG. ONGC is India’s Top Energy Company and ranks 14th among global energy majors (Platts). It is the only Indian company to figure in Fortune’s ‘Most Admired Energy Companies’ list. ONGC ranks 226th overall in Forbes Global 2000. Acclaimed for its Corporate Governance practices, Transparency International has ranked ONGC 26th among the biggest publicly traded global giants. It is most valued public enterprise in India, and one of the highest profit-making and dividend-paying. ONGC has a unique distinction of being a company with in-house service capabilities in all areas of Exploration and Production of oil & gas and related oil-field services. Winner of the Best Employer award, a dedicated team of over 25,000 professionals toil round the clock in challenging locations. ONGC is an integrated energy company with interests in upstream, midstream and downstream sector of the hydrocarbon value chain, renewables, LNG, Power generation, petrochemicals and Value Added Products. ONGC's wholly-owned subsidiary Navratna ONGC Videsh Limited (OVL) is the biggest Indian multinational in the energy space, participating in 32 oil and gas properties in 15 countries. ONGC's subsidiary Mangalore Refinery and Petrochemicals Limited (MRPL) is a Schedule ‘A’ Miniratna, with a single-location refining capacity of 15 million tons per annum. ONGC subsidiary HPCL is a Maharatna CPSE, and has the second largest share of product pipelines in India with a pipeline network of more than 3370 kms for transportation of petroleum products and a vast marketing network consisting of 14 Zonal offices and 133 Regional Offices.",16644,1956,Oil and Gas,10219,http://www.linkedin.com/company/oilandnaturalgascorporation,"Delhi, India","Exploration and Production, Energy, Gas, Oil, and Renewables",http://www.ongcindia.com/,"Supervised workover operations as a Driller on Automated Hydraulic Workover Rigs, overseeing Artificial Lift servicing, Stimulation, Zone Transfer jobs, and Fishing operations.",9/2022,false,,false,"Petroleum Engineer turning data into decisions at India's largest E&P company. At ONGC - Mehsana Asset, I wear two hats: coordinating workover operations at Automated Hydraulic Workover Rigs, and driving AI adoption as Location Agnostic for the Digitalization for Organizational Transformation (DOT) team. From building MCP-based reservoir engineering toolkits and agentic RAG systems for engineering workflows to developing smart predictive maintenance software for rigs . I'm passionate about bridging petroleum engineering with cutting-edge AI. M.Tech from IIT(ISM) Dhanbad | B.Tech from UPES | IWCF Certified | All India Rank 16, GATE 2020 Always open to conversations about AI in energy, digital oilfields, and the future of upstream operations.",3177,2026-08-25 00:00:00.000 +0530,,,,,,,,,,,,,,,,,1250,
Samudra Sonowal,Samudra,Sonowal,https://www.linkedin.com/in/samudra-sonowal-4161b071,urn:li:member:254286162,samudra-sonowal-4161b071,New Delhi,Delhi,India,"New Delhi, Delhi, India",Oil and Natural Gas Corporation Ltd,Reservoir Manager,founders,member_urn,"Maharatna ONGC is the largest producer of crude oil and natural gas in India, contributing around 70 per cent of Indian domestic production. The crude oil is the raw material used by downstream companies like IOC, BPCL, HPCL to produce petroleum products like Petrol, Diesel, Kerosene, Naphtha, Cooking Gas-LPG. ONGC is India’s Top Energy Company and ranks 14th among global energy majors (Platts). It is the only Indian company to figure in Fortune’s ‘Most Admired Energy Companies’ list. ONGC ranks 226th overall in Forbes Global 2000. Acclaimed for its Corporate Governance practices, Transparency International has ranked ONGC 26th among the biggest publicly traded global giants. It is most valued public enterprise in India, and one of the highest profit-making and dividend-paying. ONGC has a unique distinction of being a company with in-house service capabilities in all areas of Exploration and Production of oil & gas and related oil-field services. Winner of the Best Employer award, a dedicated team of over 25,000 professionals toil round the clock in challenging locations. ONGC is an integrated energy company with interests in upstream, midstream and downstream sector of the hydrocarbon value chain, renewables, LNG, Power generation, petrochemicals and Value Added Products. ONGC's wholly-owned subsidiary Navratna ONGC Videsh Limited (OVL) is the biggest Indian multinational in the energy space, participating in 32 oil and gas properties in 15 countries. ONGC's subsidiary Mangalore Refinery and Petrochemicals Limited (MRPL) is a Schedule ‘A’ Miniratna, with a single-location refining capacity of 15 million tons per annum. ONGC subsidiary HPCL is a Maharatna CPSE, and has the second largest share of product pipelines in India with a pipeline network of more than 3370 kms for transportation of petroleum products and a vast marketing network consisting of 14 Zonal offices and 133 Regional Offices.",16644,1956,Oil and Gas,10219,http://www.linkedin.com/company/oilandnaturalgascorporation,"Delhi, India","Exploration and Production, Energy, Gas, Oil, and Renewables",http://www.ongcindia.com/,,6/2025,false,,false,"- Oil and Gas Professional with 10+ years of experience in working across Operated, Joint Operated and Non Operated Ventures. Well versed with operations under Production Sharing Agreements, Concession Agreements. - A Generalist and ""utility"" O&G professional experienced and skilled in integrating business decisions with experience, skills and knowledge of petroleum engineering, field development, project management, petroleum economics, portfolio management, O&G contracts.etc. - Recipient of ""Young Executive of the Year Award 2019"" of ONGC Videsh Ltd. - Recipient of ""Best Performing Asset of ONGC Videsh for the year 2018-19"" as Project Coordinator of Lower Zakum Concession, Abu Dhabi - Recipient of ""Best Performing Asset of ONGC Videsh for the year 2022-23"" for GPOC Project in South Sudan as Deputy Development Manager. - Recipient of special ""Commendation Certificate"" from MD & CEO, ONGC Videsh for leading the first ever infill drilling campaign of GPOC in the history of South Sudan. The campaign augmented more than 16% to the base production of GPOC in the very first year despite several challenges of flood, logistics, power trips resulting in substantial unplanned deferment",3179,2026-08-25 00:00:00.000 +0530,,,,,,,,,,,,,,,,,1250,
AKUL SINGH,AKUL,SINGH,https://www.linkedin.com/in/akulsingh1407,urn:li:member:1093774637,akulsingh1407,Dehradun,Uttarakhand,India,"Dehradun, Uttarakhand, India",Oil and Natural Gas Corporation Ltd,"Senior Electrical Engineer – Facilities & Power Systems (Superintending Engineer, ONGC)",founders,member_urn,"Maharatna ONGC is the largest producer of crude oil and natural gas in India, contributing around 70 per cent of Indian domestic production. The crude oil is the raw material used by downstream companies like IOC, BPCL, HPCL to produce petroleum products like Petrol, Diesel, Kerosene, Naphtha, Cooking Gas-LPG. ONGC is India’s Top Energy Company and ranks 14th among global energy majors (Platts). It is the only Indian company to figure in Fortune’s ‘Most Admired Energy Companies’ list. ONGC ranks 226th overall in Forbes Global 2000. Acclaimed for its Corporate Governance practices, Transparency International has ranked ONGC 26th among the biggest publicly traded global giants. It is most valued public enterprise in India, and one of the highest profit-making and dividend-paying. ONGC has a unique distinction of being a company with in-house service capabilities in all areas of Exploration and Production of oil & gas and related oil-field services. Winner of the Best Employer award, a dedicated team of over 25,000 professionals toil round the clock in challenging locations. ONGC is an integrated energy company with interests in upstream, midstream and downstream sector of the hydrocarbon value chain, renewables, LNG, Power generation, petrochemicals and Value Added Products. ONGC's wholly-owned subsidiary Navratna ONGC Videsh Limited (OVL) is the biggest Indian multinational in the energy space, participating in 32 oil and gas properties in 15 countries. ONGC's subsidiary Mangalore Refinery and Petrochemicals Limited (MRPL) is a Schedule ‘A’ Miniratna, with a single-location refining capacity of 15 million tons per annum. ONGC subsidiary HPCL is a Maharatna CPSE, and has the second largest share of product pipelines in India with a pipeline network of more than 3370 kms for transportation of petroleum products and a vast marketing network consisting of 14 Zonal offices and 133 Regional Offices.",16644,1956,Oil and Gas,10219,http://www.linkedin.com/company/oilandnaturalgascorporation,"Delhi, India","Exploration and Production, Energy, Gas, Oil, and Renewables",http://www.ongcindia.com/,"Achieved zero non-compliance in facility audits by establishing and strictly enforcing structured asset management and HSE protocols across R&D and operational facilities. Spearheaded the successful implementation of SAP PM and MM modules, drastically improving enterprise asset visibility and optimizing preventive/predictive maintenance schedules. Engineered and executed a 30 kW rooftop solar PV green energy project, successfully reducing annual utility OPEX by approximately INR 10 Lakhs. Directed end-to-end electrical infrastructure operations, managing 11 KV substations, HT/LT switchboards, and complex transformer networks (11KV/415V, 600V/440V, 440V/110V). Executed Reliability-Centered Maintenance (RCM) and Root Cause Analysis (RCA) initiatives to systematically eliminate critical infrastructure failures and improve system uptime. Optimized procurement lifecycles and contract management with global OEMs and vendors, driving cost-effectiveness in maintenance operations and system upgrades. Championed continuous technical skill building by prototyping autonomous AI agents and automated web-scraping workflows, leveraging advanced LLMs (Claude, OpenAI, Gemini) to optimize engineering data analysis and operational reporting.",5/2025,false,,false,"Chief Electrician / Electrical Superintendent — 11+ years in upstream Oil & Gas, including 9 years as lead electrical officer aboard a Mobile Offshore Drilling Unit (Drillship) in Zone 0/1/2 hazardous areas, followed by a shore-side promotion into facilities electrical leadership, enterprise asset management, and OEM contract & procurement strategy.Currently Superintending Engineer (Electrical) at ONGC's Institute of Drilling and Well Engineering, leading 11kV/415V substation infrastructure, HT/LT switchboards, and PLC-based control architectures across R&D and operational facilities. Track record built on HV/MV power systems, PLC/SCR/TDS/VFD systems, Reliability-Centered Maintenance (RCM), Root Cause Analysis (RCA), and SAP PM/MM.Key Highlights: Sustained zero electrical incidents across a 9-year offshore tenure aboard MODU ""Sagar Vijay"" (Drillship), operating in Zone 1 & Zone 2 hazardous areas Won ONGC's ""Best Maintained Rig"" award (2019) after cutting equipment downtime by up to 50% Delivered 3 multi-million-dollar dry dock turnarounds — Kakinada (2016), Cochin (2019, 2021) Led a 21-member multidisciplinary electrical/instrumentation team (14 officers, 7 crew) Engineered a 30kW rooftop solar PV project, cutting annual utility OPEX by ~INR 10 lakh Coordinated with international OEMs — ABB, GE, NOV, Terasaki, Daihatsu, Cathelco, Baylor, Elgi Sauer, SchneiderCore Competencies: Offshore & Onshore Electrical Operations | Power Generation & Distribution (11kV/415V) | PLC & Rig Control Systems (GE RX3i, Schneider, Siemens) | Top Drive (TDS) & SCR/VFD Systems | Hazardous Area Compliance (Zone 0/1/2) | RCM/RCA | SAP PM/MM | Dry Dock & Turnaround Project Management | OEM/Vendor CoordinationLanguages: English (Fluent) | Hindi (Native) | Arabic (Basic, building proficiency)Open to Chief Electrician, Senior Rig Electrician, or Electrical Superintendent roles with a national oil corporation across the GCC. Visa sponsorship welcome. 30-day notice period.Also building AI-driven engineering workflow and automation tools on the side — happy to discuss for teams modernizing maintenance and reporting processes.",3181,2026-08-25 00:00:00.000 +0530,,,,,,,,,,,,,,,,,1250,
Rahul D'Cruz,Rahul,D'Cruz,https://www.linkedin.com/in/rahuldcruz,urn:li:member:367461686,rahuldcruz,Chandigarh,Chandigarh,India,"Chandigarh, Chandigarh, India",Oil and Natural Gas Corporation Ltd,AEE (P),6-10yoe_global_indian,member_urn,"Maharatna ONGC is the largest producer of crude oil and natural gas in India, contributing around 70 per cent of Indian domestic production. The crude oil is the raw material used by downstream companies like IOC, BPCL, HPCL to produce petroleum products like Petrol, Diesel, Kerosene, Naphtha, Cooking Gas-LPG. ONGC is India’s Top Energy Company and ranks 14th among global energy majors (Platts). It is the only Indian company to figure in Fortune’s ‘Most Admired Energy Companies’ list. ONGC ranks 226th overall in Forbes Global 2000. Acclaimed for its Corporate Governance practices, Transparency International has ranked ONGC 26th among the biggest publicly traded global giants. It is most valued public enterprise in India, and one of the highest profit-making and dividend-paying. ONGC has a unique distinction of being a company with in-house service capabilities in all areas of Exploration and Production of oil & gas and related oil-field services. Winner of the Best Employer award, a dedicated team of over 25,000 professionals toil round the clock in challenging locations. ONGC is an integrated energy company with interests in upstream, midstream and downstream sector of the hydrocarbon value chain, renewables, LNG, Power generation, petrochemicals and Value Added Products. ONGC's wholly-owned subsidiary Navratna ONGC Videsh Limited (OVL) is the biggest Indian multinational in the energy space, participating in 32 oil and gas properties in 15 countries. ONGC's subsidiary Mangalore Refinery and Petrochemicals Limited (MRPL) is a Schedule ‘A’ Miniratna, with a single-location refining capacity of 15 million tons per annum. ONGC subsidiary HPCL is a Maharatna CPSE, and has the second largest share of product pipelines in India with a pipeline network of more than 3370 kms for transportation of petroleum products and a vast marketing network consisting of 14 Zonal offices and 133 Regional Offices.",16644,1956,Oil and Gas,10219,http://www.linkedin.com/company/oilandnaturalgascorporation,"Delhi, India","Exploration and Production, Energy, Gas, Oil, and Renewables",http://www.ongcindia.com/,,7/2017,false,https://media.licdn.com/dms/image/v2/C4E03AQE1D9crqULdMw/profile-displayphoto-shrink_100_100/profile-displayphoto-shrink_100_100/0/1618397622892?e=1788998400&v=beta&t=pEl-uuaoSZsoGd8sqUrSgY3wTdQLMk0dV4H8p-_bJww,false,"A very cheerful person, with the fire to learn. Hard working and Patient. Easy to get along a fun to work with. Part Perfectionist, Goal Oriented and Ambitious",242,2026-08-25 00:00:00.000 +0530,,,,,,,,,,,,,,,,,1250,
Milankumar Lathiya,Milankumar,Lathiya,https://www.linkedin.com/in/milankumar-lathiya-15950612a,urn:li:member:532759893,milankumar-lathiya-15950612a,Surat,Gujarat,India,"Surat, Gujarat, India",Oil and Natural Gas Corporation Ltd,Assistant Executive Engineer,founders,member_urn,"Maharatna ONGC is the largest producer of crude oil and natural gas in India, contributing around 70 per cent of Indian domestic production. The crude oil is the raw material used by downstream companies like IOC, BPCL, HPCL to produce petroleum products like Petrol, Diesel, Kerosene, Naphtha, Cooking Gas-LPG. ONGC is India’s Top Energy Company and ranks 14th among global energy majors (Platts). It is the only Indian company to figure in Fortune’s ‘Most Admired Energy Companies’ list. ONGC ranks 226th overall in Forbes Global 2000. Acclaimed for its Corporate Governance practices, Transparency International has ranked ONGC 26th among the biggest publicly traded global giants. It is most valued public enterprise in India, and one of the highest profit-making and dividend-paying. ONGC has a unique distinction of being a company with in-house service capabilities in all areas of Exploration and Production of oil & gas and related oil-field services. Winner of the Best Employer award, a dedicated team of over 25,000 professionals toil round the clock in challenging locations. ONGC is an integrated energy company with interests in upstream, midstream and downstream sector of the hydrocarbon value chain, renewables, LNG, Power generation, petrochemicals and Value Added Products. ONGC's wholly-owned subsidiary Navratna ONGC Videsh Limited (OVL) is the biggest Indian multinational in the energy space, participating in 32 oil and gas properties in 15 countries. ONGC's subsidiary Mangalore Refinery and Petrochemicals Limited (MRPL) is a Schedule ‘A’ Miniratna, with a single-location refining capacity of 15 million tons per annum. ONGC subsidiary HPCL is a Maharatna CPSE, and has the second largest share of product pipelines in India with a pipeline network of more than 3370 kms for transportation of petroleum products and a vast marketing network consisting of 14 Zonal offices and 133 Regional Offices.",16644,1956,Oil and Gas,10219,http://www.linkedin.com/company/oilandnaturalgascorporation,"Delhi, India","Exploration and Production, Energy, Gas, Oil, and Renewables",http://www.ongcindia.com/,,6/2023,false,,false,,3584,2026-08-25 00:00:00.000 +0530,,,,,,,,,,,,,,,,,1250,
Aparna,Aparna,,https://www.linkedin.com/in/aparna-b2b43b149,urn:li:member:601260947,aparna-b2b43b149,,,Dhanbad-Ranchi Area,Dhanbad-Ranchi Area,Oil and Natural Gas Corporation Ltd,Executive Engineer,6-10yoe_global_indian,member_urn,"Maharatna ONGC is the largest producer of crude oil and natural gas in India, contributing around 70 per cent of Indian domestic production. The crude oil is the raw material used by downstream companies like IOC, BPCL, HPCL to produce petroleum products like Petrol, Diesel, Kerosene, Naphtha, Cooking Gas-LPG. ONGC is India’s Top Energy Company and ranks 14th among global energy majors (Platts). It is the only Indian company to figure in Fortune’s ‘Most Admired Energy Companies’ list. ONGC ranks 226th overall in Forbes Global 2000. Acclaimed for its Corporate Governance practices, Transparency International has ranked ONGC 26th among the biggest publicly traded global giants. It is most valued public enterprise in India, and one of the highest profit-making and dividend-paying. ONGC has a unique distinction of being a company with in-house service capabilities in all areas of Exploration and Production of oil & gas and related oil-field services. Winner of the Best Employer award, a dedicated team of over 25,000 professionals toil round the clock in challenging locations. ONGC is an integrated energy company with interests in upstream, midstream and downstream sector of the hydrocarbon value chain, renewables, LNG, Power generation, petrochemicals and Value Added Products. ONGC's wholly-owned subsidiary Navratna ONGC Videsh Limited (OVL) is the biggest Indian multinational in the energy space, participating in 32 oil and gas properties in 15 countries. ONGC's subsidiary Mangalore Refinery and Petrochemicals Limited (MRPL) is a Schedule ‘A’ Miniratna, with a single-location refining capacity of 15 million tons per annum. ONGC subsidiary HPCL is a Maharatna CPSE, and has the second largest share of product pipelines in India with a pipeline network of more than 3370 kms for transportation of petroleum products and a vast marketing network consisting of 14 Zonal offices and 133 Regional Offices.",16644,1956,Oil and Gas,10219,http://www.linkedin.com/company/oilandnaturalgascorporation,"Delhi, India","Exploration and Production, Energy, Gas, Oil, and Renewables",http://www.ongcindia.com/,,4/2025,false,,false,,3691,2026-08-25 00:00:00.000 +0530,,,,,,,,,,,,,,,,,1250,
Arun Sahu,Arun,Sahu,https://www.linkedin.com/in/arun-sahu-488a818,urn:li:member:26544488,arun-sahu-488a818,Bharuch,Gujarat,India,"Bharuch, Gujarat, India",Oil and Natural Gas Corporation Ltd,Chief Manager,founders,member_urn,"Maharatna ONGC is the largest producer of crude oil and natural gas in India, contributing around 70 per cent of Indian domestic production. The crude oil is the raw material used by downstream companies like IOC, BPCL, HPCL to produce petroleum products like Petrol, Diesel, Kerosene, Naphtha, Cooking Gas-LPG. ONGC is India’s Top Energy Company and ranks 14th among global energy majors (Platts). It is the only Indian company to figure in Fortune’s ‘Most Admired Energy Companies’ list. ONGC ranks 226th overall in Forbes Global 2000. Acclaimed for its Corporate Governance practices, Transparency International has ranked ONGC 26th among the biggest publicly traded global giants. It is most valued public enterprise in India, and one of the highest profit-making and dividend-paying. ONGC has a unique distinction of being a company with in-house service capabilities in all areas of Exploration and Production of oil & gas and related oil-field services. Winner of the Best Employer award, a dedicated team of over 25,000 professionals toil round the clock in challenging locations. ONGC is an integrated energy company with interests in upstream, midstream and downstream sector of the hydrocarbon value chain, renewables, LNG, Power generation, petrochemicals and Value Added Products. ONGC's wholly-owned subsidiary Navratna ONGC Videsh Limited (OVL) is the biggest Indian multinational in the energy space, participating in 32 oil and gas properties in 15 countries. ONGC's subsidiary Mangalore Refinery and Petrochemicals Limited (MRPL) is a Schedule ‘A’ Miniratna, with a single-location refining capacity of 15 million tons per annum. ONGC subsidiary HPCL is a Maharatna CPSE, and has the second largest share of product pipelines in India with a pipeline network of more than 3370 kms for transportation of petroleum products and a vast marketing network consisting of 14 Zonal offices and 133 Regional Offices.",16644,1956,Oil and Gas,10219,http://www.linkedin.com/company/oilandnaturalgascorporation,"Delhi, India","Exploration and Production, Energy, Gas, Oil, and Renewables",http://www.ongcindia.com/,,1/2016,false,,false,,3583,2026-08-25 00:00:00.000 +0530,,,,,,,,,,,,,,,,,1250,
Aritra Roy,Aritra,Roy,https://www.linkedin.com/in/aritraroype,urn:li:member:761995844,aritraroype,Karaikal,Puducherry,India,"Karaikal, Puducherry, India",Oil and Natural Gas Corporation Ltd,AEE (Reservoir),6-10yoe_global_indian,member_urn,"Maharatna ONGC is the largest producer of crude oil and natural gas in India, contributing around 70 per cent of Indian domestic production. The crude oil is the raw material used by downstream companies like IOC, BPCL, HPCL to produce petroleum products like Petrol, Diesel, Kerosene, Naphtha, Cooking Gas-LPG. ONGC is India’s Top Energy Company and ranks 14th among global energy majors (Platts). It is the only Indian company to figure in Fortune’s ‘Most Admired Energy Companies’ list. ONGC ranks 226th overall in Forbes Global 2000. Acclaimed for its Corporate Governance practices, Transparency International has ranked ONGC 26th among the biggest publicly traded global giants. It is most valued public enterprise in India, and one of the highest profit-making and dividend-paying. ONGC has a unique distinction of being a company with in-house service capabilities in all areas of Exploration and Production of oil & gas and related oil-field services. Winner of the Best Employer award, a dedicated team of over 25,000 professionals toil round the clock in challenging locations. ONGC is an integrated energy company with interests in upstream, midstream and downstream sector of the hydrocarbon value chain, renewables, LNG, Power generation, petrochemicals and Value Added Products. ONGC's wholly-owned subsidiary Navratna ONGC Videsh Limited (OVL) is the biggest Indian multinational in the energy space, participating in 32 oil and gas properties in 15 countries. ONGC's subsidiary Mangalore Refinery and Petrochemicals Limited (MRPL) is a Schedule ‘A’ Miniratna, with a single-location refining capacity of 15 million tons per annum. ONGC subsidiary HPCL is a Maharatna CPSE, and has the second largest share of product pipelines in India with a pipeline network of more than 3370 kms for transportation of petroleum products and a vast marketing network consisting of 14 Zonal offices and 133 Regional Offices.",16644,1956,Oil and Gas,10219,http://www.linkedin.com/company/oilandnaturalgascorporation,"Delhi, India","Exploration and Production, Energy, Gas, Oil, and Renewables",http://www.ongcindia.com/,,6/2025,false,https://media.licdn.com/dms/image/v2/C4D03AQFUjMwH1hH0ew/profile-displayphoto-shrink_100_100/profile-displayphoto-shrink_100_100/0/1609691607323?e=1788998400&v=beta&t=FsYWGZwCqn93V6qFWJywRiypDp2VLWP_fGezUOYm5ZI,false,"Hello readers!! I am currently working as an Assistant Executive Engineer (Reservoir) at ONGC, Cauvery Asset, Karaikal, Puducherry. I graduated with Bachelor of Technology in Petroleum Engineering from IIT (ISM) Dhanbad in 2021. Highly active in club activities of the college, I have held PoR's in three different clubs/societies of IIT (ISM). I have also had the pleasure of working at SPE IIT (ISM), Dhanbad Chapter as it Chapter Officer (2019-20) and Secretary (2020-21). I have also played significant roles in organizing of some major college fests, namely, Concetto'18 (Techno-Management Fest), Basant'19 (Alumni Fest/Meet) and Srijan'19 (Socio-Cultural Fest) and Srijan'20. My interests linger around the areas of Reservoir Engineering, Data Analytics, Content Development and Management, Cricket, Traveling and trending Technologies.. Being a wanderer at heart, I have been on a summer internship program to Poznan, Poland in 2018 through AIESEC.",241,2026-08-25 00:00:00.000 +0530,,,,,,,,,,,,,,,,,1250,
Utkarsh Gupta,Utkarsh,Gupta,https://www.linkedin.com/in/utkarsh-gupta-709357a0,urn:li:member:359181369,utkarsh-gupta-709357a0,Mumbai,Maharashtra,India,"Mumbai, Maharashtra, India",Oil and Natural Gas Corporation Ltd,"Company Man, Key Singapore (Jack up Rig)",6-10yoe_global_indian,member_urn,"Maharatna ONGC is the largest producer of crude oil and natural gas in India, contributing around 70 per cent of Indian domestic production. The crude oil is the raw material used by downstream companies like IOC, BPCL, HPCL to produce petroleum products like Petrol, Diesel, Kerosene, Naphtha, Cooking Gas-LPG. ONGC is India’s Top Energy Company and ranks 14th among global energy majors (Platts). It is the only Indian company to figure in Fortune’s ‘Most Admired Energy Companies’ list. ONGC ranks 226th overall in Forbes Global 2000. Acclaimed for its Corporate Governance practices, Transparency International has ranked ONGC 26th among the biggest publicly traded global giants. It is most valued public enterprise in India, and one of the highest profit-making and dividend-paying. ONGC has a unique distinction of being a company with in-house service capabilities in all areas of Exploration and Production of oil & gas and related oil-field services. Winner of the Best Employer award, a dedicated team of over 25,000 professionals toil round the clock in challenging locations. ONGC is an integrated energy company with interests in upstream, midstream and downstream sector of the hydrocarbon value chain, renewables, LNG, Power generation, petrochemicals and Value Added Products. ONGC's wholly-owned subsidiary Navratna ONGC Videsh Limited (OVL) is the biggest Indian multinational in the energy space, participating in 32 oil and gas properties in 15 countries. ONGC's subsidiary Mangalore Refinery and Petrochemicals Limited (MRPL) is a Schedule ‘A’ Miniratna, with a single-location refining capacity of 15 million tons per annum. ONGC subsidiary HPCL is a Maharatna CPSE, and has the second largest share of product pipelines in India with a pipeline network of more than 3370 kms for transportation of petroleum products and a vast marketing network consisting of 14 Zonal offices and 133 Regional Offices.",16644,1956,Oil and Gas,10219,http://www.linkedin.com/company/oilandnaturalgascorporation,"Delhi, India","Exploration and Production, Energy, Gas, Oil, and Renewables",http://www.ongcindia.com/,"Supervising offshore drilling and well intervention operations on MLT 116C type Jack up Rig, assuring contract enforcement and regulatory compliance. Improved well deliverability from 6 to 9 wells YoY basis.",6/2024,false,https://media.licdn.com/dms/image/v2/C5103AQGWAbuIfDV82g/profile-displayphoto-shrink_100_100/profile-displayphoto-shrink_100_100/0/1585995427897?e=1788998400&v=beta&t=HTm1FC2vREE_fssK6YV7nf5ugbp7-63PRVhOYQZ7iBo,false,"9 years. One NOC. Every phase of the well — from spud to plug.Specialized in directional, ERD, and HPHT well construction, offshore jack-up and well intervention programs. Comfortable taking wells from program design through real-time supervision to safe decommissioning — a breadth of exposure that few supervisors bring to the table.Known for applying data-driven approaches to performance improvement — using drilling metrics, KPI tracking, and lessons-learned loops to reduce NPT, protect AFE, and continuously raise the bar on operational efficiency.Beyond the rig floor, a committed SPE Regional Service Award winner and active volunteer — believing that giving back to the next generation of energy professionals is as important as delivering wells.Always open to conversations with operators working complex offshore programs — particularly around workover, well intervention, and abandonment.",240,2026-08-25 00:00:00.000 +0530,,,,,,,,,,,,,,,,,1250,
Tapobrato Rana,Tapobrato,Rana,https://www.linkedin.com/in/tapobrato-rana-5b95944,urn:li:member:13382493,tapobrato-rana-5b95944,New Delhi,Delhi,India,"New Delhi, Delhi, India",Oil and Natural Gas Corporation Ltd,Chief General Manager,10+yoe_indian,member_urn,"Maharatna ONGC is the largest producer of crude oil and natural gas in India, contributing around 70 per cent of Indian domestic production. The crude oil is the raw material used by downstream companies like IOC, BPCL, HPCL to produce petroleum products like Petrol, Diesel, Kerosene, Naphtha, Cooking Gas-LPG. ONGC is India’s Top Energy Company and ranks 14th among global energy majors (Platts). It is the only Indian company to figure in Fortune’s ‘Most Admired Energy Companies’ list. ONGC ranks 226th overall in Forbes Global 2000. Acclaimed for its Corporate Governance practices, Transparency International has ranked ONGC 26th among the biggest publicly traded global giants. It is most valued public enterprise in India, and one of the highest profit-making and dividend-paying. ONGC has a unique distinction of being a company with in-house service capabilities in all areas of Exploration and Production of oil & gas and related oil-field services. Winner of the Best Employer award, a dedicated team of over 25,000 professionals toil round the clock in challenging locations. ONGC is an integrated energy company with interests in upstream, midstream and downstream sector of the hydrocarbon value chain, renewables, LNG, Power generation, petrochemicals and Value Added Products. ONGC's wholly-owned subsidiary Navratna ONGC Videsh Limited (OVL) is the biggest Indian multinational in the energy space, participating in 32 oil and gas properties in 15 countries. ONGC's subsidiary Mangalore Refinery and Petrochemicals Limited (MRPL) is a Schedule ‘A’ Miniratna, with a single-location refining capacity of 15 million tons per annum. ONGC subsidiary HPCL is a Maharatna CPSE, and has the second largest share of product pipelines in India with a pipeline network of more than 3370 kms for transportation of petroleum products and a vast marketing network consisting of 14 Zonal offices and 133 Regional Offices.",16644,1956,Oil and Gas,10219,http://www.linkedin.com/company/oilandnaturalgascorporation,"Delhi, India","Exploration and Production, Energy, Gas, Oil, and Renewables",http://www.ongcindia.com/,Production Services,1/2024,false,,false,,3866,2026-08-25 00:00:00.000 +0530,,,,,,,,,,,,,,,,,1250,
r b rakesh,r b,rakesh,https://www.linkedin.com/in/r-b-rakesh-9735b937,urn:li:member:129886503,r-b-rakesh-9735b937,Maharashtra,,India,"Maharashtra, India",ONGC,SE(P),10+yoe_indian,member_urn,"Maharatna ONGC is the largest producer of crude oil and natural gas in India, contributing around 70 per cent of Indian domestic production. The crude oil is the raw material used by downstream companies like IOC, BPCL, HPCL to produce petroleum products like Petrol, Diesel, Kerosene, Naphtha, Cooking Gas-LPG. ONGC is India’s Top Energy Company and ranks 14th among global energy majors (Platts). It is the only Indian company to figure in Fortune’s ‘Most Admired Energy Companies’ list. ONGC ranks 226th overall in Forbes Global 2000. Acclaimed for its Corporate Governance practices, Transparency International has ranked ONGC 26th among the biggest publicly traded global giants. It is most valued public enterprise in India, and one of the highest profit-making and dividend-paying. ONGC has a unique distinction of being a company with in-house service capabilities in all areas of Exploration and Production of oil & gas and related oil-field services. Winner of the Best Employer award, a dedicated team of over 25,000 professionals toil round the clock in challenging locations. ONGC is an integrated energy company with interests in upstream, midstream and downstream sector of the hydrocarbon value chain, renewables, LNG, Power generation, petrochemicals and Value Added Products. ONGC's wholly-owned subsidiary Navratna ONGC Videsh Limited (OVL) is the biggest Indian multinational in the energy space, participating in 32 oil and gas properties in 15 countries. ONGC's subsidiary Mangalore Refinery and Petrochemicals Limited (MRPL) is a Schedule ‘A’ Miniratna, with a single-location refining capacity of 15 million tons per annum. ONGC subsidiary HPCL is a Maharatna CPSE, and has the second largest share of product pipelines in India with a pipeline network of more than 3370 kms for transportation of petroleum products and a vast marketing network consisting of 14 Zonal offices and 133 Regional Offices.",16644,1956,Oil and Gas,10219,http://www.linkedin.com/company/oilandnaturalgascorporation,"Delhi, India","Exploration and Production, Energy, Gas, Oil, and Renewables",http://www.ongcindia.com/,,1/2008,false,,false,,3868,2026-08-25 00:00:00.000 +0530,,,,,,,,,,,,,,,,,1250,
Animesh Biswas,Animesh,Biswas,https://www.linkedin.com/in/animesh-biswas-7b796466,urn:li:member:235278715,animesh-biswas-7b796466,Mumbai,Maharashtra,India,"Mumbai, Maharashtra, India",ONGC,DGM(MM),10+yoe_indian,member_urn,"Maharatna ONGC is the largest producer of crude oil and natural gas in India, contributing around 70 per cent of Indian domestic production. The crude oil is the raw material used by downstream companies like IOC, BPCL, HPCL to produce petroleum products like Petrol, Diesel, Kerosene, Naphtha, Cooking Gas-LPG. ONGC is India’s Top Energy Company and ranks 14th among global energy majors (Platts). It is the only Indian company to figure in Fortune’s ‘Most Admired Energy Companies’ list. ONGC ranks 226th overall in Forbes Global 2000. Acclaimed for its Corporate Governance practices, Transparency International has ranked ONGC 26th among the biggest publicly traded global giants. It is most valued public enterprise in India, and one of the highest profit-making and dividend-paying. ONGC has a unique distinction of being a company with in-house service capabilities in all areas of Exploration and Production of oil & gas and related oil-field services. Winner of the Best Employer award, a dedicated team of over 25,000 professionals toil round the clock in challenging locations. ONGC is an integrated energy company with interests in upstream, midstream and downstream sector of the hydrocarbon value chain, renewables, LNG, Power generation, petrochemicals and Value Added Products. ONGC's wholly-owned subsidiary Navratna ONGC Videsh Limited (OVL) is the biggest Indian multinational in the energy space, participating in 32 oil and gas properties in 15 countries. ONGC's subsidiary Mangalore Refinery and Petrochemicals Limited (MRPL) is a Schedule ‘A’ Miniratna, with a single-location refining capacity of 15 million tons per annum. ONGC subsidiary HPCL is a Maharatna CPSE, and has the second largest share of product pipelines in India with a pipeline network of more than 3370 kms for transportation of petroleum products and a vast marketing network consisting of 14 Zonal offices and 133 Regional Offices.",16644,1956,Oil and Gas,10219,http://www.linkedin.com/company/oilandnaturalgascorporation,"Delhi, India","Exploration and Production, Energy, Gas, Oil, and Renewables",http://www.ongcindia.com/,,6/2004,false,,false,,3869,2026-08-25 00:00:00.000 +0530,,,,,,,,,,,,,,,,,1250,
Shashi Shanker,Shashi,Shanker,https://www.linkedin.com/in/shashi-shanker-7a7b502,urn:li:member:8813935,shashi-shanker-7a7b502,Mumbai,Maharashtra,India,"Mumbai, Maharashtra, India",ONGC,General Manager - Head Deepwater,10+yoe_indian,member_urn,"Maharatna ONGC is the largest producer of crude oil and natural gas in India, contributing around 70 per cent of Indian domestic production. The crude oil is the raw material used by downstream companies like IOC, BPCL, HPCL to produce petroleum products like Petrol, Diesel, Kerosene, Naphtha, Cooking Gas-LPG. ONGC is India’s Top Energy Company and ranks 14th among global energy majors (Platts). It is the only Indian company to figure in Fortune’s ‘Most Admired Energy Companies’ list. ONGC ranks 226th overall in Forbes Global 2000. Acclaimed for its Corporate Governance practices, Transparency International has ranked ONGC 26th among the biggest publicly traded global giants. It is most valued public enterprise in India, and one of the highest profit-making and dividend-paying. ONGC has a unique distinction of being a company with in-house service capabilities in all areas of Exploration and Production of oil & gas and related oil-field services. Winner of the Best Employer award, a dedicated team of over 25,000 professionals toil round the clock in challenging locations. ONGC is an integrated energy company with interests in upstream, midstream and downstream sector of the hydrocarbon value chain, renewables, LNG, Power generation, petrochemicals and Value Added Products. ONGC's wholly-owned subsidiary Navratna ONGC Videsh Limited (OVL) is the biggest Indian multinational in the energy space, participating in 32 oil and gas properties in 15 countries. ONGC's subsidiary Mangalore Refinery and Petrochemicals Limited (MRPL) is a Schedule ‘A’ Miniratna, with a single-location refining capacity of 15 million tons per annum. ONGC subsidiary HPCL is a Maharatna CPSE, and has the second largest share of product pipelines in India with a pipeline network of more than 3370 kms for transportation of petroleum products and a vast marketing network consisting of 14 Zonal offices and 133 Regional Offices.",16644,1956,Oil and Gas,10219,http://www.linkedin.com/company/oilandnaturalgascorporation,"Delhi, India","Exploration and Production, Energy, Gas, Oil, and Renewables",http://www.ongcindia.com/,,6/2000,false,,false,,3902,2026-08-25 00:00:00.000 +0530,,,,,,,,,,,,,,,,,1250,
Roopesh C P Saxena,Roopesh C P,Saxena,https://www.linkedin.com/in/roopesh-c-p-saxena-822830251,urn:li:member:1044162458,roopesh-c-p-saxena-822830251,Delhi,,India,"Delhi, India",Oil and Natural Gas Corporation Limited (ONGC),General Manager,10+yoe_indian,member_urn,External link for Oil and Natural Gas Corporation Limited (ONGC),2585,,Oil and Gas,33619057,http://www.linkedin.com/company/oil-and-natural-gas-corporation-limited-ongc-,"Delhi Cantonment, Delhi, India",,https://ongcindia.com/,,1/1991,false,https://media.licdn.com/dms/image/v2/D5603AQG0Pbzqeo5p5A/profile-displayphoto-scale_100_100/B56Z01FFS.HEAg-/0/1774712020591?e=1788998400&v=beta&t=sex1OjptePBDM0d8FZzd_UC7U6HrPXRTA7NDpfwIuQ0,false,"With over 35 years of distinguished experience at ONGC, DGH, and the National Data Repository (NDR), My expertise spans the entire upstream value chain, from advanced seismic interpretation (2D/3D/VSP) to high-level Bids evaluation.Having evaluated (Geological & Geophysical )Indian basins blocks for exploratory locations and international opportunities/blocks in Australia, the Gulf of Mexico, Mozambique, and New Zealand, I offer deep insights into basin evolution, play risk, and subsurface uncertainty. During my long tenure at DGH and NDR, I was instrumental in shaping Production Sharing Contracts (PSC), national data governance, and technical collaborations with global majors like ExxonMobil, Total, and Chevron and other service companies.Currently, I am heading the section monitoring the Nomination, Pre NELP & NELP and OALP Blocks in ONGC, New Delhi. along with Regulatory Governance: Specialized alignment with the Petroleum & Natural Gas Rules, 2025.A regular speaker at SEG, EAGE, SPG India and India Energy Week, for presenting the technical papers from seismic data processing to basic & advanced interpretation.",674,2026-08-25 00:00:00.000 +0530,,,,,,,,,,,,,,,,,1251,
Neeraj Lal,Neeraj,Lal,https://www.linkedin.com/in/neeraj-lal-99993328,urn:li:member:97859781,neeraj-lal-99993328,Mumbai,Maharashtra,India,"Mumbai, Maharashtra, India",Oil and Natural Gas Corporation Limited (ONGC),OSD - Western Offshore,10+yoe_global,member_urn,External link for Oil and Natural Gas Corporation Limited (ONGC),2585,,Oil and Gas,33619057,http://www.linkedin.com/company/oil-and-natural-gas-corporation-limited-ongc-,"Delhi Cantonment, Delhi, India",,https://ongcindia.com/,"A brief stint as Officer on Special Duty (OSD) – Mumbai Western Offshore. An opportunity to gain a broader perspective of Western Offshore operations and commencement of the larger responsibility focused on the integration of Assets and Services, fostering greater synergy, operational excellence, resource optimization, and collaborative decision-making across western offshore basin of ONGC.",7/2026,false,https://media.licdn.com/dms/image/v2/C4D03AQEFmlLkPV49iA/profile-displayphoto-shrink_100_100/profile-displayphoto-shrink_100_100/0/1517523082756?e=1788998400&v=beta&t=okYTuMara4a4QWccqcn_QhpXJfnu5OY2rgGSOtxQLEk,false,,1764,2026-08-25 00:00:00.000 +0530,,,,,,,,,,,,,,,,,1251,
Sanjeeb Goswami,Sanjeeb,Goswami,https://www.linkedin.com/in/sanjeeb-goswami-b2b8561a,urn:li:member:67797971,sanjeeb-goswami-b2b8561a,Mumbai,Maharashtra,India,"Mumbai, Maharashtra, India",Oil and Natural Gas Corporation Limited (ONGC),Chief General Manager,10+yoe_global,member_urn,External link for Oil and Natural Gas Corporation Limited (ONGC),2585,,Oil and Gas,33619057,http://www.linkedin.com/company/oil-and-natural-gas-corporation-limited-ongc-,"Delhi Cantonment, Delhi, India",,https://ongcindia.com/,,3/2024,false,https://media.licdn.com/dms/image/v2/C4D03AQHfSiRVz21QOQ/profile-displayphoto-shrink_100_100/profile-displayphoto-shrink_100_100/0/1516852745063?e=1788998400&v=beta&t=TmTiJXQMP4tR-MWpIis7lCaIVp7rrc6QqzVIR96vN5o,false,,1767,2026-08-25 00:00:00.000 +0530,,,,,,,,,,,,,,,,,1251,
Bhautik Agrawal,Bhautik,Agrawal,https://www.linkedin.com/in/bhautik-agrawal-a22349166,urn:li:member:663734906,bhautik-agrawal-a22349166,Mumbai,Maharashtra,India,"Mumbai, Maharashtra, India",Oil and Natural Gas Corporation Limited (ONGC),Reservoir Engineer,founders,member_urn,External link for Oil and Natural Gas Corporation Limited (ONGC),2585,,Oil and Gas,33619057,http://www.linkedin.com/company/oil-and-natural-gas-corporation-limited-ongc-,"Delhi Cantonment, Delhi, India",,https://ongcindia.com/,"As a Reservoir Engineer at Oil and Natural Gas Corporation Ltd. (ONGC), I aim for contributing to India’s energy sector through innovation and sustainability. I am passionate about energy transition, carbon capture, and geothermal technologies to drive a cleaner future and energy sufficiency for all in a sustainable manner.",12/2023,false,,false,"A B.Tech graduate in Petroleum engineering from Indian Institute of Technology (ISM), Dhanbad. Energy Engineering interests me. Looking for roles in upstream Oil and Gas industry. Have a brief knowledge on Carbon Capture and Storage as well as Geothermal Energy. Looking forward to work in sustainable energy transition as well. Currently working as a Reservoir Engineer at ONGC, Mumbai. Involved in the conceptual feasibility study and analysis of the monetisation of the potential Hydrocarbon prospects in the western offshore region. Efficiently involved in the Pressure Transient Analysis team in order to derive key reservoir parameters such as permeability, skin, well radius etc, which are essential for reserves estimation. Actively involved with the REC team for reserves estimation and accretion. Also working in the monitoring of the bids of blocks (including OALP/NELP/DSF regimes) for exploration purpose!",3013,2026-08-25 00:00:00.000 +0530,,,,,,,,,,,,,,,,,1251,
Ashish Pandey,Ashish,Pandey,https://www.linkedin.com/in/ashish-pandey-ism,urn:li:member:136153630,ashish-pandey-ism,Ahmedabad,Gujarat,India,"Ahmedabad, Gujarat, India",Oil and Natural Gas Corporation Limited (ONGC),EE (Reservoir),10+yoe_global,member_urn,External link for Oil and Natural Gas Corporation Limited (ONGC),2585,,Oil and Gas,33619057,http://www.linkedin.com/company/oil-and-natural-gas-corporation-limited-ongc-,"Delhi Cantonment, Delhi, India",,https://ongcindia.com/,"Led optimization of drilling and production strategies, enhancing efficiency and boosting oil gain.",1/2022,false,https://media.licdn.com/dms/image/v2/D4D03AQFgrUiS7UyEIg/profile-displayphoto-shrink_400_400/B4DZ4crSiYIIAU-/0/1778597570942?e=1788998400&v=beta&t=92vQt5jt2zbPBhpsNOtaVVPKaSmNhndIuRqbvcgXoi4,false,"Experienced oil and gas professional excelling in reservoir management, production optimization and strategic planning, with impactful societal contributions through education initiatives.",807,2026-08-25 00:00:00.000 +0530,,,,,,,,,,,,,,,,,1251,
Ashok kumar,Ashok,kumar,https://www.linkedin.com/in/ashok-kumar-074b238,urn:li:member:26671768,ashok-kumar-074b238,,,Greater Delhi Area,Greater Delhi Area,Oil and Natural Gas Corporation Limited (ONGC),Executive Director,10+yoe_global,member_urn,External link for Oil and Natural Gas Corporation Limited (ONGC),2585,,Oil and Gas,33619057,http://www.linkedin.com/company/oil-and-natural-gas-corporation-limited-ongc-,"Delhi Cantonment, Delhi, India",,https://ongcindia.com/,,1/2025,false,https://media.licdn.com/dms/image/v2/D5603AQGfSuZtoAA4gw/profile-displayphoto-scale_100_100/B56Zy5v1sZGQAc-/0/1772642861142?e=1788998400&v=beta&t=ZBcHS_emOj9O4bv0IXK7WYe6B5h4ekj3fw6NJSLeDfw,false,,1765,2026-08-25 00:00:00.000 +0530,,,,,,,,,,,,,,,,,1251,
Amit Kumar,Amit,Kumar,https://www.linkedin.com/in/amit-kumar-39975217,urn:li:member:58583205,amit-kumar-39975217,Jorhat,Assam,India,"Jorhat, Assam, India",Oil and Natural Gas Corporation Limited (ONGC),Chief Geophysicist,10+yoe_global,member_urn,External link for Oil and Natural Gas Corporation Limited (ONGC),2585,,Oil and Gas,33619057,http://www.linkedin.com/company/oil-and-natural-gas-corporation-limited-ongc-,"Delhi Cantonment, Delhi, India",,https://ongcindia.com/,"On-Site: Seismic acquisition in Silchar, A&AAB Fold Belt (in-house Geophysical Party). On-Site: Supervised outsourced seismic projects in Tripura Fold Belt.",1/2026,false,https://media.licdn.com/dms/image/v2/D4E03AQETz5WiN9Jjjw/profile-displayphoto-scale_200_200/B4EZ_73nbXHkAc-/0/1786637089184?e=1788998400&v=beta&t=p27ZNjVoh-f3YyEnmrLa26yRJ7QHHl-mtDd5MPfhM3E,false,"Geophysicist with 13+ years of Oil & Gas industry experience, specializing in exploration, appraisal, and development across conventional and unconventional assets. Core technical capabilities include 3D/4D Seismic Interpretation, Structural Modelling, Velocity Modelling, Rock Physics, Seismic Reservoir Characterization, Prospect Evaluation & De-risking, reserve estimation, technoeconomic, Field Development Planning & Optimization, Well Operations & Drilling, and multidisciplinary data integration. Proven ability to translate complex subsurface data into actionable insights for exploration and development decisions. Demonstrated strengths in technical leadership, cross-functional collaboration, problem-solving, and mentoring, with a strong focus on delivering fit-for-purpose geoscience solutions aligned with business objectives.Additionally, possess 2+ years of hands-on experience in seismic data acquisition, covering contract planning, field operations, manpower and material management, on-site resource coordination, and field data acquisition.",806,2026-09-01 21:00:56.853 +0530,,,,,,,,,,,,amit2roy@gmail.com,,,,,1251,
Akashdeep Das,Akashdeep,Das,https://www.linkedin.com/in/akashdeepdas1995,urn:li:member:358638350,akashdeepdas1995,,,Greater Surat Area,Greater Surat Area,Oil and Natural Gas Corporation Limited (ONGC),Superintendent Engineer (Production),founders,member_urn,External link for Oil and Natural Gas Corporation Limited (ONGC),2585,,Oil and Gas,33619057,http://www.linkedin.com/company/oil-and-natural-gas-corporation-limited-ongc-,"Delhi Cantonment, Delhi, India",,https://ongcindia.com/,,1/2026,true,,false,"Experienced Petroleum Engineer with a demonstrated history of working in the oil & energy industry. Strong operations professional with a Bachelor’s Degree focused in Petroleum Engineering from Indian Institute of Technology (Indian School of Mines), Dhanbad. Have a keen interest towards research and collaborated with people experienced in Hydraulic Fracturing and other stimulation techniques. In my recent work, I've prepared a new fracturing fluid to improvise the hydraulic fracturing technique with laboratory work and software methods.",2989,2026-08-25 00:00:00.000 +0530,,,,,,,,,,,,,,,,,1251,
Akshay Kaushik,Akshay,Kaushik,https://www.linkedin.com/in/akshay-kaushik-750650b2,urn:li:member:401719596,akshay-kaushik-750650b2,,,India,India,Oil and Natural Gas Corporation Limited (ONGC),AEE,6-10yoe_global_indian,member_urn,External link for Oil and Natural Gas Corporation Limited (ONGC),2585,,Oil and Gas,33619057,http://www.linkedin.com/company/oil-and-natural-gas-corporation-limited-ongc-,"Delhi Cantonment, Delhi, India",,https://ongcindia.com/,,,false,,false,,3688,2026-08-25 00:00:00.000 +0530,,,,,,,,,,,,,,,,,1251,
Imran Khan,Imran,Khan,https://www.linkedin.com/in/imran-khan-94843269,urn:li:member:242927048,imran-khan-94843269,Varanasi,Uttar Pradesh,India,"Varanasi, Uttar Pradesh, India",Oil India Limited,Geophysicist,10+yoe_global,member_urn,"Oil India Limited (OIL) is a fully integrated Exploration & Production company in the upstream sector, with origin dating back to the glorious year (1889) of oil discovery in India. Oil India Limited which was accorded ""MAHARATNA"" status on 04th August, 2023, is a state-owned enterprise of the Government of India, under the administrative control of the Ministry of Petroleum and Natural Gas and is the second largest national oil and gas company in India. Oil India Private Limited was incorporated on 18th February 1959, to expand and develop the newly discovered oil fields of Naharkatiya and Moran in the North-Eastern region of India. In 1961, it became a joint venture company of Government of India and Burmah Oil Company Limited, UK. In 1981, OIL became a wholly owned Government of India enterprise. In FY 2022-23, OIL achieved highest ever Revenue & Profit after Tax (PAT) and also achieved highest ever Natural Gas production during the year. In 2021, OIL acquired additional 54.16% ownership interest in Numaligarh Reìnery Limited (NRL) making OIL the promoter & holding company of NRL. OIL has carved a niche as a leading oil and gas company in the upstream sector with a legacy of hydrocarbon exploration for over six decades and having a share of around 9% of the country’s total crude oil and natural gas production. The company has significant presence across the entire value chain in the hydrocarbon sector, it also produces Liquefied Petroleum Gas (LPG) and transports crude oil and refined petroleum products through cross-country pipelines. The company’s In-Country operations are spread over the areas in the states of Assam, Arunachal Pradesh, Mizoram, Tripura, Nagaland, Odisha, Andhra Pradesh and Rajasthan and offshore areas in Andaman, Kerala-Konkan and KG shallow waters. The company operates a 1157 Km long crude oil pipeline in the Northeast for transportation of crude oil produced by both OIL and ONGCL in the region to feed refineries.",1610,1959,Oil and Gas,100502053,http://www.linkedin.com/company/oilindialimited,"Noida, Uttar Pradesh, India",,http://www.oil-india.com,,11/2014,false,,false,,3930,2026-08-25 00:00:00.000 +0530,,,,,,,,,,,,,,,,,1252,
MUKESH KUMAR,MUKESH,KUMAR,https://www.linkedin.com/in/mukesh-kumar-b64b9831,urn:li:member:113420668,mukesh-kumar-b64b9831,Dibrugarh East,Assam,India,"Dibrugarh East, Assam, India",Oil India Limited,Senior Reservoir Engineer,10+yoe_global,member_urn,"Oil India Limited (OIL) is a fully integrated Exploration & Production company in the upstream sector, with origin dating back to the glorious year (1889) of oil discovery in India. Oil India Limited which was accorded ""MAHARATNA"" status on 04th August, 2023, is a state-owned enterprise of the Government of India, under the administrative control of the Ministry of Petroleum and Natural Gas and is the second largest national oil and gas company in India. Oil India Private Limited was incorporated on 18th February 1959, to expand and develop the newly discovered oil fields of Naharkatiya and Moran in the North-Eastern region of India. In 1961, it became a joint venture company of Government of India and Burmah Oil Company Limited, UK. In 1981, OIL became a wholly owned Government of India enterprise. In FY 2022-23, OIL achieved highest ever Revenue & Profit after Tax (PAT) and also achieved highest ever Natural Gas production during the year. In 2021, OIL acquired additional 54.16% ownership interest in Numaligarh Reìnery Limited (NRL) making OIL the promoter & holding company of NRL. OIL has carved a niche as a leading oil and gas company in the upstream sector with a legacy of hydrocarbon exploration for over six decades and having a share of around 9% of the country’s total crude oil and natural gas production. The company has significant presence across the entire value chain in the hydrocarbon sector, it also produces Liquefied Petroleum Gas (LPG) and transports crude oil and refined petroleum products through cross-country pipelines. The company’s In-Country operations are spread over the areas in the states of Assam, Arunachal Pradesh, Mizoram, Tripura, Nagaland, Odisha, Andhra Pradesh and Rajasthan and offshore areas in Andaman, Kerala-Konkan and KG shallow waters. The company operates a 1157 Km long crude oil pipeline in the Northeast for transportation of crude oil produced by both OIL and ONGCL in the region to feed refineries.",1610,1959,Oil and Gas,100502053,http://www.linkedin.com/company/oilindialimited,"Noida, Uttar Pradesh, India",,http://www.oil-india.com,"1. Reservoir Surveillance and Management Monitoring fluid contacts, Identify reservoir communication, Monitoring Reservoir Pressure-Production behavior, Help in preparation of Field Development Plans, Prediction of future reservoir performance etc. 2. Proposal for Exploratory, Development and Infill wells Integration of Seismic, Geology and Well testing results in Asset-Team-Management. 3. Suggesting Well-Intervention Techniques Seeking work-over opportunities to revive sick wells. 4. Quality Check of PVT, Relative Permeability Data before applying to reservoir engineering studies.",1/2012,false,https://media.licdn.com/dms/image/v2/C5603AQG6g98Y5rgBmQ/profile-displayphoto-shrink_100_100/profile-displayphoto-shrink_100_100/0/1516492881383?e=1788998400&v=beta&t=WwHYRDwVOglLoxF6q33OACZ60Gta7b1xtu0tKNRsJlc,false,A proficient Reservoir Engineer with more than 5 years of experience working with E&P company delivering atmost quality of Reservoir Engineering Studies in various Exploration/Development activities in Green and Brown Fields of Assam-Arakan Basin mainly sandstone reservoirs. Striving for knowledge with sole aim to achieve challenging Reservoir Engineer position to excel my career growth and fulfill the vision of company by streamlining my knowledge and skills accordingly.,1126,2026-09-01 21:00:56.853 +0530,,,,,,,,,,,,kumar_mukesh7402196@yahoo.co.in,,,,,1252,
Ajoya Nanda Borthakur,Ajoya Nanda,Borthakur,https://www.linkedin.com/in/ajoya-nanda-borthakur-a249a215,urn:li:member:53213500,ajoya-nanda-borthakur-a249a215,Dibrugarh East,Assam,India,"Dibrugarh East, Assam, India",Oil India Limited,General Manager,10+yoe_global,member_urn,"Oil India Limited (OIL) is a fully integrated Exploration & Production company in the upstream sector, with origin dating back to the glorious year (1889) of oil discovery in India. Oil India Limited which was accorded ""MAHARATNA"" status on 04th August, 2023, is a state-owned enterprise of the Government of India, under the administrative control of the Ministry of Petroleum and Natural Gas and is the second largest national oil and gas company in India. Oil India Private Limited was incorporated on 18th February 1959, to expand and develop the newly discovered oil fields of Naharkatiya and Moran in the North-Eastern region of India. In 1961, it became a joint venture company of Government of India and Burmah Oil Company Limited, UK. In 1981, OIL became a wholly owned Government of India enterprise. In FY 2022-23, OIL achieved highest ever Revenue & Profit after Tax (PAT) and also achieved highest ever Natural Gas production during the year. In 2021, OIL acquired additional 54.16% ownership interest in Numaligarh Reìnery Limited (NRL) making OIL the promoter & holding company of NRL. OIL has carved a niche as a leading oil and gas company in the upstream sector with a legacy of hydrocarbon exploration for over six decades and having a share of around 9% of the country’s total crude oil and natural gas production. The company has significant presence across the entire value chain in the hydrocarbon sector, it also produces Liquefied Petroleum Gas (LPG) and transports crude oil and refined petroleum products through cross-country pipelines. The company’s In-Country operations are spread over the areas in the states of Assam, Arunachal Pradesh, Mizoram, Tripura, Nagaland, Odisha, Andhra Pradesh and Rajasthan and offshore areas in Andaman, Kerala-Konkan and KG shallow waters. The company operates a 1157 Km long crude oil pipeline in the Northeast for transportation of crude oil produced by both OIL and ONGCL in the region to feed refineries.",1610,1959,Oil and Gas,100502053,http://www.linkedin.com/company/oilindialimited,"Noida, Uttar Pradesh, India",,http://www.oil-india.com,,6/1985,false,,false,,3932,2026-08-25 00:00:00.000 +0530,,,,,,,,,,,,,,,,,1252,
Nirmal Kundu,Nirmal,Kundu,https://www.linkedin.com/in/nirmal-kundu-181b4615,urn:li:member:53592433,nirmal-kundu-181b4615,Dibrugarh East,Assam,India,"Dibrugarh East, Assam, India",Oil India Limited,Chief Geophysicist,10+yoe_global,member_urn,"Oil India Limited (OIL) is a fully integrated Exploration & Production company in the upstream sector, with origin dating back to the glorious year (1889) of oil discovery in India. Oil India Limited which was accorded ""MAHARATNA"" status on 04th August, 2023, is a state-owned enterprise of the Government of India, under the administrative control of the Ministry of Petroleum and Natural Gas and is the second largest national oil and gas company in India. Oil India Private Limited was incorporated on 18th February 1959, to expand and develop the newly discovered oil fields of Naharkatiya and Moran in the North-Eastern region of India. In 1961, it became a joint venture company of Government of India and Burmah Oil Company Limited, UK. In 1981, OIL became a wholly owned Government of India enterprise. In FY 2022-23, OIL achieved highest ever Revenue & Profit after Tax (PAT) and also achieved highest ever Natural Gas production during the year. In 2021, OIL acquired additional 54.16% ownership interest in Numaligarh Reìnery Limited (NRL) making OIL the promoter & holding company of NRL. OIL has carved a niche as a leading oil and gas company in the upstream sector with a legacy of hydrocarbon exploration for over six decades and having a share of around 9% of the country’s total crude oil and natural gas production. The company has significant presence across the entire value chain in the hydrocarbon sector, it also produces Liquefied Petroleum Gas (LPG) and transports crude oil and refined petroleum products through cross-country pipelines. The company’s In-Country operations are spread over the areas in the states of Assam, Arunachal Pradesh, Mizoram, Tripura, Nagaland, Odisha, Andhra Pradesh and Rajasthan and offshore areas in Andaman, Kerala-Konkan and KG shallow waters. The company operates a 1157 Km long crude oil pipeline in the Northeast for transportation of crude oil produced by both OIL and ONGCL in the region to feed refineries.",1610,1959,Oil and Gas,100502053,http://www.linkedin.com/company/oilindialimited,"Noida, Uttar Pradesh, India",,http://www.oil-india.com,,1/2022,false,https://media.licdn.com/dms/image/v2/C4D03AQElWRNz4i7vOg/profile-displayphoto-shrink_100_100/profile-displayphoto-shrink_100_100/0/1516585869689?e=1788998400&v=beta&t=6ijjlmJcIN1MDGRzT9n-PcioRnqdDz9oKum1_GaAd40,false,,1575,2026-08-25 00:00:00.000 +0530,,,,,,,,,,,,,,,,,1252,
abhijit sonowal,abhijit,sonowal,https://www.linkedin.com/in/abhijit-sonowal-419b3aba,urn:li:member:426826965,abhijit-sonowal-419b3aba,Dibrugarh East,Assam,India,"Dibrugarh East, Assam, India",Oil India Limited / ऑयल इंडिया लिमिटेड,DGM (GEOPHYSICS),10+yoe_indian,member_urn,"Oil India Limited (OIL) is a fully integrated Exploration & Production company in the upstream sector, with origin dating back to the glorious year (1889) of oil discovery in India. Oil India Limited which was accorded ""MAHARATNA"" status on 04th August, 2023, is a state-owned enterprise of the Government of India, under the administrative control of the Ministry of Petroleum and Natural Gas and is the second largest national oil and gas company in India. Oil India Private Limited was incorporated on 18th February 1959, to expand and develop the newly discovered oil fields of Naharkatiya and Moran in the North-Eastern region of India. In 1961, it became a joint venture company of Government of India and Burmah Oil Company Limited, UK. In 1981, OIL became a wholly owned Government of India enterprise. In FY 2022-23, OIL achieved highest ever Revenue & Profit after Tax (PAT) and also achieved highest ever Natural Gas production during the year. In 2021, OIL acquired additional 54.16% ownership interest in Numaligarh Reìnery Limited (NRL) making OIL the promoter & holding company of NRL. OIL has carved a niche as a leading oil and gas company in the upstream sector with a legacy of hydrocarbon exploration for over six decades and having a share of around 9% of the country’s total crude oil and natural gas production. The company has significant presence across the entire value chain in the hydrocarbon sector, it also produces Liquefied Petroleum Gas (LPG) and transports crude oil and refined petroleum products through cross-country pipelines. The company’s In-Country operations are spread over the areas in the states of Assam, Arunachal Pradesh, Mizoram, Tripura, Nagaland, Odisha, Andhra Pradesh and Rajasthan and offshore areas in Andaman, Kerala-Konkan and KG shallow waters. The company operates a 1157 Km long crude oil pipeline in the Northeast for transportation of crude oil produced by both OIL and ONGCL in the region to feed refineries.",1610,1959,Oil and Gas,100502053,http://www.linkedin.com/company/oilindialimited,"Noida, Uttar Pradesh, India",,http://www.oil-india.com,,1/2026,false,https://media.licdn.com/dms/image/v2/C4D03AQHr0feptfZSSw/profile-displayphoto-shrink_100_100/profile-displayphoto-shrink_100_100/0/1601388603723?e=1788998400&v=beta&t=-gOw5D9SEiWlpik_8gqohidpdwiVcyhe_1tugdCWxq8,false,,1895,2026-08-25 00:00:00.000 +0530,,,,,,,,,,,,,,,,,1252,
Simanchal Dakua,Simanchal,Dakua,https://www.linkedin.com/in/simanchal-dakua-7614a527,urn:li:member:93777913,simanchal-dakua-7614a527,Dibrugarh East,Assam,India,"Dibrugarh East, Assam, India",Oil India Limited,Chief Geophysicist,10+yoe_indian,member_urn,"Oil India Limited (OIL) is a fully integrated Exploration & Production company in the upstream sector, with origin dating back to the glorious year (1889) of oil discovery in India. Oil India Limited which was accorded ""MAHARATNA"" status on 04th August, 2023, is a state-owned enterprise of the Government of India, under the administrative control of the Ministry of Petroleum and Natural Gas and is the second largest national oil and gas company in India. Oil India Private Limited was incorporated on 18th February 1959, to expand and develop the newly discovered oil fields of Naharkatiya and Moran in the North-Eastern region of India. In 1961, it became a joint venture company of Government of India and Burmah Oil Company Limited, UK. In 1981, OIL became a wholly owned Government of India enterprise. In FY 2022-23, OIL achieved highest ever Revenue & Profit after Tax (PAT) and also achieved highest ever Natural Gas production during the year. In 2021, OIL acquired additional 54.16% ownership interest in Numaligarh Reìnery Limited (NRL) making OIL the promoter & holding company of NRL. OIL has carved a niche as a leading oil and gas company in the upstream sector with a legacy of hydrocarbon exploration for over six decades and having a share of around 9% of the country’s total crude oil and natural gas production. The company has significant presence across the entire value chain in the hydrocarbon sector, it also produces Liquefied Petroleum Gas (LPG) and transports crude oil and refined petroleum products through cross-country pipelines. The company’s In-Country operations are spread over the areas in the states of Assam, Arunachal Pradesh, Mizoram, Tripura, Nagaland, Odisha, Andhra Pradesh and Rajasthan and offshore areas in Andaman, Kerala-Konkan and KG shallow waters. The company operates a 1157 Km long crude oil pipeline in the Northeast for transportation of crude oil produced by both OIL and ONGCL in the region to feed refineries.",1610,1959,Oil and Gas,100502053,http://www.linkedin.com/company/oilindialimited,"Noida, Uttar Pradesh, India",,http://www.oil-india.com,,8/2015,false,,false,"Field QC of 2D & 3D land seismic data acquisition both vibroseis & explosives as source. Data acquisition, processing & interpretation of refraction survey for near surface low velocity layer modeling. Time processing of 2D & 3D land seismic data with software packages like Echos & Geodepth. Have quite a good experience of well to seismic tie, horizon correlation, fault correlation, velocity modeling and domain conversion, horizon and fault mapping, attribute studies with software packages like Petrel & Geographix. Basic structural framework modeling in Petrel & RMS softwares. Seismic & Log data management. Have a good working experience in GIS Mapinfo software.",1896,2026-08-25 00:00:00.000 +0530,,,,,,,,,,,,,,,,,1252,
Tejaswi Agarwal,Tejaswi,Agarwal,https://www.linkedin.com/in/tejaswi-agarwal-41163693,urn:li:member:333010381,tejaswi-agarwal-41163693,Mumbai,Maharashtra,India,"Mumbai, Maharashtra, India",Everstone Capital,Vice President,6-10yoe_global_indian,member_urn,"We are an active, control-oriented mid-market growth investor focused on businesses with strong ties to India and Southeast Asia. With teams across India, Singapore, and the US, we bring local insight and a hands-on approach to building long-term value. At the core of everything we do and every investment we make is our belief in the power of great partnerships. As fiduciaries to our investors, we are committed to delivering best-in-class, risk-adjusted returns through a highly institutionalised execution model. Our strategies also aim to address the developmental needs of our home markets by creating jobs, driving economic progress, and upholding globally recognised ESG standards. Contact us at: https://everstonecapital.com/contact/#contactUs",59,,Venture Capital and Private Equity Principals,85623204,https://www.linkedin.com/company/everstonecapital,"Singapore, Singapore",,www.everstonecapital.com,,6/2025,true,https://media.licdn.com/dms/image/v2/D4D03AQGiDDeGCQmgsQ/profile-displayphoto-shrink_400_400/B4DZTFY0ykG8Ak-/0/1738478408190?e=1788998400&v=beta&t=m6cCKM4sXOeLBihyw-rd5yoqjPFZERXR8JS5RxOLBJA,false,Currently working with Everstone Capital as an Investment Professional focusing largely on Consumer and Pharma / Healthcare sectors. Ex- Investment Banker with Avendus Capital.,345,2026-08-25 00:00:00.000 +0530,,,,,,,,,,,,,,,,,497,
Debasish Baishya,Debasish,Baishya,https://www.linkedin.com/in/debasish-baishya-b67b5674,urn:li:member:265619455,debasish-baishya-b67b5674,Dibrugarh East,Assam,India,"Dibrugarh East, Assam, India",Oil India Limited,Reservoir Engineer,10+yoe_global,member_urn,"Oil India Limited (OIL) is a fully integrated Exploration & Production company in the upstream sector, with origin dating back to the glorious year (1889) of oil discovery in India. Oil India Limited which was accorded ""MAHARATNA"" status on 04th August, 2023, is a state-owned enterprise of the Government of India, under the administrative control of the Ministry of Petroleum and Natural Gas and is the second largest national oil and gas company in India. Oil India Private Limited was incorporated on 18th February 1959, to expand and develop the newly discovered oil fields of Naharkatiya and Moran in the North-Eastern region of India. In 1961, it became a joint venture company of Government of India and Burmah Oil Company Limited, UK. In 1981, OIL became a wholly owned Government of India enterprise. In FY 2022-23, OIL achieved highest ever Revenue & Profit after Tax (PAT) and also achieved highest ever Natural Gas production during the year. In 2021, OIL acquired additional 54.16% ownership interest in Numaligarh Reìnery Limited (NRL) making OIL the promoter & holding company of NRL. OIL has carved a niche as a leading oil and gas company in the upstream sector with a legacy of hydrocarbon exploration for over six decades and having a share of around 9% of the country’s total crude oil and natural gas production. The company has significant presence across the entire value chain in the hydrocarbon sector, it also produces Liquefied Petroleum Gas (LPG) and transports crude oil and refined petroleum products through cross-country pipelines. The company’s In-Country operations are spread over the areas in the states of Assam, Arunachal Pradesh, Mizoram, Tripura, Nagaland, Odisha, Andhra Pradesh and Rajasthan and offshore areas in Andaman, Kerala-Konkan and KG shallow waters. The company operates a 1157 Km long crude oil pipeline in the Northeast for transportation of crude oil produced by both OIL and ONGCL in the region to feed refineries.",1610,1959,Oil and Gas,100502053,http://www.linkedin.com/company/oilindialimited,"Noida, Uttar Pradesh, India",,http://www.oil-india.com,,8/2012,false,https://media.licdn.com/dms/image/v2/C4E03AQE9SG9qobVRrQ/profile-displayphoto-shrink_100_100/profile-displayphoto-shrink_100_100/0/1516537769911?e=1788998400&v=beta&t=Bs9333h-YblztMllEqzQ957YAfDnioJac6j3Pso8Kms,false,,328,2026-08-25 00:00:00.000 +0530,,,,,,,,,,,,,,,,,1252,
Ritvik Arora,Ritvik,Arora,https://www.linkedin.com/in/ritvik-arora-406467b8,urn:li:member:419170182,ritvik-arora-406467b8,Assam,,India,"Assam, India",Oil India Limited,Reservoir Engineer,10+yoe_global,member_urn,"Oil India Limited (OIL) is a fully integrated Exploration & Production company in the upstream sector, with origin dating back to the glorious year (1889) of oil discovery in India. Oil India Limited which was accorded ""MAHARATNA"" status on 04th August, 2023, is a state-owned enterprise of the Government of India, under the administrative control of the Ministry of Petroleum and Natural Gas and is the second largest national oil and gas company in India. Oil India Private Limited was incorporated on 18th February 1959, to expand and develop the newly discovered oil fields of Naharkatiya and Moran in the North-Eastern region of India. In 1961, it became a joint venture company of Government of India and Burmah Oil Company Limited, UK. In 1981, OIL became a wholly owned Government of India enterprise. In FY 2022-23, OIL achieved highest ever Revenue & Profit after Tax (PAT) and also achieved highest ever Natural Gas production during the year. In 2021, OIL acquired additional 54.16% ownership interest in Numaligarh Reìnery Limited (NRL) making OIL the promoter & holding company of NRL. OIL has carved a niche as a leading oil and gas company in the upstream sector with a legacy of hydrocarbon exploration for over six decades and having a share of around 9% of the country’s total crude oil and natural gas production. The company has significant presence across the entire value chain in the hydrocarbon sector, it also produces Liquefied Petroleum Gas (LPG) and transports crude oil and refined petroleum products through cross-country pipelines. The company’s In-Country operations are spread over the areas in the states of Assam, Arunachal Pradesh, Mizoram, Tripura, Nagaland, Odisha, Andhra Pradesh and Rajasthan and offshore areas in Andaman, Kerala-Konkan and KG shallow waters. The company operates a 1157 Km long crude oil pipeline in the Northeast for transportation of crude oil produced by both OIL and ONGCL in the region to feed refineries.",1610,1959,Oil and Gas,100502053,http://www.linkedin.com/company/oilindialimited,"Noida, Uttar Pradesh, India",,http://www.oil-india.com,,7/2017,false,https://media.licdn.com/dms/image/v2/D4E03AQFC2tM_gBbouw/profile-displayphoto-shrink_100_100/profile-displayphoto-shrink_100_100/0/1707267890631?e=1788998400&v=beta&t=QkLzPsQzg-eUKCCsx50nr1IXAaVvQhzhU4fWhXQP4TU,false,,1618,2026-08-25 00:00:00.000 +0530,,,,,,,,,,,,,,,,,1252,
Aditya Kumar Shukla,Aditya Kumar,Shukla,https://www.linkedin.com/in/aditya-kumar-shukla-99799774,urn:li:member:265206211,aditya-kumar-shukla-99799774,Dibrugarh East,Assam,India,"Dibrugarh East, Assam, India",Oil India Limited,Superintending Geophysicist,6-10yoe_global_indian,member_urn,"Oil India Limited (OIL) is a fully integrated Exploration & Production company in the upstream sector, with origin dating back to the glorious year (1889) of oil discovery in India. Oil India Limited which was accorded ""MAHARATNA"" status on 04th August, 2023, is a state-owned enterprise of the Government of India, under the administrative control of the Ministry of Petroleum and Natural Gas and is the second largest national oil and gas company in India. Oil India Private Limited was incorporated on 18th February 1959, to expand and develop the newly discovered oil fields of Naharkatiya and Moran in the North-Eastern region of India. In 1961, it became a joint venture company of Government of India and Burmah Oil Company Limited, UK. In 1981, OIL became a wholly owned Government of India enterprise. In FY 2022-23, OIL achieved highest ever Revenue & Profit after Tax (PAT) and also achieved highest ever Natural Gas production during the year. In 2021, OIL acquired additional 54.16% ownership interest in Numaligarh Reìnery Limited (NRL) making OIL the promoter & holding company of NRL. OIL has carved a niche as a leading oil and gas company in the upstream sector with a legacy of hydrocarbon exploration for over six decades and having a share of around 9% of the country’s total crude oil and natural gas production. The company has significant presence across the entire value chain in the hydrocarbon sector, it also produces Liquefied Petroleum Gas (LPG) and transports crude oil and refined petroleum products through cross-country pipelines. The company’s In-Country operations are spread over the areas in the states of Assam, Arunachal Pradesh, Mizoram, Tripura, Nagaland, Odisha, Andhra Pradesh and Rajasthan and offshore areas in Andaman, Kerala-Konkan and KG shallow waters. The company operates a 1157 Km long crude oil pipeline in the Northeast for transportation of crude oil produced by both OIL and ONGCL in the region to feed refineries.",1610,1959,Oil and Gas,100502053,http://www.linkedin.com/company/oilindialimited,"Noida, Uttar Pradesh, India",,http://www.oil-india.com,,,false,https://media.licdn.com/dms/image/v2/C4D03AQHs0wM9J5R_jw/profile-displayphoto-shrink_100_100/profile-displayphoto-shrink_100_100/0/1597915414162?e=1788998400&v=beta&t=LIc9EOPekSKurvktnmnzeKNUVMG6sUeKcEK-R5hXcjw,false,"Currently serving as a Superintending Geophysicist at Oil India Ltd., I hold a Post-Graduation (M.Sc. Tech) degree in Applied Geophysics from IIT (ISM) Dhanbad. My academic journey includes a Graduation (B.Sc.) with Physics and Mathematics as my major subjects from DDU University, Gorakhpur (U.P.). My professional interests encompass Imaging, Modeling, and Inversion of Geophysical data, as well as a keen passion for Physics, Machine Learning, and Artificial Intelligence.",492,2026-08-25 00:00:00.000 +0530,,,,,,,,,,,,,,,,,1252,
Alok Kumar,Alok,Kumar,https://www.linkedin.com/in/alok-kumar-2115b11a,urn:li:member:67165933,alok-kumar-2115b11a,Dibrugarh East,Assam,India,"Dibrugarh East, Assam, India",Oil India Limited / ऑयल इंडिया लिमिटेड,DGM,10+yoe_indian,member_urn,"Oil India Limited (OIL) is a fully integrated Exploration & Production company in the upstream sector, with origin dating back to the glorious year (1889) of oil discovery in India. Oil India Limited which was accorded ""MAHARATNA"" status on 04th August, 2023, is a state-owned enterprise of the Government of India, under the administrative control of the Ministry of Petroleum and Natural Gas and is the second largest national oil and gas company in India. Oil India Private Limited was incorporated on 18th February 1959, to expand and develop the newly discovered oil fields of Naharkatiya and Moran in the North-Eastern region of India. In 1961, it became a joint venture company of Government of India and Burmah Oil Company Limited, UK. In 1981, OIL became a wholly owned Government of India enterprise. In FY 2022-23, OIL achieved highest ever Revenue & Profit after Tax (PAT) and also achieved highest ever Natural Gas production during the year. In 2021, OIL acquired additional 54.16% ownership interest in Numaligarh Reìnery Limited (NRL) making OIL the promoter & holding company of NRL. OIL has carved a niche as a leading oil and gas company in the upstream sector with a legacy of hydrocarbon exploration for over six decades and having a share of around 9% of the country’s total crude oil and natural gas production. The company has significant presence across the entire value chain in the hydrocarbon sector, it also produces Liquefied Petroleum Gas (LPG) and transports crude oil and refined petroleum products through cross-country pipelines. The company’s In-Country operations are spread over the areas in the states of Assam, Arunachal Pradesh, Mizoram, Tripura, Nagaland, Odisha, Andhra Pradesh and Rajasthan and offshore areas in Andaman, Kerala-Konkan and KG shallow waters. The company operates a 1157 Km long crude oil pipeline in the Northeast for transportation of crude oil produced by both OIL and ONGCL in the region to feed refineries.",1610,1959,Oil and Gas,100502053,http://www.linkedin.com/company/oilindialimited,"Noida, Uttar Pradesh, India",,http://www.oil-india.com,,1/2025,false,,false,,3832,2026-08-25 00:00:00.000 +0530,,,,,,,,,,,,,,,,,1252,
Chandan Kumar,Chandan,Kumar,https://www.linkedin.com/in/chandan-kumar-7423a2a3,urn:li:member:368234402,chandan-kumar-7423a2a3,Hajo,Assam,India,"Hajo, Assam, India",Oil India Limited / ऑयल इंडिया लिमिटेड,DGM (Reservoir),10+yoe_indian,member_urn,"Oil India Limited (OIL) is a fully integrated Exploration & Production company in the upstream sector, with origin dating back to the glorious year (1889) of oil discovery in India. Oil India Limited which was accorded ""MAHARATNA"" status on 04th August, 2023, is a state-owned enterprise of the Government of India, under the administrative control of the Ministry of Petroleum and Natural Gas and is the second largest national oil and gas company in India. Oil India Private Limited was incorporated on 18th February 1959, to expand and develop the newly discovered oil fields of Naharkatiya and Moran in the North-Eastern region of India. In 1961, it became a joint venture company of Government of India and Burmah Oil Company Limited, UK. In 1981, OIL became a wholly owned Government of India enterprise. In FY 2022-23, OIL achieved highest ever Revenue & Profit after Tax (PAT) and also achieved highest ever Natural Gas production during the year. In 2021, OIL acquired additional 54.16% ownership interest in Numaligarh Reìnery Limited (NRL) making OIL the promoter & holding company of NRL. OIL has carved a niche as a leading oil and gas company in the upstream sector with a legacy of hydrocarbon exploration for over six decades and having a share of around 9% of the country’s total crude oil and natural gas production. The company has significant presence across the entire value chain in the hydrocarbon sector, it also produces Liquefied Petroleum Gas (LPG) and transports crude oil and refined petroleum products through cross-country pipelines. The company’s In-Country operations are spread over the areas in the states of Assam, Arunachal Pradesh, Mizoram, Tripura, Nagaland, Odisha, Andhra Pradesh and Rajasthan and offshore areas in Andaman, Kerala-Konkan and KG shallow waters. The company operates a 1157 Km long crude oil pipeline in the Northeast for transportation of crude oil produced by both OIL and ONGCL in the region to feed refineries.",1610,1959,Oil and Gas,100502053,http://www.linkedin.com/company/oilindialimited,"Noida, Uttar Pradesh, India",,http://www.oil-india.com,,1/2024,false,https://media.licdn.com/dms/image/v2/C4E03AQET5g8nBFWaQQ/profile-displayphoto-shrink_100_100/profile-displayphoto-shrink_100_100/0/1517243963452?e=1788998400&v=beta&t=Al_LcYHYDWnW5CsB5ETI1DzSFl5CFBSLakoamm_MbRg,false,"Petroleum Engineer with 12 years experience in a leading National E & P company. Experience includes Reservoir Simulation, Workover & Well Intervention, Field Performance Optimization, Reservoir Monitoring and Management, Fluid PVT modelling, Well / Reservoir Performance Analysis, Pressure Transient Interpretation, Decline curve analysis and production forecasting, Production Optimization, Workover planning, co-ordination of both oil and gas wells and Reservoir Surveillance campaign. Specialties: Petrel, Eclipse, Saphir, PVTi, MBAL, OFM, Pipesim, SCAL",681,2026-08-25 00:00:00.000 +0530,,,,,,,,,,,,,,,,,1252,
Aditya Goyal,Aditya,Goyal,https://www.linkedin.com/in/adityagoyal1997,urn:li:member:266109554,adityagoyal1997,Delhi,,India,"Delhi, India",Oister Global,Investment Professional,founders,member_urn,"Oister is India’s Premier Alternative Assets Manager We provide access, expertise, and value creation across top-tier private market opportunities, with a focus on differentiated secondary transactions in late-stage, high-growth companies. We manage proprietary funds, invest in PE/VC funds and secondary opportunities, and partner with CRISIL to publish the industry’s leading annual benchmarking report on private equity and venture capital. Since our launch, we have invested in eight top-tier funds, backing 50+ high-growth companies, all within a high-performance, deeply selective investment ecosystem. At Oister, we deliver precision, transparency, and curated high- quality opportunities, empowering qualified investors to participate meaningfully in private markets in collaboration with leading Private Banks and Wealth Managers.",35,2022,Financial Services,83531039,http://www.linkedin.com/company/oisterglobal,"Gurugram, Haryana, India",,https://oisterglobal.com/,"Oister is India’s Premier Alternative Assets Manager Oister is built to give sophisticated investors, including institutions, family offices, and UHNIs, the confidence and clarity to participate in the country’s most valuable private market opportunities. We make India’s private markets investable through trusted regulated structures like fund-of-funds, feeder vehicles, secondary funds, and differentiated secondary transactions in late-stage, high-growth companies. Launched in 2023, today Oister builds and invests in over 8 top-tier funds, 100+ portfolio companies. Backed by 18 wealth partners and 10,000+ advisors nationwide. If it's on Oister, it's a pearl! www.oisterglobal.com Lumis Labs Fund – IN/AIF2/21-22/0952 AltFirst India Fund – IN/AIF2/23-24/1469",4/2026,false,,false,"Investment professional with ~3 years across VC, PE & IB, focused on consumer and financial services. Hands-on experienceacross the full deal lifecycle - sourcing, underwriting, IC presentation, term sheets, diligence & closing, with exposure togrowth-stage capital deployment and institutional fundraising.",1934,2026-08-25 00:00:00.000 +0530,,,,,,,,,,,,,,,,,1253,
Ravi A.,Ravi,A.,https://www.linkedin.com/in/ravi-agarwal-02,urn:li:member:226760583,ravi-agarwal-02,Jaipur,Rajasthan,India,"Jaipur, Rajasthan, India",ONCOOL,Managing Director,6-10yoe_global_indian,member_urn,"ONCOOL is an Indian Company who manufacturers elegant air-coolers and Smart Air Purifiers. In contrast to conventional coolers, ONCOOL coolers use cutting-edge technology - featuring an unbreakable plastic body , anti-bacterial, anti-erosion, and anti-deformation honeycomb pads that are positioned to ensure maximum water retention, an auto drain for simple water drainage, and more. ONCOOL air coolers are a priced possession during the summer because of their refined elegance, compact design, and air purifying mechanism. Overall, ONCOOL air coolers are unbeatable when it comes to best-in-class features, safety, portability, and simplicity, and the name has become synonymous with ""cooling"" as a result of abundance of good features. Engineering technology and research and development are our main priorities at ONCOOL. The Company offers goods that are market leaders thanks to their innovative design, high energy efficiency, distinctive aesthetic, and customer-focused approach. It offers solutions for inexpensive cooling and comfortable surroundings for the utmost effectiveness, productivity, and wellbeing. With ONCOOL air coolers, breathe in cleaner, healthier, and more breathable air!",1,2022,"Appliances, Electrical, and Electronics Manufacturing",95676212,http://www.linkedin.com/company/oncool,"Jaipur, Rajasthan, India",,https://oncoolinternational.com/,,1/2023,false,https://media.licdn.com/dms/image/v2/D5603AQEMbALM9twdww/profile-displayphoto-scale_400_400/B56Zy8cHBCJgAk-/0/1772688014980?e=1788998400&v=beta&t=vYnH8rq_tHc2Mt28hn_3nCgrOFPCcMfWoOPS33p-p_A,false,I am really optimistic and self motivated to reach any task and like working in challenging environment.,150,2026-08-25 00:00:00.000 +0530,,,,,,,,,,,,,,,,,1255,
Manish Kumar,Manish,Kumar,https://www.linkedin.com/in/manish-kumar-4287546,urn:li:member:19768928,manish-kumar-4287546,Bengaluru,Karnataka,India,"Bengaluru, Karnataka, India",OnePint.ai,Vice President of Product Management,10+yoe_global,member_urn,"OnePint.ai is redefining the way retailers and grocers manage inventory, delivering a unified, real-time view across all locations in a single, intuitive dashboard. By harnessing advanced analytics and predictive technology, our AI-powered solutions automatically prevent stockouts and overstocks—ensuring the right product is always at the right place, at the right time. With powerful, scenario-based simulations, OnePint.ai enables retailers and grocers to make confident, data-driven decisions, optimize profits, and delight customers with consistently great experiences. More than just visibility, OnePint.ai’s intelligent system actively adjusts supply to match demand, automating once-manual tasks and freeing your team to focus on strategic growth. From streamlining operations to boosting ROI, our next-generation solutions turn real-time insights into immediate action—transforming efficiency, profitability, and customer satisfaction across the entire retail network.",18,2025,Software Development,106178791,http://www.linkedin.com/company/onepint-ai,"San Francisco, California, United States","Demand Planning, Supply Planning, Inventory Management, Demand Forecasting, Replenishment, Inventory Planning, Markdown Optimization, Inventory Allocation, Intelligent Decision Making, Simulation & Predictive Analytics, Stockouts & Overstock, Minimize Food Waste, Customer Satisfaction, Supply Chain Management, Inventory Intelligence, Shrink Management, AI Forecasting, and In-Store Technology",https://www.onepint.ai/,,5/2026,false,https://media.licdn.com/dms/image/v2/D5603AQGam1FEc-cpMg/profile-displayphoto-shrink_100_100/profile-displayphoto-shrink_100_100/0/1670894706365?e=1788998400&v=beta&t=KJPhgeBfwclQuciejs-1urNFA3Gae694OjHUnlUO-gE,false,"Results-oriented Product Manager with over 17 years of expertise in driving data-driven digital transformations and managing enterprise applications within the Retail and Logistics industries. Recognized for exemplary work, I excel in executing large-scale programs by conducting comprehensive discoveries, establishing roadmaps, implementing governance structures, and assembling high-performing teams.About Me:In my career journey, I have consistently delivered value by navigating complex digital transformations within the Retail and Logistics sectors. My leadership style centers on fostering strong client partnerships through thought leadership and a consultative approach, guiding enterprise-level digital transformations with a focus on consistent business value delivery.Specializations:With a specialization in end-to-end Supply Chain processes, I bring extensive experience in areas such as Order Orchestration, Order Promising and Sourcing, Store and Warehouse Fulfillment, and last-mile delivery. My expertise extends to some of the best-of-breed Warehouse Management System (WMS) and Order Management System (OMS).Key Accomplishments:Product Management - As the Product Leader for Nextuple Fulfillment Studio, I successfully managed deliveries across multiple teams, demonstrating effective leadership for 40+ engineers organized into different agile teams.Innovation - Pioneered a microservices-based design methodology for Manhattan Associates’ first cloud-native Warehouse Management System (WMS), emphasizing modularity and extensibility.Consulting Services - Worked globally, contributing to solution design and implementation of Warehouse Management and Order Management systems for Supply Chain transformation projects at large enterprise clients.Leadership Roles:Associate Director Product Management (Nextuple Inc) - Led the concept-to-launch of SaaS solutions for Inventory management, Order repository, Order orchestrator, Same-Day Delivery, and Curbside Pickup.Senior Principal Business Analyst (Manhattan Associates) - Product Manager and functional product architect for various modules of Manhattan Active (SaaS) WM product.Business Application Advisor (FedEx Express) - Implemented greenfield and brownfield warehouse on-boarding projects and built a cookie-cutter warehouse management solution.Managing Consultant (Bridge Solutions Group) - Led the implementation of IBM Sterling Warehouse Management and Order Management systems at large enterprise customers and spearheaded talent acquisition processes.",1030,2026-09-01 21:00:56.853 +0530,,,,,,,,,,,,manish.kumar@bridgesgi.com,manish.kumar@bridgesgi.com,,,,1256,
Rajesh Sablok,Rajesh,Sablok,https://www.linkedin.com/in/rajesh-sablok-320589b,urn:li:member:34271880,rajesh-sablok-320589b,Mumbai,Maharashtra,India,"Mumbai, Maharashtra, India","Ongc,Mumbai",GGM,10+yoe_global,member_urn,,178,,Consumer Services,33902640,http://www.linkedin.com/company/ongc-mumbai,"Mumbai, Maharashtra, India",,,,9/2022,false,https://media.licdn.com/dms/image/v2/D4D03AQGhFIk1Cw0Ong/profile-displayphoto-shrink_100_100/profile-displayphoto-shrink_100_100/0/1725208222073?e=1788998400&v=beta&t=nC6bXQkgvxhv-V5utHV7Sy3LGSxRjE7Ex7eg9lC0xxU,false,,711,2026-08-25 00:00:00.000 +0530,,,,,,,,,,,,,,,,,1258,
Sunil Kumar,Sunil,Kumar,https://www.linkedin.com/in/sunil-kumar-3455b217,urn:li:member:58209893,sunil-kumar-3455b217,Mehsana,Gujarat,India,"Mehsana, Gujarat, India",OTBL,Director- ONGC TERI Biotech Limited,10+yoe_global,member_urn,,7,,Environmental Services,96403173,http://www.linkedin.com/company/ongc-teri-biotech,"Delhi Cantonment, Delhi, India",,www.otbl.co.in,Working as Nominee Director on the Board of OTBL,3/2025,false,https://media.licdn.com/dms/image/v2/C4E03AQE5mVCm_kXcmA/profile-displayphoto-shrink_100_100/profile-displayphoto-shrink_100_100/0/1601137244694?e=1788998400&v=beta&t=_TOUhLbh5FPbplRcuqHyow5UaagDFhAY5Tw1fK-7aNY,false,,1623,2026-08-25 00:00:00.000 +0530,,,,,,,,,,,,,,,,,1259,
Shankar Sharan,Shankar,Sharan,https://www.linkedin.com/in/shankarsharan,urn:li:member:14199837,shankarsharan,New Delhi,Delhi,India,"New Delhi, Delhi, India",ONGC Tripura Power Company Ltd,Non Executive Director,10+yoe_indian,member_urn,"Oil & Natural Gas Corporation Ltd. (“ONGC”), a Fortune 500 company of the Government of India, owns significant natural gas reserves in the North Eastern state of Tripura. However, these natural gas reserves were not developed commercially due to low industrial demand in the North-Eastern region. The complexities of logistics and attendant costs limited the economic viability of transportation of gas to other parts of the country where gas is in deficit. In order to optimally utilize the gas available in Tripura and to supply power to the deficit areas of North Eastern States of India, ONGC along with Infrastructure Leasing and Financial Services Limited (IL&FS) and Government of Tripura (GoT) formed a Special Purpose Vehicle ONGC Tripura Power Company (OTPC) by entering into a Shareholders’ Agreement (SHA) on September 18, 2008 to implement a 726.6 MW Combined Cycle Gas Turbine (CCGT) thermal power plant at Palatana, Tripura. The first block (363.3 MW) of the power plant was declared under Commercial Operation from 4th January, 2014 and the second block (363.3 MW) of the two blocks was declared under Commercial Operation from 24th March 2015. BHEL was the EPC contractor for setting up of the power plant. Subsequently in April 2015, India Infrastructure Fund- II (acting through its investment manager ‘IDFC Alternatives Limited’) became an investor in the company by acquiring 23.5% of the equity stake.",214,2008,Oil and Gas,16209462,http://www.linkedin.com/company/ongctripurapowercompanyltd,"Delhi, India",Power Generation,http://www.otpcindia.in,Board Member as ONGC Nominee,7/2024,false,https://media.licdn.com/dms/image/v2/D5603AQHJS4--hJgX3A/profile-displayphoto-shrink_100_100/profile-displayphoto-shrink_100_100/0/1679561394011?e=1788998400&v=beta&t=yLXnr_dLzCj8NMISBUmuubHy0TETq2KmTDvdHg7L3Lg,false,"Experience with a demonstrated history of working in the oil & energy industry. Skilled in Marketing Management, Oil & Gas Production, Petroleum Business and Field Development Activities. Strong Operations professional with a Senior Management Program focused in Management from Indian Institute of Management, Bangalore. Twitter @Shankar59729302",722,2026-08-25 00:00:00.000 +0530,,,,,,,,,,,,,,,,,1260,
Tudu Rushika Banam Balia,Tudu Rushika,Banam Balia,https://www.linkedin.com/in/tudu-rushika-banam-balia-bba85265,urn:li:member:232020286,tudu-rushika-banam-balia-bba85265,Bengaluru,Karnataka,India,"Bengaluru, Karnataka, India",onsemi,Staff Analog Design Engineer,founders,member_urn,"onsemi (Nasdaq: ON) is driving disruptive innovations to help build a better future. With a focus on automotive and industrial end-markets, the company is accelerating change in megatrends such as vehicle electrification and safety, sustainable energy grids, industrial automation, and 5G and cloud infrastructure. With a highly differentiated and innovative product portfolio, onsemi creates intelligent power and sensing technologies that solve the world’s most complex challenges and leads the way in creating a safer, cleaner, and smarter world. Learn more about onsemi at www.onsemi.com.",15396,,Semiconductor Manufacturing,165308,http://www.linkedin.com/company/onsemi,"Scottsdale, Arizona, United States","Energy Efficient Power, LED Lighting, Signal Management, Power Supply Applications, Automotive, Communications, Consumer, Industrial, Medical, and Military/Aerospace",http://www.onsemi.com,,5/2024,false,,false,"I am an honest, persistence and hardworking person with positive attitude towards my career and my life.",2988,2026-08-25 00:00:00.000 +0530,,,,,,,,,,,,,,,,,1261,
Dr.Balen Basu,Dr.Balen,Basu,https://www.linkedin.com/in/dr-balen-basu-921a896,urn:li:member:20586985,dr-balen-basu-921a896,West Bengal,,India,"West Bengal, India",OPSIS SYSTEM PVT LTD,Managing Director,10+yoe_global,member_urn,"OPSIS AB develops, manufactures, and sells instruments and software for monitoring air quality and gas emissions in both ambient environments and industrial processes. We provide measurement solutions for: ambient air quality monitoring (air pollution in outdoor environments) industrial emissions and process gas monitoring laboratory analysis instruments for the food industry and other sectors (LiquidLINE and Liquid Monitoring) Our systems are used by environmental authorities, industrial companies, and laboratories to accurately measure, monitor, and report air pollution and gas emissions. OPSIS operates globally, with direct presence in Sweden, Denmark, and Norway. In other markets, we work through a worldwide network of subsidiaries, distributors, and partners who provide sales, installation, and service support.",181,1985,"Appliances, Electrical, and Electronics Manufacturing",130493,http://www.linkedin.com/company/opsis,"Viken, Halland County, Sweden","Air Quality Monitoring, Continuous Emissions Monitoring, Process Control, Marine Monitoring, and Gas Monitoring",https://www.opsis.se,"Technical Consultation on Remote Sensing and Geographical Information System, with emphasis on Processing satellite images and GIS modeling for various Government organisations. Advising on GIS and Remote Sensing Software eg TNTmips and Photogrammetric Solutions - PHOTOMOD",7/2000,false,https://media.licdn.com/dms/image/v2/C5103AQGbYjxUNHv3Yg/profile-displayphoto-shrink_100_100/profile-displayphoto-shrink_100_100/0/1575795423107?e=1788998400&v=beta&t=qbmYxxpoxs7AgBG1ZMXrZukdn2SzMEjgXojRmP3SOxQ,false,"Dr. Balen Basu – Has an experience since 1995 in the field of GIS and Remote Sensing and has been associated with Computech International, New Delhi, ROLTA India Ltd, PCI Geomatics Canada. Having M.Sc Tech degree (1993) in Applied Geophysics ( Remote Sensing as special paper) from IIT-(ISM) Dhanbad, he earned the doctorate degree from Jadavpur University from the department of Geological Sciences using GIS and Remote Sensing tools for ground water exploration. He is the fellow of council of Scientific and Industrial Research (CSIR 93) He has national and international experience in this field and has been trained in PCI Canada and has traveled USA , Canada, China, Sri Lanka, Thailand, Nepal and Bangladesh on various occasions for various professional reasons. Dr.Basu is the life member of Indian Society of Remote Sensing and Indian Society of Geomatics. He is visiting faculty at School of Ocenography, Jadavpur University and Department of Higher Education, Science & Technology, Government of West Bengal. The main expertise lies in Business development, Technical consultancy, Technology Promotion in the field of Geoinformatics and UAV He is also the Director of OPSIS SYSTEM PVT LTD since 2004.",1143,2026-09-01 21:00:56.853 +0530,,,,,,,,,,,,opsissystem@gmail.com,,,,,1262,
Chandan Kumar Pathak,Chandan Kumar,Pathak,https://www.linkedin.com/in/chandanpathak,urn:li:member:13731390,chandanpathak,Mumbai,Maharashtra,India,"Mumbai, Maharashtra, India",Freelance,Strategic Business Consultant,10+yoe_global,member_urn,,,,,,,,,,"Leveraging over three decades of global experience in the upstream oil & gas industry, I have been offering strategic consulting services to Indian and international clients in areas such as business development, operations optimization, market entry strategies, and technical due diligence. My engagements span advising on growth strategies, product-market fit, and operational efficiency. I also provide mentorship and strategic support to young entrepreneurs and SMEs. As part of my ongoing interest in career development, I published a research paper on the “Dynamic Career Management Model (DCMM),” a holistic framework for navigating modern career trajectories in a fast-evolving global landscape.",1/2022,false,https://media.licdn.com/dms/image/v2/D4D03AQGre2pc8AKAPg/profile-displayphoto-shrink_100_100/profile-displayphoto-shrink_100_100/0/1730396348340?e=1788998400&v=beta&t=TcP5uLkf58K-H7PRGF5tx-tyWAI5fUkOTlKD4SFdftc,false,"An accomplished leader with a 36-year track record in the E&P sector, I bring extensive expertise across both international and domestic arenas. My career is marked by a proven ability to drive exceptional results in highly competitive environments through strategic operations, business development, and financial acumen. Strategic Leadership: Skilled in analyzing key business drivers and developing growth strategies. Proficient in leading change, redesigning business processes, forming strategic alliances, and managing P&L to deliver tangible outcomes. Operational Excellence: Committed to fostering a culture of excellence and achieving sustainable business success. Known for my ability to lead teams to high performance and navigate complex challenges. Author and Thought Leader: Authored six books, including 'Ascending the Summit: A Practical Guide for Career Success' and 'The Beckoning of Gyanganj'. My works span career guidance, romance-fiction, and spiritual thrillers, all available on Amazon. Let's connect and explore opportunities to drive growth and innovation in the oil and gas industry.",358,2026-08-25 00:00:00.000 +0530,,,,,,,,,,,,,,,,,1840,
Saket Saurabh,Saket,Saurabh,https://www.linkedin.com/in/saket-saurabh-05629a81,urn:li:member:290342082,saket-saurabh-05629a81,Bangalore Urban,Karnataka,India,"Bangalore Urban, Karnataka, India",Optym,Principal OR Scientist,6-10yoe_global_indian,member_urn,"Optym delivers efficiency, enhances profitability, and solves complex challenges for transportation and logistics companies though purpose-built optimization software. Trusted by industry leaders and Fortune 500 companies, Optym combines cutting-edge optimization techniques with decades of industry expertise to provide smarter, faster decisions and measurable results. With 25 years of experience and 275+ employees, Optym serves businesses worldwide from its headquarters in Dallas, Texas, and development center in India.",330,2000,Software Development,209828,http://www.linkedin.com/company/optym-,"Coppell, Texas, United States","Optimization, Transportation & Logistics, Trucking, Business Intelligence, Simulation, Analytics, and Automation",https://optym.com/,,1/2025,false,https://media.licdn.com/dms/image/v2/D5603AQGL1LibigQX6g/profile-displayphoto-shrink_100_100/profile-displayphoto-shrink_100_100/0/1699097759645?e=1788998400&v=beta&t=gRQYlFt0XGl7zHmKAzT-vXnQSY5an7xrfAP889vVElg,false,"Optimization and Analytics Scientist with 7+ years of experience solving complex scheduling, routing, and planning problems across mining, railways, cloud systems, and data privacy. Strong background in operations research, mathematical modeling, heuristic design, and scalable optimization system development. Proven experience delivering production-grade solutions, leading technical initiatives, and contributing to patents and research publications. Skilled in C#, Python, Java, R, Gurobi, CPLEX, Xpress, Google OR-Tools, PuLP, SQL, and Excel",147,2026-09-01 21:00:56.853 +0530,,,,,,,,,,,,saket@ismdhanbad.ac.in,saket@ismdhanbad.ac.in,,,,1263,
Rajendra Konidina,Rajendra,Konidina,https://www.linkedin.com/in/rajendra-konidina-001ba113,urn:li:member:47736001,rajendra-konidina-001ba113,Hyderabad,Telangana,India,"Hyderabad, Telangana, India",Orica,"Vice President - Marketing, Asia",10+yoe_global,member_urn,"Our story began in 1874, when we first supplied explosives to the Victorian goldfields in Australia. Since then, we have grown to become one of the world’s leading mining and infrastructure solutions providers. From the production and supply of explosives, blasting systems, mining chemicals and geotechnical monitoring to our cutting-edge digital solutions and comprehensive range of services, we sustainably mobilise the earth’s resources. With 150 years of expertise, our 14,000+ community of engineers, scientists, technologists, operators, business specialists and on-site crew support customers in surface and underground mines, quarry, construction, and oil and gas operations. Sustainability is integral to our operations. Our approach to sustainability begins with ensuring we operate our business responsibly, and by prioritising the safety of our people, customers, and communities. We are in a unique position to leverage our expertise in technology to create safer and more responsible solutions and deliver positive economic, social, and environmental contributions through our business activities.",11271,1874,Mining,7345,http://www.linkedin.com/company/orica,"Carlton, Victoria, Australia","Blasting, Monitoring, Sodium Cyanide, Ground Support, Digital Solutions, Manufacturing, Innovation, and Specialty Mining Chemicals",http://www.orica.com,,6/2025,false,https://media.licdn.com/dms/image/v2/C4D03AQEZ7v7AH5kQZw/profile-displayphoto-shrink_100_100/profile-displayphoto-shrink_100_100/0/1516520595392?e=1788998400&v=beta&t=-aoq-y9mvl5JVzxcN9QkNm_FJQmGau_p11qX1eunjDk,false,,1755,2026-08-25 00:00:00.000 +0530,,,,,,,,,,,,,,,,,1264,
kiran kumar,kiran,kumar,https://www.linkedin.com/in/kiran-kumar-71164b13,urn:li:member:46385725,kiran-kumar-71164b13,Hyderabad,Telangana,India,"Hyderabad, Telangana, India",Orica,"Country Manager & Director, India",10+yoe_global,member_urn,"Our story began in 1874, when we first supplied explosives to the Victorian goldfields in Australia. Since then, we have grown to become one of the world’s leading mining and infrastructure solutions providers. From the production and supply of explosives, blasting systems, mining chemicals and geotechnical monitoring to our cutting-edge digital solutions and comprehensive range of services, we sustainably mobilise the earth’s resources. With 150 years of expertise, our 14,000+ community of engineers, scientists, technologists, operators, business specialists and on-site crew support customers in surface and underground mines, quarry, construction, and oil and gas operations. Sustainability is integral to our operations. Our approach to sustainability begins with ensuring we operate our business responsibly, and by prioritising the safety of our people, customers, and communities. We are in a unique position to leverage our expertise in technology to create safer and more responsible solutions and deliver positive economic, social, and environmental contributions through our business activities.",11271,1874,Mining,7345,http://www.linkedin.com/company/orica,"Carlton, Victoria, Australia","Blasting, Monitoring, Sodium Cyanide, Ground Support, Digital Solutions, Manufacturing, Innovation, and Specialty Mining Chemicals",http://www.orica.com,"Strategic Leadership & Business Growth Market Expansion | P&L Accountability | Customer Relations Operational Excellence & Safety SHES Advocacy | Supply Chain & Manufacturing | Technology Deployment Regulatory, Legal & Governance Statutory Compliance | Government Relations People & Culture Talent Development | Corporate Culture. Orica's global values: Safety, Respect, Collaboration, Excellence, and Integrity.",6/2026,false,https://media.licdn.com/dms/image/v2/D5603AQGu0qyz7ZZ7mg/profile-displayphoto-scale_100_100/B56ZkzpzoSJ0Ac-/0/1757508222183?e=1788998400&v=beta&t=DOPWCDFWCGVjOEUZf-G8qVHNFktlfeYjOAPlz9tT0iA,true,"I believe that great businesses are built at the intersection of bold strategy and genuine human connection.With nearly two decades of cross-industry experience, I have had the privilege of leading businesses through growth, transformation, and complexity — always with a sharp focus on sustainable P&L performance and long-term value creation. My journey across industries has given me a rare vantage point: the ability to bring fresh thinking into every room I walk into, while staying deeply grounded in what truly drives results.Today, I am proud to lead Orica’s operations in India as Country Manager — stepping into a role that sits at the heart of one of the world’s most dynamic and essential industries. Orica’s global leadership in commercial explosives and blasting systems, combined with India’s extraordinary growth story in mining and infrastructure, makes this an incredibly exciting moment to be in this seat.Throughout my career, what has remained constant is my belief that strategy without execution is just a wish, and execution without people is just a machine. I strive to be a leader who brings clarity to complexity, builds teams that are energized and accountable, and creates partnerships with customers and stakeholders that go beyond transactions.I am deeply grateful to the mentors, sponsors, and colleagues who have shaped my thinking and challenged me to grow — and equally excited about the chapters ahead.If you are in the mining, infrastructure, or resources space in India or globally — or simply share a passion for building things that matter — I’d love to connect. Let’s talk.",775,2026-08-25 00:00:00.000 +0530,,,,,,,,,,,,,,,,,1264,
Raviraj U,Raviraj,U,https://www.linkedin.com/in/ravirajuppar,urn:li:member:366482422,ravirajuppar,Hospet,Karnataka,India,"Hospet, Karnataka, India",Orica,Customer Service Representative,founders,member_urn,"Our story began in 1874, when we first supplied explosives to the Victorian goldfields in Australia. Since then, we have grown to become one of the world’s leading mining and infrastructure solutions providers. From the production and supply of explosives, blasting systems, mining chemicals and geotechnical monitoring to our cutting-edge digital solutions and comprehensive range of services, we sustainably mobilise the earth’s resources. With 150 years of expertise, our 14,000+ community of engineers, scientists, technologists, operators, business specialists and on-site crew support customers in surface and underground mines, quarry, construction, and oil and gas operations. Sustainability is integral to our operations. Our approach to sustainability begins with ensuring we operate our business responsibly, and by prioritising the safety of our people, customers, and communities. We are in a unique position to leverage our expertise in technology to create safer and more responsible solutions and deliver positive economic, social, and environmental contributions through our business activities.",11271,1874,Mining,7345,http://www.linkedin.com/company/orica,"Carlton, Victoria, Australia","Blasting, Monitoring, Sodium Cyanide, Ground Support, Digital Solutions, Manufacturing, Innovation, and Specialty Mining Chemicals",http://www.orica.com,,8/2022,false,,false,Customer Service Representative. Sales Lifecycle Manager. Professional Blasting Engineer. Certified Tunnelling Engineer. Mining Graduate.,3308,2026-08-25 00:00:00.000 +0530,,,,,,,,,,,,,,,,,1264,
Ramendranath Halder,Ramendranath,Halder,https://www.linkedin.com/in/ramendranath-halder-b7644280,urn:li:member:287737866,ramendranath-halder-b7644280,,,Greater Kolkata Area,Greater Kolkata Area,SETGOI,Assistant Professor,6-10yoe_global_indian,member_urn,,,,,,,,,,,8/2017,false,,false,,371,2026-08-25 00:00:00.000 +0530,,,,,,,,,,,,,,,,,2440,
NITISH KUMAR,NITISH,KUMAR,https://www.linkedin.com/in/nitish-kumar-10b21394,urn:li:member:334953947,nitish-kumar-10b21394,Patna,Bihar,India,"Patna, Bihar, India",RailFeast,Chief Executive Officer,6-10yoe_global_indian,member_urn,RailFeast is an E-catering service provider that delivers hot and delicious food in trains right at your berth sourced only from the trusted FSSAI-approved restaurants across India.,7,2020,Food and Beverage Services,80525114,https://in.linkedin.com/company/railfeast,"Patna, Bihar, India",,https://www.railfeast.com,,2/2022,false,https://media.licdn.com/dms/image/v2/C5603AQEvvQE4ykAwXQ/profile-displayphoto-shrink_100_100/profile-displayphoto-shrink_100_100/0/1613029407550?e=1788998400&v=beta&t=0OCfpTkAcQibxhujSs-r8QjfIrDX0i6156OjyoNUl1Q,false,"I had been working as Business Head in an e-commerce company for the last 6 years but my appetite to solve real-life problems which can make millions of lives a bit better led me to start my entrepreneurial journey. Based out of Patna(Bihar), I aim to put my city on the global startup map. I have led and motivated individuals and teams to redefine the threshold of their potential. I like to challenge the status quo and this has immensely benefitted me to help foster change. As a native of Bihar, I share a deep attachment and sense of responsibility towards my state and its people. I strongly believe that Bihar, and other states like it, need to progress if India is to become a developed nation, and it pains me to see Bihar ranking low on crucial parameters such as poverty, employment, and education. With this passion for creating positive change in Bihar, I have founded RailFeast, a company aimed at providing healthy and affordable meals to millions of railway passengers across the country. Through RailFeast, I hope to bring a significant change in the lives of people in the next 5 years. While I acknowledge that there is still much work to be done to improve the conditions in Bihar, I am committed to doing my part in making the state more prosperous and vibrant. I am determined to bring my skills and experience in business to bear on these challenges and to work towards creating a better future for Bihar and its people. I invite like-minded individuals and organizations to join me in this mission, and I am excited to collaborate and partner with anyone who shares my vision of a more prosperous and equitable Bihar. Together, we can make a significant impact and create a better future for all.",375,2026-08-25 00:00:00.000 +0530,,,,,,,,,,,,,,,,,253,
Vivek R.,Vivek,R.,https://www.linkedin.com/in/vivek-rastogi-product-manager,urn:li:member:617607456,vivek-rastogi-product-manager,Noida,Uttar Pradesh,India,"Noida, Uttar Pradesh, India",Info Edge India Ltd,AI Innovations,6-10yoe_global_indian,member_urn,"Info Edge, India’s premier online classifieds company is fundamentally in the matching business. The umbrella brand has an online recruitment classifieds, www.naukri.com– India’s No. 1 Jobsite with over 75% traffic share, a matrimony classifieds, www.jeevansathi.com, a real estate classifieds, www.99acres.com– India’s largest property marketplace and an education classifieds, www.shiksha.com Find out more about the Company at www.infoedge.in At Info Edge we celebrate the spirit of new ideas and how we can create transformational experiences for the consumers using Data and Technology. While the Company has been growing at the anvil of Product, Technology, Design and Technology, in order to ensure that the most relevant products get matched to the consumer needs, the Company is increasingly turning towards Artificial Intelligence, Machine Learning and Deep Learning. We are now setting up a next generation Research Lab to build capability within the organization to solve large complex problems which can be game changer. The Research Lab will leverage Data Science to innovate, disrupt and solve for key business problems, and lay foundation for our next-gen products. It will develop complex, scalable search and matching algorithms leveraging the vast amount of available user data available across our different platforms. About Info Edge: Info Edge (India) Limited (NSE: NAUKRI) is among the leading internet companies in India. With a network of 62 offices located in 43 cities throughout India, Info Edge has 4,049 employees engaged in innovation, product development, integration with mobile and social media, technology and technology updation, research and development, quality assurance, sales, marketing and payment collection. http://www.infoedge.in/research.asp",5769,1995,"Technology, Information and Internet",5944,https://www.linkedin.com/company/info-edge-india-ltd,"Noida, Uttar Pradesh, India","online recruitment, matrimonial, real estate & education classifieds, Education, Data Science, and Artificial Intelligence",http://www.infoedge.in,"One of the largest AI Labs Driving growth and new revenue through 0 1 AI products Owning monetization, product strategy, and AI-led initiatives",6/2025,false,https://media.licdn.com/dms/image/v2/D4E03AQEXa1WGvMvYyw/profile-displayphoto-shrink_100_100/profile-displayphoto-shrink_100_100/0/1714325991120?e=1788998400&v=beta&t=0HBOMqpDtH_jp8HjBB92NxRBMlu857M0CexKYR9Zkqg,false,"AI Product Leader at Info Edge, building and scaling 0 1 AI products across AI innovation, data products, and agentic systems that drive growth and new revenue streams.Currently leading and launching AI-led bets to unlock new revenue across Info Edge’s ecosystem, from early prototypes to production-scale systems.Independently building and scaling 0 1 AI products end-to-end, from idea to production systems, owning product strategy, execution, and outcomes.Previously built 0 1 products across early-stage startups and scaled environments, working closely with founders and serial enterpreneus..Experience spans product strategy, execution, and growth, with a bias for shipping fast, learning from users, and driving measurable outcomes.",373,2026-08-25 00:00:00.000 +0530,,,,,,,,,,,,,,,,,552,
Mohammad Fahad Hasan,Mohammad Fahad,Hasan,https://www.linkedin.com/in/mohammad-fahad-hasan-3221b717a,urn:li:member:711153674,mohammad-fahad-hasan-3221b717a,Bengaluru,Karnataka,India,"Bengaluru, Karnataka, India",ORMAE,Senior Data Scientist,founders,member_urn,"Who we are: ORMAE is Founded and Headed by Dr. Amit Garg who holds the Guinness World record for mental mathematics. ORMAE is backed by 3 angel investors who are resident of UAE & Canada. He has over a decade of industry experience in Optimization/Analytics area in leading MNCs in USA like Amazon, Genesys, Penske, and Progressive Insurance. Our team includes top Professional Operations Research and Data Scientists with stellar pedagogy across the world. Along with Amit, the team had worked and provided solutions in various sectors and business functions such as Logistics and Transportation, Automotive, Retail, e-Commerce, ITeS, Healthcare and Pharmaceutical Industry. ORMAE was established in 2016 with registered offices in India, UAE and US. It is specialized in developing bespoke algorithms in Operations Research, Optimization and Data Science with end-to-end capabilities to integrate them and provide client specific IT solutions. It typically works on problems which are complex, non-standard, and hence not served by standard tools and methods used by the industry. We have helped 40+ clients including 10+ fortune 500 clients on 100+ Optimization & Data Science projects across the globe including USA, Germany, UAE, Saudi Arabia, Japan & India. We serve large, mid & small enterprises including startups, with majority of our clients being market leaders and unicorns. ORMAE's innovative product RouteCap can build optimal delivery route and dynamic gantt chart for multi-depot routing optimization problem. Gurobi Premier Partner: https://www.gurobi.com/partners/consulting-services/premier-partners/ YouTube Channel: https://youtu.be/Xd0oqw6H4PQ",88,2016,Business Consulting and Services,10776555,http://www.linkedin.com/company/ormae,"Bengaluru, Karnataka, India","Operations Research, Analytics, Machine Learning, Deep Learning, Industrial Engineering, Supply Chain, and Data Science",http://www.ormae.com,,9/2023,false,,false,"A data scientist with a strong passion for products and a background in startups. I love using data and AI to create innovative solutions that bring value to users and businesses alike. I specialize in leveraging the power of data and artificial intelligence to build remarkable products. From developing forecasting solutions to building IoT devices, I thrive on the intersection of technology and creativity. A product innovator. I've had the privilege of contributing to projects that push the boundaries of what's possible, from concept to execution. I believe in the transformative potential of AI and data-driven insights to create products that stand out in the market. Having been a part of startup environments, I understand the hustle and excitement that comes with building something from the ground up. I bring that entrepreneurial spirit into my work, embracing challenges with enthusiasm and a can-do attitude. I'm always eager to connect with fellow enthusiasts, whether you're into data science, product development, or just want to chat about the latest tech trends. Let's collaborate and bring exciting ideas to life!",3472,2026-08-25 00:00:00.000 +0530,,,,,,,,,,,,,,,,,1266,
Vivek Oraon,Vivek,Oraon,https://www.linkedin.com/in/vivek-oraon,urn:li:member:677871789,vivek-oraon,Mumbai,Maharashtra,India,"Mumbai, Maharashtra, India",Oyster Renewable Energy Pvt Ltd,Manager - Corporate Strategy,founders,member_urn,External link for Oyster Renewable Energy Pvt Ltd,41,2022,Renewable Energy Power Generation,96027257,http://www.linkedin.com/company/oyster-renewable,"Mumbai, Maharashtra, India",,www.oysterrenewable.com,CEO & MD's Office,5/2026,false,,true,,3771,2026-08-25 00:00:00.000 +0530,,,,,,,,,,,,,,,,,1267,
Dr. Rutesh Savalia,Dr. Rutesh,Savalia,https://www.linkedin.com/in/rutesh-savalia,urn:li:member:171561820,rutesh-savalia,Ahmedabad,Gujarat,India,"Ahmedabad, Gujarat, India",PARAGON FINE & SPECIALITY CHEMICAL LIMITED,Director,6-10yoe_global_indian,member_urn,"Paragon Fine and Speciality Chemical Pvt Ltd was established with a view to embark its presence through its innovation. We are the leading intermediate manufacturer in the field of Speciality chemicals for Dyestuff, Agrochemicals, Pigments and Pharmaceuticals.",21,2000,Chemical Manufacturing,80103320,http://www.linkedin.com/company/paragonind,"Ahmedabad, Gujarat, India",,http://www.paragonind.com,,5/2020,false,https://media.licdn.com/dms/image/v2/D4D03AQFI8qgATXmldA/profile-displayphoto-shrink_100_100/profile-displayphoto-shrink_100_100/0/1720859960201?e=1788998400&v=beta&t=BSuSdzT9FBYahYBJE6b-6bNoi993uq4n1Cz2cKISh6A,false,"We are leading manufacturer in the field of Specialty Chemicals with strong Research & Development team. We are dealing mainly in manufacturing of Speciality Organic Chemicals as intermediates for Dyestuff, Pigment, Pharmaceutical, Paint and Polymer industry.",325,2026-08-25 00:00:00.000 +0530,,,,,,,,,,,,,,,,,1268,
Akhil Bhatt,Akhil,Bhatt,https://www.linkedin.com/in/akhil-bhatt-383a741b2,urn:li:member:832744467,akhil-bhatt-383a741b2,Bengaluru,Karnataka,India,"Bengaluru, Karnataka, India",Paylocity,Product Manager,founders,member_urn,"Paylocity (NASDAQ: PCTY) is an award-winning provider of cloud-based HR, payroll and spend management software solutions. At Paylocity, we’re more than a leading HR, payroll, and spend management technology provider—we’re a company driven by a simple truth: People matter most. Since 1997, we’ve been partnering with organizations to create workplaces where employees thrive, and businesses excel. From our thousands of team members to the millions who use our platform, caring is in our DNA. For more information, visit www.paylocity.com.",6909,1997,Software Development,24614,http://www.linkedin.com/company/paylocity,"Schaumburg, Illinois, United States","Human Resources, Human Capital Management, HRIS, Payroll and Tax Services, HR Compliance, HR Data Analytics, Talent Acquisition and Retention, Employee Engagement, Workforce Planning, Onboarding, Employee Training and Learning, Performance Management, Employee Scheduling, HR Management, SaaS Business Software, Salary Planning and Budgeting, Benefits Administration, HR Technology Solutions, Time and Attendance, PEO, Payment Solutions, VidGrid, Work From Anywhere, Learning and Development, Employee Recognition, Mobile HR, Payroll, HR Tech, Video Learning, On Demand Payment, and Expense Management",https://www.paylocity.com,Building file exchange product line,8/2025,false,,false,Solving problems and building products that make workflows efficient.,1801,2026-08-25 00:00:00.000 +0530,,,,,,,,,,,,,,,,,1270,
Vikky Kumar,Vikky,Kumar,https://www.linkedin.com/in/vikky-kumar-0b5827126,urn:li:member:521605577,vikky-kumar-0b5827126,Bengaluru,Karnataka,India,"Bengaluru, Karnataka, India",Paytm,Business Analyst,founders,member_urn,"Earn Gold Points on every payment using Paytm, redeem into Digital Gold. A simple way to save more. Built for Atmanirbhar Bharat. #PaytmKaro❤️ Link your bank account on the Paytm app and get your new UPI ID today",29920,,Financial Services,2340144,http://www.linkedin.com/company/paytm,"Noida, Uttar Pradesh, India","Mobile Payments, Financial Services, E-Commerce, Lending, and Insurance",https://www.paytm.com,"Designed and maintained Looker dashboards to monitor the end-to-end personal loan funnel, enabling real-time visibility for business and product teams. Collaborated with Data Engineering & Product to improve data accuracy and consistency across the lending journey. Built a 5% deviation alerting mechanism that auto-notifies stakeholders when funnel metrics fall below monthly averages. Delivered analytical support for growth, finance, and call center teams — including trend diagnosis, retargeting cohorts, and disbursal reports. Strengthened funnel performance by identifying leakages, irregular patterns, and product-level gaps.",10/2023,false,,false,"Business Analyst with 5+ years of experience across FinTech, D2C, and Manufacturing, skilled in turning raw data into clear business insights that improve decision-making, product performance, and operational efficiency. I’ve worked directly with C-level leadership, built end-to-end data workflows, automated reporting pipelines, and created dashboards that are actively used by business, product, operations, and finance teams. My experience spans: Funnel analytics · ETL pipelines · Cohort analysis · Production & operations planning · Growth data · Retention strategy · Payment analytics · Python · SQL · Excel · Looker · Hive · Power BI I enjoy solving unstructured problems, building scalable data systems, and enabling data-backed decision-making across fast-moving teams.",2618,2026-08-25 00:00:00.000 +0530,,,,,,,,,,,,,,,,,1271,
Abhishek A.,Abhishek,A.,https://www.linkedin.com/in/abhishek-anand90,urn:li:member:55332226,abhishek-anand90,New Delhi,Delhi,India,"New Delhi, Delhi, India",Paytm,Vice President,10+yoe_indian,member_urn,"Earn Gold Points on every payment using Paytm, redeem into Digital Gold. A simple way to save more. Built for Atmanirbhar Bharat. #PaytmKaro❤️ Link your bank account on the Paytm app and get your new UPI ID today",29920,,Financial Services,2340144,http://www.linkedin.com/company/paytm,"Noida, Uttar Pradesh, India","Mobile Payments, Financial Services, E-Commerce, Lending, and Insurance",https://www.paytm.com,,4/2026,true,https://media.licdn.com/dms/image/v2/C5103AQGKJirOFrWlfQ/profile-displayphoto-shrink_100_100/profile-displayphoto-shrink_100_100/0/1536082322499?e=1788998400&v=beta&t=WsiSLtntjGqaKAPVGho2V4SD_Mlp3sXf_LVsFq2uAoU,false,"Fintech strategy and international expansion leader with 13+ years of experience across Paytm, BCG, and Shell, working at the intersection of payments, merchant acquiring, embedded SME lending, and cross-border partnerships. Over the last few years, I have focused on building market entry strategy, designing regulatory-compliant operating models, structuring high-value partnerships, and working closely with fintechs, acquirers, etc. My work spans merchant acquiring, embedded credit, SaaS partnerships, and go-to-market strategy. Earlier in my career at BCG, I advised Fortune 500 CXOs on strategy, transformation, pricing, and large-scale execution programs, helping organizations convert complex analysis into measurable business outcomes. This foundation continues to shape how I approach fintech, combining structured thinking, commercial rigor, and execution discipline. I enjoy conversations around: - Fintech strategy, payments, and embedded lending - Market entry and international expansion - Partnerships between ecosystems players - Regulatory and operating models across regions. Always happy to connect and exchange perspectives around fintech, payments and credit.",1213,2026-08-25 00:00:00.000 +0530,,,,,,,,,,,,,,,,,1271,
Smritinjoy Das,Smritinjoy,Das,https://www.linkedin.com/in/smritinjoy-das-8695837a,urn:li:member:282098961,smritinjoy-das-8695837a,,,India,India,Paytm (One97 Communications Ltd.),Director of Product Management,6-10yoe_global_indian,member_urn,"Earn Gold Points on every payment using Paytm, redeem into Digital Gold. A simple way to save more. Built for Atmanirbhar Bharat. #PaytmKaro❤️ Link your bank account on the Paytm app and get your new UPI ID today",29920,,Financial Services,2340144,http://www.linkedin.com/company/paytm,"Noida, Uttar Pradesh, India","Mobile Payments, Financial Services, E-Commerce, Lending, and Insurance",https://www.paytm.com,"Own P2M consumer roadmap for 17M+ DAUs leading the product team across growth, monetization, reliability, and regulatory compliance",4/2025,false,https://media.licdn.com/dms/image/v2/C4E03AQGx4gnC7p3E5A/profile-displayphoto-shrink_100_100/profile-displayphoto-shrink_100_100/0/1516761857283?e=1788998400&v=beta&t=AWmLorCNaFKo-t-Odv1j0NwE76YMPzpRuDAHAxr1m5E,false,,2700,2026-08-25 00:00:00.000 +0530,,,,,,,,,,,,,,,,,1271,
Avinash,Avinash,,https://www.linkedin.com/in/avinash-b904a8194,urn:li:member:765630108,avinash-b904a8194,Bengaluru,Karnataka,India,"Bengaluru, Karnataka, India",Paytm,SSE,founders,member_urn,"Earn Gold Points on every payment using Paytm, redeem into Digital Gold. A simple way to save more. Built for Atmanirbhar Bharat. #PaytmKaro❤️ Link your bank account on the Paytm app and get your new UPI ID today",29920,,Financial Services,2340144,http://www.linkedin.com/company/paytm,"Noida, Uttar Pradesh, India","Mobile Payments, Financial Services, E-Commerce, Lending, and Insurance",https://www.paytm.com,"Working on scalable backend and AI-driven automation systems for Paytm’s digital lending platform, primarily focused on Loan Against Mutual Funds (LAMF). Key Contributions: -> Built scalable Golang microservices powering lending journeys for 2M+ users -> Engineered fault-tolerant event-driven workflows processing 50K+ loan events/day using Amazon SQS and asynchronous worker pools -> Developed GoFSM-based loan lifecycle orchestration systems across LOS/LMS workflows -> Built an AI-native, LLM-powered multi-agent SDLC automation platform enabling autonomous PRD-to-deployment execution with AI-driven design, code generation, testing, PR orchestration, and SIT deployment automation -> Reduced manual engineering effort by 70% and accelerated release velocity by 70% Tech Stack: Golang, AWS, Amazon SQS, Distributed Systems, Microservices, LLMs, Agentic AI, PostgreSQL, Redis",9/2025,false,,false,"As a Senior Software Engineer currently at Paytm, I built scalable Golang-based lending systems and AI-native automation platforms powering large-scale financial workflows. Built Golang-based lending systems powering LAMF journeys for 2M+ users Engineered event-driven workflows processing 50K+ loan events/day Developed an AI-native, LLM-powered multi-agent SDLC automation platform reducing manual effort by 60% Built high-throughput inventory systems handling 17M+ products across 304K stores Processed 400K+ real-time events/day and led migration of 11M+ users to cloud-native platformsCore expertise:Distributed Systems Golang Java Spring Boot AWS Kafka Kubernetes Microservices LLMs Agentic AI Star Performer at Paytm | Jio Employee Recognition Award",2615,2026-08-25 00:00:00.000 +0530,,,,,,,,,,,,,,,,,1271,
Shreyans Jain,Shreyans,Jain,https://www.linkedin.com/in/shreyansjain-iitdhn,urn:li:member:443175470,shreyansjain-iitdhn,Gurgaon,Haryana,India,"Gurgaon, Haryana, India",Peeko,Director,6-10yoe_global_indian,member_urn,External link for Peeko,37,2025,"Technology, Information and Internet",108397719,http://www.linkedin.com/company/peekonow,,,https://peekonow.com/,,8/2026,false,https://media.licdn.com/dms/image/v2/D5603AQHQbHYFXj8aMQ/profile-displayphoto-shrink_100_100/profile-displayphoto-shrink_100_100/0/1727375489849?e=1788998400&v=beta&t=tO4RYbKKmpNGsq_lnE7vYYnC_dZd5Qqp9L-TzIvjFHQ,true,"Growth operator with experience across consumer internet — marketplaces (Zomato, Urban Company), services categories (Home Painting, Men’s Grooming), and international markets (OYO UK).At Zomato, I work across the full growth stack: new user acquisition, delivery partner onboarding, lapsed user resurrection, promo and feature marketing, product marketing, CRM/lifecycle, and growth analytics. Earlier, I built referral and viral loops (OYO UK) and scaled new service categories from early stages to scale (Urban Company).I’m most drawn to high-consideration categories, 0 1 launches, and growth problems that need a systems answer rather than a campaign answer.",374,2026-08-25 00:00:00.000 +0530,,,,,,,,,,,,,,,,,1272,
Harsh Gupta,Harsh,Gupta,https://www.linkedin.com/in/harsh-gupta-932778320,urn:li:member:1363510838,harsh-gupta-932778320,Ranchi,Jharkhand,India,"Ranchi, Jharkhand, India",PetNest,Founding Partner,founders,member_urn,"PetNest is a mobile-first platform dedicated to solving the critical problem of market fragmentation within India's rapidly expanding pet care industry. Pet owners in urban and semi-urban areas frequently face significant challenges in accessing timely and reliable services, leading to owner frustration and compromised pet health. PetNest aims to bridge this gap by becoming the ""trusted digital home for every pet owner,"" integrating all essential needs under one unified app",7,2025,"Technology, Information and Internet",109821781,http://www.linkedin.com/company/petnestapp,"Dhanbad, Jharkhand, India","Petcare service, PetNest App, PetNest, Beat Pet care service, start up, and Pet Parents",https://official-petnest.vercel.app/,,12/2025,false,,true,,3801,2026-08-25 00:00:00.000 +0530,,,,,,,,,,17,28,,,,,,1273,
Divyanshu Vyas,Divyanshu,Vyas,https://www.linkedin.com/in/divyanshu-vyas,urn:li:member:525556021,divyanshu-vyas,Bengaluru,Karnataka,India,"Bengaluru, Karnataka, India",Petroleum From Scratch,Founder & Energy Data Scientist,founders,member_urn,"Honest word. If you're a Petroleum Engineering student or an aspiring Petroleum Engineer, you cannot afford to depend on your curriculum because the Industry is changing, and it might take time to reflect in your Syllabus. We've faced this gap, and it is our sincere effort, to bridge it from what we've learnt, thus far. We'll try to cover the various aspects of the oil and gas industry, BUT! In a language, everyone can understand. The place you can go to, whenever you get stuck with doubt. Spend time, Stay connected with us and you'll get to learn all the new skills and concepts that you'll need to stay Up-Beat. We're Petroleum from Scratch. YouTube channel - https://www.youtube.com/channel/UC_lT10npISN5V32HDLAklsw/about?view_as=subscriber",7,,Oil and Gas,68279657,http://www.linkedin.com/company/petroleum-from-scratch,"Bengaluru, Karnataka, India","Oil and Gas, Petroleum Engineering, Well testing, Reservoir, Petroleum, Production engineering, Drilling, and Well Logging",https://www.youtube.com/channel/UC_lT10npISN5V32HDLAklsw/about?view_as=subscriber,"Laid the Foundation of the First Community Focused Mentorship Platform for the Oil + Energy + Analytics Industry. Right since then, I along with the team have been Mentoring the Oil and Gas Community on Python, Machine Learning and Domain relevant concepts. Impact: - 1000+ Students + Professionals Trained - Approx 1M Views on YouTube - 100s of Job Transitions and Job Opportunities Converted for our learners.",7/2020,false,,false,"(ALL VIEWS ARE MY OWN) Work Experience: 1. High Performance Computing Researcher @ Shell (Current) 1. Data Science Researcher @ Shell (Previous) 2. Data Scientist @ Accenture AI 3. Founder + Energy Data Scientist @ Petroleum From Scratch (July 2020 - Present) 4. Machine Learning Consultant (Oil & Gas) @ Dicelytics (Sept 2020 - June 2021) 5. Subsurface Data Analyst @ L&T Infotech (2018-19) Ranks & Merits: 1. ONGC Merit Rank 2 for AEE Production 2. All India Rank 17 in GATE 2020. Brief: Machine Learning & Data Analytics Consultant- Oil & Energy Projects and a Community mentor for Python and Data Sciences for the Oil Industry. Continuously working towards developing the brain with a perfect mix of Physics, Mathematics and Data Sciences. Demonstrated Teaching & Mentoring Experience: -I've spoken at and delivered the following courses - 1. SPE UOB, Algeria : Python and Machine Learning Internship (6 Weeks). 2. SPE University of North Dakota : Project Based ML Webinar 3. IIT ISM Dhanbad : FIPI Chapter : Applications of Machine Learning in O&G 4. PDEU Gandhinagar : FIPI : Reservoir Simulation in Python, And ML. 5. SPE PDEU : Young Guns Connect. 6. SPE MIT WPU : Data as the Future in the Industry, the importance of Self Branding. 7. JNTU Kakinada : GATE Motivation. 8. LPU : Intro to Petroleum Data Analytics 9. SPE Young Professionals Machine Learning Workshop (Baghdad) 10. SPE/SPG/EAGE : IFP School, France : Project Based Machine Learning Workshop to Petroleum Engineers. 11. SPE Astana Section : Month Long Training on Python & Analytics for Oil & Gas 12. SPWLA Oklahoma Uni. - Petroleum Data Analytics MiniCamp 13. Persian Gulf University - A 3 Month Course on Energy Data Science 14. SPE RWTH Aachen University - Introduction to Energy Data Science 15. SPE IIT ISM Dhanbad - Fundamentals of ML Workshop (2 Weekends) 16. AAPG IIT Bombay Student Chapter - Python For Oil & Gas (4 Session Workshop) 17. AI for Predictive Asset Maintenance in the Oil & Gas Industry - dPhi LIVE 18. Statistics + Data Science + Python @ Analytics Vidhya 19. AI ML Integration x Oil & Gas Industry @ FIPI IIT-ISM 20. From Regression to LLMs and Generative AI - Analytics Vidhya",3225,2026-08-25 00:00:00.000 +0530,,,,,,,,,,,28,,,,,,1275,
Jaiyesh Chahar,Jaiyesh,Chahar,https://www.linkedin.com/in/jaiyesh-chahar-9b3642107,urn:li:member:452464407,jaiyesh-chahar-9b3642107,Bengaluru,Karnataka,India,"Bengaluru, Karnataka, India",Petroleum From Scratch,Co-Founder,founders,member_urn,"Honest word. If you're a Petroleum Engineering student or an aspiring Petroleum Engineer, you cannot afford to depend on your curriculum because the Industry is changing, and it might take time to reflect in your Syllabus. We've faced this gap, and it is our sincere effort, to bridge it from what we've learnt, thus far. We'll try to cover the various aspects of the oil and gas industry, BUT! In a language, everyone can understand. The place you can go to, whenever you get stuck with doubt. Spend time, Stay connected with us and you'll get to learn all the new skills and concepts that you'll need to stay Up-Beat. We're Petroleum from Scratch. YouTube channel - https://www.youtube.com/channel/UC_lT10npISN5V32HDLAklsw/about?view_as=subscriber",7,,Oil and Gas,68279657,http://www.linkedin.com/company/petroleum-from-scratch,"Bengaluru, Karnataka, India","Oil and Gas, Petroleum Engineering, Well testing, Reservoir, Petroleum, Production engineering, Drilling, and Well Logging",https://www.youtube.com/channel/UC_lT10npISN5V32HDLAklsw/about?view_as=subscriber,"We're a group of average people aiming to put together a one stop shop for all Petroleum Engineering undergrads/grads. Mentoring the Oil and Gas Community on Python, Machine Learning and Domain relevant concepts to stay updated with the industry and basic revision snippets to sharpen the skills.",7/2020,false,,false,"ML Lead. 5+ years building AI systems end to end that actually run in production. Not just models, not just demos.I started in petroleum engineering (IIT ISM Dhanbad, M.Tech), learning to think in physics before touching data. My first role was physics-assisted ML for reservoir simulation and production forecasting, work where domain understanding isn't optional. It got published in the Journal of Petroleum Science and Engineering.Then 3+ years at Siemens. Defective part detection for Ford Motors, processing 10TB+ of image data a day inside a 5-second window on NVIDIA Triton, MQTT and PyTorch. Drone vision and satellite change detection for NEOM smart city, plus a service template 10+ use case owners deployed on. Dielectric fluid leak detection for Con Edison using LSTM and Random Forest. Along the way, 2 patents and Siemens' Newcomer Inventor of the Year award.Now I lead AI engineering at Zensar. Most of my time goes to a Fortune 500 healthcare client: a meal recommendation engine built as a LangGraph agent pipeline on AWS Bedrock, where a rule-based layer re-checks every LLM suggestion against clinical limits before a patient sees it, and HEIDI, a multilingual chat platform where generated SQL runs against row-level-security views tied to the logged-in user. I also tech lead a weld inspection platform for Jindal Tubular USA on H100 GPUs, Vision Transformers and EfficientNet, live on their shop floor.The pattern: I don't trust models to be right. I build the checks around them.I'm also building InterviewValley.com solo, a real-time voice AI interview platform now in production for hiring teams and candidates. Deepgram STT to LangGraph to ElevenLabs TTS, on FastAPI, Next.js, MongoDB and Postgres.Outside the job: 4 research papers and co-founder of Petroleum from Scratch, an e-learning venture for engineers picking up data science. I teach through university guest lectures, webinars on AI Planet and Analytics Vidhya, and mentoring in Python and ML.I'm a generalist who goes deep. Oil and gas, automotive, energy, manufacturing, smart cities, healthcare. I can walk into a new domain, understand the physics of the problem, and build the system that solves it.Core stack: Python · PyTorch · LangGraph · FastAPI · Next.js · Kubernetes · Docker · AWS Bedrock · Azure OpenAI · NVIDIA Triton · RAG · Computer Vision · MLOps · GenAIGATE 2019 AIR 64 · 4 Research Papers · 2 Patents · Top 5 AI Contributor India 2023 · Siemens Newcomer Inventor 2024 · XED'24 Innovation Winner · Top 5 Zensar AI Hackathon 2025Opinions expressed here are my own.",3224,2026-08-25 00:00:00.000 +0530,,,,,,,,,,,28,,,,,,1275,
Rahul Shukla,Rahul,Shukla,https://www.linkedin.com/in/rahul-shukla-67574919,urn:li:member:64546937,rahul-shukla-67574919,Bengaluru,Karnataka,India,"Bengaluru, Karnataka, India",Intelisa,Co-Founder & CTO,founders,member_urn,"- Intelisa is a patented intelligent digital signage technology that helps amplify sales and communication effectiveness across retail, OOH, among other sectors. Intelisa helps move from static communication (like posters, flexes, etc) to digital, with a host of advanced and intelligent features. - We are a tech startup incubated and backed by the Department of Science & Technology, Government of India, through its IoT incubator - Our core team comprises of tier 1 Business school/ technology school alumni and, to its credit, has a combined experience of over 50 years in internet of things, business incubations and core R&D engineering, along with 25+ patents and 50+ published international research papers.",13,,Computer Networking Products,35708850,http://www.linkedin.com/company/intelisa-iot,"Pickering, Ontario, Canada","digital signage, digital signage technology, Digital OOH, and IoT",https://intelisa.in,,4/2020,false,,false,,3526,2026-08-25 00:00:00.000 +0530,,,,,,,,,,17,28,,,,,,1127,
Dr.Biswajit Thander PhD,Dr.Biswajit Thander,PhD,https://www.linkedin.com/in/dr-biswajit-thander-phd-b09bb130,urn:li:member:110463993,dr-biswajit-thander-phd-b09bb130,,,India,India,PETROTANCY,Independent Consultant Geophysicist (CEO and Founder),founders,member_urn,"Welcome to PETROTANCY, your trusted partner for technical services in the Earth Sciences, including oil and gas, mining, and environmental science industries. Our people have expertise over three decades. We are dedicated to delivering innovative solutions that drive efficiency, safety, and sustainability. Our team of seasoned professionals specializes in hydrocarbon exploration and production projects including, reservoir characterization, reservoir modeling, deep water and HPHT well planning and drilling, pore pressure prediction, geohazard, and geomechanics, ensuring the highest standards of operational excellence. We pride ourselves on our commitment to cutting-edge technology and industry best practices, providing tailored services that meet the unique challenges of each project. Whether you are seeking exploration and production, mining, or environmental management services, Petrotancy is here to support your goals and contribute to your success. Discover the uniqueness of us today. Petrotancy is a MSME (Govt.of India) registered business entity incorporated in 2023. The organization provides service for not only oil and gas exploration and field development projects but also provides gravity, magnetic, resistivity, IP and electromagnetic data interpretation services for mineral exploration, groundwater exploration, geotechnical studies.",1,2023,"Oil, Gas, and Mining",104293147,http://www.linkedin.com/company/petrotancy,"Memari-II, West Bengal, India",,https://www.petrotancy.com,"I provide independent consulting services in the field of Reservoir Geophysics, specializing in the detailed quality control of input data, seismic data interpretation, velocity modeling, design and execution of inversion feasibility studies, seismic inversion. My expertise also extends to well-to-seismic ties, rock physics analysis, and reservoir characterization. I have successfully delivered these services to a range of international clients, including 1. Gaffney-Cline (MENATI Region) 2.Baker Hughes Singapore Pte.(MENATI Region)",1/2025,false,,false,"As an experienced Geophysicist(15+ yrs), I’ve contributed to exploration, field development planning, and project management across diverse onshore, shallow offshore, deep-water, and ultra-deepwater basins in India and the Middle East. My expertise spans key regions, including Onshore Block-1-Abu Dhabi* Cambay Basin*, KG Basin*, Mumbai Offshore*, Cauvery Offshore*, Assam Arakan Basin*,Rajasthan Basin (tight oil)*and more...Throughout my career, I’ve successfully led complex geophysical projects, delivering results on time and within budget in both operator and global service provider environments.I specialize in seismic data interpretation, velocity modeling, seismic inversion, reservoir characterization, and geostatistical reservoir modeling. My strength lies in integrating geophysical data with multidisciplinary teams to inform strategic planning, risk assessments, and A strong advocate for collaboration and knowledge-sharing, I am committed to continuous learning and advancing the geophysical field. I invite opportunities for collaboration, innovation, and technical consulting in the geophysical and energy sectors.SKILLS- TECHNICAL : Workstation Project Creation Seismic and Well Data Loading and QC VSP & Check Shot Data Integration Well-to-Seismic Tie Mistie Analysis Well Log Correlation Horizon Picking Fault Marking Subsurface Map Preparation Seismic Attributes Analysis Velocity Modeling Depth Conversion Rock Physics Modeling Seismic Inversion Feasibility Studies Seismic Inversion (Pre-stack & Post Stack) Reservoir Characterization Prospect Generation Prospect Risk Assessment Resource and Reserves EstimationSKILLS- PERSONAL: Project Planning & Supervision Team Mentoring & Training Cross-functional Team Coordination Stakeholder Collaboration Bid evaluation Client Management Technical Report Writing QHSE Awareness",3262,2026-08-25 00:00:00.000 +0530,,,,,,,,,,,,,,,,,1276,
Santu Kumar (Santu),Santu Kumar,(Santu),https://www.linkedin.com/in/santu-kumar-santu-047abb19b,urn:li:member:788049271,santu-kumar-santu-047abb19b,Nalanda district,Bihar,India,"Nalanda district, Bihar, India",Pinnacle Depth Mine Management & Services Pvt. Ltd.,"CEO, Founder",founders,member_urn,"We are dedicated to revolutionizing the mining industry by digitalizing and automating every aspect, from drilling and exploration to logistics, management services, equipment service, and mining software solutions",4,2022,Mining,96456933,http://www.linkedin.com/company/pinnacle-depth-mine-management-services-pvt-ltd,"Dhanbad, Jharkhand, India","Digitalization and Automation, Drilling Automation, Long Hole Drilling Exploration, Logistics Automation, Management Services, Equipment Service Automation, Mining Software Services, Efficiency Enhancement, Safety Improvement, Cost Reduction, Scalability and Adaptability, Collaboration and Integration, and Continuous Innovation",pinnacledepth.in,,10/2022,false,,false,,3500,2026-08-25 00:00:00.000 +0530,,,,,,,,,,17,28,,,,,,1277,
Ayush Bafna,Ayush,Bafna,https://www.linkedin.com/in/ayushbafna1989,urn:li:member:278373866,ayushbafna1989,Gurgaon,Haryana,India,"Gurgaon, Haryana, India",PIXELS India,Director,10+yoe_global,member_urn,External link for PIXELS India,9,1989,"Appliances, Electrical, and Electronics Manufacturing",104078030,http://www.linkedin.com/company/pixelsindia,,,https://intro.pixels-india.com,,11/2024,false,https://media.licdn.com/dms/image/v2/C4E03AQF4rg4UIjzjvw/profile-displayphoto-shrink_100_100/profile-displayphoto-shrink_100_100/0/1516674426593?e=1788998400&v=beta&t=qJAf4fKbhPpwQ0aCS_dRIKcDdCLpybt9hasbrHzCOeQ,false,"With a total of 13 years of work-experience building offline, online as well as omnichannel businesses from scratch by focussing upon Processes and Customer (as well as Channel) experience. Key Highlights: a) Founder & CEO (IncredSo): I had conceptualized & developed a digital B2B platform for any existing business to start & manage a clean technology business. b) Operations Head, Electronics Category, Paytm: Led omnichannel initiatives and executed multiple growth hacks to quadruple the category GMV. c) Senior Category Manager (Appliances Category, Paytm): Doubled Category GMV while reducing burn using cashback optimization basis regression, improving Digital marketing ROAS and improving conversions through better merchandising & post-sales experience d) Director, PIXELS Group: I had managed entire sales & marketing for the group. Major initiatives involve the launch of flanker brand, innovative products like 3 LED inverter and expansion of distribution network to have over 2000+ channel partners across 5 states",935,2026-08-25 00:00:00.000 +0530,,,,,,,,,,,,,,,,,1280,
Shivam Singh Chauhan,Shivam,Singh Chauhan,https://www.linkedin.com/in/shivam-singh-chauhan-4b26b0165,urn:li:member:661624262,shivam-singh-chauhan-4b26b0165,Mumbai,Maharashtra,India,"Mumbai, Maharashtra, India",Plush,Head of Growth,6-10yoe_global_indian,member_urn,External link for Plush,86,2018,Retail Health and Personal Care Products,14527575,http://www.linkedin.com/company/plushforher,"Chennai, Tamil Nadu, India",,http://www.plushforher.com,,7/2026,true,https://media.licdn.com/dms/image/v2/D5603AQHpBndM8QdNVA/profile-displayphoto-scale_200_200/B56Z27RkmrKsAg-/0/1776963459907?e=1788998400&v=beta&t=I3VWaj75vqP8FlCnuUlVHUvay7nsoO2kJThVFJeeB6I,true,"Hi, I’m Shivam, an IIT Dhanbad graduate and a growth strategist passionate about taking digital-first brands to new heights. I’m currently the Head of Growth at Plush. Before that, I was the Head of Growth at Pep Group, working across mCaffeine and HYPHEN.With 6+ years of experience, I have owned business growth and P&L across multiple digital-first brands, building and managing growth engines spanning performance marketing, acquisition, retention, category building, D2C, e-commerce, and Q-commerce. I have worked closely with internal stakeholders and partners to drive growth end-to-end, from identifying the root cause to shaping strategy, execution, and outcomes. I have also been part of the shared leadership team responsible for launching and scaling new brands under the Pep Group umbrella. With a rich experience in FMCG and D2C, I’ve been fortunate to see brands grow from ₹10 Cr to ₹100 Cr, and from ₹100 Cr to ₹500 Cr. From solving for demand generation through Meta and influencers to making sure a Q-commerce warehouse doesn’t run out of stock, I’ve worked across the entire growth engine.My skill set spans:1. End-to-end Meta & performance marketing2. Content & influencer strategy3. Q-commerce & e-commerce growth4. Pricing & promotional strategy5. Operations & inventory6. Margin and partner negotiations I also lead teams across Growth, KAM, and Analytics, with a strong focus on building independent leaders and creating multiple people who can own businesses the way I do.",430,2026-08-25 00:00:00.000 +0530,,,,,,,,,,,,,,,,,1281,
Anuj Prakash,Anuj,Prakash,https://www.linkedin.com/in/anuj-prakash-4592135,urn:li:member:15454149,anuj-prakash-4592135,Delhi,,India,"Delhi, India",PNB Gilts Limited (Subsidiary of Punjab National Bank),Senior Vice President,10+yoe_indian,member_urn,"PNB Gilts Ltd., incorporated in 1996 as a subsidiary of Punjab National Bank (one of the country’s largest banks), plays a key role in strengthening India’s fixed-income market. Since its establishment, the firm has actively supported government borrowing through underwriting and trading in government securities, treasury bills, state development loans, corporate bonds and other money-market instruments. PNB Gilts Ltd. is the only listed Primary Dealer in India. Over the years, it has built a deep presence and substantial market share in trading turnover, backed by strong parentage and nearly three decades of experience. SEBI Stock Broker Registration Number: INZ000007831",15,1996,Financial Services,110027340,http://www.linkedin.com/company/pnb-gilts-limited1,"Delhi, India",,https://www.pnbgilts.com/,Risk Management - Treasury,12/2025,false,https://media.licdn.com/dms/image/v2/C4E03AQFKs0lMpOFbuw/profile-displayphoto-shrink_100_100/profile-displayphoto-shrink_100_100/0/1517732362861?e=1788998400&v=beta&t=WbRJxmOEozgydMonhKOgIP73xkNPgh-TSD4UczDu0p4,false,"Certified FRM from GARP with MBA from XLRI Jamshedpur, PGD in Capital Markets and B.Tech from IIT(ISM) Dhanbad having 17 years of experience in Treasury, Risk Management and Valuation.",1075,2026-08-25 00:00:00.000 +0530,,,,,,,,,,,,,,,,,1282,
Jibin Mathews,Jibin,Mathews,https://www.linkedin.com/in/jibinmathews7,urn:li:member:367457325,jibinmathews7,Bengaluru,Karnataka,India,"Bengaluru, Karnataka, India",Postman,Engineering Manager - Cloud Platform,6-10yoe_global_indian,member_urn,"Postman is the world’s leading API platform. Postman's features simplify each step of building an API and streamline collaboration to help create better APIs—faster. More than 40 million developers and 500,000 organizations across the globe use Postman today. Our customers are doing more and more astounding things with the Postman product every day, and as a result, we are growing rapidly. Check out our open positions if you’d like to learn more: https://www.postman.com/careers/",3439,2014,Software Development,3795851,http://www.linkedin.com/company/postman-platform,"San Francisco, California, United States","software, APIs, API development, Saas, API Management, and Developer tools",https://www.postman.com/,"As the leader of a dynamic 6-member team within Postman's Engineering division, I spearhead our mission to revolutionize our cloud infrastructure platform and supercharge API distribution while empowering developers to create exceptional systems. Here's a snapshot of our remarkable achievements: Akita Integration: We orchestrated a seamless integration of Akita, a pivotal acquisition, by migrating their entire infrastructure stack into Postman's ecosystem. This endeavour was carried out in accordance with Postman's stringent compliance and security standards. ️ Deployment Efficiency: By modernizing our compute stack, we dramatically slashed deployment times for all services by a staggering 93%. We've streamlined the onboarding process to our Kubernetes platform, reducing it to an astonishing 15 minutes, down from the previous 3 days. Kubernetes Mastery: I oversee the management and operation of all our Kubernetes clusters, primarily on AWS EKS. This entails building essential cluster management components, such as a Backup Controller, bulk changes pipelines, and maintaining an up-to-date Kubernetes version. ️ Empowering Developers: Our team has crafted internal platform tools that have become indispensable to every developer within the organization. These tools have significantly reduced the cognitive load on our product engineers, enabling them to focus on delivering innovative features rather than dealing with Infrastructural nuances and issues. Deployment Efficiency with legacy stack: Our collaboration with the AWS Beanstalk service team has resulted in an astounding deployment success rate of 96%. This achievement paved the way for a seamless and issue-free release of Postman v10. At the helm of this transformational journey, I'm immensely proud of the achievements we've unlocked, propelling Postman to new heights in infrastructure efficiency, API distribution, and developer empowerment.",4/2022,false,https://media.licdn.com/dms/image/v2/D5603AQGj4CszozUohA/profile-displayphoto-shrink_100_100/profile-displayphoto-shrink_100_100/0/1695011925211?e=1788998400&v=beta&t=ZXEOlEfGdZE7QW58qrO4CGOazWqnKTqsDvl8tUyFa2A,false,"As an Engineering Manager at Postman, I lead a team of six engineers who are responsible for modernizing the infrastructure platform, supporting squads to speed up the distribution process, and improving the ways in which developers build systems. We have reduced the deployment time for all the services by 90%, managed and operated all kubernetes clusters, and built internal platform tools that are used across the organization. I have a Bachelor's Degree (Hons) in Electronics and Communication with a minor in Computer Science and Engineering from Indian Institute of Technology (Indian School of Mines), Dhanbad. I have over six years of experience in full stack and devops engineering, working with various technologies and tools such as Node.js, React, MongoDB, AWS, Kubernetes, and Docker. I have also designed and built a tool for enabling testing and debugging microservices, and implemented a secondary APM system that reduced the cost by 25%. I am passionate about learning new things, solving challenging problems, and delivering quality products.",386,2026-08-25 00:00:00.000 +0530,,,,,,,,,,,,,,,,,1283,
Shravan Sharma,Shravan,Sharma,https://www.linkedin.com/in/shravan-sharma,urn:li:member:521121448,shravan-sharma,Bengaluru,Karnataka,India,"Bengaluru, Karnataka, India",Prakash Packagings,Promoter,founders,member_urn,"The Prakash Packagings Group is a business house based out of central India with diverse concerns primarily split between Gwalior (Madhya Pradesh) and Chhindwara (Madhya Pradesh). During 30+ years of our establishment, we are known for our Integrity, Customer focus, and the best quality of our products. In our Industrial Packaging Group, we try to set our best endeavors in making exclusive quality products & constantly strive to be innovative and imaginative in everything we do. We have a vision to anticipate what our customers might experience tomorrow, and come up with the right solutions today. Such traits make us one of the leading ROPP Caps manufacturers & PET converters today in the state of Madhya Pradesh. With our Director's progressive philosophy, we plan to establish a more prestigious clientele and serve them with the best quality products.",14,1997,Packaging and Containers Manufacturing,84630995,http://www.linkedin.com/company/prakash-packagings,"Gwalior, Madhya Pradesh, India","Packaging , Manufacturing, PET Plastic, Water Packaging, Oil Packaging, and Liquor Packaging",https://prakashpackagings.com,,1/2023,false,,false,"Prakash Packagings, a 35-year-old family business, benefits from a balanced approach combining operational innovations and longstanding client relationships. As Promoter, the focus is on enhancing packaging solutions for FMCG, pharmaceutical, and liquor brands across India, ensuring quality-driven results with a customer-centric mindset. With a strong foundation in Electronics and Instrumentation Engineering from IIT (ISM) Dhanbad and certifications like CFA Level 1 , the journey includes founding Mslate and Chambal Pani, leveraging AI to address healthcare challenges. The work emphasizes data-driven decision-making, collaboration, and creating impactful solutions in complex, evolving industries.",2361,2026-08-25 00:00:00.000 +0530,,,,,,,,,,17,28,,,,,,1284,
Vivek Rajyaguru,Vivek,Rajyaguru,https://www.linkedin.com/in/vivek-rajyaguru-1080b857,urn:li:member:200303000,vivek-rajyaguru-1080b857,Ahmedabad,Gujarat,India,"Ahmedabad, Gujarat, India",Praneetha EcoCables,"Head - Strategy, Digital & IT",10+yoe_indian,member_urn,"A new age future-focused wire and cables manufacturer committed to advancing connectivity through high-quality copper solutions and responsible manufacturing practices. Headquartered in Gujarat, we are building a modern, technology-driven manufacturing ecosystem designed to meet the evolving needs of infrastructure development, industrial growth, and next-generation urban projects. Our solutions are engineered with advanced automated machinery sourced from leading global suppliers and a fully digital production environment; we ensure precision manufacturing and consistent product quality aligned with international standards. At the heart of Praneetha EcoCables lies a commitment to environmental responsibility. Our aim is to produce wire and cables that not only meet the highest performance standards but also minimise environmental impact — supporting India’s journey toward a greener, more sustainable future. With a focus on innovation, efficiency, and circularity, Praneetha EcoCables will play a pivotal role in enabling smart infrastructure, renewable energy integration, and sustainable urban development. Together, we are laying the foundation for a cleaner, connected, and future-ready India.",39,2025,"Appliances, Electrical, and Electronics Manufacturing",107011520,http://www.linkedin.com/company/praneetha-ecocables,"Ahmedabad, Gujarat, India",,,,9/2025,false,https://media.licdn.com/dms/image/v2/D4D03AQF0pAY5W_uh_Q/profile-displayphoto-shrink_100_100/B4DZcg_WW7GwAY-/0/1748605170466?e=1788998400&v=beta&t=FlXIvBz4fKGNJ9_lmIKO_10KPjT2lndsO0Ub7KWEZVU,false,,1762,2026-08-25 00:00:00.000 +0530,,,,,,,,,,,,,,,,,1285,
Diamond Kumar,Diamond,Kumar,https://www.linkedin.com/in/diamond-kumar-156219210,urn:li:member:896329362,diamond-kumar-156219210,Bokaro Steel City,,India,"Bokaro Steel City, India",Prayaas India,Volunteer,6-10yoe_global_indian,member_urn,"Prayaas India is a non-profit NGO, founded in the year 2008 under Societies Registration Act, 1860, and is run by students of BIT Sindri, Jharkhand. It primarily works in the Education sector providing free and quality education to needy children in the neighborhood areas of the institute while providing facilities like library, Computer labs, Digital Classrooms, books, and stationery items, etc. Currently, there are 4 centers in Sindri (Dhanbad) with a cumulative strength of 450 students. Apart from that regular Blood Donation camps in association with Govt. Hospitals, Health Checkup camps, plantation drives, Clothes distribution, Annual Techno- Cultural Fest RAINBOW, and various other activities conducted for the betterment and holistic development of the students and people of nearby villages.",123,2008,Non-profit Organizations,53184094,http://www.linkedin.com/company/prayaas-india,"Dhanbad, Jharkhand, India",,https://prayaasindia.org/,,9/2017,false,https://media.licdn.com/dms/image/v2/C4E03AQHGEhyHUtX99Q/profile-displayphoto-shrink_100_100/profile-displayphoto-shrink_100_100/0/1637838386788?e=1788998400&v=beta&t=Y_J_0ZoxDtAht4V1K0fRw3auwuwCMz7NskYFkP4Z5Eg,false,To work in the environment which encourage me to grow and succeed professionally.,11,2026-08-25 00:00:00.000 +0530,,,,,,,,,,,,,,,,,1286,
Abhishek Bharti,Abhishek,Bharti,https://www.linkedin.com/in/abhishek-bharti-9b218624,urn:li:member:84034070,abhishek-bharti-9b218624,Gurgaon,Haryana,India,"Gurgaon, Haryana, India",Prepdoor.com,Co-Founder & CTO,founders,member_urn,"PREPDOOR.com is an online Exam Preparation website. We understand the crucial need of preparation for the competitive exams that one is aiming for.To make your journey smooth, PrepDoor is here. A wise saying 'Practice makes a man perfect'. We provide the best platform to practice and continuously challenge your skills by our main feature- Mock Tests (1000+) Wait,we do not stop here.Let's have a look to our other features- Mock test, All India level Test, Topic-wise Test, Customised Tests,Detailed solutions to questions, Performance Analysis & Ranking (All India level),Test Packages,Question Banks(50.000+ questions), Discussion Forum and many more on the way.",6,2016,Education Administration Programs,13583967,http://www.linkedin.com/company/prepdoor-com,"Gurugram, Haryana, India","online mock test, multi-domain support, B2B service provider, and Simplifying Education",https://www.prepdoor.com,Designed and developed an AI based platform which helps private institutions in digitization of education,12/2016,false,,false,"Experienced Co-Founder with a demonstrated history of working in the Web-Technology industry. Strong entrepreneurship professional, skilled in Java, PHP, SQL, Android Application, ios Application, Solr, MongoDB, Javascript, AngularJS, Spring MVC etc.",3184,2026-08-25 00:00:00.000 +0530,,,,,,,,,,17,28,,,,,,1287,
Neelmani Singh,Neelmani,Singh,https://www.linkedin.com/in/neelmani-singh-76546746,urn:li:member:162376061,neelmani-singh-76546746,Bhopal,Madhya Pradesh,India,"Bhopal, Madhya Pradesh, India",PRISM CEMENT LTD,Head Of Corporate Affairs,10+yoe_global,member_urn,"PRISM CEMENT LTD is a construction company based out of Rajdeep , Rewa road, Satna, India.",103,,Construction,27483287,http://www.linkedin.com/company/prism-cement-ltd,"Unchahara, Madhya Pradesh, India",,http://prismcement.com,,3/2018,false,,false,,3605,2026-08-25 00:00:00.000 +0530,,,,,,,,8826267553,,,,,,+918826267553,,,1288,
Ashok Lal,Ashok,Lal,https://www.linkedin.com/in/ashoklal977,urn:li:member:35699993,ashoklal977,Hyderabad,Telangana,India,"Hyderabad, Telangana, India",PRISM CEMENT - PRISM JOHNSON LIMITED,Senior General Manager,founders,member_urn,External link for PRISM CEMENT - PRISM JOHNSON LIMITED,1348,1992,Wholesale Building Materials,80372723,http://www.linkedin.com/company/prism-cement-prism-johnson-limited,"Varanasi, Uttar Pradesh, India","Cement, RMC, and Tiles",https://www.prismcement.com/,"Contribute to strategic business objective for transfer of mining assets for smooth execution of big-ticket deal. Crafted and implemented policies, fostering impactful relationships with government entities. Engaged with regulators to navigate regulatory landscapes and achieve business objectives.",8/2023,true,,false,"IIT (ISM) Dhanbad alumnus and first-generation entrepreneur with 20+ years of leadership experience across mining, infrastructure, and diversified industries. Known for solving complex, high-stakes business problems at the intersection of land, regulation, and market dynamics. Played a critical role in preventing undervalued asset liquidation by providing policy- and market-driven insights, enabling leadership to reassess true land value exceeding ₹90 Cr against an initial ₹40 Cr estimate. Successfully led large-scale land acquisition and mining lease transfers covering 1,600+ acres valued at ₹6.5 billion while navigating regulatory, community, and political complexities.. Highly experienced in crisis management, including de-escalating volatile situations and engaging with 500+ local villagers to resolve land disputes, secure approvals, and restore operational continuity through trust-based stakeholder leadership. Brings an entrepreneurial mindset, strong analytical depth, and execution focus to drive sustainable value creation. E: ashok.lal9@gmail.com #ProjectExecution #StrategicProject #GreenfieldMining #ProjectInitiation",1979,2026-08-25 00:00:00.000 +0530,,,,,,,,9966640001,,,,ashok.lal9@gmail.com,,,,,1289,
Malay Shankar,Malay,Shankar,https://www.linkedin.com/in/malayshankar,urn:li:member:17890283,malayshankar,Mumbai,Maharashtra,India,"Mumbai, Maharashtra, India",ProConnect Supply Chain Solutions Ltd,Managing Director & CEO,10+yoe_indian,member_urn,"At ProConnect, part of USD 6.5 billion Redington Group, we provide end-to-end supply chain solutions to over 160 leading brands across Industry verticals. As a warehousing and supply chain specialist we offer a lot more than just the ability to support your business operations with a well-planned and sophisticated cohesive package of end to end supply chain solutions. With over 172 warehouses and over 6 million square feet space, delivery capability to more than 36,000 customer locations and an enhanced reach in East & North-East through our subsidiary, Rajprotim Supply Chain Solutions Limited, we can take care of all your requirements across India. Our Strengths - Modern, ready-to-use infrastructure - Plug and play operations - Online visibility - End-to-end solutions and services",1201,2012,"Transportation, Logistics, Supply Chain and Storage",3564176,http://www.linkedin.com/company/proconnect-supply-chain-solutions-ltd,"Chennai, Tamil Nadu, India","Warehousing, Transportation, Reverse Logistics, 3PL Services, Cold Storage, Mission Critical Services, Imports and Exports, and Value Added Services",https://proconnect.co.in/,,5/2023,true,https://media.licdn.com/dms/image/v2/D4D03AQH61LRgGzzx5g/profile-displayphoto-shrink_100_100/profile-displayphoto-shrink_100_100/0/1678035730417?e=1788998400&v=beta&t=L5eCYyARvJKWhDr81i_NWsQPwR9UYSlnNDuFNPm0OGc,false,"Experienced Business Head with a demonstrated history of working in the logistics and supply chain industry. Strong business development professional skilled in Negotiation, Operations Management, Customer Acquisition, Sales, and Customer Relationship Management (CRM).",1226,2026-09-01 21:00:56.853 +0530,,,,,,,,,,,,malayshankar@yahoo.com,,,,,1290,
Roushan Nandan,Roushan,Nandan,https://www.linkedin.com/in/roushan-nandan-30245550,urn:li:member:180267122,roushan-nandan-30245550,Bengaluru,Karnataka,India,"Bengaluru, Karnataka, India",Johnson Controls,Principal Security Architect (Product PKI),6-10yoe_global_indian,member_urn,"Johnson Controls is a global leader in thermal management, mission-critical building systems, energy efficiency and decarbonization. We help our customers use energy more productively, reduce carbon emissions and operate with the precision and resilience required in rapidly expanding industries such as data centers, healthcare, pharmaceuticals, advanced manufacturing and higher education. For more than 140 years, Johnson Controls has been delivering performance where it really matters. Backed by advanced technology, lifecycle services and an industry-leading field organization, we elevate customer performance, turning goals into real-world results and helping move society forward. Visit johnsoncontrols.com for more information.",60331,,Industrial Machinery Manufacturing,2247,https://www.linkedin.com/company/johnson-controls,"Cork, County Cork, Ireland","Engineering, Manufacturing Operations, Sales, Building Automation, Fire & Hazard Protection, Industrial Refrigeration, HVAC, Security, and Sustainability",http://www.johnsoncontrols.com,,6/2026,false,https://media.licdn.com/dms/image/v2/D5603AQGAhGzAUy82EQ/profile-displayphoto-scale_200_200/B56Z86xstdIUAc-/0/1783397535328?e=1788998400&v=beta&t=7xR9VAI5nQr6Zbn4JnUYIew1UDMqSp8q7WzgAnI5i-E,true,"As an innovative and dedicated Cyber Security practitioner, I bring extensive expertise in Core & Applied Cryptography, specializing in OT/ICS, Automotive, IoT, Web Apps, and Networks. My reputation is built on a proven track record of driving security initiatives and delivering high-quality solutions while achieving seamless compliance with ISO21434, IEC62443, and GDPR standards. Additionally, I have published research papers in the prestigious IEEE Journal on Post Quantum Cryptography, positioning myself at the forefront of emerging trends and technologies. My passion for cryptography, Product Security, ICS Security, OT Security, Cloud Security, Embedded Security, application security, IoT security, GSM security, computer networks, and databases drives me to consistently deliver excellence. I possess a diverse skillset, including Product Security, Security Architecture Design, SSDLC, Threat Modeling, Vulnerability Assessment, Risk Management, Secure by Design, Supply chain Security, TPM Security Features for Trusted Execution Environment (TEE), Data Encryption/Decryption, SIEM Tuning (SOC Apps), Secure Fuzzing, Secure Code Review, Penetration Testing, and Troubleshooting. I am well-versed in TLS/SSL, PKI, RSA, ECC, CMAC, HMAC, and AES, allowing me to tackle complex security challenges with confidence. In my pursuit of excellence, I excel in providing expert consultation, stakeholder management, and leading cross-functional dynamic teams to establish strong Security Culture. Collaboration is at the heart of my work, and I take pride in mentoring and coaching team members, enhancing their skills, and contributing to overall team performance. My ability to develop and maintain strong relationships with stakeholders, executives, and customers allows me to actively influence and drive security deliverables while fostering a robust security culture. #CyberSecurityLeader #InnovativeSolutions #SecurityTrailblazer #EmergingTrends #ComplianceChampion #ThreatAnalysis #ProductSecurity #OTSecurity #PLCSecurity #CloudSecurity #IoTSecurity #EmbeddedSecurity #VulnerabilityAssessment #PostQuantumCryptography #LeadershipExcellence #InnovationInSecurity #SecurityCulture #ResultsOriented #RiskManagement #ExcellenceInSDLC #SecureSolutions #CyberLandscapeGuardian If you seek a highly accomplished and results-driven Cyber Security Architect Leader, let's connect. Together, we can drive secure solutions and ensure the utmost protection in today's ever-evolving cyber landscape.",408,2026-08-25 00:00:00.000 +0530,,,,,,,,,,,,,,,,,571,
Anuj Paharia,Anuj,Paharia,https://www.linkedin.com/in/anuj-paharia,urn:li:member:687759075,anuj-paharia,Gurugram,Haryana,India,"Gurugram, Haryana, India",Product Backyard,Co-Founder,founders,member_urn,"We are a community of IIT Alumni working as Product Managers in leading startups. Our mission is to provide a launchpad to students and professionals looking to kickstart their Product Management journey. There are a lot of individuals who are interested in product management, marketing, strategy, or business development. But they are usually worried that the lack of coding skills or tech industry knowledge will pull them back. But here's an unpopular opinion: we don't need to learn how to code to break into the tech industry. We run a remote product management cohort-based program that helps you get and excel in your first PM job and make a smooth transition to leading product companies. Throughout the course, we cover the ins and outs of product management via our comprehensive curriculum, including Market Understanding, User Research, Building MVP and Idea Validation, Product Market Fit, Product Design, and Tracking Metrics. Register here- https://forms.gle/4qGyJocQtWDr4Jz58",2,2021,E-Learning Providers,74046503,http://www.linkedin.com/company/product-backyard,"Bengaluru, Karnataka, India","Product Management, Mentorship, Technology, Business, Strategy, Entrepreneurship, Design, UX, UI, and Startups",https://forms.gle/uBppUi8ynGuThUxQ8,"Established a 8-member cohort comprising college students and early professionals, facilitating their transition into product management. Conducted various learning and task-oriented sessions, alongside coordinating mock interviews for 20+ mentees.",7/2021,false,,false,"A product enthusiast I am an alumnus of Indian Institute of Technology (Indian School of Mines) Dhanbad, class of 2021. Passionate about products I love to brainstorm and ideate about products to take them to the next level and create solutions that solve customer pain points. Apart from a keen interest in Product Management, I am also interested in financial markets and UI/UX design and have a good hand over designing tools. I am always up for a chat to discuss cricket, chess, and products. You can reach out to me at anujpaharia880@gmail.com",3164,2026-08-25 00:00:00.000 +0530,,,,,,,,,,,28,anujpaharia880@gmail.com,,,,,1291,
NEERAJ KUMAR SINGH,NEERAJ KUMAR,SINGH,https://www.linkedin.com/in/neeraj-kumar-singh-37a448213,urn:li:member:905845774,neeraj-kumar-singh-37a448213,Bengaluru,Karnataka,India,"Bengaluru, Karnataka, India",Propel Industries Private Limited,Director Sales & After Market,10+yoe_indian,member_urn,"Propel Industries is one of the India’s Fastest Growing Crushing Equipment Manufacture company, provides innovative, technologically-sound and cost-effective solutions to the crushing and screening industry. We are the strategic business division of the 57-year-old Coimbatore-based AV Group. We provide a comprehensive range of products with high reliability and performance. The new-age work culture that we have adapted drives our team to exhibit results par excellence. We provide cost-effective spare parts because we make every part indigenously. Enhanced performance and versatile applications at optimal costs has made us the market leaders. Our product line includes a comprehensive range of Jaw crushers, Cone crushers, Vertical shaft impactors (VSI), Feeders, Vibrating Screens, Sand Washers and Air Classifiers. The nationwide presence of the company’s sales and service network and round-the-clock customer support make us the ultimate choice of customers. PROPEL INDUSTRIES is the first Indian company in this segment to get a CE (Conformitè Europëenne) certification.",1053,2009,Machinery Manufacturing,14608597,http://www.linkedin.com/company/propelind,"Sulur, Tamil Nadu, India","END TO END CRUSHING AND SCREENING SOLUTIONS, CRUSHERS, SCREENERS, MOBILE SERIES TRACK, SEMI MOBILE SERIES TRACK, EV DUMPER TRUCK, WASHING SYSTEMS, MINING EQUIPMENTS, and EV TRACTOR TRAILER",http://www.propelind.com,,5/2026,false,https://media.licdn.com/dms/image/v2/D5603AQE8MrI-IwsEMg/profile-displayphoto-scale_200_200/B56Z7Q_2SLJ0Ac-/0/1781622859605?e=1788998400&v=beta&t=R_htwAS-2j_muPcG5qHrpetLdgqjssjAITr6Nxx-3aM,false,,1741,2026-08-25 00:00:00.000 +0530,,,,,,,,,,,,,,,,,1292,
Vishal Bhatla,Vishal,Bhatla,https://www.linkedin.com/in/vishal-bhatla-b040b48a,urn:li:member:316750900,vishal-bhatla-b040b48a,,,India,India,Protiviti India Member Firm,Associate Director,6-10yoe_global_indian,member_urn,"Protiviti (www.protiviti.com) is a global consulting firm that delivers deep expertise, objective insights, a tailored approach and unparalleled collaboration to help leaders confidently face the future. Protiviti and its independent and locally owned member firms provide clients with consulting and managed solutions in finance, technology, operations, data, digital, legal, HR, risk and internal audit through a network of more than 90 offices in over 25 countries. Named to the 2024 Fortune 100 Best Companies to Work For® list for the past 10 years, Protiviti has served more than 80 percent of Fortune 100 and nearly 80 percent of Fortune 500 companies. The firm also works with government agencies and smaller, growing companies, including those looking to go public. Protiviti is a wholly owned subsidiary of Robert Half Inc. (NYSE: RHI). Founded in 1948, Robert Half is a member of the S&P 500 index.",2694,2002,Business Consulting and Services,6460054,http://www.linkedin.com/company/protiviti-india-member-firm,"New Delhi, Delhi, India","Internal Audit, Risk Management, Data Analytics, Fraud, Investigations & Forensic Services, Human Capital Advisory, Business Operations Improvement, and Technology Consulting",http://www.protiviti.com,,1/2025,false,https://media.licdn.com/dms/image/v2/C4E03AQEJKKDD_euyTQ/profile-displayphoto-shrink_100_100/profile-displayphoto-shrink_100_100/0/1605259475004?e=1788998400&v=beta&t=EFfNyc3oonM9FI_KidnVG2b9dlQQEHuGL3cYWljKg4I,false,,2294,2026-08-25 00:00:00.000 +0530,,,,,,,,,,,,,,,,,1293,
Shubham Gandhi,Shubham,Gandhi,https://www.linkedin.com/in/shubham-gandhi,urn:li:member:157921838,shubham-gandhi,Mumbai,Maharashtra,India,"Mumbai, Maharashtra, India",tiket.com,Principal Data Scientist,10+yoe_global,member_urn,"tiket.com is the pioneer of online travel agent (OTA) in Indonesia established in 2011. tiket.com is one of the largest and most comprehensive online travel companies in Indonesia, offering a full spectrum of travel products and services core to the travel experience, ranging from flights, ground transport, accommodations, attractions, activities, event ticketing, and travel essentials. tiket.com’s mission is to accommodate the best access for online travel booking through web and mobile applications. In 2017, tiket.com became an affiliated company of Blibli and by 2021 became a consolidating subsidiary of Blibli. Blibli has a unified omnichannel ecosystem known as Blibli Tiket, consisting of its subsidiary entities, tiket.com, and Ranch Market. This is to emphasize the synergies within the ecosystem that provide convenience and added value for customers by offering more comprehensive, beneficial, and integrated services across every channel and platform. In 2022, Blibli's shares were officially listed and traded on the Indonesia Stock Exchange (“IDX”) under the stock code ""BELI."" tiket.com is the fastest-growing OTA in the world by Sabre and rated the fastest Net Promoter Score (NPS) growth for OTA among its peers, according to a survey done by Jakpat. going anywhere? tiket.com!",2202,2011,Software Development,2439131,http://www.linkedin.com/company/pt-global-tiket-network,"Jakarta, Jakarta, Indonesia","Hotel, Flight, Car Rental, Event, Train, Concert, OTA, Online Travel Agent, Airport Transfer, MICE, and Business Travel",https://careers.tiket.com,,3/2023,false,https://media.licdn.com/dms/image/v2/C5603AQEa7M3OSuFF2Q/profile-displayphoto-shrink_100_100/profile-displayphoto-shrink_100_100/0/1517377636565?e=1788998400&v=beta&t=PCBgYbiGQo-RKd8JMym4AGsUT1ACMYhG8132B82bswk,false,,1578,2026-08-25 00:00:00.000 +0530,,,,,,,,,,,,,,,,,1294,
Abhishek Kumar,Abhishek,Kumar,https://www.linkedin.com/in/abhishek-kumar-iimb-iitism,urn:li:member:487189738,abhishek-kumar-iimb-iitism,Mumbai,Maharashtra,India,"Mumbai, Maharashtra, India",PwC India,Associate,founders,member_urn,"At PwC, we help clients build trust and reinvent so they can turn complexity into competitive advantage. We’re a tech-forward, people-empowered network with more than 364,000 people in 136 countries and 137 territories. Across audit and assurance, tax and legal, deals and consulting, we help clients build, accelerate, and sustain momentum. Find out more at www.pwc.com. PwC refers to the PwC network and/or one or more of its member firms, each of which is a separate legal entity. Please see www.pwc.com/structure for further details.",28029,,Business Consulting and Services,1092713,http://www.linkedin.com/company/pwc-india,"Rajarhat, West Bengal, India",Tax and Advisory,http://www.pwc.in,"Project 1:- I have facilitated the implementation of Smart TPM, which includes the implementation of the Autonomous Maintenance Pillar, Planned Maintenance Pillar and Focused Improvement Projects. During this project, I have driven multiple teams to achieve the desired target and built ownership and accountability. Project 2:- I have led a dispatch improvement project through stakeholder interaction, asset tracking and data analysis in SAP. I have done data analysis of the assets involved and built an inventory model to strategise the roadmap to achieve the desired dispatch. Business Development Initiative:- 1. For an Indian multinational cement company:- Diagnosed root causes of low demand forecast accuracy for a leading cement manufacturer and quantified business impact across revenue and cost; recommended targeted interventions in forecasting granularity and external demand driver integration. 2. Indian multinational commercial vehicle manufacturer :- Benchmarked India vs. China EV battery pack costs and designed a benchmark-led sourcing reset, identifying 7-8% cost reduction via index-linked cell pricing, re-sourcing, and localization levers. Developed data-driven should-cost and index-based procurement models for direct materials and tail parts, enabling stronger negotiations and delivering 2-8% BOM savings with improved cost predictability.",6/2025,true,,false,"Strategy professional with ~ 4.5 years of experience across manufacturing, energy, and airport services, delivering efficiency-led impact at scale. At PwC India, I drive enterprise performance improvement through bottleneck analytics, process re-engineering, and predictive maintenance models, delivering substantial annual benefits for critical metals recycling operations.Previously at Coal India Limited, I led large-scale digitization and automation initiatives, integrating procurement and maintenance workflows into SAP, optimizing spare inventory, and increasing machine uptime through analytics-led decision systems. My contributions were recognized with two top-tier leadership awards — Best Performer of the Year (1/1200+) and Top Safety Performer (1/150+).I thrive in high-ownership environments, collaborating cross-functionally to design Go-to-Market strategies, build real-time MIS dashboards, and structure data-driven decision models — as demonstrated during my Business Development Internship at Adani Enterprises, where I streamlined finance visibility and accelerated operational turnaround cycles.With an MBA from IIM Bangalore and B.Tech in Electrical Engineering from IIT Dhanbad, I bring a balance of strategic thinking, execution rigor, and analytical depth. My core strengths lie in: Digital Transformation | Process Optimization | Go-to-Market Strategy Project & Stakeholder Management | Cost Reduction | Data Analytics Advanced Excel, PowerPoint, SQL, Python for data analysis and Tableau for data visualisationI enjoy solving complex operational challenges and translating them into scalable business value. I’m actively exploring opportunities in strategy, the CEO’s office, digital operations, and transformation roles where I can build, optimise, and scale impact.",2737,2026-08-25 00:00:00.000 +0530,,,,,,,,,,,,,,,,,1295,
Phani Pavan Oruganti,Phani Pavan,Oruganti,https://www.linkedin.com/in/phani-pavan-oruganti-90233a15,urn:li:member:51589010,phani-pavan-oruganti-90233a15,Hyderabad,Telangana,India,"Hyderabad, Telangana, India",Pyrifera Capital,Founder and Head of Investments,founders,member_urn,"Pyrifera Investments is an independent, alternative investment firm focused on quant-driven innovation and provides discretionary investment solutions. The firm offers wide range of services ranging from equity research, wealth management, long/short derivative portfolios, fundamental value investment strategies & financial planning. Our focus is on localizing global fund management practices & providing quality advice to customers. We are a SEBI Registered RA, SEBI Regn #: INH000020466",2,2018,Investment Management,14472628,http://www.linkedin.com/company/pyriferainvestments,"Hyderabad, Telangana, India","Investment Management, Private Wealth Management, Quantitative Finance, Equity Research, Derivatives (F&O), and Model Portfolios",http://www.pyriferaresearch.com,"At Pyrifera Capital we are focused on Quant driven innovation and provide discretionary investment solutions. We offer a wide range of services ranging from wealth management, long/short derivative portfolios, fundamental value investment strategies & financial planning.",1/2018,false,,false,,3751,2026-08-25 00:00:00.000 +0530,,,,,,,,,,17,28,,,,,,1296,
Jainandan Kumar (JK),Jainandan,Kumar (JK),https://www.linkedin.com/in/jainandan-kumar-jk-40a00811,urn:li:member:38832202,jainandan-kumar-jk-40a00811,Mumbai,Maharashtra,India,"Mumbai, Maharashtra, India",QatarEnergy,"Head Project Engineering, Qatar Energy LNG",founders,member_urn,"QatarEnergy is an integrated energy company responsible for the development of cleaner energy resources as part of the energy transition in the State of Qatar and beyond. As “Your energy transition partner”, QatarEnergy is the world leader in the production of Liquefied Natural Gas (LNG), the cleaner, safer, more flexible, and reliable source of energy, and an integral partner in the global energy transition.",15319,1974,Oil and Gas,9788,http://www.linkedin.com/company/qatarenergy,"Doha Port, Doha, Qatar","Natural Gas, Crude Oil, Liquefied Natural Gas (LNG), Gas-to-Liquids (GTL) Products, Petrochemicals, Natural Gas Liquids (NGL), Refined Products, Steel and Aluminium, and Fertilizers",http://qatarenergy.qa/,QatarEnergy LNG COMP 4 - CP & LQ Project,12/2025,false,,false,Why not?? Why you can't?,1935,2026-08-25 00:00:00.000 +0530,,,,,,,,,,,,,,,,,1297,
surendra singh,surendra,singh,https://www.linkedin.com/in/surendra9600,urn:li:member:64290210,surendra9600,Noida,Uttar Pradesh,India,"Noida, Uttar Pradesh, India",Qnovate,Principal Architect,10+yoe_global,member_urn,"Qnovate, a leading technology solutions provider, specializes in delivering innovative solutions across a spectrum of platforms, including SAP, Cloud, Microsoft, SUSE, GCP, AWS, Creatio, Spryker, and Analytics. Our commitment lies in facilitating digital transformations for our clients, empowering them to thrive in the dynamic and competitive business landscape. At Qnovate, we live by the belief that an exceptional customer experience is intricately tied to a best-in-class employee experience. Our dedication to this principle is reflected in our approach towards employee engagement. We prioritize active involvement in their work, foster opportunities for professional growth, cultivate a strong sense of belonging, and offer flexibility in both schedules and work locations. By valuing our employees and investing in their development, we aim to create a work environment that not only drives our success but also ensures our team is equipped to deliver unparalleled solutions to our clients.",70,,Software Development,27154459,http://www.linkedin.com/company/qnovate-inc,"Exton, Pennsylvania, United States","SAP on Azure, SAP HANA on Azure, and SAP migration to Azure",https://Qnovate.com,"As a Principal Architect, I lead the end-to-end design and implementation of scalable, secure, and high-performing enterprise commerce solutions. My focus is on modernizing platforms through cloud-native architectures, AI integration, and microservices, ensuring alignment between technology and business goals. I collaborate closely with cross-functional teams to define technical strategy, drive architectural best practices, and enable innovation across digital commerce ecosystems.",10/2025,false,https://media.licdn.com/dms/image/v2/D5603AQER6YB9XYREYA/profile-displayphoto-shrink_400_400/B56Zawf5q4GgAk-/0/1746717877258?e=1788998400&v=beta&t=qKUV0awiWpJldbIbqXkCULohZKHKeaBWsMcVTal_PBY,false,"I’m a Principal Architect at Qnovate, specializing in SAP Commerce Cloud (Hybris) with over a decade of experience in designing, developing, and delivering scalable eCommerce solutions. I’m passionate about building robust architectures, driving digital transformation, and mentoring teams to achieve technical excellence. My focus lies in integrating enterprise systems, optimizing performance, and creating impactful customer experiences through technology.",1059,2026-08-25 00:00:00.000 +0530,,,,,,,,,,,,,,,,,1298,
Aayush Kumar Verma,Aayush,Kumar Verma,https://www.linkedin.com/in/aayush-kumar-verma,urn:li:member:787820582,aayush-kumar-verma,Kota,Rajasthan,India,"Kota, Rajasthan, India",QUALITY SPEAKS EDUTECH Pvt LTD,Founder,founders,member_urn,"At Quality Speaks Kota Edutech Pvt. Ltd., we believe in one core principle – Quality Speaks. As a dedicated institute for NEET aspirants, we combine the legacy of Kota’s proven methods with a modern, student-centric approach. Our mission is to empower students with conceptual clarity, consistent mentoring, and unwavering support throughout their medical entrance journey. Every lecture, test, and doubt session is designed with precision to help students achieve their dreams. Backed by expert faculty and a results-driven environment, Quality speaks is where excellence meets dedication. Join us, and let your success story begin with the power of quality education.",7,2023,Education,107159044,http://www.linkedin.com/company/quality-speaks-edutech-pvt-ltd,"Kota, Rajasthan, India",,https://www.qualityspeakskota.com/,,7/2021,false,,false,,3648,2026-08-25 00:00:00.000 +0530,,,,,,,,,,17,28,,,,,,1300,
HARSH SURI,HARSH,SURI,https://www.linkedin.com/in/harsh-suri-02312228a,urn:li:member:1176771483,harsh-suri-02312228a,Jabalpur,Madhya Pradesh,India,"Jabalpur, Madhya Pradesh, India",Quantian Technologies,Product Management Intern (AI),founders,member_urn,"Quantian Technologies is an Artificial Intelligence (AI) products company specializing in Computer Vision (CV). Its flagship product, Optick provides mobility and productivity solutions to companies for managing field staff and optimizing field operations. Quantian Technologies is a Pune based Artificial Intelligence (AI) products company. Its flagship product, Optick is an AI platform for Remote Workforce Oversight & Enablement. Optick has vision capabilities like facial recognition, cognitive OCR, AI chatbots along with tracking capabilities like geo fencing, route mapping, etc. It helps companies enhance productivity of field teams and in turn helps staff access to real time information increasing quality of customer service.",18,2021,IT Services and IT Consulting,71526974,http://www.linkedin.com/company/quantian-technologies,"Pune Division, Maharashtra, India","AI, Mobile technologies, Computer Vision, IoT, and Face recognition",https://quantiantech.com,,6/2026,false,,true,"Currently pursuing an MBA in Operations Management and Supervision at the Indian Institute of Technology (Indian School of Mines), Dhanbad, with a solid foundation in product development and project management. Most recently served as Co-Founder and COO at EOE GENUINE, where they led company operations and managed technical aspects to streamline processes and enhance efficiency. Holds certifications such as CCNA, Lean Six Sigma Green Belt, and Introduction to Packet Tracer, further strengthening their expertise in operational excellence and technical proficiency. At EOE GENUINE, contributed to planning, managing, and executing operational strategies while collaborating with teams to ensure smooth day-to-day functioning. Previously worked as an Operations Executive at M/S C.L. Bhatia, overseeing daily tasks and workforce management. Passionate about driving process improvements and fostering collaboration, they aim to bring innovative problem-solving and a focus on efficiency to organizations that value growth and operational excellence.",2681,2026-08-25 00:00:00.000 +0530,,,,,,,,,,,,,,,,,1301,
Prakash Vanapalli,Prakash,Vanapalli,https://www.linkedin.com/in/prakash-vanapalli-99909b3a,urn:li:member:137562309,prakash-vanapalli-99909b3a,,,Greater Bengaluru Area,Greater Bengaluru Area,Qure.ai,Principal Applied AI scientist,6-10yoe_global_indian,member_urn,"Qure.ai is a health tech company that uses deep learning and Artificial Intelligence (AI) to make healthcare more accessible and equitable for patients worldwide. Our solutions power the efficient identification and management of Tuberculosis (TB), Lung Cancer and Stroke to support clinicians and propel developments in the pharmaceutical and medical device industries. We empower healthcare by helping to identify conditions fast, prioritize treatment planning and ultimately improve the quality of patient life.",416,2016,Medical Device,13210940,http://www.linkedin.com/company/qure.ai,"New York, New York, United States","Deep learning, Healthcare, Digital Radiology, Medical Imaging, Artificial Intelligence, Workflow Optimisation, Lung Health, Heart Failure, MSK, Neuro Critical Care, and lung cancer",http://www.qure.ai,,6/2026,false,https://media.licdn.com/dms/image/v2/C5603AQGuZge-2i7pyw/profile-displayphoto-shrink_100_100/profile-displayphoto-shrink_100_100/0/1516837337673?e=1788998400&v=beta&t=kI0d0-61SVudeWc1CMOOApBENjPZd1xfuLKaY0pw7C0,true,AI scientist - audio and vision. medium - https://medium.com/14prakash GitHub - https://github.com/prakashjayy AnalyticsVidya - http://datahack.analyticsvidhya.com/user/profile/PrakashR,381,2026-08-25 00:00:00.000 +0530,,,,,,,,,,,,,,,,,1303,
Pravin Raninga,Pravin,Raninga,https://www.linkedin.com/in/pravin-raninga-7ba18a190,urn:li:member:752901118,pravin-raninga-7ba18a190,Ahmedabad,Gujarat,India,"Ahmedabad, Gujarat, India",Raensol Corp,Chief Technology Officer,10+yoe_global,member_urn,"Raensol Corp is a leading firm in the Engineering, Procurement, and Construction (EPC) industry, delivering comprehensive solutions to clients in India and internationally. With a portfolio of diverse and ongoing projects, we specialize in turning complex challenges into successful outcomes. Our commitment to excellence, innovation, and sustainability ensures that we provide top-tier services across various sectors, including infrastructure, oil and gas, power and energy, and more. At Raensol Corp, we build the future today.",2,2022,Engineering Services,103671298,http://www.linkedin.com/company/raensol-corp,"Ahmedabad, Gujarat, India","Engineering, Procurement, Construction, Commissioning, Fabrication, Erection, Innovation, Research & Development, Turn-Key Projects, Steel Plants, Coke Ovens, Power Plants, Sinter Plants, High Pressure Foundry, Green Hydrogen, and Cement Plants",www.raensolcorp.com,,11/2020,false,https://media.licdn.com/dms/image/v2/C5103AQGSad4NXNFQuQ/profile-displayphoto-shrink_100_100/profile-displayphoto-shrink_100_100/0/1563865352103?e=1788998400&v=beta&t=CHWKO66YJzzeKltMyVx6mkSo77D7PE19XsSSRvr0qOg,false,,1525,2026-08-25 00:00:00.000 +0530,,,,,,,,,,,,,,,,,1304,
Zain Rashid,Zain,Rashid,https://www.linkedin.com/in/zainrashid2910,urn:li:member:1059256612,zainrashid2910,Hyderabad,Telangana,India,"Hyderabad, Telangana, India",Rahmani Alumni Fund Group,Co-Founder,founders,member_urn,"RAFG (Rahmani Alumni Fund Group) is a student-led, 100% non-profit initiative dedicated to providing interest-free education loans to underprivileged Rahmani alumni who’ve secured admissions in premier institutions like IITs, NITs, IIITs, and Government Medical Colleges. We are independent of any official Rahmani30 management and operate solely on voluntary alumni contributions—just ₹100/month per donor. Our operations are guided by the principles of equity, transparency, and Islamic financial ethics. Mission: To empower Rahmani students to pursue higher education without the burden of interest. Vision: A self-sustaining alumni fund that supports generations of students through a cycle of giving. Track Record: Funded tuition and resources for 9+ students, including Btech ,MBBS ,CA and BDS aspirants.",1,2023,Higher Education,107664345,http://www.linkedin.com/company/rafg,"Dhanbad, Jharkhand, India",,https://rahmanifund.online/,"Launched a student-led, nonprofit initiative to provide interest-free education loans to underprivileged Rahmani students in IITs, NITs, and government medical colleges. Built a transparent, grassroots funding model powered by micro-donations from alumni, and led outreach, verification, and disbursement processes with 100% accountability. Enabled students to fund college fees and skill-building courses, while scaling a sustainable, pay-it-forward system rooted in faith and community support.",11/2023,false,,true,"I’m a BTech student in Engineering Physics at IIT (ISM) Dhanbad, with hands-on experience in business analytics, digital marketing, and strategic operations across Saudi Arabia, the U.S., and India. My recent internships at Kapiva, Mint Creative Production, and Icomglobal NYC have helped me blend data insights with market understanding to drive results across performance tracking, client engagement, and brand visibility. I’m passionate about solving business problems using data, creativity, and cross-functional collaboration. I’ve developed dashboards in Power BI, built reports for executives, and strategized digital growth using PPC and SEO. I aim to pursue advanced study and professional opportunities in business analytics, strategy consulting, or digital transformation on a global scale.",3076,2026-08-25 00:00:00.000 +0530,,,,,,,,,,17,28,,,,,,1305,
Satyendra kumar,Satyendra,kumar,https://www.linkedin.com/in/satyendra-kumar-04b62873,urn:li:member:261328955,satyendra-kumar-04b62873,Jamshedpur,Jharkhand,India,"Jamshedpur, Jharkhand, India",Ramkrishna Forgings Limited,Manager - analytics - Business Excellence,6-10yoe_global_indian,member_urn,"The world of Forgings is one without boundaries - growing, changing and developing each day. An Organisation that embraces different skills, continuous innovation, financial investment, responsible use of natural resources. And above all, there is the enduring commitment of giving back to society that helps make the vision of sustainable growth a reality Operations in Jamshedpur: Commercial presence in over 5 countries. 2,300 employees across Locations. What sets Ramkrishna Forgings Ltd apart is not just in magnitude of its operations - it is the excellence of its people, innovative approach, and overall conduct. Established in 1981, RKFL is ranked 4th among top 500 SMBs in India, by Ministry of Commerce with an annual capacity of 220,000 tons of Forgings per annum. Over the years RKFL has enriched the glorious legacy handed over by its Founder Shri M.P Jalan, by placing equal emphasis on stakeholder value creation. Underpinning this vision is a performance culture committed to aspiration targets, safety and social responsibility, continuous improvement, openness and transparency. What binds together every member of the RKFL family today is a shared culture, shaped by value-based guiding principles and the lineage of some of the world’s most pioneering and respected entities so to name.",1850,,Industrial Machinery Manufacturing,1641988,http://www.linkedin.com/company/ramkrishna-forgings-ltd,"Kolkata, West Bengal, India",,http://www.ramkrishnaforgings.com,,3/2025,false,https://media.licdn.com/dms/image/v2/D4D03AQFCrFrzI51myQ/profile-displayphoto-scale_100_100/B4DZnRlGmUKQAc-/0/1760157792400?e=1788998400&v=beta&t=sTiDhuRmSV1l12INQiFYFnmQAt5_jG2f2z1N7zQDecE,false,Manager in Business Excellence Department,268,2026-08-25 00:00:00.000 +0530,,,,,,,,,,,,,,,,,1306,
Kuldeep Singh,Kuldeep,Singh,https://www.linkedin.com/in/kuldeep-singh05,urn:li:member:67939801,kuldeep-singh05,Delhi,,India,"Delhi, India",Ranfort Wellness,Growth Marketer,founders,member_urn,"At Ranfort, we believe wellness is not just about healing, it’s about thriving. True wellness is never one-size-fits-all; it is personal, purposeful, and transformative when done right. Guided by the expertise of Dr. Shikha Sharma and backed by a legacy of pharmaceutical and healthcare excellence, we deliver integrated, result-driven wellness solutions that honor both ancient Ayurvedic systems and evidence-based nutrition. Our mission is simple yet profound: to help you start where you are, and become who you are meant to be. Through personalized programs and sustainable solutions, we empower individuals to live healthier, fuller lives. Rooted in trust, innovation, and care, Ranfort is more than a wellness brand—it is a movement toward a healthier tomorrow.",20,2024,Wellness and Fitness Services,106990779,http://www.linkedin.com/company/ranfortwellness,"Delhi, India","Healthcare, Nutrition Consultation, Holistic Nutrition, Nutrition Experts, Health and Wellness, Ayurvedic Products, Healthcare Products, and Lifestyle Remedies",https://ranfortwellness.com/,,6/2025,false,,false,"Most brands don’t fail because of low traffic. They fail because their story doesn’t convert. You’ve spent lakhs (maybe even crores) on Meta and Google ads. Tried different hooks, agencies, and offers. Still… high CAC, low ROAS, and a funnel that leaks at every step. I’ve seen it too many times. The truth? Ads don’t fail. Strategies do. Because real growth doesn’t come from media buying — it comes from clarity, content, and consistency. I’m not just a media buyer. I’m a Growth & Marketing Strategist who helps purpose-driven brands grow through a focused blend of: ⚡ Performance Marketing ⚡ Content Strategy ⚡ Storytelling That Converts I look at the full funnel — from awareness to retention — and simplify it. Using strategy and AI, I help brands: Build buyer personas that actually sell ✍️ Create content that resonates and converts Predict performance before spending Turn chaos into clear, scalable systems In the last 5 years, I’ve worked with 50+ startups and brands to design predictable growth systems that last: $200Mn+ in client revenue CAC down by 60% ROAS scaled up 5X Funnels rebuilt for retention & repeat sales Clients like Daughter Earth, Namhya Foods, TSRTC, ThinkRight, MoooFarm, 411Writers, Report Garden, Kaakateeya Marriages, Accumatch BI, and SuperK didn’t just run better ads, They built growth engines powered by purpose and precision. Now, I help founders, CMOs & D2C brands simplify their marketing and scale what truly matters — not vanity metrics. I take only 10 strategy calls a month. Book yours if you’re serious about turning your marketing into a predictable growth story. ✦ Growth Marketing & Strategy ✦ Performance Marketing (Meta, Google, LinkedIn) ✦ Content Marketing & Storytelling ✦ Conversion Rate Optimization (CRO) ✦ Funnel Design & Marketing Automation ✦ AI-Powered Marketing Tools ✦ Brand Strategy & Positioning",1493,2026-08-25 00:00:00.000 +0530,,,,,,,,,,,,,,,,,1307,
Sachin Kasera,Sachin,Kasera,https://www.linkedin.com/in/sachin-kasera-3374851b,urn:li:member:69847963,sachin-kasera-3374851b,Churu,Rajasthan,India,"Churu, Rajasthan, India",Rao IIT Academy (A division of Rao Edusolutions Pvt Ltd),Senior Faculty,founders,member_urn,"Rao IIT Academy is the first and the best choice of students for preparation of JEE Main, IIT JEE Advanced, Medical NEET, MHT-CET, KVPY, BITSAT & other Engineering and Medical entrance exams. We also offer Start-Smart Pre-foundation courses to students in std 6th, 7th, 8th, 9th & 10th for preparation of Maths & Science Olympiads, NTSE, NSTSE, MTSE, Homi Bhabha, Ganit Prabhutva & IPM. The success of our students year after year is due to our innovative teaching methods along with a vast pool of highly qualified and dedicated faculty, mostly consisting of IITians and MD level Doctors, a highly competitive peer group across India, an excellent student-teacher ratio, tie-ups with reputed schools/colleges & best online learning cum performance analysis.",229,,Education,2518703,http://www.linkedin.com/company/rao-iit-academy,,"11th & 12th Boards, OLYMPIADS, KVPY, NTSE, BITSAT, Homi Bhabha, NSTSE, SOF, Silver Zone, JEE Main, NEET, JEE Advanced, IIT JEE, MHT-CET, Boards, Pre-foundation, and Foundation",https://www.raoiit.com,Math Faculty,7/2014,false,,false,,4085,2026-08-25 00:00:00.000 +0530,,,,,,,,,,,,,,,,,1308,
Vinay Kumar Pingali,Vinay Kumar,Pingali,https://www.linkedin.com/in/vinay-kumar-pingali-5a952b8,urn:li:member:25193361,vinay-kumar-pingali-5a952b8,Pune Division,Maharashtra,India,"Pune Division, Maharashtra, India",Raph Technology Labs,Chief Operating Officer,10+yoe_global,member_urn,"Raph Technologies is a pioneering organization revolutionizing the maritime industry through the digitization of conventional processes, enhancing efficiency, safety, and sustainability. R.A.P.H. stands for Robotics, Automation & Precision Hardware. Applying cutting-edge technologies such as Artificial Intelligence (AI), Internet of Things (IoT), robotics, and advanced precise manufacturing, we are committed to transforming maritime operations for a better future. Key innovations include the patented Smart Draft Survey (SDS) systems for accurate and efficient draft measurements, robots for automated hull and hold cleaning to ensure safety and reduce human intervention, and IoT-enabled solutions for real-time vessel monitoring and predictive maintenance. With a focus on sustainability, Raph Technologies minimizes environmental impact while optimizing operational performance. Guided by a mission to deliver innovative and precise solutions, we are striving to become a global leader in maritime digitization by setting new standards in efficiency, safety, and environmental responsibility.",11,2024,Automation Machinery Manufacturing,106149729,http://www.linkedin.com/company/raph-technology-labs,,"Manufacturing, Computer vision, Maritime automation, Material Handling, Robotics, Autonomous Navigation, Instrumentation, and Remote Operated Vehicle ( ROV)",www.raphtechnologies.com,"Bridging deep-tech engineering with commercial deployment. I lead the operational, technical, and commercial execution required to scale Raph Technology Labs. Directing Operations for a Cross- functional Engineering team and Accelerating our ROVs by leveraging 10+ yrs of of heavy engineering expertise. Work in tandem to oversee hardware supply chains, ensure our Automation & robotics stand out in competition.",1/2026,false,https://media.licdn.com/dms/image/v2/D4D03AQGZ7VXAA7pM7A/profile-displayphoto-shrink_200_200/B4DZQ7jTk1HUAY-/0/1736165899484?e=1788998400&v=beta&t=aWfw374uH9fOU_WVNVZbz-kbMwFS-tMalhq9a-YPlls,false,"My career started on the ground — not in a lab — executing large-scale industrial projects at companies like Thyssenkrupp and TAKRAF. From bucket-wheel excavators to sprawling conveyor networks across the mining, steel, and cement sectors, I learned exactly what it takes to keep heavy industry moving.I also learned its biggest bottleneck: you cannot modernize these sectors with software alone.Physical industries are bleeding efficiency, relying on hazardous manual labor and outdated automation. To truly transform them, we have to build machines that can survive extreme, unforgiving environments—and give them the intelligence to operate autonomously.Armed with an MBA from SP Jain Global, I made the leap into entrepreneurship. Today, I’m bridging the gap between heavy mechanical execution and advanced intelligence to bring industry into the modern era.Today, as Co-Founder and COO of Raph Technology Labs, my singular focus is modernizing the maritime industry. With our engineering team, we are building ROVs for underwater hull and hold cleaning, targeting improved operational efficiency, reduced downtime, and enhanced environmental compliance for global shipping operators. One Core Technology: The Brain and the Body An autonomous machine requires two things to succeed: a rugged physical body to survive the environment, and an infallible ""brain"" to navigate it. Our marine ROV is the body; our proprietary Vision Intelligence platform is the brain. But to train an AI underwater is quite complex. To build an intelligence system capable of working in ocean, we stress-test it on dry land first. We actively deploy our Vision AI platform to terrestrial heavy industries—training our models on real-world rust detection, micro-fracture analysis, and precision dimension measurement.This strategy accomplishes two critical things:A. It generates B2B cash flow, bridging the capital-intensive aspect.B. It guarantees that when our ROVs deploy into the ocean, they are guided by a commercial-grade intelligence system that has already been battle-tested in live industrial environments.Lets Connect , If you are the one with the operational grit to heavy tech & marine robotics with an eye for vision intelligence :)",1001,2026-08-25 00:00:00.000 +0530,,,,,,,,,,,,,,,,,1309,
anurag pratihar,anurag,pratihar,https://www.linkedin.com/in/anurag-pratihar-a70b84102,urn:li:member:438865140,anurag-pratihar-a70b84102,Visakhapatnam,Andhra Pradesh,India,"Visakhapatnam, Andhra Pradesh, India",Rashtriya Ispat Nigam Limited (Rinl),Deputy Manager,6-10yoe_global_indian,member_urn,"Rashtriya Ispat Nigam Ltd, also known as Vizag Steel, is a Public steel producer based in Visakhapatnam, India",1293,,Utilities,34213902,http://www.linkedin.com/company/rashtriya-ispat-nigam-limited-rinl-,"Vishakhapatnam, Andhra Pradesh, India",,http://www.vizagsteel.com,,4/2016,false,,false,,1962,2026-08-25 00:00:00.000 +0530,,,,,,,,,,,,,,,,,1310,
Anand M Jha,Anand M,Jha,https://www.linkedin.com/in/itsanandjha,urn:li:member:468360795,itsanandjha,Bhopal,Madhya Pradesh,India,"Bhopal, Madhya Pradesh, India",Ray Flux Enterprises Pvt. Ltd.,Founder & CEO,founders,member_urn,"Ray Flux Enterprises Private Limited is one of the leading Solar Power Plant Installation and Commissioning companies in Madhya Pradesh with more than 1000+ happy consumer bases. We currently work on Solar Ongrid / Offgrid / Hybrid Power Plant, Solar Pump, Solar Street Light and EV Charging Station. We are looking forward to contribute our part in green energy sector. We are a authorize vendor of M.P.E.B. Central Discom (MPMKVVCL) is the first company to register under the STARTUP-INDIA scheme from M.P. in the Renewable Energy Sector.",5,2020,Renewable Energy Semiconductor Manufacturing,88032280,http://www.linkedin.com/company/ray-flux-enterprises-pvt-ltd,"Bhopal, Madhya Pradesh, India",,www.rayflux.in,,7/2021,false,,false,"Hey there! I'm an engineer with a knack for philosophy and teaching. When I'm not tinkering away on projects, you can find me writing about entrepreneurship and sharing my insights with others. I'm a big believer in lifelong learning and I enjoy sharing my knowledge with those around me. Let's connect and see what we can learn from each other!",3083,2026-08-25 00:00:00.000 +0530,,,,,,,,,,17,28,,,,,,1311,
Shubham Maheshwari,Shubham,Maheshwari,https://www.linkedin.com/in/shubham-maheshwari-65b9455,urn:li:member:17261927,shubham-maheshwari-65b9455,Bengaluru,Karnataka,India,"Bengaluru, Karnataka, India",Razorpay,Head of Product - Checkout,10+yoe_indian,member_urn,"Power your finance, grow your business. Razorpay is India’s first full-stack financial solutions company. We are on a mission to enhance the payment experience of over 300 million end consumers. And in doing so, we aim to enable Indian businesses - big and small - accept payments digitally with minimal effort and maximum ease. Razorpay has grown from being a payment gateway provider to a solutions-driven organization boasting of an extensive products suite to accept and disburse payments as well as raise capital and park money. In a nutshell, we fit into every nook and corner where your business touches money. #OutgrowOrdinary We identify ourselves as disruptors in the digital payments space and our vision is to power the financial ecosystem for other disruptors. Like attracts like and Razorpay actively looks to partner with established companies and startups that have either broken the glass ceiling in their industry or are set to. The Razorpay Product Suite today comprises verticals, along with Payment Gateway, like Payment Links, Payment Pages, Subscriptions, Smart Collect, Route, Razorpay Capital, RazorpayX, Payroll and Thirdwatch. Razorpay was started in 2014 by two IIT Roorkee alumni, Harshil Mathur and Shashank Kumar. Just a short few years later, Razorpay has evolved into a 800-odd strong organization with some of the best talents in the country helping some of the best companies manage their money movement seamlessly. Certified cool We are a bunch of spirited, ambitious and fun folks. And no, we’re not saying this ourselves--leading institutions have recognized Razorpay for the high trust and high-performance culture that we maintain. Our strength lies in the people we are and we go to great lengths to nurture a family of coders, designers, sellers, marketers, analysts, writers, runners, photographers, gamers, tinkerers, and above all, people who are dreamers and doers at the same time. Be a part of our exciting journey.",4061,,Software Development,3788927,http://www.linkedin.com/company/razorpay,"Bengaluru, Karnataka, India","Financial products, Payment processing, Payout processing, Banking services, Neobanking, Working Capital Loans, E-commerce Fraud Detection, and Payroll processing",https://bit.ly/razorpay_learnmore,,4/2025,false,https://media.licdn.com/dms/image/v2/D5603AQFqDXTjDpkpsg/profile-displayphoto-shrink_100_100/profile-displayphoto-shrink_100_100/0/1669435634822?e=1788998400&v=beta&t=Abogsf5JRQDycLEqIhJ6Ks7AkvilPYhqVbNxZr0PwBM,false,"Product Leader | User Acquisition & Retention | Customer Growth As a seasoned product leader in the e-commerce domain, I thrive on creating exceptional user experiences that drive business success. My passion lies in aligning product strategies with the overarching vision, resulting in tangible growth and engagement. Key Strengths: 1. User-Centric Innovation: I’ve spearheaded the launch of mobile apps and websites, always keeping the end user at the forefront. My focus? Delivering seamless experiences that resonate with customers. 2. Data-Driven Decision Making: Metrics matter. I dive deep into performance analytics, optimizing every feature and product to maximize impact. 3. Business Vision Alignment: My approach is holistic—I bridge the gap between business goals and user needs, ensuring our products are not just functional but delightful. 4. Mentoring and Coaching: I’m a firm believer that greatness emerges when individuals receive the right guidance and develop essential skill sets through effective mentorship. As a mentor, I’ve been helping professionals to reach their full potential, fostering growth and excellence. Let’s connect! Reach out if you’re passionate about growth, innovation, and creating exceptional digital experiences.",1082,2026-08-25 00:00:00.000 +0530,,,,,,,,,,,,,,,,,1312,
Rahul RANJAN,Rahul,RANJAN,https://www.linkedin.com/in/rahul-ranjan-a1b5a05b,urn:li:member:213457847,rahul-ranjan-a1b5a05b,,,India,India,Rally Car Design Challenge (RCDC),Race Official,10+yoe_indian,member_urn,"Rally Car Design Challenge (RCDC) is an engineering design challenge for the budding new engineers of the country. This is India’s first challenge in which engineering students will be coming in contact and participating with professional motorsports people. The target for the teams is to design a two-seater buggy that is aesthetically and ergonomically sound and is a fun and durable machine in its own ways. The main aim of RCDC is to train students about how the automobile industry works so teams will have to work and function like an automotive company in which they develop this product and launch it in the market and sell. So, to check these things there will be continues assessments like – sales report, cost report, business plan and in which our professional team of mentors will be training them on how to improve those.",4,2017,Automotive,13609432,http://www.linkedin.com/company/rcdcindiaofficial,"Jaipur, Rajasthan, India","Racing, Automotive Industry, ATV, and Quadbike",http://www.rcdcindia.com,,5/2017,false,https://media.licdn.com/dms/image/v2/D5603AQESjGJyLchtmQ/profile-displayphoto-shrink_100_100/profile-displayphoto-shrink_100_100/0/1725182608127?e=1788998400&v=beta&t=cCf9mZL6NoXHesnoDn6KcbRXkspfE60ri_s53a7Ngjs,false,"Experienced Research Engineer with a demonstrated history of working in the automotive industry. Skilled in Solid Works, LS-DYNA, AutoCAD, ANSYS, Vehicle Dynamics, Suspension Design, Rapid prototyping and 3d printing. Strong Motorsports professional with 6 years of experience in conducting Design competition and Race events.",696,2026-08-25 00:00:00.000 +0530,,,,,,,,,,,,,,,,,1313,
Ritik Raj,Ritik,Raj,https://www.linkedin.com/in/ritik-raj1704,urn:li:member:662056033,ritik-raj1704,,,Mumbai Metropolitan Region,Mumbai Metropolitan Region,Rebel Foods,Program Manager | CX,founders,member_urn,External link for Rebel Foods,3425,2011,Internet Marketplace Platforms,14546143,http://www.linkedin.com/company/rebel-foods,"South Mumbai, Maharashtra, India",,https://www.rebelfoods.com/,Handling post delivery output metrics and charters Managing programs affecting customer experience and reducing contacts and cancellations metrics,4/2026,false,,false,"To Be UpdatedI am Ritik, a strategy and finance professional helping startups turn complex market problems into clear growth paths.I started my journey in Chemical Engineering at IIT Dhanbad where I learned to break down systems. Then I moved into finance and strategy where I learned to build them back up differently.At Goldman Sachs, I worked on RMBS transactions, monitored 77+ live deals, and analysed 60+ loan tapes. At IIM Calcutta, I deepened my edge in structured products, financial risk, and fixed income markets. Today, at CIFDAQ's Founder's Office, I build revenue models, lead market-entry strategy, and assess competitive landscapes across a $1.7B+ global market.My approach blends analytical rigor with commercial instinct from bottom-up financial modelling and scenario analysis to competitive benchmarking and market sizing.What I bring to the table: Market Entry & Growth Strategy: Designing go-to-market frameworks that identify revenue opportunities others miss Financial Modelling: Bottom-up models across 10+ products, 5+ pricing scenarios, and profitability levers Competitive Intelligence: Benchmarking 10–25+ players to surface gaps in pricing, product depth, and positioningI thrive at the intersection of strategy, finance, and execution.If you're a startup looking to make sense of a messy market or a firm that values sharp, structured thinking, let's talk. DM me here or reach me at exam.ritik@gmail.com",1533,2026-08-25 00:00:00.000 +0530,,,,,,,,,,,,exam.ritik@gmail.com,,,,,1314,
Sandeep Bhamoo,Sandeep,Bhamoo,https://www.linkedin.com/in/sandeep-bhamoo-4604a717a,urn:li:member:711879624,sandeep-bhamoo-4604a717a,Gurugram,Haryana,India,"Gurugram, Haryana, India",Instafix,Founder’s Office,founders,member_urn,"We are Instafix, a pre-seed stage startup. We are here to change how the world experiences repair and are starting with smartphone repair. We will repair any smartphone at your doorstep within 30 minutes. That’s our promise, extremely ambitious, borderline crazy. That’s the kind of people we need: fast, ambitious and crazy. If that’s who you are; join us!",20,2025,Repair and Maintenance,109602024,http://www.linkedin.com/company/ree-paired,"Gurugram, Haryana, India",,www.withinstafix.com,,3/2026,false,,false,Problem Solver of all sorts with strong foundation in Mathematics and Cs Fundamentals . Enthusiastic about Competitive Programming and frontend-dev. Always eager to learn and grow in company of great people.,2423,2026-08-25 00:00:00.000 +0530,,,,,,,,,,,,,,,,,1315,
Brahmdev Kushwaha,Brahmdev,Kushwaha,https://www.linkedin.com/in/brahmdev-kushwaha-33b905151,urn:li:member:614375327,brahmdev-kushwaha-33b905151,Singrauli,Madhya Pradesh,India,"Singrauli, Madhya Pradesh, India",Reliance Power Limited,Manager,6-10yoe_global_indian,member_urn,"Reliance Power Limited (RPower) is a part of the Reliance Group, one of the leading business houses in India. RPower is a leading power generation company and has developed and constructed a large portfolio of power generation projects in India. It also operates one of the largest coal mines in India in terms of volume handled. RPower projects are diverse in geographic location, fuel source and off take. It has consistently implemented projects ahead of schedule. RPower strongly believes in clean green power and our projects are/will be using technologies with minimum environment impact. RPower is an equal opportunity provider and is focused towards nation building, contributing towards economic growth and improving lives of the local community. Our mission is to provide reliable and economical power 24x7. Reliance Power is Proud to be felicitated for remarkable performance in the Power Sector at 'The Economic Times Power Focus Summit - 2017'",1978,,Electric Power Generation,3141067,http://www.linkedin.com/company/reliance-power,India,,http://www.reliancepower.co.in/,,4/2026,false,https://media.licdn.com/dms/image/v2/C5103AQE2CnXGP_BBzA/profile-displayphoto-shrink_100_100/profile-displayphoto-shrink_100_100/0/1571475529982?e=1788998400&v=beta&t=iKL1Nt0xX2MMd6L85HZ6JCnJNcNAuyNM9uuK-C1kZyY,false,"Experienced Mechanical Engineer with a demonstrated history of working in the mining & metals industry. Skilled in Data Optimisation, Procurement Management, SAP, AutoCAD, MS Office and SolidWorks. Completed Master of Technology focused on Mining Machinery Engineering from the Indian Institute of Technology (Indian School of Mines), Dhanbad.",125,2026-08-25 00:00:00.000 +0530,,,,,,,,,,,,,,,,,1316,
Satyam Baranwal,Satyam,Baranwal,https://www.linkedin.com/in/satyam-baranwal-7643b8b4,urn:li:member:407083324,satyam-baranwal-7643b8b4,Madhya Pradesh,,India,"Madhya Pradesh, India",Reliance Power,Manager,10+yoe_indian,member_urn,"Reliance Power Limited (RPower) is a part of the Reliance Group, one of the leading business houses in India. RPower is a leading power generation company and has developed and constructed a large portfolio of power generation projects in India. It also operates one of the largest coal mines in India in terms of volume handled. RPower projects are diverse in geographic location, fuel source and off take. It has consistently implemented projects ahead of schedule. RPower strongly believes in clean green power and our projects are/will be using technologies with minimum environment impact. RPower is an equal opportunity provider and is focused towards nation building, contributing towards economic growth and improving lives of the local community. Our mission is to provide reliable and economical power 24x7. Reliance Power is Proud to be felicitated for remarkable performance in the Power Sector at 'The Economic Times Power Focus Summit - 2017'",1978,,Electric Power Generation,3141067,http://www.linkedin.com/company/reliance-power,India,,http://www.reliancepower.co.in/,"Working with production team as shift in charge and carrying production activities as per mine plan. Haul road maintenance, mine planning, target Coal production. Working with Fleet Management System to improve efficiency and increase productivity of HEMMs. Managing over 90 personnel at site",8/2013,false,,false,"Worked in one of the largest Greenfield project, gained exposure in strategic decision making, project management, pre-project execution and production supervision Having Second Class Competency Certificate (Coal)",2007,2026-08-25 00:00:00.000 +0530,,,,,,,,,,,,,,,,,1316,
Ritesh Agrawal,Ritesh,Agrawal,https://www.linkedin.com/in/ritesh-agrawal-25a43879,urn:li:member:278768230,ritesh-agrawal-25a43879,,,India,India,Reliance Power,Assistant Manager,10+yoe_indian,member_urn,"Reliance Power Limited (RPower) is a part of the Reliance Group, one of the leading business houses in India. RPower is a leading power generation company and has developed and constructed a large portfolio of power generation projects in India. It also operates one of the largest coal mines in India in terms of volume handled. RPower projects are diverse in geographic location, fuel source and off take. It has consistently implemented projects ahead of schedule. RPower strongly believes in clean green power and our projects are/will be using technologies with minimum environment impact. RPower is an equal opportunity provider and is focused towards nation building, contributing towards economic growth and improving lives of the local community. Our mission is to provide reliable and economical power 24x7. Reliance Power is Proud to be felicitated for remarkable performance in the Power Sector at 'The Economic Times Power Focus Summit - 2017'",1978,,Electric Power Generation,3141067,http://www.linkedin.com/company/reliance-power,India,,http://www.reliancepower.co.in/,,8/2011,false,,false,,3817,2026-08-25 00:00:00.000 +0530,,,,,,,,,,,,,,,,,1316,
Vignesh G,Vignesh,G,https://www.linkedin.com/in/vignesh27,urn:li:member:710795244,vignesh27,Chennai,Tamil Nadu,India,"Chennai, Tamil Nadu, India",Religare Broking Ltd,Stock Advisor and Dealer,founders,member_urn,"Religare Broking Limited (RBL) is a wholly owned subsidiary of Religare Enterprises Limited (REL) and is serving over 10 lakh clients across both Offline and Online platforms. Through its extensive footprint extending to over 400 cities, the company offers broking services in Equity, Currency and Commodity as well as depository participant services. RBL is a member of the NSE, BSE, and MSEI and a depository participant with NSDL and CDSL. RBL also offers TIN facilitation & PAN facility at select branches - a unique service to help an individual with PAN, TAN and TDS/TCS returns related requirements. In addition, RBL is an NSDL-appointed enrolment agency for Aadhaar UID (Unique Identification Number) and an AMFI-registered mutual fund distributor. The platform has been endorsed by various awards. The Head of Retail Distribution of RBL was conferred with the ‘Top Equity Personality of the Year’ award at The BSE Commodity Equity Outlook (CEO) Weekend Awards 2017. RBL was awarded the ‘Top Performer in New Account Opened (Non- Bank Category)’ at the NSDL Star Performer Awards 2017. Disclaimer: https://www.religareonline.com/disclaimer/ Website: https://www.religareonline.com Registration Details :- https://www.religareonline.com/list-of-mf-pms-sif",2694,,Financial Services,9205722,http://www.linkedin.com/company/religare-broking-ltd,"Noida, Uttar Pradesh, India","Equity, Derivatives, Commodities, Currencies, Mutual Funds, IPOs, Bonds/NCDs, Insurance, and Depository Services",https://www.religareonline.com,,1/2019,true,,false,"With lot of interests in my Technical domain and on Investments. Currently enhancing myself as a SAP ABAP HANA Developer. Professional experience on ERP solutions. My strengths include a strong background in Engineering Management with a deep passion on Financial Growth Analysis. In the next several years, I hope to be grow up my career with a Major in Engineering Economics & Technology and to gain some professional experience. Passion is to be a traveller. Profession is to be a Engineering Entrepreneur and Investor.",2434,2026-08-25 00:00:00.000 +0530,,,,,,,,,,,,,,,,,1317,
BENJAMIN RAJU,BENJAMIN,RAJU,https://www.linkedin.com/in/benjamin-raju-b5a773114,urn:li:member:479651254,benjamin-raju-b5a773114,Bengaluru,Karnataka,India,"Bengaluru, Karnataka, India",REMI Group Of Companies,Head of Design Validation,6-10yoe_global_indian,member_urn,"REMI – ‘Leader in Manufacturing Reliable Products’ REMI has received a renowned stature of ‘REMI GROUP’ from the late visionary, Mr. C.K. Saraf who founded REMI in 1960. From a small manufacturing factory REMI has transformed into a versatile Group of Companies involved in the manufacturing of Alloy & Stainless Steel Tubes/Pipes, Electric Motors, Domestic Fans, Industrial Agitators and Laboratory instruments. Today, REMI comprises of 14 factories, spread over an area of over 100000 sq. mtrs and 2500 employees. REMI is now efficiently managed by Mr. V.C. Saraf and Mr. R.C. Saraf Currently businesses are carried out in the following verticals, each run independently with a dedicated and experianced team 1. Stainless Steel Pipes and Tubes 2. Blood Banking Equipments 3. Laboratory Equipments 4. Consumer Fans (AC) 5. Solar and Car Fans (DC) 6. Industrial Agitators & Portable Mixers 7. Motors and Gear Boxes 8. Real Estate Today, REMI is recognized as one of India’s most trustworthy brands manufacturing a range of consumer durables like household fans, process plants and equipments, induction, flame proof & geared motors, stainless steel seamless and welded pipes and tubes, laboratory instruments for industries, research labs, hospitals, Blood Banks etc. The product range is marketed in 14 major Indian cities and exported in 50 countries across the world.",67,1960,Industrial Machinery Manufacturing,4798247,http://www.linkedin.com/company/remi-group-of-companies,"Mumbai, Maharashtra, India","Stainless Steel Pipes, Laboratory and Blood Banking Instruments, Industrial Agitators & Portable Mixers, Consumable Fans, and Electric Motors",http://www.remigroup.com,,2/2026,false,https://media.licdn.com/dms/image/v2/D5603AQFvwyTAipUt-Q/profile-displayphoto-scale_200_200/B56ZidKds7HUAY-/0/1754983423424?e=1788998400&v=beta&t=qhbS9lt0RHFeo9kZVYi2JpJ0suES5nMA0MBg2AvPXcM,false,"Mechanical Engineer and PMP® certified Project Professional with experience delivering complex engineering projects across aerospace, defence, and industrial domains. I combine strong FE analysis, mechanical design, and product development expertise with a structured, delivery-focused approach to managing scope, schedule, risk, and technical outcomes.Experienced in leading and coordinating cross-functional teams, translating requirements into executable plans, and driving projects from concept through validation and manufacturing readiness. I enjoy working in environments that value continuous learning, rigorous engineering, and collaboration to deliver reliable, high-quality products.",132,2026-08-25 00:00:00.000 +0530,,,,,,,,,,,,,,,,,1318,
Anand Thakkar,Anand,Thakkar,https://www.linkedin.com/in/anand-thakkar,urn:li:member:615912489,anand-thakkar,Bengaluru,Karnataka,India,"Bengaluru, Karnataka, India",RetainSure,Co-Founder and CTO,founders,member_urn,We help customer success manager: 1. Become proactive and laser focused by predicting key churn/expansion accounts using machine learning a month prior to its occurrence 2. Stay on top of their customer details with the help of an AI agent that can answer any query around your customers and CS best practices eliminating the need to do manual analysis saving tones of time 3. Make their work enjoyable by gamifying the entire workflow,5,,Software Development,96875946,http://www.linkedin.com/company/retainsure-com,"San Francisco, California, United States","Customer Success, AI, Customer Success AI, Customer Success Management, and B2B SaaS",www.retainsure.com,,12/2024,false,,false,"I build AI systems that help SaaS companies keep the customers they worked hard to win. As co-founder and CTO of RetainSure, I lead product and engineering for a platform that turns scattered customer data into churn prevention, automated QBRs, and increasingly autonomous customer success. The interesting part isn't the AI demo. It's the plumbing underneath that makes it trustworthy enough to act on. Before this, I worked at Rubrik doing workload sizing and building large scale data architectures. I work across Python, Java, PostgreSQL, ClickHouse, AWS, and multi-agent orchestration, with a strong bias toward shipping and the cost discipline of a bootstrapped founder. Away from the keyboard, I'm also a novice photographer and sometimes I play chess as well.",3426,2026-08-25 00:00:00.000 +0530,,,,,,,,,,17,28,,,,,,1319,
Rajan jaiswal,Rajan,jaiswal,https://www.linkedin.com/in/rajan-jaiswal-b6611a198,urn:li:member:776644350,rajan-jaiswal-b6611a198,Garhwa,Jharkhand,India,"Garhwa, Jharkhand, India",PLACEMENT PRESENTATIVE,IIT(ISM) DHANBAD ECE,6-10yoe_global_indian,member_urn,,,,,,,,,,,3/2018,false,https://media.licdn.com/dms/image/v2/C5103AQFloM0gSpZlMg/profile-displayphoto-shrink_100_100/profile-displayphoto-shrink_100_100/0/1574004577308?e=1788998400&v=beta&t=N7MuypuRq9Pe1OB8-DQaLQADjIRENYs5xpae38Ig0Ic,false,"I'm a Final Year B-tech Student from IIT (ISM) Dhanbad.I develop my domain knowledge and experience as a programmer in general as well as competitive coding (DATA STRUCTUREs AND ALGORITHMS) . Good knowledge and grasp on programming languages c,c++, python. Likes to solve challenging problems regularly. I participate enthusiastically on websites like Codeforces, Interviewbits, geegksforgeeks, Hackerrank, SPOJ among others. I am also familiar with the technologies like machine learning, Image Processing, and Robotics. I believe in learning new things quickly and applying them to solving real-world problems and something productive for the world. likewise, I had done a project ""voice for the Deaf and dumb people"" using both robotics and Image processing which converts sign language into voice output for those who can't speak and to ease their conversation.",454,2026-08-25 00:00:00.000 +0530,,,,,,,,,,,,,,,,,2295,
kundan singh,kundan,singh,https://www.linkedin.com/in/kundan-singh-114328b4,urn:li:member:406895776,kundan-singh-114328b4,Gurugram,Haryana,India,"Gurugram, Haryana, India",ReVal Consulting Private Limited,Joint President,10+yoe_indian,member_urn,"ITS ReVal ReVal is a consulting venture founded by IIT (ISM) Dhanbad Graduates to provide expert advisory services to Mining Sector clients in India and abroad. Our competent and qualified experts bring together the experience of the entire life cycle of the mining business from Project Identification to Mineral Consumption and Mine Closure. Our objective is to advise and help our clients Realize Value, Reassure Valued Stakeholders, and Revalidate existing plans and operations to maximize value to Shareholders. Our objectives are reflected in our values: Innovation – Focus on innovative solutions to unlock value Trust – Build trust with the client and society Sustainability – Provide solutions for sustainable value creation as well as ensure environmental sustainability To share our values with clients, our experts bring together the individual experience of 15-40 years in the Industry and bring the following capabilities: Strategy and Finance Market and Investments Exploration Mine Planning Operations Planning Mining Operations Geology and Geophysics Mineral Processing Environment and Forest Mechanical Civil Automation Logistics",31,2022,Business Consulting and Services,81595834,http://www.linkedin.com/company/reval-consulting-private-limited,"Gurugram, Haryana, India","Mining, Consultancy, Geology, Exploration, Mine Planning, Engineering Services, Geological Report Preparation, Environmental Studies, Commercial and Contracts, Project Evaluation, Market Studies, and Market Entry",revalconsult.com,,4/2026,false,https://media.licdn.com/dms/image/v2/C4D03AQEO9gpQfYAOaA/profile-displayphoto-shrink_100_100/profile-displayphoto-shrink_100_100/0/1656341751005?e=1788998400&v=beta&t=a_0__MgR7-FOwpM56Nj1JlxdXqhFZiSJsT2ys-zWSTQ,false,"Experienced Mining professional with a demonstrated history of working in the Business development, financial modeling, Market analysis, Industry Research, Project Manager and technical due diligence in Coal, Cement and Metal mining industry.",1038,2026-08-25 00:00:00.000 +0530,,,,,,,,,,,,,,,,,1320,
Pukhraj Sethiya,Pukhraj,Sethiya,https://www.linkedin.com/in/pukhraj-sethiya-0794a19,urn:li:member:28078365,pukhraj-sethiya-0794a19,Ahmedabad,Gujarat,India,"Ahmedabad, Gujarat, India",ReVal Consulting Private Limited,Co-Founder and India Managing Director,founders,member_urn,"ITS ReVal ReVal is a consulting venture founded by IIT (ISM) Dhanbad Graduates to provide expert advisory services to Mining Sector clients in India and abroad. Our competent and qualified experts bring together the experience of the entire life cycle of the mining business from Project Identification to Mineral Consumption and Mine Closure. Our objective is to advise and help our clients Realize Value, Reassure Valued Stakeholders, and Revalidate existing plans and operations to maximize value to Shareholders. Our objectives are reflected in our values: Innovation – Focus on innovative solutions to unlock value Trust – Build trust with the client and society Sustainability – Provide solutions for sustainable value creation as well as ensure environmental sustainability To share our values with clients, our experts bring together the individual experience of 15-40 years in the Industry and bring the following capabilities: Strategy and Finance Market and Investments Exploration Mine Planning Operations Planning Mining Operations Geology and Geophysics Mineral Processing Environment and Forest Mechanical Civil Automation Logistics",31,2022,Business Consulting and Services,81595834,http://www.linkedin.com/company/reval-consulting-private-limited,"Gurugram, Haryana, India","Mining, Consultancy, Geology, Exploration, Mine Planning, Engineering Services, Geological Report Preparation, Environmental Studies, Commercial and Contracts, Project Evaluation, Market Studies, and Market Entry",revalconsult.com,"ReVal Consulting partners with businesses to tackle their most significant challenges and capture their greatest opportunities in the Capital Industry Sector. We work closely with our esteemed clients to embrace a transformational approach aimed at benefitting all stakeholders across the value chain and driving positive business outcomes. Our diverse team brings deep industry experience, functional expertise, and a range of perspectives that help us deliver solutions through leading-edge management consulting, technology, and design. We work in a uniquely collaborative model across the firm and throughout all levels of the client organization, fueled by the motto of serving them with the best possible solution. Our objects are reflected in our values: Innovation – Focus on innovative solutions to unlock value Trust – Build trust with client and society Sustainability – Provide solutions for sustainable value creation as well as ensure environmental sustainability",4/2024,true,,false,"As Co-Founder and India Managing Director of ReVal Consulting Private Limited, I bring about two decade of experience in delivering transformative solutions for the capital-intensive industries, with a strong focus on the mining sector. I am passionate about helping organizations navigate complex challenges, drive innovation, and unlock sustainable value for stakeholders. At ReVal, I lead a dynamic team that provides end-to-end advisory services across the mining lifecycle—from project identification and evaluation to operations and closure. By combining deep sector expertise with financial modeling and cross-border transaction capabilities, we create actionable strategies that translate into measurable business outcomes. My professional journey spans leadership roles in business development, project evaluation, and strategy, equipping me with the ability to drive growth, shape opportunities, and deliver results that make a lasting impact.",3401,2026-08-25 00:00:00.000 +0530,,,,,,,,,,17,28,,,,,,1320,
Kumar Rajesh Singh,Kumar Rajesh,Singh,https://www.linkedin.com/in/kumar-rajesh-singh-6611713,urn:li:member:9354601,kumar-rajesh-singh-6611713,Gurugram,Haryana,India,"Gurugram, Haryana, India",ReVal Consulting Private Limited,Global Managing Director,10+yoe_indian,member_urn,"ITS ReVal ReVal is a consulting venture founded by IIT (ISM) Dhanbad Graduates to provide expert advisory services to Mining Sector clients in India and abroad. Our competent and qualified experts bring together the experience of the entire life cycle of the mining business from Project Identification to Mineral Consumption and Mine Closure. Our objective is to advise and help our clients Realize Value, Reassure Valued Stakeholders, and Revalidate existing plans and operations to maximize value to Shareholders. Our objectives are reflected in our values: Innovation – Focus on innovative solutions to unlock value Trust – Build trust with the client and society Sustainability – Provide solutions for sustainable value creation as well as ensure environmental sustainability To share our values with clients, our experts bring together the individual experience of 15-40 years in the Industry and bring the following capabilities: Strategy and Finance Market and Investments Exploration Mine Planning Operations Planning Mining Operations Geology and Geophysics Mineral Processing Environment and Forest Mechanical Civil Automation Logistics",31,2022,Business Consulting and Services,81595834,http://www.linkedin.com/company/reval-consulting-private-limited,"Gurugram, Haryana, India","Mining, Consultancy, Geology, Exploration, Mine Planning, Engineering Services, Geological Report Preparation, Environmental Studies, Commercial and Contracts, Project Evaluation, Market Studies, and Market Entry",revalconsult.com,,4/2024,false,https://media.licdn.com/dms/image/v2/D5603AQGaPUvBqqvlVw/profile-displayphoto-scale_200_200/B56ZjrFOQpHMAc-/0/1756290674971?e=1788998400&v=beta&t=NMDqrthFEiv10Wkj4wyIHwSNZ8Y_ff2AFKFgiiW51Iw,false,"Business Head - Mining Mining professional with nearly 26 years of expertise in ramping-up projects within time, budget & quality parameters, as per project management & best practice guidelines; expertise in mining sector both opencast and underground mines in strategic planning, commercial & business operation & project monitoring, mine planning, Project monitoring, , tendering & corporate strategy",1037,2026-09-01 21:00:56.853 +0530,,,,,,,,,,,,krsingh11@yahoo.co.in,,,,,1320,
Ankur Sahay,Ankur,Sahay,https://www.linkedin.com/in/ankursahay95244579,urn:li:member:278784782,ankursahay95244579,Dhanbad,Jharkhand,India,"Dhanbad, Jharkhand, India","Revenue and Land Reforms Department, Government of Bihar",SSASO,6-10yoe_global_indian,member_urn,"This page serves as a trusted source for information on government schemes, revenue policies, and reforms. Stay connected with us to receive important updates first.",120,,Government Administration,105322321,http://www.linkedin.com/company/revenue-and-land-reforms-department-govt-of-bihar,,,https://land.bihar.gov.in/landbihar/Default.aspx,,7/2024,false,https://media.licdn.com/dms/image/v2/C5603AQExD27MYcbYzQ/profile-displayphoto-shrink_100_100/profile-displayphoto-shrink_100_100/0/1633929102445?e=1788998400&v=beta&t=h_H3qqp6ket7mGAsAxVTNfBA_O3uTaxxCoiquYyUniQ,false,,2906,2026-08-25 00:00:00.000 +0530,,,,,,,,,,,,,,,,,1321,
Rajan kumar,Rajan,kumar,https://www.linkedin.com/in/rajan-kumar-74613891,urn:li:member:325798182,rajan-kumar-74613891,Dhanbad,Jharkhand,India,"Dhanbad, Jharkhand, India",Rexeon Solutions Pvt. Ltd.,Director,6-10yoe_global_indian,member_urn,"Rexeon solution is proceeding to offer high quality and affordable food and fuel testing services. Even though we are directly testing the standard of food and fuel, we are also acting as a consultant firm which satisfies most of the certification needs of a company which are required to show their standard of quality. We aim to increase the accessibility of certification and promote a high-quality standardization practice in not only big companies but also in MSME sector using recent technological advancements.",5,2020,Food and Beverage Services,69864734,http://www.linkedin.com/company/rexeonsolutions,"Dhanbad, Jharkhand, India",,https://www.rexeonsolutions.in,,6/2020,false,https://media.licdn.com/dms/image/v2/C5603AQEF3NeHbsp_YQ/profile-displayphoto-shrink_100_100/profile-displayphoto-shrink_100_100/0/1633173358672?e=1788998400&v=beta&t=jIivJCE-Zrjpp1zlBV9LlNSLPertYFVs9byWMRiltPw,false,Focused and confident with an experience of 8 years in various domains with enhances my quality of leadership as a Marketing Director in both the companies which are owned by me. I believe in team work for the development and growth of any company .,161,2026-08-25 00:00:00.000 +0530,,,,,,,,,,,,,,,,,1323,
BHAVESH GARG,BHAVESH,GARG,https://www.linkedin.com/in/bhaveshgarg0098,urn:li:member:545974675,bhaveshgarg0098,Gurugram,Haryana,India,"Gurugram, Haryana, India",Ricekraft,Co-Founder,founders,member_urn,Ricekraft is a K-Beauty brand offering K-Beauty products which are Clean & Effective and suitable for Indian Skin and Climate.,3,2021,Retail Health and Personal Care Products,85191449,http://www.linkedin.com/company/ricekraft,"Ahmedabad, Gujarat, India","Social Media Management, Digital Marketing, Ads Optimization, Skincare, Operations Management, Supply Chain Management, Growth, and Relationship Management",http://ricekraft.com,,10/2023,false,,false,Product Management || Customer Success || Distributor Management System || Automating FMCG and FMCD Industry|| Avid Investor || Entrepreneurial Mindset || Creating value ||,3321,2026-08-25 00:00:00.000 +0530,,,,,,,,,,17,28,,,,,,1325,
Sunil K.,Sunil,K.,https://www.linkedin.com/in/sunilkumar00,urn:li:member:867417977,sunilkumar00,Patna,Bihar,India,"Patna, Bihar, India",RINOLYST,Founder and Director,founders,member_urn,"RINOLYST (Research & Innovation Catalyst), the dedicated research and innovation unit of SciGlyph Exploration Private Limited®, serves as the most trusted bridge between discovery and deployment. Founded in 2023, RINOLYST catalyzes transformative research and innovation ecosystems across climate resilience, energy transition, decarbonization, and sustainable development. Through specialized operational units, we bridge the gap between scientific discovery and practical implementation, ensuring research is skillfully developed, comprehensively supported, and effectively applied to solve critical global challenges.",4,,Research Services,99905597,http://www.linkedin.com/company/rinolyst,"Patna, Bihar, India","Research, Innovation, Climate Resilience Research, Energy Transition Solutions, Hydrogen Technologies, Decarbonization Strategies, Sustainable Development, Applied Skills Development, Research Support Services, Knowledge Transfer, Global Collaboration, Energy Innovation, Renewable Energy, Biodiversity, Decarbonization, Sustainability, and Emerging Science & Technology",https://www.rinolyst.com/,"RINOLYST (Research & Innovation Catalyst), a brainchild of SciGlyph Exploration®, envisions an ecosystem where research and innovation thrive, empowering individuals and institutions to push the boundaries of knowledge and drive transformative change. With a deep-rooted commitment to fostering a culture of research and innovation, RINOLYST seeks to create a collaborative ecosystem that nurtures and amplifies the creative potential of engineering and technical colleges, institutions, universities, and individuals.",8/2023,false,,false,,3585,2026-08-25 00:00:00.000 +0530,,,,,,,,,,,,,,,,,1326,
Sirish Kumar,Sirish,Kumar,https://www.linkedin.com/in/sirish-kumar-28726495,urn:li:member:338045575,sirish-kumar-28726495,Patna,Bihar,India,"Patna, Bihar, India",RINOLYST,Co-Founder,founders,member_urn,"RINOLYST (Research & Innovation Catalyst), the dedicated research and innovation unit of SciGlyph Exploration Private Limited®, serves as the most trusted bridge between discovery and deployment. Founded in 2023, RINOLYST catalyzes transformative research and innovation ecosystems across climate resilience, energy transition, decarbonization, and sustainable development. Through specialized operational units, we bridge the gap between scientific discovery and practical implementation, ensuring research is skillfully developed, comprehensively supported, and effectively applied to solve critical global challenges.",4,,Research Services,99905597,http://www.linkedin.com/company/rinolyst,"Patna, Bihar, India","Research, Innovation, Climate Resilience Research, Energy Transition Solutions, Hydrogen Technologies, Decarbonization Strategies, Sustainable Development, Applied Skills Development, Research Support Services, Knowledge Transfer, Global Collaboration, Energy Innovation, Renewable Energy, Biodiversity, Decarbonization, Sustainability, and Emerging Science & Technology",https://www.rinolyst.com/,"RINOLYST (Research & Innovation Catalyst), a brainchild of SciGlyph Exploration®, envisions an ecosystem where research and innovation thrive, empowering individuals and institutions to push the boundaries of knowledge and drive transformative change. With a deep-rooted commitment to fostering a culture of research and innovation, RINOLYST seeks to create a collaborative ecosystem that nurtures and amplifies the creative potential of engineering and technical colleges, institutions, universities, and individuals.",8/2023,false,,false,"Researcher and Founder with more than 10 years of experience in working in the scientific research and development in Earth and Climate Sciences. Expertise in Earth Science, Geochemistry, Negative Emissions Technology, Scientific Writing, and Research and Development (R&D). Strong business development professional with a Doctor of Philosophy - PhD focused in Geochemistry/Earth Science, from the Indian Institute of Technology (Indian School of Mines), Dhanbad, India.",3175,2026-08-25 00:00:00.000 +0530,,,,,,,,,,17,28,,,,,,1326,
ROHIT SINGH,ROHIT,SINGH,https://www.linkedin.com/in/rohit-singh-02635963,urn:li:member:224814558,rohit-singh-02635963,Bhilai,Chhattisgarh,India,"Bhilai, Chhattisgarh, India",RITES Ltd.,Senior Manager,10+yoe_indian,member_urn,External link for RITES Ltd.,2191,1974,Business Consulting and Services,30246323,http://www.linkedin.com/company/rites-limited,"Gurugram, Haryana, India",,https://www.rites.com/,,9/2023,false,https://media.licdn.com/dms/image/v2/C4E03AQFCx--oGBs8EQ/profile-displayphoto-shrink_100_100/profile-displayphoto-shrink_100_100/0/1621909130819?e=1788998400&v=beta&t=G2oXgijHJTPvjg4K6D4fyTPQ5FFBTB9pTJrr2lKgc4o,false,,2003,2026-08-25 00:00:00.000 +0530,,,,,,,,,,,,,,,,,1327,
Kishorkumar Chabhadiya,Kishorkumar,Chabhadiya,https://www.linkedin.com/in/chabhadiya009,urn:li:member:180197637,chabhadiya009,Bengaluru,Karnataka,India,"Bengaluru, Karnataka, India",RocketPay,Co-Founder & CTO,founders,member_urn,"RocketPay is India's First automatic Credit collection application. At RocketPay, we are empowering every Business owner to efficiently manage the credit collection process and improve their cash flow. We are committed towards build a one-stop digital solution for businesses to ease their day-to-day credit collection hassle. People of RocketPay have a vision to revolutionize the credit collection industry with a completely safe & secure digital credit collection product.",57,,Financial Services,99199449,http://www.linkedin.com/company/rocketpayment,"Bengaluru, Karnataka, India",,www.rocketpay.co.in,,1/2023,false,,false,I love building new things starting from a blank whiteboard or early stage prototype and transferring into something which makes people life easy. I've done this repeatedly at companies.,3052,2026-08-25 00:00:00.000 +0530,,,,,,,,,,17,28,,,,,,1328,
Gaurav Tyagi,Gaurav,Tyagi,https://www.linkedin.com/in/gaurav-tyagi-42045119,urn:li:member:63807000,gaurav-tyagi-42045119,Gurugram,Haryana,India,"Gurugram, Haryana, India",Rockman Advanced Composites,Head Strategy,10+yoe_global,member_urn,External link for Rockman Advanced Composites,169,2010,Manufacturing,3579061,http://www.linkedin.com/company/rockmanac,,,http://www.rockmanac.com,,3/2025,false,https://media.licdn.com/dms/image/v2/C5603AQHLQVcb4sT5pQ/profile-displayphoto-shrink_100_100/profile-displayphoto-shrink_100_100/0/1587548271552?e=1788998400&v=beta&t=twr1-vL4-4OIz4nRnG-hO5OSfq_qQZG-Q1nxhxRZa5U,false,An experienced & multi-skilled techno-commercial professional with proven analytical skills.,822,2026-09-01 21:00:56.853 +0530,,,,,,,,,,,,"gaurav.tyagi@supremegroup.co.in, gauravtyagi86@gmail.com",gaurav.tyagi@supremegroup.co.in,,,,1329,
Arnab Dasgupta,Arnab,Dasgupta,https://www.linkedin.com/in/arnabdg,urn:li:member:51042989,arnabdg,,,Greater Delhi Area,Greater Delhi Area,RocSearch,Associate Director,10+yoe_global,member_urn,External link for RocSearch,102,1999,Business Consulting and Services,23943,http://www.linkedin.com/company/rocsearch,"London, England, United Kingdom","Research & Analytics, business intelligence, Strategy, Innovation, Technology Advisory, Brand Research, Competitive Benchmarking, Operational Benchmarking, Mergers & Acquisitions, Investment Advisory, brand advisory, Private Equity, Fund raising, Venture Capital, Strategic Research, Innovation Consulting, Deal Origination, Go-to-market strategy, Commercial Due Dilligence, Financial Due Dilligence, Valuation, Equity Research, Investment Due Diligence, Market Intelligence, Market Expansion, and M&A Advisory",https://www.rocsearch.com/,,7/2025,false,https://media.licdn.com/dms/image/v2/C4D03AQHy1eJjHyrh2Q/profile-displayphoto-shrink_100_100/profile-displayphoto-shrink_100_100/0/1516553129256?e=1788998400&v=beta&t=iBImmfYBKpwecDSWmMftA898Qx5ush70bs-xne8Z318,false,"Work experience in Government, Industry, Startups and Management Consulting Exposure to RMG, FMCG, Retail, Power, Adtech, Mining, Hospitality and Digital Media Lived in India, Europe, South East Asia Interested in Growth Strategy, CDD, Operations Excellence, Process Improvement, Cost Reduction, Digital Transformation",948,2026-09-01 21:00:56.853 +0530,,,,,,,,,,,,arnabdasgupta01@gmail.com,,,,,1330,
MADHUSMITA MOHANTA,MADHUSMITA,MOHANTA,https://www.linkedin.com/in/madhusmita-mohanta-1b137913a,urn:li:member:568244437,madhusmita-mohanta-1b137913a,New Delhi,Delhi,India,"New Delhi, Delhi, India",RotoAI,Director and Co-founder,founders,member_urn,External link for RotoAI,2,2024,Software Development,101988281,http://www.linkedin.com/company/rotoai,"Delhi Cantonment, Delhi, India","Machine Learning, Predictive Maintanance, AI-driven Maintenance Solutions, Industrial Machine Maintenance, CFD, and FEM",https://www.rotoai.in/,"Experienced in business development, market research, and R&D, with a focus on driving innovation and building impactful technology solutions. At RotoAI Pvt Ltd, we develop physics-based AI-driven systems for predictive maintenance, machine health monitoring, digital twins, and FEM/CFD-based product optimization — helping industrial businesses reduce downtime, improve product performance, optimize operations, and make smarter data-driven decisions. Passionate about identifying market needs, shaping product strategy, and transforming ideas into scalable engineering solutions that deliver real-world value.",3/2025,false,,false,"Leading operations, strategy, and business development at RotoAI — a deep-tech company developing AI-driven reliability, digital twin, and product optimization solutions for industrial systems. Focused on transforming advanced engineering technologies, including AI, FEM/CFD simulations, condition monitoring, predictive maintenance, and rotordynamic/vibration analysis into scalable real-world applications across manufacturing, energy, aerospace, marine, automobile, and heavy industries.Working at the intersection of technology and execution by building strategic partnerships, driving business growth, and delivering indigenous engineering AI solutions for mission-critical applications.Driven by a clear objective: to improve system performance, enhance product reliability and efficiency, and enable smarter industrial decision-making.",3345,2026-08-25 00:00:00.000 +0530,,,,,,,,,,17,28,,,,,,1331,
Srishti Soni,Srishti,Soni,https://www.linkedin.com/in/srishti-soni-0483a2100,urn:li:member:430939064,srishti-soni-0483a2100,Gurugram,Haryana,India,"Gurugram, Haryana, India",Royal Enfield,Brand Manager - Accessories & Motorcycle,10+yoe_global,member_urn,"The oldest motorcycle brand in continuous production, Royal Enfield made its first motorcycle in 1901. A division of Eicher Motors Limited, Royal Enfield has created the mid-sized motorcycle segment in India with its unique and distinctive modern classic bikes. Royal Enfield operates in 60+ countries across the world with more than 3000 retail touch points globally, 5 CKD units (Argentina, Brazil, Colombia, Nepal, & Thailand), 3 state-of-the-art manufacturing facilities based out of Chennai, India and two technical centers - in India and in the UK. Watch Royal Enfield's incredible journey here - https://youtu.be/QbHgJ6flUt4",19604,,Motor Vehicle Manufacturing,571383,http://www.linkedin.com/company/royal-enfield,"Gurugram, Haryana, India","Motorcycles, Rides, Motorcycling Gear, Riding Community, motorcycling, royal enfield, legacy, history, modern classic, retro motorcycles, bullet 350, classic 350, himalayan 411, meteor 350, scram 411, Continental GT 650, Interceptor 650, Hunter 350, and Super Meteor 650",https://www.royalenfield.com/,"GTM (Go To Market) plan formulation, Thematic Product Shoots, Increasing aspiration levels, Product launch- Planning and Execution (Pre-launch, Launch, Post launch), Paid media campaign management, Creatives and Communication Strategy, BTL Activations",9/2022,false,https://media.licdn.com/dms/image/v2/D5603AQGQsYj3__YMrA/profile-displayphoto-scale_100_100/B56ZeHXIHwGQAg-/0/1750322676790?e=1788998400&v=beta&t=DhVf45pXahIudmzbxOI0xMDvDNR6SIGc0PEVXfUbV6U,false,"Passionate Brand Manager with 11 years of diverse B2C and B2B experience across industries including Automobiles, Ecommerce and BFSI. Key strengths include:-1) Global Launch, GTM Plan and Execution, Brand Sustanance Activties: enabling business via Digital and Offline Marketing. 2) Creatives Strategy: Positioning, Planning and Execution of Thematic Shoots, Marketing Assets Creation.3) Public Relations: Influencer Engagement, Brand Advocacy.4) ATL(outdoor media campaigns,Print Advertisements) and BTL campaigns: Planning to Execution.5) Internal and External Communication.6) Educational qualifications: MBA in Marketing,IIT Dhanbad(Indian School of Mines) , B.E. RGTU University.",1060,2026-08-25 00:00:00.000 +0530,,,,,,,,,,,,,,,,,1332,
rohit kumar,rohit,kumar,https://www.linkedin.com/in/rohit-kumar-80432b1a6,urn:li:member:807023812,rohit-kumar-80432b1a6,Durgapur subdivision,,India,"Durgapur subdivision, India",RUNGTA MINES LIMITED,Deputy manager,6-10yoe_global_indian,member_urn,External link for RUNGTA MINES LIMITED,3623,1962,Mining,5785759,http://www.linkedin.com/company/rungta-mines-limited,"Khuntpani, Jharkhand, India",,http://www.rungtamines.com,Mechanical maintenance - DIP Hot Zone,2/2025,false,https://media.licdn.com/dms/image/v2/C5603AQFF8cZiU9kAyw/profile-displayphoto-shrink_100_100/profile-displayphoto-shrink_100_100/0/1615817951656?e=1788998400&v=beta&t=9A4yiEErmfs69m4ka1giAOwIqHyUh0vS4s5f_jQD4K0,false,"Associate Manager in Jai Balaji Industries Ltd (An Integrated steel plant), with a Master of Technology - MTech focused in Machine Design from Indian Institute of Technology (Indian School of Mines), Dhanbad and B.tech in Mechanical engineering from AKU, Patna. I have 3 year and 1 months experience with a demonstrated history of working in the mining & metals industry. Skilled in AutoCAD, Solidworks, Matlab, Microsoft Excel and Ansys.",62,2026-08-25 00:00:00.000 +0530,,,,,,,,,,,,,,,,,1333,
Abinesh Kumar,Abinesh,Kumar,https://www.linkedin.com/in/abinesh-kumar-40b65027,urn:li:member:94162763,abinesh-kumar-40b65027,Mumbai,Maharashtra,India,"Mumbai, Maharashtra, India",SAExploration,IFQC,10+yoe_global,member_urn,External link for SAExploration,558,2006,Oil and Gas,2406693,http://www.linkedin.com/company/saexploration,"Houston, Texas, United States","Seismic Acquisition Program Design, Seismic Acquisition Program - Survey & Line Cutting, Seismic Acquisition Program Planning & Permitting, Seismic Acquisition Drilling, Seismic Programs - Camp Services, and Seismic Acquisition Recording",http://www.saexploration.com,,1/2023,false,https://media.licdn.com/dms/image/v2/D5603AQG4O7QcmjmeYQ/profile-displayphoto-shrink_200_200/B56ZSSCJn3HEAY-/0/1737616826527?e=1788998400&v=beta&t=YWKv1BD_B7GQzhHX3jqBlW7yw8Ym31vMhMAhf9LshMA,false,"A Geophysicist with 18+ years of experience in Land/ Marine 2D/3D/4C OBN Seismic Data Acquisition & Processing, having delivered successful projects within budget and timescale across India onshore and offshore and several basins worldwide. Excited for the opportunity to broaden and develop knowledge of geoscience, integrating geophysics and geology disciplines. A strong team leader and participant, with the ability to holistically view the task at hand and challenge all members to achieve excellence looking for an challenging role as Geophysicist.",1182,2026-08-25 00:00:00.000 +0530,,,,,,,,,,,,,,,,,1336,
Avinav Peshwani,Avinav,Peshwani,https://www.linkedin.com/in/avipeshwani,urn:li:member:92080182,avipeshwani,Varanasi,Uttar Pradesh,India,"Varanasi, Uttar Pradesh, India",Safarnama Hospitality,Founder,founders,member_urn,"Founded in 2017, Safarnama is a chain of boutique bed & breakfasts, currently present in Agra & Varanasi. It has been maintaining excellent ratings in the last one and a half years on all leading booking and radio platforms. Safarnama is a Persian word where Safar means to travel, a journey and Nama is a Suffix which means 'an account of' or 'the story of'. Hence, Safarnama means a travelogue, a collection of your travel stories. Safarnama is a travel literature written during the 11th century by Nasir Khusraw (1003-1077) and also said to be one of the first travel literature ever written. We envision ourselves to set up globally and make Safarnama the brand name for hospitality. Our mission is to deliver an unforgettable experience for our guests at our opulent properties. At Safarnama, we strive to offer you the experience of living in a rich atmosphere just like your home, away from home.",8,2017,Hospitality,14656386,http://www.linkedin.com/company/safarnama-hospitality,"Varanasi, Uttar Pradesh, India","experiences, hospitality, food and beverages, neighborhood walks, activities, events, travel planning, fixed departures, Centrally located, Boutique hotel, and Bed & Breakfast",http://safarnamahouse.com,India's first chain of boutique hotels of its kind. Safarnama is present in Agra and Varanasi.,8/2017,false,,false,"Proud owner of Safarnama Varanasi, a boutique hotel in the heart of 4500 year old city. Over the past six years, Safarnama Varanasi has had the privilege of hosting nearly 10,000 guests from over 45 countries, offering them an immersive experience. Alongside my role in hospitality, I am deeply involved in community initiatives as the President of Kutumb NGO. For over two decades, Kutumb has been making a profound impact, touching the lives of over 60,000 individuals through its unique interventions and initiatives. Working from my hometown allows me to witness firsthand the positive changes we can effect within our community. Looking forward to connecting and learning from meaningful new connections.",2252,2026-08-25 00:00:00.000 +0530,,,,,,,,,,17,28,,,,,,1337,
Ambarish Sikarwar,Ambarish,Sikarwar,https://www.linkedin.com/in/ambarish-sikarwar-66b2141a,urn:li:member:66217907,ambarish-sikarwar-66b2141a,Delhi,,India,"Delhi, India",SAI International Pet Products Pvt Ltd.,Chief Business Officer,10+yoe_indian,member_urn,"Sai International Pet Products India's Number One Pet Treat Brand: Elevating Pet Treats to a Gourmet Wellness Experience! Welcome to Sai International Pet Products, India's unrivaled pet treats destination. With a legacy of over 15 years, we lead as the industry's trusted innovator, committed to excellence and trust. Trusted Excellence for Pet Lovers: Our extensive brand portfolio is a testament to our dedication to delivering the finest quality pet treats. Our brands promise delectable, nutritious treats made from fresh, human-grade meat, earning the trust of pet lovers. Pioneering Nutrition for Happy Pets: Our philosophy is rooted in innovation and selectivity, bringing a new standard of quality and nutrition to the Indian market. Our diverse range of top-notch treats and snacks, including wet food, dental treats, chew bones, and more, is designed to enhance your pet's happiness, health, and vitality. A Multibrand Legacy: Under our umbrella, more than nine distinctive brands thrive, with five dedicated to dogs - Jerhigh, Goodies, Gnawlers, Wanpy, and FirstBark. Our four brands, including Bellotta, FirstMeow, Pet Pat-tern, and Wonderwhite, serve the discerning tastes of our feline friends. We are proud to claim supremacy in the treats, snacks, and cat litter categories. Passion for Quality: Our commitment goes beyond commerce; it is a passion for meticulous selection and quality. Partnering with world-renowned companies such as CP Group (Jerhigh), Thai Union (Bellotta and Marvo), and Wanpy (FirstBark and Wanpy), we bring your pets only the best. Our in-house brands, FirstBark, FirstMeow, and Pet Pat-tern – underline our commitment. Industry Veterans Since 2006: With expertise dating back to 2006, we are dedicated to nurturing healthier pet-owner relationships. Experience our commitment to creating healthier, happier pet companions. ""Let's shape a world where every treat is a step towards a brighter life for our beloved pets.""",43,,Pet Services,97839177,http://www.linkedin.com/company/sai-international-pet-products-pvt-ltd,"Ghaziabad, Uttar Pradesh, India",,https://saiinternationalgroup.com/,"As the Chief Business Officer at Sai International Pet Products Pvt Limited, I lead the development and execution of growth strategies, sales, and marketing initiatives to drive scale and business transformation. My role encompasses strategic planning for the transformation , build brands, enhance market presence, foster innovation, and accelerate business growth.",7/2024,false,https://media.licdn.com/dms/image/v2/C4D03AQHRf7bdsLI68A/profile-displayphoto-shrink_100_100/profile-displayphoto-shrink_100_100/0/1658546058275?e=1788998400&v=beta&t=o7Bk0etOU2hwJBTzAEGaLJT5wMQ--zGGb0aaxwfy8f4,false,"With over two decades of experience across retail, FMCG, D2C and pet-care, I work with founders and leadership teams at growth inflection points. Most businesses don’t fail because of lack of effort or ideas. They struggle because key decisions are made with partial visibility — across channels, margins, customers, and execution capability. My work focuses on : Diagnose growth and margin blind spots Reduce decision risk during scale-up Align strategy with execution reality Create focused actionable strategies instead of long vision decks I combine on-ground business experience with data-backed decision insights to support leaders in retail, D2C and pet-care businesses navigating complexity. I believe clarity beats speed, and good judgment beats noise. With extensive leadership experience across industries, I am committed to building high-performing teams and driving operational excellence. My expertise lies in business transformation and strategic planning, which I leverage to empower organizations in achieving their growth aspirations and delivering long-term value.",1162,2026-09-01 21:00:56.853 +0530,,,,,,,,,,,,"ambarishsikarwar@gmail.com, ambarish.sikarwar@gmail.com",,,,,1338,
Shubham Srivastav,Shubham,Srivastav,https://www.linkedin.com/in/shubham-srivastav-73a20716a,urn:li:member:675343198,shubham-srivastav-73a20716a,Gurugram,Haryana,India,"Gurugram, Haryana, India",SAMSUNG SDS,Assistant Manager,founders,member_urn,"Samsung SDS provides cloud computing and digital logistics services. We build an optimized cloud environment with Samsung Cloud Platform specialized for businesses, provide all-in-one management service based on 38 years of expertise in each industry, and boost work efficiency and customer service with our SaaS solution, which proved successful in many use cases. Your only partner to present a reasonable answer to the complex challenge of digital transformation is Samsung SDS. Samsung SDS prides itself in leading IT innovation in Korea for over years while spending every year evolving to meet the needs of our clients and changing times. Our constant effort put us 21st in 2021 Gartner Global IT Service Business, and 1st in Manufacturing IT. We have also been named the 12th Most Valuable Global IT Services Brand by Brand Finance UK in 2023, showing how we have grown into a global top-tier company. Samsung SDS offers cloud-based digital transformation services with distinguished cloud technology and rich industry experience. We are recognized by global consultants such as Gartner, IDC, and Frost & Sullivan in their lists of Managed Cloud Services, Cloud Security, and AI Industry as a specialized cloud service company supporting clients' digital innovation.",15009,,IT Services and IT Consulting,1751,http://www.linkedin.com/company/samsung-sds,Seoul Incheon Metropolitan Area,"Cloud Computing, Digital Logistics, Artificial Intelligence, Digital Transformation, and Enterprise Solutions",http://www.samsungsds.com,,2/2024,false,,false,"Experienced Founder with a demonstrated history of working in the computer software industry. Skilled in Python (Programming Language), C++, Event Management, Hive, and Management. Strong business development professional with a BTech - Bachelor of Technology focused in Computer Science from Indian Institute of Technology (Indian School of Mines), Dhanbad.",2999,2026-08-25 00:00:00.000 +0530,,,,,,,,,,,,,,,,,1339,
Prashant Kumar Agrawal,Prashant Kumar,Agrawal,https://www.linkedin.com/in/prashant-kumar-agrawal-a221701b,urn:li:member:69073082,prashant-kumar-agrawal-a221701b,Bengaluru,Karnataka,India,"Bengaluru, Karnataka, India",Sandisk,Technologist,10+yoe_global,member_urn,"Sandisk is a leading developer, manufacturer and provider of data storage devices and solutions based on NAND flash technology. With a differentiated innovation engine driving advancements in storage and semiconductor technologies, our broad and ever-expanding portfolio delivers powerful flash storage solutions for AI workloads in datacenters, edge devices, and consumers. Our technologies enable everyone from students, gamers and home offices, to the largest enterprises and public clouds to produce, analyze, and store data. Our solutions include a broad range of solid state drives, embedded products, removable cards, and universal serial bus drives.",8207,,Semiconductor Manufacturing,4251,http://www.linkedin.com/company/sandisk,"Milpitas, California, United States","Flash Memory Storage, Memory Cards, Embedded Storage, USB Storage, Solid State Drives, Enterprise Software, and Software and Services",http://www.sandisk.com,,6/2022,false,https://media.licdn.com/dms/image/v2/C4E03AQF22OP_MmpgTA/profile-displayphoto-shrink_100_100/profile-displayphoto-shrink_100_100/0/1573966354893?e=1788998400&v=beta&t=HZSqmCnbXJsLTQh4__0JbYo_9t4u_IdtCRUTwErsWvk,false,,1577,2026-08-25 00:00:00.000 +0530,,,,,,,,,,,,,,,,,1340,
Sanjeev Kumar,Sanjeev,Kumar,https://www.linkedin.com/in/sanjeevkumarsks,urn:li:member:535833448,sanjeevkumarsks,Udaipur,Rajasthan,India,"Udaipur, Rajasthan, India",Sandvik,Assistant Manager-Operations Excellence,founders,member_urn,"Sandvik is a global, high-tech engineering group providing solutions that enhance productivity, profitability and sustainability for the manufacturing, mining and infrastructure industries. We are at the forefront of digitalization and focus on optimizing our customers’ processes. Our world-leading offering includes equipment, tools, services and digital solutions for machining, mining, rock excavation and rock processing. In 2024, the Sandvik Group had approximately 41,000 employees, sales in more than 150 countries and revenues of about SEK 123 billion.",33322,,Mining,5170,http://www.linkedin.com/company/sandvik,"Stockholm, Stockholm County, Sweden","Tools for metal cutting, machinery and tools for rock excavation, stainless materials, special alloys, metallic and ceramic resistance materials as well as process systems, mining, Engineering, and industrial digitization",http://home.sandvik,"Lead asset optimization and enhance cost, quality and productivity performance. Drive service operational excellence and implement continuous improvement initiatives. Conduct time–motion studies for manpower and PM activities, implementing optimization outcomes. Identify resource planning gaps and coordinate timely execution with operations teams.",10/2025,false,,false,"Performance-driven professional with extensive experience in achieving sustainable excellence. Proficient in Lean Management, Six Sigma, and SAP with a record of delivering cost-efficient and innovative solutions. IIT M.Tech. graduate skilled in 5S, Kaizen, TPM, and Power BI, dedicated to continuous improvement and long-term value creation.",2604,2026-08-25 00:00:00.000 +0530,,,,,,,,,,,,,,,,,1341,
Ashish Kumar,Ashish,Kumar,https://www.linkedin.com/in/ashish-kumar-4a71a45a,urn:li:member:209482687,ashish-kumar-4a71a45a,,,Pune/Pimpri-Chinchwad Area,Pune/Pimpri-Chinchwad Area,Sanghvi Movers Limited,General Manager - QHSE,10+yoe_indian,member_urn,External link for Sanghvi Movers Limited,885,1989,Construction,9516502,http://www.linkedin.com/company/sanghvi-movers-ltd,"Pimpri Chinchwad, Maharashtra, India","Cranes, Turnkey Projects, Engineering, Maintenance & Operation, Crawler Cranes, Factory-to-foundation / logistics, Emergency Response , Crane Services, Heavy Lifting, Heavy Transport, Crane Rental, Truck Mounted Cranes, Telescopic Cranes, and Rigging",http://www.sanghvicranes.com,Leadership Role for Managing QHSE,7/2026,false,https://media.licdn.com/dms/image/v2/D4D03AQGsu-eelCX5gg/profile-displayphoto-scale_400_400/B4DaAkHTX9J0Ag-/0/1787312290640?e=1788998400&v=beta&t=3UJIWbhpjViMC1WR0quwv5wcGtgV0eqU_OSjD-i3VmY,true,"QHSE Leader with almost 15 years of experience across infrastructure, heavy lifting, renewable energy, mining, steel, and consultancy sectors. Passionate about driving Quality, Health, Safety, Environment and Sustainability excellence through strong governance, risk management, operational excellence, and continuous improvement.Currently serving as General Manager & Head – QHSE &ESG at Sanghvi Movers Limited, leading strategic initiatives in safety culture, quality assurance, regulatory compliance, sustainability, and business resilience.Recognised with multiple awards for innovation and excellence, I am committed to creating safer workplaces, enhancing operational performance, and delivering sustainable business value.Let's connect to build safer, smarter, and more sustainable organisations.",787,2026-08-25 00:00:00.000 +0530,,,,,,,,,,,,,,,,,1342,
Rimi Singh,Rimi,Singh,https://www.linkedin.com/in/rimi-singh-b1234319a,urn:li:member:783164030,rimi-singh-b1234319a,Ranchi,Jharkhand,India,"Ranchi, Jharkhand, India",Sansar Institute of Agricultural Research & Development (SIARD),President,founders,member_urn,"Sansar Institute of Agricultural Research & Development (SIARD) Innovating with Nature. Growing with Science. SIARD is a premier institution committed to transforming agriculture through scientific research, organic innovation, and farmer-centric knowledge transfer. We believe the future of farming lies in blending traditional wisdom with cutting-edge technology to promote sustainability, productivity, and resilience. Our multidisciplinary team of researchers, agronomists, and trainers works on soil science, plant biotechnology, and sustainable agri-tech models to make farming more profitable and eco-friendly. Our Core Focus Areas: Soil Research & Organic Input Development Customised organic fertilisers, bio-stimulants, and microbial inputs designed from in-depth soil profiling to restore fertility and reduce chemical use. Hydroponic & Aeroponic Farming Soilless systems for efficient, clean, and high-yield farming — ideal for urban and resource-scarce environments. Tissue Culture Plant Production High-quality, disease-free planting materials produced through advanced micropropagation and hardening techniques. Climate-Resilient Organic Farming Eco-friendly, low-input farming models tailored for changing climate conditions and region-specific challenges. Training & Capacity Building Practical training, workshops, field demonstrations, and digital learning programs that empower farmers, youth, and agri-entrepreneurs with future-ready skills. At SIARD, we don’t just conduct research — we deliver real-world solutions that help farmers thrive, conserve resources, and farm with confidence. “From lab to land — we cultivate not just crops, but a sustainable future.” Based in India | Impacting rural & urban agriculture #SIARD #AgriResearch #OrganicFarming #SoilHealth #Hydroponics #TissueCulture #FarmerTraining #SustainableAgriculture",5,2025,Biotechnology Research,102219994,http://www.linkedin.com/company/sansar-institute-of-agricultural-research-development,"Giridih, Jharkhand, India","Plantations, Green Mission, Organic Farming, Organic Fertilizer, Training, and Research",https://www.thesansargreen.org,"Sansar Institute of Agricultural Research & Development (SIARD) Innovating with Nature. Growing with Science. SIARD is a premier institution committed to transforming agriculture through scientific research, organic innovation, and farmer-centric knowledge transfer. We believe the future of farming lies in blending traditional wisdom with cutting-edge technology to promote sustainability, productivity, and resilience. Our multidisciplinary team of researchers, agronomists, and trainers works on soil science, plant biotechnology, and sustainable agri-tech models to make farming more profitable and eco-friendly. Our Core Focus Areas: Soil Research & Organic Input Development Customised organic fertilisers, bio-stimulants, and microbial inputs designed from in-depth soil profiling to restore fertility and reduce chemical use. Hydroponic & Aeroponic Farming Soilless systems for efficient, clean, and high-yield farming — ideal for urban and resource-scarce environments. Tissue Culture Plant Production High-quality, disease-free planting materials produced through advanced micropropagation and hardening techniques. Climate-Resilient Organic Farming Eco-friendly, low-input farming models tailored for changing climate conditions and region-specific challenges. Training & Capacity Building Practical training, workshops, field demonstrations, and digital learning programs that empower farmers, youth, and agri-entrepreneurs with future-ready skills. At SIARD, we don’t just conduct research — we deliver real-world solutions that help farmers thrive, conserve resources, and farm with confidence. “From lab to land — we cultivate not just crops, but a sustainable future.” Based in India | Impacting rural & urban agriculture #SIARD #AgriResearch #OrganicFarming #SoilHealth #Hydroponics #TissueCulture #FarmerTraining #SustainableAgriculture",3/2024,false,,false,"Meet Mrs. Rimi Singh – The Green Crusader Behind Every Bloom! Behind every green revolution is a heart full of passion, perseverance, and purpose — and Mrs. Rimi Singh truly embodies it all! Armed with a Master’s in Computer Applications (MCA) and a Certificate in Entrepreneurship from IIM Bangalore, Rimi blends technology, innovation, and sustainability seamlessly. As the Co-founder of Rimi Garden and a key force behind the Sansar Green Mission, she’s inspiring millions to reconnect with nature — one plant at a time. Home Gardening Icon & Eco-Educator: Rimi Singh has become a household name among garden lovers across India. With her simple, relatable, and inspiring content, she makes organic gardening joyful, rewarding, and accessible to everyone. ‍ 1M+ YouTube Subscribers (Sansar Green & Rimi Garden): Her engaging videos blend DIY gardening tips, organic hacks, and sustainable living ideas — empowering families and farmers alike to grow chemical-free and live green. Digital Leader & Online Business Head: Leveraging her tech expertise, Rimi manages the online business and digital ecosystem of Sansar Green — expanding its reach through e-commerce, digital education, and green innovation. ️ Recognised Agriculture Expert on Prasar Bharti (All India Radio): As a regular feature and agriculture expert on Prasar Bharti / AIR, Rimi shares practical insights on organic farming, home gardening, and sustainable practices — guiding listeners across India toward greener lifestyles. Voice of Sustainable Living: From terrace gardens to community farms, Rimi is transforming how India grows. Her message is clear — anyone can grow, anywhere! Women in Agriculture & Leadership: A true trailblazer, Rimi bridges the worlds of technology and tradition, learning and living, home and harvest — leading the change for women in agri-innovation and eco-education. ✨ ‍‍‍ Family Roots, Future Vision: Together with her husband Rajeev Singh, she’s nurturing Sansar Green into a movement that promotes sustainable, organic living — from Indian farms to global homes. Whether she’s planting a seed, nurturing a garden, or inspiring a mind — Rimi Singh proves that true growth begins with love, care, and commitment to Mother Earth. #RimiSingh #RimiGarden #WomenInAgri #GreenLifestyle #SansarGreen #GrowWithLove #GreenInfluencer #SIARD #IIMBangalore #WomenInBusiness #PrasarBharti #AllIndiaRadio",1833,2026-08-25 00:00:00.000 +0530,,,,,,,,,,,,,,,,,1343,
Abhijit Nath,Abhijit,Nath,https://www.linkedin.com/in/abhijit-nath-sdm,urn:li:member:99966688,abhijit-nath-sdm,Bengaluru,Karnataka,India,"Bengaluru, Karnataka, India",SAP Concur,"Engineering Director, Spend Product & Engineering at SAP Concur",10+yoe_global,member_urn,"SAP Concur is the world’s leading brand for integrated travel, expense, and invoice management solutions, driven by a relentless pursuit to simplify and automate these everyday processes. The highly-rated SAP Concur mobile app guides employees through business trips, charges are directly populated into expense reports, and invoice approvals are automated. By integrating near real-time data and using AI to analyze transactions, businesses can see what they’re spending, improve compliance, and avoid possible blind spots in the budget. SAP Concur solutions help eliminate yesterday’s tedious tasks, make today’s work easier, and support businesses to run at their best. SAP privacy statement for followers: www.sap.com/sps",6578,,Software Development,5822,http://www.linkedin.com/company/sapconcur,"Bellevue, Washington, United States","SaaS, Cloud computing, Integrated Travel & Expense Management, and Spend Management",http://www.concur.com,,4/2024,false,https://media.licdn.com/dms/image/v2/C4D03AQFcOtYnRwlEZg/profile-displayphoto-shrink_100_100/profile-displayphoto-shrink_100_100/0/1517554419519?e=1788998400&v=beta&t=9-FkqABPEe20w3cZ-Ychg1M5G6Fq6ZWh3_6Klf01puY,false,"Engineering Director 22+ years in Cloud Native product development; 9+ years in engineering leadership at SAP Concur and Oracle — at the forefront of Agentic AI in enterprise SaaS. Key leader for the Spend Compliance Management portfolio at SAP Concur (~$100M ARR) — an AI-native expense audit platform serving 30,000+ enterprise customers on AWS, with 15+ engineers across ML-driven audit, cloud platform, and product workstreams. Agentic AI Leadership Architected and delivered the Expense Pre-Submit Audit Agent — SAP Concur's production Agentic AI product, launched at Fusion 2026. Spearheaded the AI Transformation Roadmap for the Audit portfolio — establishing engineering practices, toolchain, and governance for LLM-assisted development at scale. Defined AI governance standards for enterprise-grade auditability in multi-tenant SaaS environments. Operationalised LLM-assisted engineering workflows , accelerating delivery velocity. Built organisational capability to design, evaluate, and iterate on agentic pipelines — from prompt engineering and tool use through to evaluation frameworks and production observability. Drove 40% growth in product offerings over 3+ years through AI-native product bets. Engineering Leadership & Platform Expertise ⚙️ Proven builder of high-performing engineering organisations from the ground up. ⚙️ End-to-end Cloud Native, multi-tenant SaaS on AWS and Oracle Cloud. ⚙️ Microservice architectures, REST APIs, front-end/UI, and mobile platforms. ⚙️ CI/CD-enabled, Agile/Scrum delivery at enterprise scale. ⚙️ Identity Management, Virtualisation & Storage, and Systems Engineering across Linux, Solaris, and Oracle SaaS/PaaS. Internationally experienced across South Korea, Finland, Ireland, the United States, and China.",1032,2026-09-01 21:00:56.853 +0530,,,,,,,,,,,,"abhijit2nath@gmail.com, abhijit.2.nath@gmail.com, abhijit.nath@oracle.com",abhijit.nath@oracle.com,,,,1344,
Shubham Shrivastav,Shubham,Shrivastav,https://www.linkedin.com/in/shubham-shrivastav-cozync,urn:li:member:1545630799,shubham-shrivastav-cozync,Gopalganj,Bihar,India,"Gopalganj, Bihar, India",Cozync,Founder,founders,member_urn,,,,Social Networking Platforms,106731059,http://www.linkedin.com/company/satusin,"Dhanbad, Jharkhand, India",,,,1/2025,false,,false,,1280,2026-08-25 00:00:00.000 +0530,,,,,,,,,,,28,,,,,,1345,
Girish Budhiraja,Girish,Budhiraja,https://www.linkedin.com/in/girish-budhiraja-047a991,urn:li:member:5676535,girish-budhiraja-047a991,Gurgaon,Haryana,India,"Gurgaon, Haryana, India",SBI Card,Chief Sales and Marketing Officer,10+yoe_indian,member_urn,"SBI Card was launched in 1998 with the State Bank of India, India's largest bank, as the majority stakeholder. In March 2020, SBI Card was listed on BSE and NSE. Today, SBI Card is India’s largest pure-play credit card issuer with over 22.1 million cards in force, as of FY26. Its wide array of products and services caters to a diverse range of customer segments across India, right from new-to-credit to super premium. The SBI Card brand is based on the value proposition of 'Make Life Simple'. The proposition manifests in SBI Card’s continuous efforts to simplify the lives of its customers, employees, and other key stakeholders. Customer centricity, supported by the values of trust and transparency, is core to SBI Card’s ethos.",24389,,Financial Services,2713078,http://www.linkedin.com/company/sbi-card,"Gurugram, Haryana, India",Credit Cards & Value-added payment products and services,https://www.sbicard.com,,4/2022,false,,false,"Specialties: Product Management, New Product Development, Business Development, Marketing, Financial Services, Digital Marketing",1553,2026-08-25 00:00:00.000 +0530,,,,,,,,,,,,,,,,,1346,
SUNIL KUMAR K B,SUNIL KUMAR,K B,https://www.linkedin.com/in/sunil-kumar-k-b-74244b33,urn:li:member:117551714,sunil-kumar-k-b-74244b33,Bengaluru,Karnataka,India,"Bengaluru, Karnataka, India",Scania India,Business Head,10+yoe_indian,member_urn,"Scania Commercial Vehicles India Pvt. Ltd. is the Indian arm of Scania, a globally renowned manufacturer of premium commercial vehicles and sustainable transport solutions. Scania entered the Indian market in 2007, with a strong focus on transforming the mining and construction segments. By 2011, the company reinforced its commitment by establishing Scania Commercial Vehicles India Pvt. Ltd., along with a modern assembly facility at Narasapura, near Bangalore, Karnataka. Since then, Scania India has remained deeply committed to providing specialized mining solutions, identifying mining as the core focus of its operations in the country. The company’s state-of-the-art manufacturing facility, spread over 37 acres with a 125,794 sq. ft. production centre, is dedicated to delivering reliable and cutting-edge vehicles and services tailored to demanding conditions. To ensure superior service delivery, Scania India continues to invest in its parts and services infrastructure. With a strategic warehouse in Nagpur and a strong nationwide service network, the company aims to reduce lead times, enhance service efficiency, and maximize uptime for its customers. Looking ahead, Scania India envisions playing a pivotal role in shaping the future of smart and sustainable mobility in India. With a strong commitment to locally produced biofuels and low-carbon solutions, Scania is driving the transition toward greener, more responsible transportation.",316,2011,Motor Vehicle Manufacturing,6029433,http://www.linkedin.com/company/scaniaindia,"Bengaluru, Karnataka, India","Truck, Bus, Engine, Manufacturer, Total Transport solution, Total operating economy, Fuel Efficiency, Premium Quality, Off-Road, On Road, Solution provider, Parts Sales, and Financing",http://www.scania.in,Business Head for Mining & Construction Vertical of Scania Operations with P&L responsibility at GMMCO Limited ( a CKA Birla Group Company ) who is the Business Partner for Scania AB in India.,1/2026,false,https://media.licdn.com/dms/image/v2/C5103AQHI5T11RlDVZA/profile-displayphoto-shrink_100_100/profile-displayphoto-shrink_100_100/0/1537085133501?e=1788998400&v=beta&t=0WsurtRKUx3TLO3YJUeftc3oqEwzzJRtsHHIVwOlyIc,false,"A Strategic Business Head with multifaceted expertise of Business Development & Management and Consistently Delivering the Highest Profits with a demonstrated history of working in the Heavy Engineering Machinery Industry (Earth Moving, Crushing & Screening, Mining, Minerals & Metals, Asphalt & Concrete and Heavy Mining Dump Trucking Industry). Skilled in Strategic Thinking, Leadership, Decision-making, Problem-solving, Communication, Negotiation, Adaptability, Financial acumen, Data Analysis, Customer focus, Premium Technical Sales,Direct Sales,Channel Sales,New Business Development,Foresee Future and Build energetic & highly motivated teams ahead of time,Strategic Positioning & Acute launch timing of New Products into market, Continually Understanding & Achieving Customer's needs and foresee a new future evolution,Planting & Forging top notch customer relationships on a pyramid level and Sheer urge to disrupt the market with new Ideas & Innovations. Passionate about Customer Centric Products & Relationships,Premium Selling Concepts,Maintaining Strong Leadership position and Eagle's eye view on P&L responsibilty.",1198,2026-08-25 00:00:00.000 +0530,,,,,,,,,,,,,,,,,1347,
Abhishek S.,Abhishek,S.,https://www.linkedin.com/in/abhishek-sundaram,urn:li:member:507165538,abhishek-sundaram,Noida,Uttar Pradesh,India,"Noida, Uttar Pradesh, India",Science Circle,Director,6-10yoe_global_indian,member_urn,Science Circle- India's Best Institution for Classes 6 to 12 and for Mathematics lovers. A group of IIT Alumni. Score high With our Exclusive Test series. Achieve your dreams in our highly qualified faculties. Clear NEET and IIT-JEE in the First Attempt with KP Science Circle. ......An IIT Alumni Initiative Your Success is Our Aim,1,2016,Education,70036973,http://www.linkedin.com/company/science-circle-classes,"Delhi, India","NEET, IIT-JEE, class 6th to 12th, Science, Engineering, Gate, Mechanical, Board, Matriculation, Intermediate, Physics, Chemistry, Mathematics, Biology, Board, Experiments, Innovation, cbse, ssc, upsc, govt. job, job, teacher, teaching, and graduation",https://www.sciencecircle.in/,,3/2023,false,https://media.licdn.com/dms/image/v2/C4D03AQGtbRmDkb6bJQ/profile-displayphoto-shrink_100_100/profile-displayphoto-shrink_100_100/0/1645182071423?e=1788998400&v=beta&t=WOl0YQUIgkbVybE_AssjvozGYeTYofVL_qIxzUxwgv8,false,9 years of expertise in Education industries. Making aspirants career at the next level.,41,2026-08-25 00:00:00.000 +0530,,,,,,,,,,,,,,,,,1348,
Prateek Goyan,Prateek,Goyan,https://www.linkedin.com/in/prateekgoyan,urn:li:member:359122567,prateekgoyan,Jaipur,Rajasthan,India,"Jaipur, Rajasthan, India",sensen.ai,Vice President Marketing,6-10yoe_global_indian,member_urn,External link for sensen.ai,142,2007,"Technology, Information and Internet",3057001,http://www.linkedin.com/company/sensen-networks,"South Melbourne, Victoria, Australia","Curbside Enforcement, Bylaw Enforcement, Mobile LPR, Vehicle Mounted Licence Plate Recognition, Solar Powered Parking Enforcement, Curbside Management, City Asset Audit, City Asset Management, Digital Signage, Loading Zone Enforcement, Bus Lane Enforcement, School Zone Enforcement, Permit Management, Video Analytics, Fuel Theft Prevention, Heavy Vehicle Enforcement, Automated Zone Enforcement, Law Enforcement, and City Parking Management",https://sensen.ai/,,6/2024,false,https://media.licdn.com/dms/image/v2/D4E03AQE7RzzsM4ieGg/profile-displayphoto-scale_100_100/B4EZ09S8dYJAAc-/0/1774849872256?e=1788998400&v=beta&t=esNY4vX1k9oABPpHemrba0DIv62aqj6v6hWry58uI6E,false,"Most B2B marketers still treat brand and demand as two different worlds. I’ve spent my career proving they’re not, they’re the same conversation from two angles. At sensen.ai, I lead demand generation, content, and product marketing across markets where tech meets innovation. That means taking complex AI solutions and turning them into stories customers can actually believe in, not just hear about. I am brutally honest about what actually works. Because most of what’s taught in marketing playbooks doesn’t survive real-world complexity: long sales cycles, procurement politics, and legacy systems. What I stand for: Brand + Demand Integration (not brand vs. demand) Testing > Assumptions, data before dogma Real buyer empathy, not personas on a slide Storytelling that drives pipeline, not just awareness My mission? Help marketing leaders cut the noise, prove impact, and scale trust in industries that resist change. If that sounds like your world, we’ll get along just fine.",429,2026-08-25 00:00:00.000 +0530,,,,,,,,,,,,,,,,,1349,
Aman Agarwal,Aman,Agarwal,https://www.linkedin.com/in/aman-agarwal2003,urn:li:member:906546672,aman-agarwal2003,Bengaluru,Karnataka,India,"Bengaluru, Karnataka, India",SentinelOne,Software Engineer,founders,member_urn,"SentinelOne is the world's leading AI-powered cybersecurity platform. The SentinelOne Singularity platform, built on the first unified Data Lake, is revolutionizing security operations, with AI, solving use cases across Endpoint Protection, SIEM, Cloud Security, Identity Threat Detection and 24x7 Managed Threat Services. SentinelOne empowers the world to run securely by creating intelligent, data-driven systems that think for themselves, stay ahead of complexity and risk, and evolve on their own. Leading organizations—including Fortune 10, Fortune 500, and Global 2000 companies, as well as prominent governments – trust SentinelOne to Secure Tomorrow™. Learn more at sentinelone.com. ----------------------------------------------------------------------------- We are recognized in leading 3rd party forums such as; - Gartner Endpoint Protection Magic Quadrant as a Leader 2021, 2022, 2023, 2024, 2025 - Gartner Peer Insights Customer Choice for Endpoint Protection - Gartner Peer Insights Customer Choice Managed Detection & Response - Gartner Peer Insights Customer Choice Cloud-Native Application Protection Platform (CNAPP) - G2 #1 Ranked Cloud Workload Protection Platform - Mitre ATT&CK 100% Detections, No Delays 2020, 2021, 2022, 2023, 2024 - Mitre Managed Services 100% Major Step Detections - Fortune Fifty 2024 - Deloitte Fast 500; 2019, 2020, 2021, 2022, 2023, 2024 - CRN Cloud & Security 100 - CRN Most Influential CEO's - CRN Top 10 Coolest GenAI Products, PurpleAI To learn more about our products and services, please visit our website at sentinelone.com to schedule a demo",3202,2013,Computer and Network Security,2886771,http://www.linkedin.com/company/sentinelone,"Mountain View, California, United States","next-generation endpoint protection, endpoint detection & response, threat and malware prevention, exploit prevention, cybersecurity, threat intelligence, antivirus, endpoint security, cyberthreats, artificial intelligence, epp, edr, Endpoint protection platform, Threat hunting, information security, macOS Security, Linux Security, Windows Security, Ransomware, cybercrime, infosec, SecOps, databreach, cloudsecurity, CNAPP, SOC, securityoperations, threat hunting, and incident response",http://www.sentinelone.com,,8/2026,false,,true,"I’m a tech builder who loves taking ideas from ‘what if’ to ‘let’s ship it.’ I spend most of my time working on products that make life a little easier for people, whether that’s through AI, smarter systems, or better digital experiences. I care about building with integrity, staying curious, and surrounding myself with people who push me to think bigger. Still learning, still experimenting, and always chasing the next problem worth solving.",1690,2026-08-25 00:00:00.000 +0530,,,,,,,,,,,,,,,,,1350,
Chaitrali Patil,Chaitrali,Patil,https://www.linkedin.com/in/chaitrali-patil-3453dsa3,urn:li:member:1120862673,chaitrali-patil-3453dsa3,Mumbai,Maharashtra,India,"Mumbai, Maharashtra, India",Serentica,Chief Manager,founders,member_urn,External link for Serentica,558,,Renewable Energy Power Generation,81842002,http://www.linkedin.com/company/serenticaglobal,"Gurugram, Haryana, India",,http://www.serenticaglobal.com,Financial Analyst,6/2025,true,,false,,2775,2026-08-25 00:00:00.000 +0530,,,,,,,,,,,,,,,,,1351,
Nayan Agrawal,Nayan,Agrawal,https://www.linkedin.com/in/nayan-agrawal-goyal,urn:li:member:843652211,nayan-agrawal-goyal,Damoh,Madhya Pradesh,India,"Damoh, Madhya Pradesh, India",Society of Environmental Science and Engineering (SESE),Technical Co Head,founders,member_urn,"This community strives to foster connections among professors, alumni, and current students of the ESE Department at IIT(ISM) Dhanbad, alongside industry experts and individuals passionate about advancing the field of Environmental Science and Engineering. Our goal is to leverage collective expertise and enthusiasm to drive positive change for the environment through innovative engineering and technological solutions. We're excited to announce that we have a plethora of activities in the pipeline! Stay tuned for updates on our upcoming website, where you'll find details on all our initiatives and how you can get involved. Together, let's make a difference for the environment through collaborative efforts and meaningful engagement.",33,2024,Environmental Services,103791934,http://www.linkedin.com/company/sese-iitism,"Dhanbad, Jharkhand, India",,,"Leading technical initiatives and interdisciplinary projects within the Society of Environmental Science and Engineering at IIT ISM. Working on problem-solving initiatives involving environmental systems, analytical modeling, sustainability-focused technology, and technical event execution.",9/2025,false,,false,"I’m interested in systems — how they scale, fail, adapt, and create impact across technology, business, and the physical world.Currently pursuing Environmental Engineering at IIT (ISM) Dhanbad, with interests spanning quantitative problem solving, software systems, operational strategy, and sustainability-focused technology.My work has ranged from scaling e-commerce operations to ₹61L+ in marketplace sales and handling 2000+ orders, to building digital platforms, managing end-to-end web systems, and leading technical and communication initiatives within student organizations.I enjoy working at the intersection of analytical thinking and execution — whether that means solving mathematical problems, optimizing workflows, building digital products, or exploring environmental systems and modeling.Areas of interest: Quantitative problem solving Software & systems development Environmental systems and consulting Data-driven operations Technology-enabled business systemsAlways learning, building, and experimenting with ideas that combine technical depth with practical execution.",2140,2026-08-25 00:00:00.000 +0530,,,,,,,,,,,,,,,,,1352,
Niraj Kumar,Niraj,Kumar,https://www.linkedin.com/in/nirajnijju,urn:li:member:58862317,nirajnijju,Bengaluru,Karnataka,India,"Bengaluru, Karnataka, India",Shadowfax,Director of Engineering,10+yoe_indian,member_urn,"Shadowfax is India's trusted partner for fast, reliable, and tech-enabled logistics solutions for top e-commerce, D2C, hyperlocal, and quick commerce brands. We offer a wide range of solutions, including express parcel, same-day and next-day delivery, 30-minute intracity delivery, reverse logistics, and fulfilment. Our platform is built for versatility, velocity, and value, enabling businesses to scale and serve customers better. With a presence in over 2,500+ cities and 15,100+ PIN codes, backed by 2.5 lakh+ quarterly delivery partners and 4.5 Million+ Sq. Ft. of operational space, we have successfully fulfilled more than 1 billion+ shipments across the country. As we celebrate 10 years of building future-ready logistics, our focus remains on speed, innovation, and operational excellence. From quick deliveries to intelligent routing and automation, our tech-first approach ensures higher efficiency and a seamless customer experience. Products like SF Maps and SF Shield bring transparency, safety, and accountability into every shipment. Shadowfax is also driving sustainable change with a growing fleet of electric vehicles and greener delivery methods. Whether it's peak festive orders, high-value shipments, or everyday commerce, our mission is simple: deliver better, faster, and smarter. Join the many businesses across India that trust Shadowfax to move their shipments with care and speed. We're not just delivering parcels, we're redefining the future of logistics in India",9320,2015,"Transportation, Logistics, Supply Chain and Storage",9480715,http://www.linkedin.com/company/shadowfax,"Bengaluru, Karnataka, India","Logistics, E-commerce & D2C Delivery, Hyperlocal & Quick Commerce, SME & Personal Courier, Critical Logistics, Reverse Logistics, Same day & Next day Delivery, Express Delivery, Local Delivery, Food Delivery, On Demand Services, and Large & Bulky Shipments",https://www.shadowfax.in/,"Own engineering for Payouts, Rider Supply, and Hyperlocal Delivery Systems in a high-scale logistics marketplace. Key contributions: * Built unified payout platform with dynamic bank routing improved reliability under bank failures and liquidity constraints * Designed systems for real-time rider supply and allocation impacting fulfillment SLAs and marketplace balance * Led architecture for hyperlocal delivery stack enabling scale across cities with low latency decisioning * Established engineering practices for ownership, reliability, and scalable architecture Impact: * Re-architected hyperlocal delivery stack to handle higher order volumes with low-latency decisioning and better Rider-Order allocation system. * Reduced payout failures and operational dependencies * Improved system resilience during peak and bank downtime scenarios * Enabled faster onboarding of new supply and geographies",12/2020,false,https://media.licdn.com/dms/image/v2/C5103AQFx_EGUr0spvw/profile-displayphoto-shrink_100_100/profile-displayphoto-shrink_100_100/0/1564299603253?e=1788998400&v=beta&t=3gFCZojnnOJUexXcu9vXVIs4LHlKO6X3ZyK0QCqK6tw,false,"Software engineering leader building high-scale systems where money flow, supply-demand matching, and reliability directly impact business outcomes. Currently leading engineering for payouts, rider supply, and hyperlocal delivery platforms at Shadowfax — operating in a real-time, high-throughput logistics marketplace. Core focus areas: Designing fault-tolerant, high-availability financial systems (payouts, reconciliation, bank integrations) Building marketplace infrastructure (supply, allocation, incentives) Driving engineering velocity through platform thinking and strong ownership culture What differentiates my approach: Systems thinking optimize for end-to-end flow, not isolated services Engineering tied to business every system maps to cost, revenue, or speed Build for failure assume downtime, imbalance, and edge cases as defaults Previously worked on fintech and onboarding platforms at Paytm and logistics systems at Amazon.niraj.nijju@gmail.com #8377009854 | niraj.kumar@shadowfax.in",1222,2026-08-25 00:00:00.000 +0530,,,,,,,,,,,,amazon.niraj.nijju@gmail.com,,,,,1353,
Prajwal Sharma,Prajwal,Sharma,https://www.linkedin.com/in/prajwal-sharma-166621b6,urn:li:member:413602206,prajwal-sharma-166621b6,Bengaluru,Karnataka,India,"Bengaluru, Karnataka, India",Shadowfax,Director,6-10yoe_global_indian,member_urn,"Shadowfax is India's trusted partner for fast, reliable, and tech-enabled logistics solutions for top e-commerce, D2C, hyperlocal, and quick commerce brands. We offer a wide range of solutions, including express parcel, same-day and next-day delivery, 30-minute intracity delivery, reverse logistics, and fulfilment. Our platform is built for versatility, velocity, and value, enabling businesses to scale and serve customers better. With a presence in over 2,500+ cities and 15,100+ PIN codes, backed by 2.5 lakh+ quarterly delivery partners and 4.5 Million+ Sq. Ft. of operational space, we have successfully fulfilled more than 1 billion+ shipments across the country. As we celebrate 10 years of building future-ready logistics, our focus remains on speed, innovation, and operational excellence. From quick deliveries to intelligent routing and automation, our tech-first approach ensures higher efficiency and a seamless customer experience. Products like SF Maps and SF Shield bring transparency, safety, and accountability into every shipment. Shadowfax is also driving sustainable change with a growing fleet of electric vehicles and greener delivery methods. Whether it's peak festive orders, high-value shipments, or everyday commerce, our mission is simple: deliver better, faster, and smarter. Join the many businesses across India that trust Shadowfax to move their shipments with care and speed. We're not just delivering parcels, we're redefining the future of logistics in India",9320,2015,"Transportation, Logistics, Supply Chain and Storage",9480715,http://www.linkedin.com/company/shadowfax,"Bengaluru, Karnataka, India","Logistics, E-commerce & D2C Delivery, Hyperlocal & Quick Commerce, SME & Personal Courier, Critical Logistics, Reverse Logistics, Same day & Next day Delivery, Express Delivery, Local Delivery, Food Delivery, On Demand Services, and Large & Bulky Shipments",https://www.shadowfax.in/,,10/2025,false,https://media.licdn.com/dms/image/v2/C5103AQGlC95LxiCm9A/profile-displayphoto-shrink_100_100/profile-displayphoto-shrink_100_100/0/1528217075271?e=1788998400&v=beta&t=B-rdL5W4RLh3IqJ5US8Dk2hdUFckP8iRl4KCLiiItY8,false,,2642,2026-08-25 00:00:00.000 +0530,,,,,,,,,,,,,,,,,1353,
Ravi Puri,Ravi,Puri,https://www.linkedin.com/in/ravi-puri-6868b724,urn:li:member:85839366,ravi-puri-6868b724,Gurgaon,Haryana,India,"Gurgaon, Haryana, India",Shiv-Vani Oil & Gas Exploration Services Ltd.,Sr. VP Intl.,10+yoe_global,member_urn,"The Shiv-Vani Group provides a complete suite of onshore activities, offshore operations and natural gas compression & allied services - ranging from shot hole drilling and seismic surveying through to directional drilling, engineering and logistics. Shiv-Vani is the single largest upstream services provider in India and our commitment to Quality, Health, Safety and Environment. Shiv-Vani is an ISO 9001:2000 certified company and set up a well-defined HSE Policy to ensure safe working conditions, better health preservation and adequate environment protection in all operational areas.",562,,Oil and Gas,277405,http://www.linkedin.com/company/shiv-vani-oil-&-gas-exploration-services-ltd.,"New Delhi, Illinois, United States",,http://www.shiv-vani.com,,,false,https://media.licdn.com/dms/image/v2/C4D03AQGXvfTX3DOspA/profile-displayphoto-shrink_100_100/profile-displayphoto-shrink_100_100/0/1517235100303?e=1788998400&v=beta&t=zFmCPAHVUiEGGUrZMJ3wKcs3m_3xII1dfSEmh9YN8HQ,false,Varied expeience in Marketing Oil Field related Services & Equipment.,1057,2026-08-25 00:00:00.000 +0530,,,,,,,,,,,,,,,,,1355,
Rajnish Kumar,Rajnish,Kumar,https://www.linkedin.com/in/rajnish-kumar-95293717,urn:li:member:59048846,rajnish-kumar-95293717,Palghar,Maharashtra,India,"Palghar, Maharashtra, India",SHYAM METALICS AND ENERGY LIMITED,General Manager,10+yoe_indian,member_urn,"Shyam Metalics is one of India’s fastest-growing and most trusted integrated metal conglomerates, with a diversified portfolio spanning carbon steel, stainless steel, ferro alloys, aluminium foil, long steel products, and railway wagons. Headquartered in Kolkata and guided by the ethos “Made in India, Made for Bharat,” we are committed to shaping the nation’s infrastructure and industrial future through sustainable and scalable growth. We operate with a fully integrated ore-to-metal model, supported by 83% captive power generation and state-of-the-art facilities strategically located across India’s key industrial hubs. With 7 advanced plants across Odisha, West Bengal, Jharkhand, and Madhya Pradesh, we deliver scale, speed, and supply chain resilience. Integrated logistics, multimodal connectivity, and export-ready infrastructure ensure faster deliveries and pan-India reach. As leaders in sponge iron and pellets, we ensure consistent quality and cost efficiency. Our integrated steel operations span ore to finished products, making us a reliable partner across industries. We are among the top ferro alloys manufacturers serving domestic and global markets, and one of India’s leading aluminium foil exporters with precision rolling and global certifications. Additionally, our railway wagon manufacturing strengthens India’s mobility and infrastructure needs. Future-ready operations with automation, Industry 4.0, and strong ESG practices drive efficiency, safety, and sustainability, backed by 600+ MW captive power for uninterrupted operations.",3456,1995,Mining,8193682,http://www.linkedin.com/company/shyammetalics,"Kolkata, West Bengal, India","Sponge Iron, Billets, Power Plant, Pellets, TMT, Structure, and TMT Bars",http://www.shyammetalics.com,,3/2022,false,https://media.licdn.com/dms/image/v2/D5603AQFx2MGUmLZRog/profile-displayphoto-shrink_100_100/profile-displayphoto-shrink_100_100/0/1690904394886?e=1788998400&v=beta&t=tN9N6GM9BPfnv3olJ3RmrtxyRhak3c4uV7mRiEd9kno,false,"Passionate about Industrial Engineering and Operational Excellence, with a strong focus on driving productivity, process optimization, and sustainable cost reduction. Experienced in Time & Motion Studies, Work Measurement, Manpower Assessment & Workforce Planning, Line Balancing, Value Stream Mapping (VSM), Process Simulation, Productivity Analysis, Root Cause Analysis, and Continuous Improvement. Skilled in identifying improvement opportunities through data-driven decision-making, Lean Manufacturing principles, system optimization, and performance enhancement. Keen interest in Cost Optimization, Capacity Planning, Manufacturing Excellence, and designing productivity-linked incentive schemes to improve operational efficiency and business performance.",720,2026-08-25 00:00:00.000 +0530,,,,,,,,,,,,,,,,,1359,
Acric Gagrai,Acric,Gagrai,https://www.linkedin.com/in/acric-gagrai-4a16b59b,urn:li:member:357062521,acric-gagrai-4a16b59b,Jamshedpur,Jharkhand,India,"Jamshedpur, Jharkhand, India",SHYAM METALICS AND ENERGY LIMITED,Assistant Manager,6-10yoe_global_indian,member_urn,"Shyam Metalics is one of India’s fastest-growing and most trusted integrated metal conglomerates, with a diversified portfolio spanning carbon steel, stainless steel, ferro alloys, aluminium foil, long steel products, and railway wagons. Headquartered in Kolkata and guided by the ethos “Made in India, Made for Bharat,” we are committed to shaping the nation’s infrastructure and industrial future through sustainable and scalable growth. We operate with a fully integrated ore-to-metal model, supported by 83% captive power generation and state-of-the-art facilities strategically located across India’s key industrial hubs. With 7 advanced plants across Odisha, West Bengal, Jharkhand, and Madhya Pradesh, we deliver scale, speed, and supply chain resilience. Integrated logistics, multimodal connectivity, and export-ready infrastructure ensure faster deliveries and pan-India reach. As leaders in sponge iron and pellets, we ensure consistent quality and cost efficiency. Our integrated steel operations span ore to finished products, making us a reliable partner across industries. We are among the top ferro alloys manufacturers serving domestic and global markets, and one of India’s leading aluminium foil exporters with precision rolling and global certifications. Additionally, our railway wagon manufacturing strengthens India’s mobility and infrastructure needs. Future-ready operations with automation, Industry 4.0, and strong ESG practices drive efficiency, safety, and sustainability, backed by 600+ MW captive power for uninterrupted operations.",3456,1995,Mining,8193682,http://www.linkedin.com/company/shyammetalics,"Kolkata, West Bengal, India","Sponge Iron, Billets, Power Plant, Pellets, TMT, Structure, and TMT Bars",http://www.shyammetalics.com,"My roles, duties and responsibilities inherent to my position were 1) Analyzing process indexes, MTBF, MTTR, OEE 2) Driving improvement projects, VSM, manpower mapping, 5S, kaizen, lean 6sigma 3) Project management 4) Phase wise policy deployment 5) Training and Development 6) TAT reduction 7) NFA review 8) Productivity improvements 9) Data analysis and report generation 10) Time and motion study",12/2022,false,https://media.licdn.com/dms/image/v2/C5603AQGxD6C1Y7yUiw/profile-displayphoto-shrink_100_100/profile-displayphoto-shrink_100_100/0/1612546166104?e=1788998400&v=beta&t=I0fK1Fxjh4o6FxkM_Oo94SF9lAUSaNX4fBHM9KneJRQ,false,"Experienced Assistant Manager with a demonstrated history of working in the Iron & Steel industry. Lean Six Sigma Green Belt certified from Benchmark Six Sigma. Skilled in Microsoft Office, Minitab, Autocad, Matlab, Ansys, Catia and Mechanical Engineering. Strong professional with a Master of Technology - MTech focused in Maintenance engineering and Tribology, Mechanical from Indian Institute of Technology (Indian School of Mines), Dhanbad.",70,2026-08-25 00:00:00.000 +0530,,,,,,,,,,,,,,,,,1359,
Debabrata Sinha,Debabrata,Sinha,https://www.linkedin.com/in/debabrata-sinha-8056054,urn:li:member:13446725,debabrata-sinha-8056054,West Bengal,,India,"West Bengal, India",Shyam Steel Industries Limited,Vice President,10+yoe_indian,member_urn,"Established in 1953, Shyam Steel Industries Ltd, is one of the leading primary steel producers in India, manufacturing TMT Rebar and Structural steel. Guided by a philosophy to produce safe and sustainable steel, it is a pioneer in quality steel products, operating with cutting edge technology in order to meet the stringent requirements of its reputed customers both in India and abroad. Operating for over six decades and now a INR 25 billion group, Shyam Steel has emerged as a large, growing, competitive and multi-product steel organization by delivering quality material through innovation, excellence and dedication. The products of the company are manufactured at its state-of-the-art, integrated steel plant in Durgapur and marketed under the brand Shyam. Shyam Steel has its own four fully functional steel plants in West Bengal. The portfolio includes reinforced TMT bars which are earthquake and corrosion resistant and have a wide market presence across infrastructure segments including rail, roads, bridges, ports, airports, defense and energy. Shyam Steel’s superior design, engineering and quality manufacturing process provides the ideal strength and flexibility required in today’s construction industry.",2879,1953,Mining,365360,http://www.linkedin.com/company/shyamsteel,"Baruipur, West Bengal, India","Waterproofing , Structural Steel, TMT Bar Manufacturer, Integrated Steel Plant, TMT Rebar supplies, and TMT Bar maker",http://www.shyamsteel.com,,12/2009,false,https://media.licdn.com/dms/image/v2/C4E03AQHdhUUUbvd2qA/profile-displayphoto-shrink_100_100/profile-displayphoto-shrink_100_100/0/1517694870640?e=1788998400&v=beta&t=Wlv4kvvv82U4JIUaYchissTQeU9QIaV0x-VlyPSFx6U,false,,1953,2026-08-25 00:00:00.000 +0530,,,,,,,,,,,,,,,,,1360,
Vibhu Pandey,Vibhu,Pandey,https://www.linkedin.com/in/vibhu-pandey,urn:li:member:595772536,vibhu-pandey,Delhi,,India,"Delhi, India",SigNoz,Director of Engineering,6-10yoe_global_indian,member_urn,External link for SigNoz,53,,Software Development,26579137,http://www.linkedin.com/company/signozio,"San Francisco, California, United States","Observability, Application Monitoring, Log Management, and DevOps",https://signoz.io,,5/2026,false,https://media.licdn.com/dms/image/v2/D5603AQH5Mx9gsLOPTA/profile-displayphoto-shrink_100_100/profile-displayphoto-shrink_100_100/0/1707226026489?e=1788998400&v=beta&t=7oFS5IITMHOTJP4NRrTxULjVMl1pC5yD7AK-O8I8UpI,true,,2522,2026-08-25 00:00:00.000 +0530,,,,,,,,,,,,,,,,,1362,
Pallav Jhawar,Pallav,Jhawar,https://www.linkedin.com/in/pallavjhawar,urn:li:member:651049281,pallavjhawar,Bengaluru,Karnataka,India,"Bengaluru, Karnataka, India",Simpplr,Senior Business Analyst,founders,member_urn,External link for Simpplr,546,2014,Software Development,4798766,http://www.linkedin.com/company/simpplr,"Redwood City, California, United States","employee engagement, employee communication, employee collaboration, employee communities, employee productivity, employee experience, social intranet, digital workplace, employee intranet, corporate intranet, employee portal, modern intranet, intranet, enterprise intranet, enterprise search, AI, Artificial Intelligence, and IT",https://www.simpplr.com,,5/2025,false,,false,"As a Senior Business Analyst at Simpplr, I contribute to delivering impactful data-driven solutions, leveraging expertise in product analysis and data science. My focus is on enabling cross-functional collaboration and generating actionable insights to drive organizational success. With a Chemical Engineering degree from IIT (ISM) Dhanbad, I bring a strong analytical foundation combined with hands-on experience in business analytics, data infrastructure, and visualization. My goal is to explore innovative strategies and enhance decision-making through data-driven methodologies.",3441,2026-08-25 00:00:00.000 +0530,,,,,,,,,,,,,,,,,1363,
Sparsh Choudhary,Sparsh,Choudhary,https://www.linkedin.com/in/sparsh-choudhary,urn:li:member:425890479,sparsh-choudhary,Indore,Madhya Pradesh,India,"Indore, Madhya Pradesh, India",SimWell Consulting & Technologies Inc.,Simulation Consultant | Lead Modeler,founders,member_urn,External link for SimWell,75,2015,Business Consulting and Services,10261708,http://www.linkedin.com/company/simwell-consulting-&-technologies-inc-,"Laval, Quebec, Canada","Arena Simulation Software, Simulation, Industrial Engineering, Optimization, AnyLogic, AnyLogistix, MassMotion, SupplyChain, Bonsai, Data Science, Artificial Intelligence, Machine Learning, Advanced Data Analytics, Deep Learning, Innovation, Data Engineering, Digital Twin, Simulation Based Planning and Scheduling, Simio, and Flexsim",http://www.simwell.io,,3/2025,false,,false,"Over 5+ years of professional experience in developing products, solutions specifically related to Supply Chain Management for business processes to improve Operations Excellence. Entrepreneurial mindset with more than 3 years of experience of start-up building from scratch to grow into a successful business. Proven people leader with experience in successfully leading team of 10+ member. Skilled in Product Management with prior experience of working in start-ups. Strong professional with a Bachelor of Technology & Master's in Technology degree focused in Computer Science & Engineering from Indian Institute of Technology (Indian School of Mines), Dhanbad.",1658,2026-08-25 00:00:00.000 +0530,,,,,,,,,,,,,,,,,1364,
Vidhyadhar Sridhar,Vidhyadhar,Sridhar,https://www.linkedin.com/in/vidhyadhar-sridhar-03496840,urn:li:member:145705000,vidhyadhar-sridhar-03496840,Mumbai,Maharashtra,India,"Mumbai, Maharashtra, India",Sirus Electronet,Director,10+yoe_indian,member_urn,"Established in 2002, our objective is to shoulder single point responsibility and serve as an extended arm to leading and reputed manufacturing companies by offering a wide range of products and services in the electrical field. We are headquartered at Hyderabad with branches across South India to cater to our customers. Further, we have spacious warehouses in Hyderabad to offer goods on ex-stock basis. Our team of qualified sales and service engineers are capable of providing strong technical support and offer the right solution.",22,2002,Electrical Equipment Manufacturing,27675267,http://www.linkedin.com/company/sirus-electronet-india-private-limited,"Hyderabad, Telangana, India",,http://sirus.in,,9/2023,false,https://media.licdn.com/dms/image/v2/C5603AQEdXl0YvAdK6Q/profile-displayphoto-shrink_100_100/profile-displayphoto-shrink_100_100/0/1516928087273?e=1788998400&v=beta&t=TYMNsGb0uOLu0RhZjSjoOi-PIZtJaNLTb7_xeayUEso,false,"5+ years of consulting experience in driving key projects along with CXO / promoters in Industrial Goods, Consumer Goods, Financial Services and Healthcare space. Topics span across Operational transformation & effectiveness, Turnaround Strategy, Sales transformation, GTM strategy and Post merger Integration. Prior to this, MBA from IIM Bangalore, 3 years of manufacturing experience at Caterpillar and an Engineering degree from IIT-ISM Dhanbad.",913,2026-08-25 00:00:00.000 +0530,,,,,,,,,,,,,,,,,1365,
Prashant Kumar mishra,Prashant Kumar,mishra,https://www.linkedin.com/in/prashant-kumar-mishra-207a75252,urn:li:member:1047736807,prashant-kumar-mishra-207a75252,Guwahati,Assam,India,"Guwahati, Assam, India",SMART IAS FOUNDATION,Co-Founder,founders,member_urn,"SMART IAS Foundation is dedicated to offering the best UPSC and APSC coaching in Guwahati. We aim to equip aspiring civil servants with the expertise needed to succeed in the rigorous UPSC and APSC examinations. Our core mission revolves around empowering students by instilling in them the knowledge, skills, and confidence essential for excelling in UPSC and APSC exams.",24,2009,Professional Training and Coaching,103732953,http://www.linkedin.com/company/smart-ias-foundation,,UPSC COACHING and APSC COACHING,https://smartiasfoundation.com/,,5/2024,false,,false,"12 years of experience in Educating, coaching, mentoring, overhauling ,shaping the students according to their potential and goals towards life. Having worked in two streams JEE/NEET and UPSC, I have realised the veracity with which the whole professional guidance requirements are both personalised and generalised at the same time. Most of the institutions are able to provide the generalised part but the gap is wider when it comes to personalised part, I have the unique ability to identify, sense , gauge and rectify those gaps, being long enough into the field .",3304,2026-08-25 00:00:00.000 +0530,,,,,,,,,,17,28,,,,,,1368,
Ujjwal Garg,Ujjwal,Garg,https://www.linkedin.com/in/ujjwal-garg-b874a8145,urn:li:member:589457047,ujjwal-garg-b874a8145,Nagpur,Maharashtra,India,"Nagpur, Maharashtra, India",SMS Limited,First Class Manager,6-10yoe_global_indian,member_urn,"Since 1967 company is engaged in infrastructure development in roads, railway, irrigation, toll collection, mining, environment, waste management, multi level car parking, radio taxis etc. Company is founded by Shri Shakti Kumarji Sancheti. Company is having presence pan India and overseas also",1767,1967,Construction,535563,http://www.linkedin.com/company/smslimited,"Nagpur, Maharashtra, India","Infrastructure Development, Electrical, Mining, Environment & Waste Management, and Toll Collection & Road O&M",http://www.smsl.co.in,Mine Planning and Design Production Planning Mine Safety & Strata Monitoring Project Planning and coordination Technical and Financial analysis of Tenders Manpower Management,7/2018,false,https://media.licdn.com/dms/image/v2/D5603AQFAF0d6Kc7tLg/profile-displayphoto-shrink_100_100/profile-displayphoto-shrink_100_100/0/1711122599677?e=1788998400&v=beta&t=rcmppmkEOrtQ-YYAhnNZr_UKnpfRc-ZxtqRtP5Wy9ic,false,,2957,2026-08-25 00:00:00.000 +0530,,,,,,,,,,,,,,,,,1370,
Vridhi Jhamb,Vridhi,Jhamb,https://www.linkedin.com/in/vridhijhamb,urn:li:member:591849393,vridhijhamb,Gurugram,Haryana,India,"Gurugram, Haryana, India",Snapmint,Enterprise Sales Specialist,founders,member_urn,"Snapmint is India’s leading EMI payment company and EMI e-commerce app, built for Young & Aspirational India. Founded by IIT Bombay alumni and headquartered in Mumbai, Snapmint gives millions the power to pay in parts and own what they want, while providing credit access to 300 million Indians without credit cards. With over 50 million app downloads, users love shopping with Zero-Cost EMI. Snapmint has partnered with India’s top consumer brands, offering transparent Pay-in-Parts solutions that make shopping seamless, fair, and effortless.",415,,Financial Services,33237670,http://www.linkedin.com/company/snapmintfinserv,"Navi Mumbai, Maharashtra, India","EMI Payment, Payment Widget, Pay In Parts, Checkout, Payment, and BNPL",https://www.snapmintbusiness.com/,,6/2025,false,,false,"As a Sales Development Representative (SDR) with over four years of experience in the SaaS industry, specializing in cutting-edge AI products, I am passionate about connecting innovative solutions with businesses that can truly benefit from them. I thrive in fast-paced environments where I’m constantly learning and adapting to new technologies that drive growth and efficiency. I have honed my skills in lead generation, cold outreach, and building strong relationships with key decision-makers across various industries. My expertise lies in understanding the unique needs of clients, educating them on AI-powered solutions, and guiding them through the decision-making process with precision.",2614,2026-08-25 00:00:00.000 +0530,,,,,,,,,,,,,,,,,1371,
Priyabrata Malla,Priyabrata,Malla,https://www.linkedin.com/in/priyabrata-malla-173b0b1a,urn:li:member:68448039,priyabrata-malla-173b0b1a,Kolkata,West Bengal,India,"Kolkata, West Bengal, India",Snwel Engineering®,Director of Engineering And Operations,10+yoe_global,member_urn,"snwel Engineering® is an integrated engineering services & solutions company. We offer services & solutions that are simultaneously affordable, sustainable and of high quality. Leveraging technology, domain knowledge, & our robust work planning methodology to ensure an effective delivery model for engineering services projects. We provide services in the following verticals - Oil & Gas, Petrochemicals, Power, Process, Paper & pulp, Chemical, Infrastructure, Mining & Metals, Manufacturing and Pharmaceutical. Engineering Services we provide: · 3D Plant Engineering Services (Multidisciplinary Plant Engineering) · Intelligent P&ID, Structural, Piping, E&I Engineering & Production of GA, Fabrication & Piping Isometrics · 3D Laser Scanning Services for Brownfield/ Greenfield Construction Projects · 3D Modelling Services (Concept Design to Detail Engineering) · 3D Printing Services for Plant & Product Development · 3D Model Reviews for Constructability, Operability & Maintainability Study · Utility, Fire Fighting & HVAC Engineering · Analysis Services (Pipe Stress Analysis/ CFD Analysis/ FE Analysis) · Civil & Structural Design, Analysis & Detailing · Instrumentation Engineering · Preparation (2D/ 3D) Engineering Data",37,2016,Engineering Services,33970432,http://www.linkedin.com/company/snwel-engineering,"Kolkata, West Bengal, India","3D Plant Engineering, 3D Laser Scanning, 3D Printing, Engineering, Piping Engineering, Civil & Structural Engineering, Utility, Fire Fighting & HVAC Engineering, BIM, and Scan to BIM",,"Engineering & PMC Services for Plant Owners, OEM, EPC Contractors & Manufacturers",8/2023,true,https://media.licdn.com/dms/image/v2/D5603AQFc4xtL0qvD4w/profile-displayphoto-shrink_100_100/profile-displayphoto-shrink_100_100/0/1710947877954?e=1788998400&v=beta&t=0ESv_wZLBlouQrIkhyuz1Zq6MIIAsbBWkv_dxJktmVw,false,"At Snwel Engineering®, collaboration and innovation are the cornerstones of our engineering and PMC services, which I proudly lead as the Director of Engineering & Operations. Our team's dedication to excellence is evident in the seamless delivery of solutions to plant owners and contractors alike, driven by our expertise in engineering design and CAD and CAE technologies. The organization benefits from a strategic approach that combines Plant Engineering proficiency with practical knowledge garnered from our extensive involvement in utilities and piping projects. This unique blend enables us to meet and surpass customer expectations, while fostering an environment of continuous learning and professional growth. My journey from Engineering Manager to Director of Engineering has been marked by a commitment to innovation and excellence. We've cultivated an environment that values collaboration, resulting in strong partnerships and a track record of project success. Fluent in Hindi, Odiya, and Bengali, I am also adept at bridging cultural and linguistic divides, enriching our organization's global reach and perspective.",945,2026-08-25 00:00:00.000 +0530,,,,,,,,,,,,,,,,,1372,
Ekta Panjwani,Ekta,Panjwani,https://www.linkedin.com/in/ekta-panjwani,urn:li:member:590608516,ekta-panjwani,Bengaluru,Karnataka,India,"Bengaluru, Karnataka, India",SPECTRUM gateway to success,Academic Counselor,founders,member_urn,"Established in April 12, 2010, Spectrum was founded with a clear vision—to redefine competitive exam preparation through an innovative, student-centric, and result-oriented learning environment. Spectrum has been committed to guiding students with career clarity, strong academic fundamentals, and advanced problem-solving skills, enabling them to excel in highly competitive examinations such as JEE (Main & Advanced) and MHT-CET. In 2024, Spectrum expanded its academic horizons with the launch of a dedicated Medical wing for NEET-UG aspirants, bringing the same philosophy of structured learning, rigorous practice, and expert mentorship to medical entrance preparation. Our academic framework is built on personalized study strategies, disciplined practice, and experienced faculty mentorship, ensuring holistic development and consistent performance. Spectrum focuses not just on results, but on transforming the way students think, analyze, and approach challenges. The trust of students and parents, earned through ethical mentoring and consistent outcomes, has positioned Spectrum as a leading institute in Nashik for Engineering and Medical entrance exam preparation. Guided by the core values of Practice, Persistence, and Performance, Spectrum continues to deliver quality results year after year, shaping future engineers and doctors with confidence and competence. An educational journey that grows stronger with every passing year.",12,2010,Professional Training and Coaching,92706688,http://www.linkedin.com/company/spectrum-gateway-to-success,"Nashik, Maharashtra, India",,www.spectrumcoaches.com,Dealing with challenges faced by IIT and NEET aspirants to reach their full potential.,6/2024,false,,false,"Armed with a Petroleum Engineering degree from IIT(ISM) Dhanbad, I bring a 3.5 years of invaluable experience as a Reservoir Engineer at ExxonMobil, my versatile skill set extends beyond technical prowess. I excel in people management, driving initiatives, and fostering innovation. As an Art of Living trainer, my creative approach shines through in transformative programs for diverse age groups including special workshops for children, teens, parents and adults. Leading teams seamlessly, I am not only committed to holistic well-being but also passionate about integrating innovative solutions and fostering creativity in every endeavor. My profession is to guide young minds appearing for JEE mains and JEE Advanced as a Counselor",2942,2026-08-25 00:00:00.000 +0530,,,,,,,,,,,,,,,,,1373,
