full_name,first_name,last_name,linkedin_url,member_urn,public_identifier,city,state,country,location,company,job_title,source_file,dedup_key_used,company_description,company_employees,company_founded_year,company_industry,company_linkedin_id,company_linkedin_url,company_location,company_specialities,company_website,job_description,job_started_on,premium,profile_picture_url,recently_hired,summary,id,last_updated,headline,company_url,followers_count,personal_website,ism_batch_start,ism_batch_end,colleges,mobile_number,remark,category_1,category_2,personal_email,work_email,assumed_mobile_no,branch,degree,company_id,lead_status
Anurag Srivastav,Anurag,Srivastav,https://www.linkedin.com/in/anurag-srivastav-17b5b129,urn:li:member:100011695,anurag-srivastav-17b5b129,Jharkhand,,India,"Jharkhand, India",Tata Steel,Head Of Project Department,10+yoe_indian,member_urn,"Tata Steel is one of the world’s most diversified integrated steel producers, with a capacity of 35 million tonnes per annum (MTPA) across India, the Netherlands, the UK, and Thailand. The World Economic Forum has recognised Tata Steel’s Jamshedpur, Kalinganagar and IJmuiden plants as Manufacturing Lighthouses. With over 76,000 employees worldwide, Tata Steel is a Great Place to Work®-certified organisation. In India, Tata Steel operates in Jamshedpur and Gamharia in Jharkhand, and in Kalinganagar (including Neelachal Ispat Nigam Limited) and Meramandali in Odisha, with an overall capacity of 26.6 MTPA. The Company has captive mining operations in India, including collieries in Jharia and West Bokaro, as well as iron ore mines in Noamundi, Katamati, Joda East, Khondbond, Vijaya II, and Koida. It also operates iron ore assets in Labrador and Northern Quebec, Canada. Tata Steel aims to achieve Net Zero emissions by 2045. The upcoming 0.75 MTPA electric arc furnace-based steelmaking facility in Ludhiana is the Company’s first low-emission plant in India. In the UK, Tata Steel is transitioning to a 3.2 MTPA EAF-based steelmaking route, following the decommissioning of its heavy-end assets in 2024. In 2025, the Government of the Netherlands and Tata Steel signed a non-binding Joint Letter of Intent for the first phase of the transition to low-emission steel production at IJmuiden. Focused on sustainability, innovation, agility, and fostering deep relationships with customers and communities, Tata Steel aspires to become the most respected and valuable metals and mining company globally.",58348,,Mining,166262,https://fr.linkedin.com/company/tatasteelltd,"Mumbai, Maharashtra, India","steelmaking, engineering, mining, steel products, steel solutions, steel research et engineering",https://www.tatasteel.com,"Handling projects of worth Rs 700 Cr- Rs 150 Cr in mechanical, electrical, Civil area and Rs 550 Cr for Equipment procurement and commissioning for mining activity. Completed installation and commissioning of 4 KM long pipe conveyor of project cost Rs 76 Cr in FY'22. Completed installation and commissioning of primary crushing plant for coal of project cost Rs 110 Cr. Key Responsibility Coordinate with project team, design engineers, and contractors for defining construction plan & schedule. Predict resources needed to complete project. Manage construction schedule, work plan, and monitor overall progress. Prepare progress updates and MIS for management reporting. Build an effective and result oriented team with the help of performance management system and by defining KPI’s, roles, responsibilities and accountability of team members. Track team engagement and motivate to take up new challenges. Leading team of procurement of HEMM at West Bokaro to increase capacity from 6.5 MT per annum to 10 MT per annum of raw coal and 40 Mcum of Over Burden. Under which procured 27 nos of 100T rear dumpers, 04 nos of 60 T rear dumpers, 05 nos of 45 KL water sprinklers, 11 nos of 400 KW class of track dozers, 06 nos of 165 mm class of drills and 01 nos of 250 T class of excavator. Currently 200 T class of rear dumpers and 360 T class of excavators are under procurement process with all supporting equipment.",6/2021,false,https://media.licdn.com/dms/image/v2/C5103AQF1SVpOniuWSg/profile-displayphoto-shrink_100_100/profile-displayphoto-shrink_100_100/0/1562327784679?e=1788998400&v=beta&t=HFiJzExGfW3y7TNf8-6fyeKMiZkxyhAcxkZY1Xv9RJU,false,"Experienced Maintenance professional for fixed and mobile equipment. Head of Department with a demonstrated history of working in the mining & metals industry. Skilled in Operations Management, ISO Standards, and Engineering. Strong education professional with a PGEXP focused in Business Administration and Management, General from Indian Institute of Management, Ranchi.",1293,2026-08-25 00:00:00.000 +0530,,,,,,,,,,,,,,,,,29,
PARINITA SHAW,PARINITA,SHAW,https://www.linkedin.com/in/parinita-shaw-38928351,urn:li:member:182814297,parinita-shaw-38928351,Bengaluru,Karnataka,India,"Bengaluru, Karnataka, India",BBRC (Syngene International Ltd),Senior Associate Scientist,10+yoe_indian,member_urn,,,,,,,,,,"CHNS analysis, KCC sample, LC-MS, IR, Polarimeter, Moisture analysis, GC-MS, GC-RS,HPLC instument handling, data analysis and interpretation with sound knowledge of molecules. Analysing chiral compounds with chiral columns. Lab safety, lab maintaining is key role of mine. Specialist in 2D-LC using reverse phase in 1st dimension and polar organic in 2nd dimension using chiral column.",11/2022,false,https://media.licdn.com/dms/image/v2/D4D03AQEMJP6zEFq0IQ/profile-displayphoto-scale_400_400/B4DZ.U_aX1K0Ag-/0/1784911079636?e=1788998400&v=beta&t=g-vJ6oR8VHbhfE5vIS4E8tQnl6DizbWQfta3ox2lBPA,false,"As an analytical scientist specializing in chromatography, I possess a robust background in method development, analysis and troubleshooting within various applications. My expertise extends across a wide range of chromatographic techniques, including HPLC, GC, and LC-MSallowing me to deliver precise and reliable results that meet industry standards. I am passionate about advancing the field of chromatography and committed to contributing to innovative solutions that address complex analytical challenges. With a proven track record of collaborating effectively with cross-functional teams, I aim to drive research initiatives and enhance product quality.",1291,2026-08-25 00:00:00.000 +0530,,,,,,,,,,,,,,,,,1579,
Sandesh Singh,Sandesh,Singh,https://www.linkedin.com/in/sandesh-singh-65a1b6275,urn:li:member:1126204198,sandesh-singh-65a1b6275,,,India,India,Carico Systems Private Limited,Associate General Manager,6-10yoe_global_indian,member_urn,"Carico offers end-to-end domain-enriched, user-friendly & cost-effective solutions for the Logistics and Supply Chain Industry including Freight Forwarding, Customs Broking, Shipping, and Aviation. Carico also provides customized software solutions to airports and airlines. The pioneer Hans group of Companies promotes Carico.",9,2018,Airlines and Aviation,87421801,https://in.linkedin.com/company/carico-systems-private-limited,"Delhi Cantonment, Delhi, India",,http://www.caricosystem.in/,,10/2025,false,https://media.licdn.com/dms/image/v2/D5603AQF5Sb1LRu5Mww/profile-displayphoto-shrink_100_100/profile-displayphoto-shrink_100_100/0/1683122400945?e=1788998400&v=beta&t=ctp1vPU2ZwkMjhfeQdwedVEXEXh7_CMt6goum8gpJZg,false,,2701,2026-08-25 00:00:00.000 +0530,,,,,,,,,,,,,,,,,76,
Pradyut Nandi,Pradyut,Nandi,https://www.linkedin.com/in/pradyut-nandi-96417423,urn:li:member:81023836,pradyut-nandi-96417423,Kolkata,West Bengal,India,"Kolkata, West Bengal, India",Skipper India limited,Vice President,10+yoe_indian,member_urn,,,,,,,,,,,8/2024,false,https://media.licdn.com/dms/image/v2/C5103AQFSBzUSC6AVJw/profile-displayphoto-shrink_100_100/profile-displayphoto-shrink_100_100/0/1556973404590?e=1788998400&v=beta&t=I6x78etkzXqrYUEWRjNbgtlKadMjM3H9Ma-E5Llg21U,false,"Steering Skipper India Limited as Vice President, my expertise in international infrastructure projects drives our strategic direction. With over two decades spent fostering resilient infrastructure, my current role capitalizes on this experience, advancing our organization's mission and contributing to community empowerment. As a Senior Consultant, I support startups with strategic insights and serve as a motivational speaker, demonstrating a commitment to innovation and team inspiration. My leadership at Skipper India is defined by a collaborative approach to achieving excellence and a culture that celebrates growth.",1292,2026-08-25 00:00:00.000 +0530,,,,,,,,,,,,,,,,,2474,
Rahul K Soni,Rahul K,Soni,https://www.linkedin.com/in/rahuliitdhn,urn:li:member:79443241,rahuliitdhn,Bhubaneshwar,Odisha,India,"Bhubaneshwar, Odisha, India",CSIR - Institute of Minerals & Materials Technology,Principal Scientist,10+yoe_indian,member_urn,,,,,,,,,,,5/2023,false,https://media.licdn.com/dms/image/v2/C4D03AQH3anGse_6YUg/profile-displayphoto-shrink_100_100/profile-displayphoto-shrink_100_100/0/1516980163986?e=1788998400&v=beta&t=EjL71heKH3B6avR5SLzijhqpIM07W08frRVdNsKdPw8,false,"Currently I am a Principal Scientist at CSIR-Institute of Minerals and Materials Technology, Bhubaneswar. The Institute of comes under Council of Scientific & Industrial Research (CSIR) which is subsequently controlled by Govt. of India through Department of Scientific & Industrial Research (DSIR). I have been engaged here in the research field of Discrete Element Method (DEM), Computational Fluid Dynamics (CFD) and their coupling. https://www.immt.res.in/process-modeling-instrumentation/mr-rahul-kumar-soni-scientist",1301,2026-08-25 00:00:00.000 +0530,,,,,,,,,,,,,,,,,1713,
Harshwardhan,Harshwardhan,,https://www.linkedin.com/in/harshwardhan29,urn:li:member:88038654,harshwardhan29,Bengaluru,Karnataka,India,"Bengaluru, Karnataka, India",DaMENSCH,Head of Marketplace & QC,10+yoe_indian,member_urn,External link for DaMENSCH,164,2018,Retail Apparel and Fashion,14375847,http://www.linkedin.com/company/damensch,"Bengaluru, Karnataka, India",,https://www.damensch.com/,,5/2025,false,https://media.licdn.com/dms/image/v2/D5603AQEXULtqMzUhKg/profile-displayphoto-shrink_400_400/B56ZXQ5J2IGUAk-/0/1742966398876?e=1788998400&v=beta&t=lrbgb0m5rQ-e1PRVpb56IKjPMbb7H86Wpo1jGU_mOws,false,"Passionate about building and scaling D2C brands. After my MBA, I honed my skills at Amazon, leading strategic programs. At Oribel, I spearheaded D2C expansion across Southeast Asia and the US. As the founder of Tasseled Home, I navigated the challenges of building a brand from scratch. Currently, at Journey AI, I lead global sales, helping e-commerce brands boost conversions with AI-driven solutions. Across Amazon, Oribel, my own D2C venture (Tasseled Home), and now Journey AI, one thing has been constant: my drive to build meaningful consumer experiences that scale. Let's connect if you're interested in D2C growth, brand building, or AI in e-commerce.",1300,2026-08-25 00:00:00.000 +0530,,,,,,,,,,,,,,,,,973,
Alok Ranjan,Alok,Ranjan,https://www.linkedin.com/in/ranjanalok1,urn:li:member:9261148,ranjanalok1,Rajasthan,,India,"Rajasthan, India",Hindustan Zinc,Director - Operations (Chanderiya Smelting Complex),10+yoe_indian,member_urn,"Hindustan Zinc Limited (BSE: HINDZINC and NSE: HINDZINC), a Vedanta Group company, is the world’s largest zinc producer and amongst the top 5 silver producers globally. The company supplies to more than 40 countries and holds a market share of about 75% of the primary zinc market in India. Hindustan Zinc has been recognized as the world’s most sustainable company in the metals and mining category by the S&P Global Corporate Sustainability Assessment 2025, reflecting its operational excellence, innovation, and leading ESG practices. Hindustan Zinc is also a certified 3.32 times Water-Positive company and is committed to achieving Net Zero emissions by 2050 or sooner. Transforming the lives of 1.9 million people through its focused social welfare initiatives, Hindustan Zinc is among the Top 10 CSR companies in India. As a world leader in the metals and mining industry, Hindustan Zinc is pivotal in providing critical metals essential for the global energy transition for a sustainable future. For any queries, please write to- infohzl@vedanta.co.in",4500,,Manufacturing,13742084,http://www.linkedin.com/company/hindustanzinc,"Udaipur, Rajasthan, India","Metals, Mining, Zinc, Lead, Silver, Exploration, Sustainability, CSR, Safety, Employment, Natural resources, Power, Leader, Metals and Mining, Infrastructure, Metal Technology, India, Smelting, and Commodities",http://www.hzlindia.com,Leading the operations at one of the wold's largest smelting complex of Lead/Zinc/Silver,7/2025,false,https://media.licdn.com/dms/image/v2/D4D03AQF9qgUPK_4SKg/profile-displayphoto-shrink_100_100/profile-displayphoto-shrink_100_100/0/1668772012016?e=1788998400&v=beta&t=rmZcCvjxgTgJUo04WmJOt33SzDLa-0EMlPzhYbUunZ0,false,"I lead large, complex, energy-intensive manufacturing businesses across the metals and mining value chain — and I've done it from both ends: running world-scale operations and building multi-billion-dollar commercial franchises. Today I lead operations at the Chanderiya Smelting Complex, one of the world's largest integrated lead-zinc-silver smelting and captive-power operations — accountable for production, cost, safety, ESG, compliance, and community across a continuous process-manufacturing site. Before this, as Chief Marketing & Sales Officer of Vedanta's Aluminium business, I owned the commercial P&L of a 2.5 Mt/a, ~$6B global enterprise selling into 60+ countries. We launched India's first low-carbon ""green aluminium"" brands, expanded the value-added product mix, and built an industry-first e-commerce platform for contracting and execution. Over 24 years across the Vedanta group, I've led businesses through the full cycle of heavy industry — concentrate procurement and tolling, global commodity marketing and pricing innovation, refined-metals and precious-metals sales, and now site operations. I've negotiated large raw-material contracts, built markets from scratch (including establishing the global market for Indian zinc and doubling iron-ore volumes at Sesa Goa), and consistently moved the bottom line through cost drivers, pricing models, and value-in-use selling. I lead with ESG and safety embedded in the operating model, not bolted on — and I'm energised by building teams that scale sustainable, high-performance businesses in the industrial, energy, and commodity space. I'm an engineer (B.Tech, IIT-ISM Dhanbad) and an MBA (IMT Ghaziabad) — equally comfortable on the plant floor, across the P&L, and in front of boards, regulators, and industry bodies.",1302,2026-08-25 00:00:00.000 +0530,,,,,,,,,,,,,,,,,1092,
Dr. Rajendra Kumar Vishwakarma,Dr. Rajendra Kumar,Vishwakarma,https://www.linkedin.com/in/dr-rajendra-kumar-vishwakarma-67906525,urn:li:member:86727549,dr-rajendra-kumar-vishwakarma-67906525,Nagpur,Maharashtra,India,"Nagpur, Maharashtra, India",CSIR - Central Institute of Mining & Fuel Research,Senior Principal Scientist,10+yoe_indian,member_urn,,,,,,,,,,,12/2017,false,https://media.licdn.com/dms/image/v2/D4D03AQHoD33tfhyjgQ/profile-displayphoto-scale_400_400/B4DZiJHyESH8Ag-/0/1754647176026?e=1788998400&v=beta&t=jT9Ht-UXVcHS9sBw68rrW9VWS7Eq10o8UbbFxxcBQqY,false,"Dr. R.K. Vishwakarma works in CSIR-Central Institute of Mining and Fuel Research at its Nagpur Research Centre (Fuel Sciences). Over the past one decade he has developed his ability and interest in the field of energy resources including coal, solar, and technological solutions to the mining and allied industries. Robotic solutions and automation is one of his areas of research in current scenario. He is active member of BIS committee (LITD08) and past member of BIS (ET22) committee. With over two decades of experience in hazardous area equipment design and Explosion hazard assessment in oil & gas and petroleum industries. He has 3 patents in his name and several SCI publications as well as he has edited 2 books. Poetry is his hobby and close to his heart.",1306,2026-08-25 00:00:00.000 +0530,,,,,,,,,,,,,,,,,1705,
sudhanshu kumar rai,sudhanshu kumar,rai,https://www.linkedin.com/in/sudhanshu-kumar-rai-07195228,urn:li:member:97898197,sudhanshu-kumar-rai-07195228,Ranchi,Jharkhand,India,"Ranchi, Jharkhand, India",Tata Steel,Head maintenance,10+yoe_indian,member_urn,"Tata Steel is one of the world’s most diversified integrated steel producers, with a capacity of 35 million tonnes per annum (MTPA) across India, the Netherlands, the UK, and Thailand. The World Economic Forum has recognised Tata Steel’s Jamshedpur, Kalinganagar and IJmuiden plants as Manufacturing Lighthouses. With over 76,000 employees worldwide, Tata Steel is a Great Place to Work®-certified organisation. In India, Tata Steel operates in Jamshedpur and Gamharia in Jharkhand, and in Kalinganagar (including Neelachal Ispat Nigam Limited) and Meramandali in Odisha, with an overall capacity of 26.6 MTPA. The Company has captive mining operations in India, including collieries in Jharia and West Bokaro, as well as iron ore mines in Noamundi, Katamati, Joda East, Khondbond, Vijaya II, and Koida. It also operates iron ore assets in Labrador and Northern Quebec, Canada. Tata Steel aims to achieve Net Zero emissions by 2045. The upcoming 0.75 MTPA electric arc furnace-based steelmaking facility in Ludhiana is the Company’s first low-emission plant in India. In the UK, Tata Steel is transitioning to a 3.2 MTPA EAF-based steelmaking route, following the decommissioning of its heavy-end assets in 2024. In 2025, the Government of the Netherlands and Tata Steel signed a non-binding Joint Letter of Intent for the first phase of the transition to low-emission steel production at IJmuiden. Focused on sustainability, innovation, agility, and fostering deep relationships with customers and communities, Tata Steel aspires to become the most respected and valuable metals and mining company globally.",58348,,Mining,166262,https://fr.linkedin.com/company/tatasteelltd,"Mumbai, Maharashtra, India","steelmaking, engineering, mining, steel products, steel solutions, steel research et engineering",https://www.tatasteel.com,,9/2022,false,https://media.licdn.com/dms/image/v2/C5103AQEGs9TcFXAD7w/profile-displayphoto-shrink_100_100/profile-displayphoto-shrink_100_100/0/1526887667598?e=1788998400&v=beta&t=iL9JkQoqwAnmm7LPSFjL-cp4QMC4aBpAB2BkikQULH0,false,"Creative, Agile, Tech savvy and Audacious growth-oriented leader, B.Tech in mining machinery engg. From IIT (ISM) and currently Heading engineering and maintenance team at Tata steel with more than 20 years of experience across broad range of project management, Heavy earth moving machinery maintenance, procurement function, mining, coal beneficiation and quality assurance technologies. Proven abilities to collate organizational vision, self-initiatives and present requirements with well-developed coal & Iron ore mining and processing knowledge, statistical analysis and total quality management philosophy to achieve company’s goal. An astute professional with several years of experience in the field of Leadership Project Management, Quality assurance/auditing and Technical services. Achieved proficiency in handling quality issues pertaining to quality & technical services to client. Adept at identifying improvement areas and implementing adequate measures towards enhancing overall operational efficiency. An effective communicator possessing excellent relationship Engineering skills with ability to relate to people at all levels of business. Possess strong analytical, problem solving, organisational abilities",1307,2026-08-25 00:00:00.000 +0530,,,,,,,,,,,,,,,,,29,
Aftab Jamal,Aftab,Jamal,https://www.linkedin.com/in/aftab-jamal-a70a7a1b,urn:li:member:71329908,aftab-jamal-a70a7a1b,Ranchi,Jharkhand,India,"Ranchi, Jharkhand, India",Tata Steel,Sr. Area Manager,10+yoe_indian,member_urn,"Tata Steel is one of the world’s most diversified integrated steel producers, with a capacity of 35 million tonnes per annum (MTPA) across India, the Netherlands, the UK, and Thailand. The World Economic Forum has recognised Tata Steel’s Jamshedpur, Kalinganagar and IJmuiden plants as Manufacturing Lighthouses. With over 76,000 employees worldwide, Tata Steel is a Great Place to Work®-certified organisation. In India, Tata Steel operates in Jamshedpur and Gamharia in Jharkhand, and in Kalinganagar (including Neelachal Ispat Nigam Limited) and Meramandali in Odisha, with an overall capacity of 26.6 MTPA. The Company has captive mining operations in India, including collieries in Jharia and West Bokaro, as well as iron ore mines in Noamundi, Katamati, Joda East, Khondbond, Vijaya II, and Koida. It also operates iron ore assets in Labrador and Northern Quebec, Canada. Tata Steel aims to achieve Net Zero emissions by 2045. The upcoming 0.75 MTPA electric arc furnace-based steelmaking facility in Ludhiana is the Company’s first low-emission plant in India. In the UK, Tata Steel is transitioning to a 3.2 MTPA EAF-based steelmaking route, following the decommissioning of its heavy-end assets in 2024. In 2025, the Government of the Netherlands and Tata Steel signed a non-binding Joint Letter of Intent for the first phase of the transition to low-emission steel production at IJmuiden. Focused on sustainability, innovation, agility, and fostering deep relationships with customers and communities, Tata Steel aspires to become the most respected and valuable metals and mining company globally.",58348,,Mining,166262,https://fr.linkedin.com/company/tatasteelltd,"Mumbai, Maharashtra, India","steelmaking, engineering, mining, steel products, steel solutions, steel research et engineering",https://www.tatasteel.com,,8/2026,false,https://media.licdn.com/dms/image/v2/D4D03AQFtHmW4VGTJ5w/profile-displayphoto-shrink_100_100/profile-displayphoto-shrink_100_100/0/1700765202963?e=1788998400&v=beta&t=gDSgnTiMlvo_O_T0XqgM_5IU7ZBs1Wll_4-7Za5YEHI,true,"Experienced Environmental Engineer with a demonstrated history of working as a Lead Environmental Consultant for a reputed Clientele over a diverse sectoral portfolio, ranging from Steel industry, Copper industry, Metal Mines, Ports & harbour, Oil & Gas industry, etc. Currently working at MECON Ltd. , Ranchi as an approved QCI-NABET EIA Coordinator for Metal plants, Townships, Coke ovens, Oil & gas pipelines as well as Approved functional area expert of Nuclear catastrophic Risk Management, Radiation Risk & Human Health, Risk & Hazard management and Land use Land cover in various Consulting projects for Environmental Clearances, CTEs etc. Besides, provided specialised expertise in QRA studies for Oil & gas pipelines, Carried out Industrial Site selection studies and environmental management studies as part of Feasibility reports for Industrial setups.",1310,2026-08-25 00:00:00.000 +0530,,,,,,,,,,,,,,,,,29,
Rohit Katiyar,Rohit,Katiyar,https://www.linkedin.com/in/rohit-katiyar-7a942628,urn:li:member:96599793,rohit-katiyar-7a942628,Bokaro,Jharkhand,India,"Bokaro, Jharkhand, India",ArcelorMittal Nippon Steel India,PMC - Upstream Expansion Projects,10+yoe_indian,member_urn,"AM/NS India is a joint venture between the world's leading steel companies, ArcelorMittal and Nippon Steel. Established in December 2019, post-acquisition of Essar Steel, we are an integrated flat steel manufacturer - from iron ore to ready-to-market products. With over 300 steel grades - many substituting imports, we serve an array of contemporary industries (agriculture, automotive, infrastructure, defence, energy, etc.) and contribute to an Aatmanirbhar Bharat. Our portfolio encapsulates hot rolled coils / sheets / plates, cold rolled coils / sheets, galvanized coil / sheets, pre-painted galvanized coil / sheets, pipelines, etc. We ascribe to advancement with sustainability and envision creating 'Smarter Steels, Brighter Futures'. Our vision has nestled in empowering communities by providing employment to more than 16,00,000 individuals and enriching millions of lives across the country through our CSR interventions. We are inspired by ArcelorMittal's XCarb programme and Nippon Steel's Zero Carbon initiative and stand in alignment with India's vision to be carbon-neutral by 2070. Our recent partnership with Greenko for renewable power and storage facility is a notable step in that direction. Our MoUs with National Small Industries Corporation and National Skill Development Corporations are devised to bolster the MSME ecosystem in India. We prioritize health and safety and foster a culture of innovation by placing research and development at the heart of our operations. We are a committed partner to the nation, and our avid growth story will be purposeful, inclusive, and sustainable.",11797,,Mining,31287126,http://www.linkedin.com/company/amnsindia,"Chorasi, Gujarat, India",,http://www.amns.in,,3/2022,false,https://media.licdn.com/dms/image/v2/C4D03AQFSfODw64nSCA/profile-displayphoto-shrink_100_100/profile-displayphoto-shrink_100_100/0/1625847730856?e=1788998400&v=beta&t=wbgb2UCCr0ATfb0Jiq_y33KWzqT5zZ3jald5CWP5R8o,false,"Experienced Professional with a demonstrated history of working in Iron & Steel industry. Skilled in Metallurgy, Minerals Processing, SAP and Engineering. Strong professional with a B.Tech focused in Mineral Engineering from Indian Institute of Technology (ISM), Dhanbad",1312,2026-08-25 00:00:00.000 +0530,,,,,,,,,,,,,,,,,869,
Vinay Kumar Maurya,Vinay Kumar,Maurya,https://www.linkedin.com/in/vinay-kumar-maurya-5530a432,urn:li:member:113682447,vinay-kumar-maurya-5530a432,Varanasi Tehsil,Uttar Pradesh,India,"Varanasi Tehsil, Uttar Pradesh, India",Grasim Industries Limited (Birla Opus Paints),Deputy Manager,10+yoe_indian,member_urn,,,,,,,,,,,8/2026,false,https://media.licdn.com/dms/image/v2/C5603AQFbUHKv5m6dyQ/profile-displayphoto-shrink_100_100/profile-displayphoto-shrink_100_100/0/1516495388178?e=1788998400&v=beta&t=MO7CkzEkrUN0qfHJmMn30299SpmKnJPPvQViw6wtaCk,false,Working in Grasim Industries Limited (Birla Opus Paints) in Sustainability Cell in Corporate Office Mumbai,1311,2026-08-25 00:00:00.000 +0530,,,,,,,,,,,,,,,,,1906,
Ashutosh Bhaskar,Ashutosh,Bhaskar,https://www.linkedin.com/in/ashutosh-bhaskar-b9a15755,urn:li:member:194455270,ashutosh-bhaskar-b9a15755,Jharkhand,,India,"Jharkhand, India",Tata Steel,Principal Technologist Mining,10+yoe_indian,member_urn,"Tata Steel is one of the world’s most diversified integrated steel producers, with a capacity of 35 million tonnes per annum (MTPA) across India, the Netherlands, the UK, and Thailand. The World Economic Forum has recognised Tata Steel’s Jamshedpur, Kalinganagar and IJmuiden plants as Manufacturing Lighthouses. With over 76,000 employees worldwide, Tata Steel is a Great Place to Work®-certified organisation. In India, Tata Steel operates in Jamshedpur and Gamharia in Jharkhand, and in Kalinganagar (including Neelachal Ispat Nigam Limited) and Meramandali in Odisha, with an overall capacity of 26.6 MTPA. The Company has captive mining operations in India, including collieries in Jharia and West Bokaro, as well as iron ore mines in Noamundi, Katamati, Joda East, Khondbond, Vijaya II, and Koida. It also operates iron ore assets in Labrador and Northern Quebec, Canada. Tata Steel aims to achieve Net Zero emissions by 2045. The upcoming 0.75 MTPA electric arc furnace-based steelmaking facility in Ludhiana is the Company’s first low-emission plant in India. In the UK, Tata Steel is transitioning to a 3.2 MTPA EAF-based steelmaking route, following the decommissioning of its heavy-end assets in 2024. In 2025, the Government of the Netherlands and Tata Steel signed a non-binding Joint Letter of Intent for the first phase of the transition to low-emission steel production at IJmuiden. Focused on sustainability, innovation, agility, and fostering deep relationships with customers and communities, Tata Steel aspires to become the most respected and valuable metals and mining company globally.",58348,,Mining,166262,https://fr.linkedin.com/company/tatasteelltd,"Mumbai, Maharashtra, India","steelmaking, engineering, mining, steel products, steel solutions, steel research et engineering",https://www.tatasteel.com,,2/2019,false,https://media.licdn.com/dms/image/v2/C5103AQEPR3IgkV1vBQ/profile-displayphoto-shrink_100_100/profile-displayphoto-shrink_100_100/0/1551980671239?e=1788998400&v=beta&t=td3V7fvZUF5ThXUBJb0LaBzV0E8a-GKYNTAE6k_aTJk,false,"B. Tech in Mining Engineering with 1st Class Manager’s certificate (metal, opencast) having 20+ years of work experience in Opencast mining operation, improvement projects, identification & evaluation of mining technologies(mining methods, equipment, digital technologies etc.) for its applicability, capital project management, Liasioning with Pollution Control Board, Lean manufacturing process based projects.",1321,2026-08-25 00:00:00.000 +0530,,,,,,,,,,,,,,,,,29,
Dr. Rakesh Kumar,Dr. Rakesh,Kumar,https://www.linkedin.com/in/dr-rakesh-kumar-a8b8762b,urn:li:member:106657163,dr-rakesh-kumar-a8b8762b,Dhanbad,Jharkhand,India,"Dhanbad, Jharkhand, India",CSIR-CIMFR,Senior Principal Scientist,10+yoe_indian,member_urn,,,,,,,,,,Research and Development in the field of Rock Mechanics,7/2018,false,https://media.licdn.com/dms/image/v2/C5103AQEoenKGowvWNA/profile-displayphoto-shrink_100_100/profile-displayphoto-shrink_100_100/0/1576670236631?e=1788998400&v=beta&t=3p6jcutL1UJaxERQZbRhY8gByXEnfF_iwx1Tk9S2tYM,false,Research and Development during under ground extraction of coal. Safe and efficient method to take out the undergroundcoal seam.,1313,2026-08-25 00:00:00.000 +0530,,,,,,,,,,,,,,,,,1707,
Prof D.C. Panigrahi,Prof D.C.,Panigrahi,https://www.linkedin.com/in/prof-d-c-panigrahi-402b2835a,urn:li:member:1501756994,prof-d-c-panigrahi-402b2835a,Dhanbad,Jharkhand,India,"Dhanbad, Jharkhand, India",Panigrahi Mining Research and Consultancy (PMRC) Private Limited,Managing Director,10+yoe_indian,member_urn,,,,,106426123,,,,,"- Appointed as Managing Director of Panigrahi Mining Research and Consultancy (PMRC) Private Limited, incorporated under the Companies Act of 2013 (18 of 2013) in the Ministry of Corporate Affairs, GOI. Additionally, it is registered in the Ministry of MSME, Govt. of India. - Initiated research and consultancy services in the field of Mine Ventilation and Air-Conditioning, Mine Fires, Preparation of Geological Report, Detailed Project Reports (DPRs), Mining Plan preparation, etc. - Established the Mine Ventilation and Gas chromatography Laboratory for carrying out research and service to the mining and petroleum industry. - Scaled the business and achieved 30% Y-O-Y growth in Annual Turnover in 3 years since my appointment as the MD of the company by executing 135+ consulting projects. - Currently expanding the consulting services in the field of Rock mechanics & strata control, Civil infrastructure design in mines, sustainability & environment, etc. and research laboratory in the field of coal and water.",5/2022,false,https://media.licdn.com/dms/image/v2/D5603AQFhtgWfuCl3mQ/profile-displayphoto-shrink_800_800/B56Zaan6NCHgAg-/0/1746350877352?e=1788998400&v=beta&t=GsrncThAnSP5B081yLTK0aF1KODbR7m4pc5Dj_cdOpE,false,"Established researcher and consultant in the field of Subsurface mine Ventilation and Air-Conditioning, guiding the mining industry for the last 38 years by planning, designing and improving the ventilation system of underground mines. Presently, I am serving as Managing Director of Panigrahi Mining Research and Consultancy (PMRC) Private Limited – a firm that was incorporated in 2020 in the field of Mining Research and Consultancy with a mission to undertake Research & Development and provide innovative solutions in the field of mining, mineral and energy sectors. My longest standing career stint has been with IIT(ISM) Dhanbad, where I joined as an Asst. Professor in 1992 and was able to reach to the ranks of Professor in 1998, Professor (HAG) in 2009, Head Department of Mining (2007-10 and 2018-20), and appointed as the Director of the Institute in 2011. During my career, I was conferred several International and National Awards & Honors, and to name a few National Mineral Award in 1998, S.S.B. Memorial Award in 2003-04, National Design Award in 2012, Eminent Mining Engineer Award in 2012, D D Thacker Coal Mining (Gold) Medal in 2015-16, Prince Mukarram Jah Endowment Award Lecture in 2016, etc. I have been nominated by different Ministries of Govt. of India in numerous committees at national and international level, such as appointed as a member of expert committee for reopening of fire areas in New Kenda Colliery in 1994 in which 55 persons had died. Similarly appointed as a member of expert committee, Ministry of Coal, GOI for investigation of Anjan Hill mine disaster in 2010 in which 14 persons had died and 31 persons were seriously injured. I was also appointed by Govt. of India as an Independent Director in the Board of Coal India Limited for a duration of 04 years from November 2015-19. Professionally, I have been recognized nationally and internationally by my peers and invited to chair the Technical Sessions in 7th International Mine Ventilation Congress (IMVC) in 2001 at Krako, 8th IMVC in 2005 at Brisbane, Australia, 10th IMVC in 2014 at Suncity South Africa, 11th IMVC in 2018 at Xian, China. I was instrumental on winning the bid for hosting the 9th IMVC for the first time in Asia (New Delhi – 10-15 November, 2009) I was Principal Investigator and executed 14 Major Research Projects funded by different Ministries of Govt. of India and R&D boards of PSUs. Apart from this, I have successfully executed 445 industry sponsored projects from 72 companies in India and abroad for the solving the real-life problems of the industry.",1317,2026-08-25 00:00:00.000 +0530,,,,,,,,,,,,,,,,,2270,
Venkateswara Rao P,Venkateswara Rao,P,https://www.linkedin.com/in/venkateswara-rao-p-5bb544229,urn:li:member:959835743,venkateswara-rao-p-5bb544229,Bengaluru,Karnataka,India,"Bengaluru, Karnataka, India",ZEISS Group,Global Program Manager-Supply Chain,founders,member_urn,"ZEISS is an internationally leading technology enterprise operating in the fields of optics and optoelectronics. In the previous fiscal year, the ZEISS Group generated annual revenue totaling almost 12 billion euros in its four segments Semiconductor Manufacturing Technology, Industrial Quality & Research, Medical Technology, and Consumer Markets (September 30, 2025). For its customers, ZEISS develops, produces, and distributes highly innovative solutions for industrial metrology and quality assurance, microscopy solutions for the life sciences and materials research, and medical technology solutions for diagnostics and treatment in ophthalmology and microsurgery. The name ZEISS is also synonymous with the world's leading lithography optics, which are used by the chip industry to manufacture semiconductor components. There is global demand for trendsetting ZEISS brand products such as eyeglass lenses, camera lenses, and binoculars. With a portfolio aligned with future growth areas like digitalization, healthcare, and Smart Production and a strong brand, ZEISS is shaping the future of technology and constantly advancing the world of optics and related fields with its solutions. The company's significant, sustainable investments in research and development lay the foundation for the success and continued expansion of ZEISS' technology and market leadership. ZEISS invests 15 percent of its revenue in research and development – this high level of expenditure has a long tradition at ZEISS and is also an investment in the future. With over 46,600 employees, ZEISS is active globally in around 50 countries with more than 60 sales and service locations, around 40 research and development facilities, and 30 production facilities worldwide. Learn more about ZEISS: www.zeiss.com/about Data privacy: www.zeiss.com/data-protection Imprint: www.zeiss.com/publisher This is ZEISS's official LinkedIn account. It follows the ZEISS Netiquette: www.zeiss.com/netiquette",26180,,Machinery Manufacturing,938659,https://www.linkedin.com/company/zeiss,"Oberkochen, Baden-Württemberg, Germany","Optics, Optoelectronics and Precision Mechanics, Binoculars, Microscopy, Eyeglass Lenses, Biomedical Research, Medical Technology, Semiconductor Manufacturing Technology, Nano Technology, Industrial Metrology, Camera and Cine Lenses, Industry 4.0, Artificial Intelligence, Machine Learning, Software Engineering, and Software Development",http://www.zeiss.com/publisher,"● Led global logistics& distribution cost-optimization project, reduced volumetric factor by 40%, delivered ₹20 lakh in savings within 3 months. ● Optimized end-to-end distribution and logistics processes through improved planning, dispatch governance, and cross-functional stakeholder alignment, reducing customer delivery lead time from D+3 to D+1 and enhancing customer service levels in Indian Markets. ● Led cross-functional SCM transformation programs, ensuring planning, KPI governance, risk mitigation, and stakeholder alignment. ● Drove lane-level transportation optimization across global distribution networks, generating a ₹6.5 Cr annualized logistics savings pipeline. ● Drove packaging standardization, dispatch process optimization, freight invoice governance, and logistics performance improvements to enhance service levels and cost efficiency, 3D scanning enablement, and IT/interface alignment. ● Facilitated cross-functional reviews to track logistics performance, operational risks, savings initiatives, and execution milestones globally. ● Supported SAP S/4HANA deployment by improving shipment visibility, traceability, master data readiness, and system integration. ● Enabled data-driven supply chain decisions through Power BI dashboards, SAP S/4HANA reporting, and real-time logistics tracking solutions.",9/2025,false,,false,"As a Global Program Manager at ZEISS Group, my role involves optimizing global supply chain and logistics processes. Over the past 10 months, I have collaborated with teams to implement solutions that enhance operational efficiency, leveraging skills in managing large-scale projects, supply operations, and budgeting to align processes with organizational objectives. With over three years of combined experience in supply chain, logistics, and business analytics, I am passionate about driving strategic initiatives that foster collaboration and improve operational outcomes. By applying a structured and analytical approach to program management, I aim to deliver impactful results that support data-driven decision-making and advance organizational goals.",2682,2026-08-25 00:00:00.000 +0530,,,,,,,,,,,,,,,,,777,
Gokul Chandra Naik,Gokul Chandra,Naik,https://www.linkedin.com/in/gokul-chandra-naik-64ba3011,urn:li:member:41369243,gokul-chandra-naik-64ba3011,Chennai,Tamil Nadu,India,"Chennai, Tamil Nadu, India",Videocon Industries limited (Oil and Gas division),Vice president,10+yoe_indian,member_urn,,,,,,,,,,Acting as a nodal officer and technical committee member for the Brasilian assets. Evaluated many opportunities in Brasil Provide technical expertise/counseling to management in overseas acreage acquisition and preparation /submission of bid documents. Associated with EnCana Geoscientist (Calgary) for more than two years during the transfer of Brasilian properties to IBV Brasil (A SPV formed by Videocon Industries and Bharata Petroleum Resource Ltd.). Recommended acquisition of EnCana’s Working Interest in four concessions in Brasil,4/2007,false,https://media.licdn.com/dms/image/v2/C5603AQHDoXhORPSHyA/profile-displayphoto-shrink_100_100/profile-displayphoto-shrink_100_100/0/1517772109079?e=1788998400&v=beta&t=s9oauMxfOMkuZDAh07ghfMO5tl-XKw2ZhYUubm_Xd_E,false,"30 years of working experience in different facets of Hydrocarbon Exploration and Development in National Oil Company and private company. Rich experience as Exploration and Development Geology. o 8-years operation geology as a well-site geologist in deep exploratory and development wells o 21 -years integrated Basin/Regional Geological Analysis of subsurface data within the framework of Sequence Stratigraphy to bring out the Regional Geology, Tectonic and Tectono-stratigraphic evolution of Basin, understand the petroleum system components, generation and evaluation of prospect in Indian and foreign basins. Basin analyst and competent seismic, well-log and other geo-scientific data interpreter on LANDMARK and PETRAL. Well versed with well site techniques, sequence stratigarphy and regional geological analysis, overseas block evaluation of Australia, Nizeria, Brazil, Algeria, Oman, Saudi Arabia, Mozambique, Indonesia etc. Author of more than 25 publications on the problems relating to regional geology, tectono-stratigraphy, petroleum geochemistry, 2D/3D seismic interpretation, fault seal analysis, sequence stratigraphy Specialties: Geodynamics, Sequence Stratigraphy, Integrated Basin Analysis",1322,2026-08-25 00:00:00.000 +0530,,,,,,,,,,,,,,,,,2642,
Dr. Suresh Kannaujiya,Dr. Suresh,Kannaujiya,https://www.linkedin.com/in/dr-suresh-kannaujiya-b9b96a28,urn:li:member:97934375,dr-suresh-kannaujiya-b9b96a28,Dehradun,Uttarakhand,India,"Dehradun, Uttarakhand, India",Indian Institute of Remote Sensing ISRO,Scientist,10+yoe_indian,member_urn,,,,,,,,,,Earthquakes and crustal defomation,1/2013,false,https://media.licdn.com/dms/image/v2/D5603AQHvJgtNVhT1fg/profile-displayphoto-shrink_200_200/B56ZWVrRNyHsAc-/0/1741972904281?e=1788998400&v=beta&t=4Q5QGpPGa_dzcg6V5NMZZwxEvIHbPPCEd9_ymPv95eM,false,"I am currently working on Geodynamics, Groundwater, Natural hazards and Geophysical applications. Consequently, I am also an educator of our Organisation. I deliver lectures and conduct the practical classes in such a way that knowledge can exemplify and disseminate perfectly among the students. I have contributed to establishing an efficient geophysical lab; GNSS and seismic stations in the Himalayan terrain and am also working on earth observation for detecting the sites of natural hazards.",1340,2026-08-25 00:00:00.000 +0530,,,,,,,,,,,,,,,,,1981,
GURUDUTTA RAY IOFS,GURUDUTTA,RAY IOFS,https://www.linkedin.com/in/gurudutta-ray-iofs-0a595a182,urn:li:member:724968701,gurudutta-ray-iofs-0a595a182,Nagpur,Maharashtra,India,"Nagpur, Maharashtra, India",Dept of Ordnance ( Coordination and Services),ADGO( c&s),10+yoe_indian,member_urn,,,,,,,,,,,7/2024,false,https://media.licdn.com/dms/image/v2/C4D03AQHg7hxNAGcAwg/profile-displayphoto-shrink_100_100/profile-displayphoto-shrink_100_100/0/1633370407052?e=1788998400&v=beta&t=plDUthIDLlzUefSfxPlHkqpz7gogWtvoPE4kdsNuacE,false,"A senior public sector leader with over 35 years of experience in corporate governance, human resource strategy, industrial relations, defence manufacturing, and organisational transformation, I superannuated as Chairman & Managing Director and Director (HR), Yantra India Limited, a Defence Public Sector Undertaking under the Ministry of Defence, Government of India.Across my career in the Ordnance Factory ecosystem and national digital infrastructure initiatives such as UIDAI, I have led large and diverse organisations through strategic transformation, operational improvement, workforce modernisation, and governance strengthening. My work has involved aligning people strategy with national priorities including Atmanirbhar Bharat, indigenisation, and capability development of MSMEs.As part of the founding leadership team of Yantra India Limited, I contributed to building institutional frameworks, strengthening HR systems, improving productivity, and enhancing operational effectiveness that supported the organisation in achieving Miniratna PSU status in 2026.I bring extensive experience in: Board governance and strategic oversight HR transformation and leadership development Industrial relations and labour policy Defence manufacturing ecosystem and public procurement systems Ethics, vigilance, and compliance frameworks Organisation restructuring and performance improvement Programme implementation in complex government environmentsI am an empanelled Independent Director (IDDB) and have completed certification in Corporate Governance and Audit Committee practices from the Indian Institute of Corporate Affairs and National Financial Reporting Authority.I am keen to contribute as Independent Director, Board Advisor, Mentor, or Strategic Consultant, particularly to organisations navigating growth, transformation, governance strengthening, and alignment with national capability priorities.Areas of interest include institution building, public sector innovation, leadership development, and strengthening India’s indigenous industrial ecosystem.",1323,2026-08-25 00:00:00.000 +0530,,,,,,,,,,,,,,,,,1750,
Gagan Dixit,Gagan,Dixit,https://www.linkedin.com/in/gagan-dixit-588053112,urn:li:member:471895160,gagan-dixit-588053112,Ranchi,Jharkhand,India,"Ranchi, Jharkhand, India",Tata Steel,Area Manager Mech,10+yoe_indian,member_urn,"Tata Steel is one of the world’s most diversified integrated steel producers, with a capacity of 35 million tonnes per annum (MTPA) across India, the Netherlands, the UK, and Thailand. The World Economic Forum has recognised Tata Steel’s Jamshedpur, Kalinganagar and IJmuiden plants as Manufacturing Lighthouses. With over 76,000 employees worldwide, Tata Steel is a Great Place to Work®-certified organisation. In India, Tata Steel operates in Jamshedpur and Gamharia in Jharkhand, and in Kalinganagar (including Neelachal Ispat Nigam Limited) and Meramandali in Odisha, with an overall capacity of 26.6 MTPA. The Company has captive mining operations in India, including collieries in Jharia and West Bokaro, as well as iron ore mines in Noamundi, Katamati, Joda East, Khondbond, Vijaya II, and Koida. It also operates iron ore assets in Labrador and Northern Quebec, Canada. Tata Steel aims to achieve Net Zero emissions by 2045. The upcoming 0.75 MTPA electric arc furnace-based steelmaking facility in Ludhiana is the Company’s first low-emission plant in India. In the UK, Tata Steel is transitioning to a 3.2 MTPA EAF-based steelmaking route, following the decommissioning of its heavy-end assets in 2024. In 2025, the Government of the Netherlands and Tata Steel signed a non-binding Joint Letter of Intent for the first phase of the transition to low-emission steel production at IJmuiden. Focused on sustainability, innovation, agility, and fostering deep relationships with customers and communities, Tata Steel aspires to become the most respected and valuable metals and mining company globally.",58348,,Mining,166262,https://fr.linkedin.com/company/tatasteelltd,"Mumbai, Maharashtra, India","steelmaking, engineering, mining, steel products, steel solutions, steel research et engineering",https://www.tatasteel.com,,11/2020,false,https://media.licdn.com/dms/image/v2/C5603AQHTkIN5RCZ7Jw/profile-displayphoto-shrink_100_100/profile-displayphoto-shrink_100_100/0/1517514607694?e=1788998400&v=beta&t=4rDW8bDky4A6ThTwAUR8vleBeIjmkQx-81DtTSJZNV4,false,Result oriented professional having experience in supply chain management.,1324,2026-08-25 00:00:00.000 +0530,,,,,,,,,,,,,,,,,29,
Anant Jain,Anant,Jain,https://www.linkedin.com/in/anant-jain-12079288,urn:li:member:312474408,anant-jain-12079288,Meerut,Uttar Pradesh,India,"Meerut, Uttar Pradesh, India",Shyam Constructions,Chief Executive Officer,6-10yoe_global_indian,member_urn,"Welcome to SHYAM! We are a dynamic construction firm dedicated to delivering exceptional quality and innovative solutions in the industry. With offices strategically located in MP & UP, our reach extends across regions, allowing us to cater to diverse construction needs efficiently. Committed to excellence, our team combines expertise, cutting-edge technology, and a client-centric approach to ensure every project exceeds expectations. Join us in building a brighter, stronger future together",36,,Construction,82099672,http://www.linkedin.com/company/shyamconstructions,"Jabalpur, Madhya Pradesh, India",,shyams.org,,10/2019,false,https://media.licdn.com/dms/image/v2/D4D03AQES5ENUVbHPdA/profile-displayphoto-shrink_100_100/B4DZPzPrToHUAU-/0/1734952793806?e=1788998400&v=beta&t=nMV3o3OBF-Lrc7CmxffSk8smw2fvwNMMn_xR0LBfCnI,false,,2704,2026-08-25 00:00:00.000 +0530,,,,,,,,,,,,,,,,,1358,
Preeti Behera,Preeti,Behera,https://www.linkedin.com/in/preeti-behera-12a29224,urn:li:member:84295474,preeti-behera-12a29224,Kolkata,West Bengal,India,"Kolkata, West Bengal, India",Tata Steel,Manager,10+yoe_indian,member_urn,"Tata Steel is one of the world’s most diversified integrated steel producers, with a capacity of 35 million tonnes per annum (MTPA) across India, the Netherlands, the UK, and Thailand. The World Economic Forum has recognised Tata Steel’s Jamshedpur, Kalinganagar and IJmuiden plants as Manufacturing Lighthouses. With over 76,000 employees worldwide, Tata Steel is a Great Place to Work®-certified organisation. In India, Tata Steel operates in Jamshedpur and Gamharia in Jharkhand, and in Kalinganagar (including Neelachal Ispat Nigam Limited) and Meramandali in Odisha, with an overall capacity of 26.6 MTPA. The Company has captive mining operations in India, including collieries in Jharia and West Bokaro, as well as iron ore mines in Noamundi, Katamati, Joda East, Khondbond, Vijaya II, and Koida. It also operates iron ore assets in Labrador and Northern Quebec, Canada. Tata Steel aims to achieve Net Zero emissions by 2045. The upcoming 0.75 MTPA electric arc furnace-based steelmaking facility in Ludhiana is the Company’s first low-emission plant in India. In the UK, Tata Steel is transitioning to a 3.2 MTPA EAF-based steelmaking route, following the decommissioning of its heavy-end assets in 2024. In 2025, the Government of the Netherlands and Tata Steel signed a non-binding Joint Letter of Intent for the first phase of the transition to low-emission steel production at IJmuiden. Focused on sustainability, innovation, agility, and fostering deep relationships with customers and communities, Tata Steel aspires to become the most respected and valuable metals and mining company globally.",58348,,Mining,166262,https://fr.linkedin.com/company/tatasteelltd,"Mumbai, Maharashtra, India","steelmaking, engineering, mining, steel products, steel solutions, steel research et engineering",https://www.tatasteel.com,,4/2017,false,https://media.licdn.com/dms/image/v2/C4D03AQFWlntCSGAEfg/profile-displayphoto-shrink_100_100/profile-displayphoto-shrink_100_100/0/1654947636128?e=1788998400&v=beta&t=oShBBEfD43H0qd5lh3vC16YkyCWEnH5aJoKeiJq3VOc,false,Strategy and performance manager for Tata Steel's Investment and New Ventures department.,1327,2026-08-25 00:00:00.000 +0530,,,,,,,,,,,,,,,,,29,
Ranjan Sinha,Ranjan,Sinha,https://www.linkedin.com/in/ranjan-sinha-b435b665,urn:li:member:231405027,ranjan-sinha-b435b665,Kolkata,West Bengal,India,"Kolkata, West Bengal, India",Tata Steel,Chief Procurement Officer,10+yoe_indian,member_urn,"Tata Steel is one of the world’s most diversified integrated steel producers, with a capacity of 35 million tonnes per annum (MTPA) across India, the Netherlands, the UK, and Thailand. The World Economic Forum has recognised Tata Steel’s Jamshedpur, Kalinganagar and IJmuiden plants as Manufacturing Lighthouses. With over 76,000 employees worldwide, Tata Steel is a Great Place to Work®-certified organisation. In India, Tata Steel operates in Jamshedpur and Gamharia in Jharkhand, and in Kalinganagar (including Neelachal Ispat Nigam Limited) and Meramandali in Odisha, with an overall capacity of 26.6 MTPA. The Company has captive mining operations in India, including collieries in Jharia and West Bokaro, as well as iron ore mines in Noamundi, Katamati, Joda East, Khondbond, Vijaya II, and Koida. It also operates iron ore assets in Labrador and Northern Quebec, Canada. Tata Steel aims to achieve Net Zero emissions by 2045. The upcoming 0.75 MTPA electric arc furnace-based steelmaking facility in Ludhiana is the Company’s first low-emission plant in India. In the UK, Tata Steel is transitioning to a 3.2 MTPA EAF-based steelmaking route, following the decommissioning of its heavy-end assets in 2024. In 2025, the Government of the Netherlands and Tata Steel signed a non-binding Joint Letter of Intent for the first phase of the transition to low-emission steel production at IJmuiden. Focused on sustainability, innovation, agility, and fostering deep relationships with customers and communities, Tata Steel aspires to become the most respected and valuable metals and mining company globally.",58348,,Mining,166262,https://fr.linkedin.com/company/tatasteelltd,"Mumbai, Maharashtra, India","steelmaking, engineering, mining, steel products, steel solutions, steel research et engineering",https://www.tatasteel.com,Providing strategic leadership to procurement team at Tata Steel group.,8/2023,false,https://media.licdn.com/dms/image/v2/D5603AQF6p_0dzNaB3w/profile-displayphoto-scale_200_200/B56ZlCnwPWIAAY-/0/1757759342519?e=1788998400&v=beta&t=9U-txBE2_-FRQaR5fqBvywKm3c0GQ4Y-TJ5EndizYkU,false,Global leader in Procurement & Supply Chain function with~ 36 years experience in managing business across diverse geographies. Expertise in driving synergies across diversified group to deliver value. Certified Coach and team leader known for collaborative working with various stakeholders. Result driven with consistent track record and a respected thought leader.,1329,2026-08-25 00:00:00.000 +0530,,,,,,,,,,,,,,,,,29,
Sagar Jain,Sagar,Jain,https://www.linkedin.com/in/jain-sagar,urn:li:member:36493639,jain-sagar,Kolkata,West Bengal,India,"Kolkata, West Bengal, India",Tata Steel,"Head , Raw Material Strategy (Coal and Non Ferrous)",10+yoe_indian,member_urn,"Tata Steel is one of the world’s most diversified integrated steel producers, with a capacity of 35 million tonnes per annum (MTPA) across India, the Netherlands, the UK, and Thailand. The World Economic Forum has recognised Tata Steel’s Jamshedpur, Kalinganagar and IJmuiden plants as Manufacturing Lighthouses. With over 76,000 employees worldwide, Tata Steel is a Great Place to Work®-certified organisation. In India, Tata Steel operates in Jamshedpur and Gamharia in Jharkhand, and in Kalinganagar (including Neelachal Ispat Nigam Limited) and Meramandali in Odisha, with an overall capacity of 26.6 MTPA. The Company has captive mining operations in India, including collieries in Jharia and West Bokaro, as well as iron ore mines in Noamundi, Katamati, Joda East, Khondbond, Vijaya II, and Koida. It also operates iron ore assets in Labrador and Northern Quebec, Canada. Tata Steel aims to achieve Net Zero emissions by 2045. The upcoming 0.75 MTPA electric arc furnace-based steelmaking facility in Ludhiana is the Company’s first low-emission plant in India. In the UK, Tata Steel is transitioning to a 3.2 MTPA EAF-based steelmaking route, following the decommissioning of its heavy-end assets in 2024. In 2025, the Government of the Netherlands and Tata Steel signed a non-binding Joint Letter of Intent for the first phase of the transition to low-emission steel production at IJmuiden. Focused on sustainability, innovation, agility, and fostering deep relationships with customers and communities, Tata Steel aspires to become the most respected and valuable metals and mining company globally.",58348,,Mining,166262,https://fr.linkedin.com/company/tatasteelltd,"Mumbai, Maharashtra, India","steelmaking, engineering, mining, steel products, steel solutions, steel research et engineering",https://www.tatasteel.com,,11/2024,false,https://media.licdn.com/dms/image/v2/D5603AQHnI9ov2ymeAQ/profile-displayphoto-scale_200_200/B56Z68IiTAIgAc-/0/1781272815387?e=1788998400&v=beta&t=hwUT2kfbFVc1hEFYIT54175fMxhlj-BYLTJ-PuNN-NM,false,"Highly results-oriented IIT & IIM graduate with 14+ years of experience in the metals and mining industry. Proven track record in strategy consulting, operations, process improvement, business excellence, and digital transformation. Skilled in project management, financial modeling, and building strategic partnerships.",1331,2026-08-25 00:00:00.000 +0530,,,,,,,,,,,,,,,,,29,
Manish Kumar,Manish,Kumar,https://www.linkedin.com/in/manish-kumar-4596b223,urn:li:member:82346757,manish-kumar-4596b223,Dhanbad,Jharkhand,India,"Dhanbad, Jharkhand, India",Tata Steel,Shikhar Champion,10+yoe_indian,member_urn,"Tata Steel is one of the world’s most diversified integrated steel producers, with a capacity of 35 million tonnes per annum (MTPA) across India, the Netherlands, the UK, and Thailand. The World Economic Forum has recognised Tata Steel’s Jamshedpur, Kalinganagar and IJmuiden plants as Manufacturing Lighthouses. With over 76,000 employees worldwide, Tata Steel is a Great Place to Work®-certified organisation. In India, Tata Steel operates in Jamshedpur and Gamharia in Jharkhand, and in Kalinganagar (including Neelachal Ispat Nigam Limited) and Meramandali in Odisha, with an overall capacity of 26.6 MTPA. The Company has captive mining operations in India, including collieries in Jharia and West Bokaro, as well as iron ore mines in Noamundi, Katamati, Joda East, Khondbond, Vijaya II, and Koida. It also operates iron ore assets in Labrador and Northern Quebec, Canada. Tata Steel aims to achieve Net Zero emissions by 2045. The upcoming 0.75 MTPA electric arc furnace-based steelmaking facility in Ludhiana is the Company’s first low-emission plant in India. In the UK, Tata Steel is transitioning to a 3.2 MTPA EAF-based steelmaking route, following the decommissioning of its heavy-end assets in 2024. In 2025, the Government of the Netherlands and Tata Steel signed a non-binding Joint Letter of Intent for the first phase of the transition to low-emission steel production at IJmuiden. Focused on sustainability, innovation, agility, and fostering deep relationships with customers and communities, Tata Steel aspires to become the most respected and valuable metals and mining company globally.",58348,,Mining,166262,https://fr.linkedin.com/company/tatasteelltd,"Mumbai, Maharashtra, India","steelmaking, engineering, mining, steel products, steel solutions, steel research et engineering",https://www.tatasteel.com,"Leading Business Improvement Activities and Innovation at Coal division of Tata Steel-Managing Program- Business performance Enhancement -EBITDA Improvement ~ 150 Cr Manage improvement activity through the IMPACT Centres to realize financial savings targets defined from business planning process Cascade financial targets to lower levels and Identify initiatives needed to deliver financial targets Set targets for operational metrics (e.g., safety, quality, cost, productivity, throughput, OEE) required to deliver financial Impact Secure necessary resources (people, space, funds) to drive and sustain implementation Manage the savings pipeline and ensure enough initiatives exist to deliver the business plan Secure ownership from initiative leaders to drive implementation of their action plans Facilitate the weekly IMPACT Center reviews, Set expectations, lead by example, coach teams Drive IMPACT Centre problem-solving and countermeasures to resolve issues & remove barriers",4/2024,false,https://media.licdn.com/dms/image/v2/D5603AQHpz88mpyJ3Yg/profile-displayphoto-shrink_100_100/profile-displayphoto-shrink_100_100/0/1729101869068?e=1788998400&v=beta&t=8i2FvuDRP1tFG7aHDRkJDOUd47pNIOOEfFYj1cdf4Ew,false,"Industrial professional proficient in Coal Beneficiation and supply chain, Strategic resource planning, Business operation strategy, Stakeholder management, Long term growth planning, Budgeting & forecasting, and Business risk management. Experienced in leading large high performing cross-functional teams & achieving operational excellence and cost-effectivenessTop Skills: Coal Beneficiation Change Management. Strategic Raw Material Sourcing Total Quality Management Six Sigma (Black Belt) Stakeholder management Operations ManagementFacilitating strategic Raw material Sourcing for the company, 2.0 MTPA coal from domestic sources. Creation of VIU for bottom line impact. Scouting, liaison , negotiation and supply chain management of the coal resources.Expert in Operation and Maintenance of Coal Beneficiation Plant . Headed largest and most efficient coking coal washery of India at Tata Steel of 4.5 MTPA Processing capacity. Responsible for receiving, processing and dispatch of coal from captive mines to Steel works. Worked in operation and maintenance of Coal Beneficiation Plant in different roles and capacity and different locations of TSL. Have experience in Operation of Dense Media separation, froth flotation Crushing and screening, reflux classifier, dewatering . Have experience of comissioning new tailing Dewatering plant and retrofitting of drive in Thickener. Being IMS coordinator have experience of adressing and complying EMS,QMS and OHSAS Norms. Have independently been responsible for the maintenance of the world class plant of TATA Steel in equipments like Rotary Breaker, Secondary crusher, Screens, Screen Bowl Centrifuges. Basket centrifuges, Cyclones, Electrical Installations, Substations, Dozers and LOCO,Radial blender one of its kind in India, Loading section, Conveyors and plough feeders..A certified Black Belt in TQM. Certified Problem Solving & TASK Achieving expert.Certified Lead auditor of EHS and OHSAS by NABETCertified RSO by AERB.",1330,2026-08-25 00:00:00.000 +0530,,,,,,,,,,,,,,,,,29,
Abhishek Upadhyay,Abhishek,Upadhyay,https://www.linkedin.com/in/abhishek-upadhyay-60a993b3,urn:li:member:405540010,abhishek-upadhyay-60a993b3,Bengaluru,Karnataka,India,"Bengaluru, Karnataka, India",Tata Steel,Sr. Manager,10+yoe_indian,member_urn,"Tata Steel is one of the world’s most diversified integrated steel producers, with a capacity of 35 million tonnes per annum (MTPA) across India, the Netherlands, the UK, and Thailand. The World Economic Forum has recognised Tata Steel’s Jamshedpur, Kalinganagar and IJmuiden plants as Manufacturing Lighthouses. With over 76,000 employees worldwide, Tata Steel is a Great Place to Work®-certified organisation. In India, Tata Steel operates in Jamshedpur and Gamharia in Jharkhand, and in Kalinganagar (including Neelachal Ispat Nigam Limited) and Meramandali in Odisha, with an overall capacity of 26.6 MTPA. The Company has captive mining operations in India, including collieries in Jharia and West Bokaro, as well as iron ore mines in Noamundi, Katamati, Joda East, Khondbond, Vijaya II, and Koida. It also operates iron ore assets in Labrador and Northern Quebec, Canada. Tata Steel aims to achieve Net Zero emissions by 2045. The upcoming 0.75 MTPA electric arc furnace-based steelmaking facility in Ludhiana is the Company’s first low-emission plant in India. In the UK, Tata Steel is transitioning to a 3.2 MTPA EAF-based steelmaking route, following the decommissioning of its heavy-end assets in 2024. In 2025, the Government of the Netherlands and Tata Steel signed a non-binding Joint Letter of Intent for the first phase of the transition to low-emission steel production at IJmuiden. Focused on sustainability, innovation, agility, and fostering deep relationships with customers and communities, Tata Steel aspires to become the most respected and valuable metals and mining company globally.",58348,,Mining,166262,https://fr.linkedin.com/company/tatasteelltd,"Mumbai, Maharashtra, India","steelmaking, engineering, mining, steel products, steel solutions, steel research et engineering",https://www.tatasteel.com,"Program/Project Management Driving digital initiatives at erstwhile TSBSL as part of its Business Transformation program. Work involves the end-to-end implementation of projects that will create a significant impact on the bottom line. The whole steel manufacturing value chain is mapped for value creation through undergoing foundational and transformational initiatives. These ideas establish systems with capabilities ranging from visualization and optimization to advanced analytics - - Process optimization and supervisory control in the steel value chain - Digital transformation to Predictive Maintenance regime through 4 IR tech - Raw material control tower (source to consumption visibility, insights, and analytics) - Power cost - load prediction, central load distribution, energy management for local optima",4/2020,false,https://media.licdn.com/dms/image/v2/C4E03AQFKbc2DJqG2bQ/profile-displayphoto-shrink_100_100/profile-displayphoto-shrink_100_100/0/1560371350935?e=1788998400&v=beta&t=VOQSWPL1L7JFUk6IpfMYQyOXRK_8WIJx_t6VYpO5slM,false,"Digital enthusiast with a demonstrated history of working in the mining & metals industry. Skilled in Operations Management, Continuous Improvement, Engineering, Manufacturing, and digital Transformation. Strong professional graduating from Indian Institute of Management Bangalore.",1334,2026-08-25 00:00:00.000 +0530,,,,,,,,,,,,,,,,,29,
Ashwini K.,Ashwini,K.,https://www.linkedin.com/in/ashwinikumar291,urn:li:member:198870287,ashwinikumar291,Ranchi,Jharkhand,India,"Ranchi, Jharkhand, India",Tata Steel,Head of Operations & Maintenance,10+yoe_indian,member_urn,"Tata Steel is one of the world’s most diversified integrated steel producers, with a capacity of 35 million tonnes per annum (MTPA) across India, the Netherlands, the UK, and Thailand. The World Economic Forum has recognised Tata Steel’s Jamshedpur, Kalinganagar and IJmuiden plants as Manufacturing Lighthouses. With over 76,000 employees worldwide, Tata Steel is a Great Place to Work®-certified organisation. In India, Tata Steel operates in Jamshedpur and Gamharia in Jharkhand, and in Kalinganagar (including Neelachal Ispat Nigam Limited) and Meramandali in Odisha, with an overall capacity of 26.6 MTPA. The Company has captive mining operations in India, including collieries in Jharia and West Bokaro, as well as iron ore mines in Noamundi, Katamati, Joda East, Khondbond, Vijaya II, and Koida. It also operates iron ore assets in Labrador and Northern Quebec, Canada. Tata Steel aims to achieve Net Zero emissions by 2045. The upcoming 0.75 MTPA electric arc furnace-based steelmaking facility in Ludhiana is the Company’s first low-emission plant in India. In the UK, Tata Steel is transitioning to a 3.2 MTPA EAF-based steelmaking route, following the decommissioning of its heavy-end assets in 2024. In 2025, the Government of the Netherlands and Tata Steel signed a non-binding Joint Letter of Intent for the first phase of the transition to low-emission steel production at IJmuiden. Focused on sustainability, innovation, agility, and fostering deep relationships with customers and communities, Tata Steel aspires to become the most respected and valuable metals and mining company globally.",58348,,Mining,166262,https://fr.linkedin.com/company/tatasteelltd,"Mumbai, Maharashtra, India","steelmaking, engineering, mining, steel products, steel solutions, steel research et engineering",https://www.tatasteel.com,Head of Washery Operations and Maintenance,5/2026,false,https://media.licdn.com/dms/image/v2/C5103AQFUsY2CTI2yrw/profile-displayphoto-shrink_100_100/profile-displayphoto-shrink_100_100/0/1582708185415?e=1788998400&v=beta&t=papnj8GxVbw-kYnz3_ZUvyhAye6G9HgPuPhX8uoQC1U,false,"With twelve years of progressive experience in coal preparation and quality management, I am currently Heading Operations and Maintenance of Coal Washery at Tata Steel, India’s leading steel producer. I have lead the commissioning and operations of the state-of-the-art 2 MTPA Jamadoba Washery, setting new benchmarks in advanced coal preparation technology and environmental sustainability.Throughout my career at Tata Steel’s underground coal division, I have championed numerous improvement initiatives using Policy Management, Daily Management, ASPIRE, DMAIC, and KVHS frameworks. I have also facilitated the TBEM assessment process for the division, driving us toward world-class performance standards and operational excellence.I have presented my work on coal washing and recycling at an international congress in Serbia, contributing to global industry dialogue. An alumnus of IIT (ISM) Dhanbad with a gold medal for best student in Mineral Engineering, I am deeply committed to innovation, efficiency, and quality in the coal industry — supporting Tata Steel’s mission to deliver sustainable value to all stakeholders.I am passionate about collaborating with diverse teams, solving complex operational challenges, and leveraging technology to shape a safer, cleaner, and more productive future for the mining and steel sector.",1333,2026-08-25 00:00:00.000 +0530,,,,,,,,,,,,,,,,,29,
Ashok Varma,Ashok,Varma,https://www.linkedin.com/in/ashok-varma-52a8877,urn:li:member:23071282,ashok-varma-52a8877,Mumbai,Maharashtra,India,"Mumbai, Maharashtra, India",Essar Exploration and Production Limited,Senior Vice President,10+yoe_indian,member_urn,,,,,,,,,,Accountable for Development of Field as Head of E&P Assets,8/2007,false,https://media.licdn.com/dms/image/v2/C5603AQG9vvzqErBWaQ/profile-displayphoto-shrink_100_100/profile-displayphoto-shrink_100_100/0/1516333540110?e=1788998400&v=beta&t=HWRaUIoa43essKdPEVBq9pnpanpYPTpgRQHhHYpGEbQ,false,"I have Plus 33 years of Oil & Gas Industry experience covering Operations, Field Development - Offshore/Onshore and CBM; Project Management; Contracts & Procurement; Asset Management; Relationship Management. I had generated ZERO GAS Flaring system in ONGC by demonstrating Zero Gas Flaring at ONGC Offshore Process Complex Heera in the India's Western Offshore Field. I combined all the Safety, Quality, Health and Environment process as QHSE at Neelam & Heera first time and the same was adopted in the entire organisation ONGC subsequently. I have handled High Pressure well testing at Tripura with 15000 psi set up. Have done wireline DST - An innovative approach to test highly dammaged well and the result was discovery of a field Agartalla Dome. Have control Hydrates. Wax Deposition and GOR with downhole choke. Made commingle completions with control on every layers and increased productivity 14 times with resrvoir energy saving 70 times. In consortium of CNPC, OVL, Petronas I was the chairman of Jpoint Operating Committee and developed effective means to monitor operating company GNPOC. Created sense of environment protection and use of waste energy. Have control many Blowout in the crack team and had rebuilt the wellhead. Specialties Value creation; Business Management; Organizational Management, Business Development; Relationship Management, Commercial expertise; Government and International Liasion and networking. Well completion and Energy Management Ethic Every thing is Possible and I CAN DO IT Specialties: Asset Management Well Completion E&P Field Operation - Planning and Execution Mentoring",1335,2026-08-25 00:00:00.000 +0530,,,,,,,,,,,,,,,,,1807,
Dr. Vidhika Tiwari,Dr. Vidhika,Tiwari,https://www.linkedin.com/in/dr-vidhika-tiwari-630824102,urn:li:member:437993604,dr-vidhika-tiwari-630824102,Gurugram,Haryana,India,"Gurugram, Haryana, India",DPG school of Technology and Management,Head of Department,10+yoe_indian,member_urn,,,,,,,,,,,3/2025,false,https://media.licdn.com/dms/image/v2/D5603AQE7zb4a1SG7uA/profile-displayphoto-scale_100_100/B56ZlOuCPCJsAc-/0/1757962316165?e=1788998400&v=beta&t=tnNIx4PG9XCV9xBfZ9bhEVc7JNRk-lwFTbTRiakwgx8,false,Diligent and disciplines profession oriented towards professional education in the field of Engineering & Research & Development,1336,2026-08-25 00:00:00.000 +0530,,,,,,,,,,,,,,,,,1772,
Dr. Anil Kumar,Dr. Anil,Kumar,https://www.linkedin.com/in/dr-anil-kumar-047174247,urn:li:member:1024593463,dr-anil-kumar-047174247,Sahibganj,Jharkhand,India,"Sahibganj, Jharkhand, India",Sahibganj College Sahibganj,Head of Department,10+yoe_indian,member_urn,,,,,,,,,,,3/2008,false,https://media.licdn.com/dms/image/v2/D5603AQHCds7Fx9EDsw/profile-displayphoto-shrink_100_100/profile-displayphoto-shrink_100_100/0/1711522851583?e=1788998400&v=beta&t=-t8ZPiYzhqmkIvsHPzYSSV0a7iOQMGVZJD1eymwx1Xs,false,"Dr. Anil Kumar is a highly accomplished professional in the field of Chemistry with 16 years of experience in Teaching and Research. Currently serving as the Head of the Department (HOD) and Assistant Professor in the P.G. Department of Chemistry, he has held various administrative roles during his service period. These include positions such as Prof.-In-Charge of College, Centre Superintendent, ACS, Routine in charge, Expenditure Bursar, A.I.S.H.E., Inflibnet Co-Ordinator, RUSA Co-Ordinator, TEP Co-Ordinator, Course Counsellor of IGNOU (3605), and involvement in committees like NAAC, Disciplinary, Purchase, and Development. Dr. Kumar has an impressive academic and research record, with more than 80 publications in different International /National Journals, Conferences, Workshops, Webinar and Seminars. He actively engages in Research and Development, guiding several Ph.D. scholars and overseeing approximately 80 MSc project/Dissertation works. His expertise extends to the handling of sophisticated instruments such as SEM, EDX, AAS, FTIR, NMR, Raman, Mass, and more, covering areas like Gas Hydrate, Fly ash, Corrosion science, Molecular Docking, Simulation, Phyto-Chemistry, Pharmocogonsy, Pharmacology, Mathematical Modelling, Robotics, Water & Soil Analysis, Environmental Science, Agriculture and Applied Chemistry. Notably, Dr. Kumar has formulated a new concept/theory, Anil’s Conceptual Model of Inhibition [ACMI], focusing on the microbial study of complexes. In addition to his academic and research roles, Dr. Kumar is dedicated to serving the Chemistry community. He reaches a wide audience, including UG/PG/NET/GATE/Ph.D. Scholars and Research Scholars in Tribal areas, through his YouTube Channel: HOTSPOT CHEMISTRY BY DR ANIL KUMAR, providing more than 112 innovative and useful educational lectures. Dr. Kumar's achievements also include nearly 6 National/International Awards, membership in approximately 25 editorial boards, acting as a reviewer, authoring nearly 7 books in chemistry of different topics, book chapters and obtaining a patent. He holds a Ph.D. Degree from the Indian School of Mines, Dhanbad (Currently IIT-ISM, Dhanbad). Dr. Kumar has contributed to academia on a national level by conducting the All India Chemistry Test (AICT) in the P.G. Department of Chemistry, Sahibganj College, Sahibganj. He is a fellow of various National Societies, including ICS, ISC, and IAC, and has conducted exam lectures in different universities. His academic missions have taken him to various parts of India, further enriching his professional experience.",1337,2026-08-25 00:00:00.000 +0530,,,,,,,,,,,,,,,,,2392,
Ankan Mitra,Ankan,Mitra,https://www.linkedin.com/in/ankan-mitra-75b725181,urn:li:member:721415159,ankan-mitra-75b725181,Mumbai,Maharashtra,India,"Mumbai, Maharashtra, India",Tata Steel,Chief Resident Executive-Mumbai,10+yoe_indian,member_urn,"Tata Steel is one of the world’s most diversified integrated steel producers, with a capacity of 35 million tonnes per annum (MTPA) across India, the Netherlands, the UK, and Thailand. The World Economic Forum has recognised Tata Steel’s Jamshedpur, Kalinganagar and IJmuiden plants as Manufacturing Lighthouses. With over 76,000 employees worldwide, Tata Steel is a Great Place to Work®-certified organisation. In India, Tata Steel operates in Jamshedpur and Gamharia in Jharkhand, and in Kalinganagar (including Neelachal Ispat Nigam Limited) and Meramandali in Odisha, with an overall capacity of 26.6 MTPA. The Company has captive mining operations in India, including collieries in Jharia and West Bokaro, as well as iron ore mines in Noamundi, Katamati, Joda East, Khondbond, Vijaya II, and Koida. It also operates iron ore assets in Labrador and Northern Quebec, Canada. Tata Steel aims to achieve Net Zero emissions by 2045. The upcoming 0.75 MTPA electric arc furnace-based steelmaking facility in Ludhiana is the Company’s first low-emission plant in India. In the UK, Tata Steel is transitioning to a 3.2 MTPA EAF-based steelmaking route, following the decommissioning of its heavy-end assets in 2024. In 2025, the Government of the Netherlands and Tata Steel signed a non-binding Joint Letter of Intent for the first phase of the transition to low-emission steel production at IJmuiden. Focused on sustainability, innovation, agility, and fostering deep relationships with customers and communities, Tata Steel aspires to become the most respected and valuable metals and mining company globally.",58348,,Mining,166262,https://fr.linkedin.com/company/tatasteelltd,"Mumbai, Maharashtra, India","steelmaking, engineering, mining, steel products, steel solutions, steel research et engineering",https://www.tatasteel.com,,7/2023,false,https://media.licdn.com/dms/image/v2/C4E03AQEbIWggBPMHxw/profile-displayphoto-shrink_100_100/profile-displayphoto-shrink_100_100/0/1624273808733?e=1788998400&v=beta&t=zUfA-fcEyNh9zPNM3mlFzQRYA-0ANz8_Aj30pskDygU,false,"Corporate Regulatory Affairs/ Public Policy Professional with Engineering & MBA background. With over 24 years of experience in Policy Advocacy, Policy Research, Corporate Strategy, Operations, Production Planning, Greenfield Projects and Mergers & Acquisition.",1343,2026-08-25 00:00:00.000 +0530,,,,,,,,,,,,,,,,,29,
Prof (Dr) Rabindra Kumar Sinha,Prof (Dr) Rabindra Kumar,Sinha,https://www.linkedin.com/in/prof-dr-rabindra-kumar-sinha-56b30a1a,urn:li:member:66456227,prof-dr-rabindra-kumar-sinha-56b30a1a,Dhanbad,Jharkhand,India,"Dhanbad, Jharkhand, India",Indian School Of Mines,Faculty in Department of Mining Engineering,10+yoe_indian,member_urn,,,,,,,,,,,9/2014,false,https://media.licdn.com/dms/image/v2/C4E03AQGeA_OklloLaQ/profile-displayphoto-shrink_100_100/profile-displayphoto-shrink_100_100/0/1628150378110?e=1788998400&v=beta&t=pxi75jw4P21ogcGDuhV-O5l2VD7vDRUHY-fJQ1LGiyw,false,"A PROFESSIONAL WITH DEMONSTRATED SKILLS IN THE FOLLOWING AREA: 1. Subsurface In Situ Stress 2. In Situ Deformability of Rock Mass 3. In Situ Shear Parameters of Rock Mass 4. In Situ Permeability of Rock Mass 5. Rock Engineering 6. Numerical Modelling - using FLAC3D, 3DEC, Rocscience S/W, Ansys etc. 7. Site Characterisation 8. Mine Planning - using SURPAC 9. Geotechnical Engineering 10. Project Management 11. Data Analysis 12. Cost Reduction Initiatives 13. Report Writing 14. Quality Assurance 15. Value Engineering 16. System Enhancement 17. Trouble shooting 18. Health and Safety Management 19. Business Process Re-engineering 20. Audits 21. Operations and Maintenance 22. Pedagogy * Research experience since 2003 till date. Working extensively in field investigations and solving rock mechanics problems for Hydroelectric Sector, Major Civil Engineering Projects, Nuclear Power Projects, Underground Crude Storage Schemes, Underground Coal and Metal Mines etc. * Field experience in opencast mines for over 5-Years. Holding FIRST CLASS MINE MANAGER'S CERTIFICATE OF COMPETENCY under Metalliferrous Mines Regulation -1961. * Expertise in designing pillar extraction methods for underground coal mines. * Expertise in surface mine planning using SURPAC. * A keen strategist and planner with skills in conceptualising and affecting process initiatives to enhance plant efficiency and productivity. * Expertise in implementing cost saving measures through Value Engineering to achieve substantial reduction in terms of mandays, production cost, raw materials and energy consumption. * Skilled at handling multiple tasks/projects simultaneously in challenging environments with excellent relationship management skills, ability to relate to people at any level of business/management.",1339,2026-08-25 00:00:00.000 +0530,,,,,,,,,,,,,,,,,1998,
Hemang Trivedi,Hemang,Trivedi,https://www.linkedin.com/in/hemang-trivedi-b66b0b17,urn:li:member:59491518,hemang-trivedi-b66b0b17,Jharkhand,,India,"Jharkhand, India",Tata Steel,"Head (Maintenance), Open Cast Coal Mine",10+yoe_indian,member_urn,"Tata Steel is one of the world’s most diversified integrated steel producers, with a capacity of 35 million tonnes per annum (MTPA) across India, the Netherlands, the UK, and Thailand. The World Economic Forum has recognised Tata Steel’s Jamshedpur, Kalinganagar and IJmuiden plants as Manufacturing Lighthouses. With over 76,000 employees worldwide, Tata Steel is a Great Place to Work®-certified organisation. In India, Tata Steel operates in Jamshedpur and Gamharia in Jharkhand, and in Kalinganagar (including Neelachal Ispat Nigam Limited) and Meramandali in Odisha, with an overall capacity of 26.6 MTPA. The Company has captive mining operations in India, including collieries in Jharia and West Bokaro, as well as iron ore mines in Noamundi, Katamati, Joda East, Khondbond, Vijaya II, and Koida. It also operates iron ore assets in Labrador and Northern Quebec, Canada. Tata Steel aims to achieve Net Zero emissions by 2045. The upcoming 0.75 MTPA electric arc furnace-based steelmaking facility in Ludhiana is the Company’s first low-emission plant in India. In the UK, Tata Steel is transitioning to a 3.2 MTPA EAF-based steelmaking route, following the decommissioning of its heavy-end assets in 2024. In 2025, the Government of the Netherlands and Tata Steel signed a non-binding Joint Letter of Intent for the first phase of the transition to low-emission steel production at IJmuiden. Focused on sustainability, innovation, agility, and fostering deep relationships with customers and communities, Tata Steel aspires to become the most respected and valuable metals and mining company globally.",58348,,Mining,166262,https://fr.linkedin.com/company/tatasteelltd,"Mumbai, Maharashtra, India","steelmaking, engineering, mining, steel products, steel solutions, steel research et engineering",https://www.tatasteel.com,"Experienced HEMM Maintenance professional leading the Maintenance Department at Quarry-SE Mines, West Bokaro Division, with a proven track record in supporting large-scale mining operations. Currently accountable for sustaining production of 3.5 MTPA raw coal and 16 MCum overburden, ensuring high equipment availability and operational continuity. I oversee maintenance and reliability of a diverse HEMM fleet, including excavators, dump trucks, drills, loaders, and high-capacity dozers, along with mine power distribution, illumination, and dewatering systems. My role also includes HEMM fleet capacity planning and procurement, aligning asset capabilities with production targets and optimizing lifecycle performance. I lead Full Maintenance Contracts (FMC) with OEMs, driving cost efficiency, reliability improvements, and performance accountability. With expertise in operations & maintenance management, ISO systems, contract management, and engineering leadership, I ensure safe, efficient, and compliant operations. Committed to statutory compliance, safety, environmental management, and ERM, I focus on fostering a culture of zero harm while delivering operational excellence in demanding mining environments.",8/2021,false,https://media.licdn.com/dms/image/v2/C4E03AQFbco281pFJgA/profile-displayphoto-shrink_100_100/profile-displayphoto-shrink_100_100/0/1611580950162?e=1788998400&v=beta&t=pjhsg4Xc_Mei8evgveSX9riCiTRmXp4y9uQ4RAmUkk4,false,"Head of Maintenance | HEMM | Mining Operations | Reliability & Asset Management | Contract Management Experienced HEMM Maintenance professional with extensive expertise in managing both fixed and mobile equipment within the mining industry. Currently serving as Head of Maintenance, with a proven track record of driving operational excellence, enhancing equipment reliability, and optimizing maintenance strategies. Highly skilled in Operations & Maintenance Management, ISO Standards implementation, contract formulation, and engineering leadership. Adept at leading cross-functional teams, improving asset performance, and ensuring compliance with safety and quality standards. Known for delivering cost-effective solutions, improving uptime, and aligning maintenance practices with organizational goals.",1345,2026-08-25 00:00:00.000 +0530,,,,,,,,,,,,,,,,,29,
Amit Prakash Singh,Amit Prakash,Singh,https://www.linkedin.com/in/amit-prakash-singh-315b251b,urn:li:member:71465345,amit-prakash-singh-315b251b,New Delhi,Delhi,India,"New Delhi, Delhi, India",Tata Steel,Head of Regulatory Affairs,10+yoe_indian,member_urn,"Tata Steel is one of the world’s most diversified integrated steel producers, with a capacity of 35 million tonnes per annum (MTPA) across India, the Netherlands, the UK, and Thailand. The World Economic Forum has recognised Tata Steel’s Jamshedpur, Kalinganagar and IJmuiden plants as Manufacturing Lighthouses. With over 76,000 employees worldwide, Tata Steel is a Great Place to Work®-certified organisation. In India, Tata Steel operates in Jamshedpur and Gamharia in Jharkhand, and in Kalinganagar (including Neelachal Ispat Nigam Limited) and Meramandali in Odisha, with an overall capacity of 26.6 MTPA. The Company has captive mining operations in India, including collieries in Jharia and West Bokaro, as well as iron ore mines in Noamundi, Katamati, Joda East, Khondbond, Vijaya II, and Koida. It also operates iron ore assets in Labrador and Northern Quebec, Canada. Tata Steel aims to achieve Net Zero emissions by 2045. The upcoming 0.75 MTPA electric arc furnace-based steelmaking facility in Ludhiana is the Company’s first low-emission plant in India. In the UK, Tata Steel is transitioning to a 3.2 MTPA EAF-based steelmaking route, following the decommissioning of its heavy-end assets in 2024. In 2025, the Government of the Netherlands and Tata Steel signed a non-binding Joint Letter of Intent for the first phase of the transition to low-emission steel production at IJmuiden. Focused on sustainability, innovation, agility, and fostering deep relationships with customers and communities, Tata Steel aspires to become the most respected and valuable metals and mining company globally.",58348,,Mining,166262,https://fr.linkedin.com/company/tatasteelltd,"Mumbai, Maharashtra, India","steelmaking, engineering, mining, steel products, steel solutions, steel research et engineering",https://www.tatasteel.com,,9/2023,false,https://media.licdn.com/dms/image/v2/D4D03AQEXAxoK8ehc3Q/profile-displayphoto-shrink_100_100/profile-displayphoto-shrink_100_100/0/1699813764612?e=1788998400&v=beta&t=-bXoSXjyV0rmBAt7qa9wCvn3RdT9DKrFYEkptMlXfCg,false,"- Corporate Affairs and Regulatory Strategy professional with 15+ years of experience acrossmining, steel, policy advocacy, stakeholder management, and operations.- Working closely with C-suite leadership to drive strategic initiatives, secure critical regulatoryapprovals, and influence policy outcomes.- Extensive experience in managing government relations, regulatory compliance, industryrepresentation, and stakeholder engagement across key ministries and regulatory bodies",1344,2026-08-25 00:00:00.000 +0530,,,,,,,,,,,,,,,,,29,
Debmalya Banerjee,Debmalya,Banerjee,https://www.linkedin.com/in/debmalya-banerjee-12887b6,urn:li:member:20070896,debmalya-banerjee-12887b6,Noida,Uttar Pradesh,India,"Noida, Uttar Pradesh, India",CONSULT NOMIYO,CONSULTANCY PROPREITORY FIRM,10+yoe_global,member_urn,,,,,,,,,,"CONSULTANCY IN SOLAR SOLUTIONS, CSR AND BRAND MANAGEMENT",3/2024,false,,false,"Handling Solar Consultancy, Business Development, Corporate Communication, Corporate Social Responsibility, etc",2742,2026-08-25 00:00:00.000 +0530,,,,,,,,,,,,,,,,,1700,
Sandipan Bhattacharya,Sandipan,Bhattacharya,https://www.linkedin.com/in/sandipan-bhattacharya-05960314,urn:li:member:49273989,sandipan-bhattacharya-05960314,,,Greater Kolkata Area,Greater Kolkata Area,DDEV PLASTIKS INDUSTRIES LIMITED,Associate Vice President,10+yoe_indian,member_urn,Formerly known as KKALPANA INDUSTRIES INDIA LIMITED.,72,1977,Plastics Manufacturing,90494673,https://in.linkedin.com/company/ddev-plastiks-industries-limited,"Kolkata, West Bengal, India",,www.ddevgroup.in,"Responsible for new business development in the field of BESS, Renewables & Polymer Compounds",2/2026,true,https://media.licdn.com/dms/image/v2/D4D03AQF7WG1OykRRdw/profile-displayphoto-scale_100_100/B4DZ2vZKywJAAc-/0/1776764106204?e=1788998400&v=beta&t=5YoRjFj73BcKcaUVCgdRw_3xrOaQ7XAEVrzh3K7P8MA,false,"With extensive experience spanning multiple leadership roles, I specialize in business development, sales, and marketing within the automotive and energy industries. Currently serving as Associate Vice President at DDEV PLASTIKS INDUSTRIES LIMITED, I focus on driving new business development across BESS, renewables, and polymer compounds, both within Indian sub-continent & Internatiinally, leveraging my expertise in customer relationship management and market development. My career has included overseeing P&L responsibilities, managing diverse teams, and shaping strategic directions for major organizations in regions such as India, West Africa, Nepal, and Bhutan. Dedicated to fostering relationships and delivering results, I am committed to contributing to the growth and innovation of my organization while addressing evolving industry demands.",1347,2026-08-25 00:00:00.000 +0530,,,,,,,,,,,,,,,,,100,
Sumit Agarwal,Sumit,Agarwal,https://www.linkedin.com/in/sumit-agarwal-08850619,urn:li:member:63960296,sumit-agarwal-08850619,Gurgaon,Haryana,India,"Gurgaon, Haryana, India",Spencer's Retail,VP & Head of Supply Chain - Spencers Retail and Nature's Basket,10+yoe_indian,member_urn,"Spencer’s Retail Limited, part of RP Sanjiv Goenka Group, is a multi-format retailer providing a wide range of quality products across categories such as food, personal care, fashion, home essentials, electrical and electronics to its key consumers. Specialty sections such as Spencer’s Gourmet, Patisserie, Wine and Liquor, and the Epicuisine section are some of the key differentiators in our hypermarket stores. The first ever hypermarket in India was launched by Spencer’s in Hyderabad in 2000. Today, Spencer’s runs 158 stores, including 48 Hyper stores in over 35 cities in India. We strive to make – Makes Fine Living Affordable for our consumers. Our positioning embodies its philosophy of delighting shoppers with the best products and services that enable a fine living at reasonable prices, while providing them with a warm, friendly and educational retail environment. Spencer’s is one of India’s first omni-channel retailers operating primarily in the food and grocery segment and providing the widest range and assortment of products in fresh fruits and vegetables, breads, dairy, FMCG, personal care, organic, specialty food and other utility products for your home. Taking a giant leap forward in 2016, Spencer’s now brings all its core offerings to the doorstep of consumers through this app providing online grocery shopping convenience with a promise to deliver within 3 hours (in key markets) assuring quality products at best prices. Currently available only in Kolkata, Gurgaon, South Delhi, Dwarka & Noida, Spencer’s sells over 15000+ products online providing true omni-channel experience to its shoppers. Moving forward the online orders will be serviced through all Spencer’s hyper stores across India. 2Bme is a fashion & lifestyle brand crafted around the creativity, individuality & everyday fashion. Its contemporary fashion for men, women & kids.",3,,Retail,13652269,https://in.linkedin.com/company/spencersretail,"Kolkata, West Bengal, India","organic food, diet food, pet food, baby food, and party delights",http://www.spencersretail.com,"Head Supply Chain - Spencers Retail & Nature's Basket Lead Planning, Replenishment, Logistics and Warehousing Operations for all geographies across Spencers Retail and Nature's Basket",5/2024,false,https://media.licdn.com/dms/image/v2/C4D03AQEOVbB1OwspkA/profile-displayphoto-shrink_100_100/profile-displayphoto-shrink_100_100/0/1659245623755?e=1788998400&v=beta&t=39iVffa89ntazu14MSHVBbXklpAnyz3xzHKmNY0Ui6U,false,"Over 15 years of diverse experience in Supply Chain, Operations & Logistics - in the areas of Demand Planning, Supply Planning, Warehouse Planning & execution, Replenishment, Operations &Transport Management.Management Graduate from IIM Mumbai (NITIE), and Engineering Graduate from IIT Dhanbad",1349,2026-08-25 00:00:00.000 +0530,,,,,,,,,,,,,,,,,282,
Subrat Panda,Subrat,Panda,https://www.linkedin.com/in/subrat-panda-1402aa317,urn:li:member:1347401280,subrat-panda-1402aa317,Mayur Vihar,Delhi,India,"Mayur Vihar, Delhi, India",Mathematics Club - IIT (ISM) Dhanbad,Co-Founder,founders,member_urn,"We are the official Mathematics Club of IIT (ISM) Dhanbad and we host numerous mathematical competitions, participate in various Olympiads and represent IIT (ISM) Dhanbad in the field.",18,2026,Education,113351306,https://www.linkedin.com/company/mathematics-club-iit-ism-dhanbad,India,,,,3/2026,false,,false,,2761,2026-08-25 00:00:00.000 +0530,,,,,,,,,,,,,,,,,603,
Chandra Shekhar,Chandra,Shekhar,https://www.linkedin.com/in/chandrashekhar25,urn:li:member:1629170395,chandrashekhar25,Hazaribagh,Jharkhand,India,"Hazaribagh, Jharkhand, India",NTPC Limited,Additional General Manager,10+yoe_indian,member_urn,External link for NTPC Limited,25171,1975,Utilities,10898,http://www.linkedin.com/company/ntpc,"New Delhi, Delhi, India","Coal Based Power Stations, Gas Based Power Stations, Hydro Based Power Projects, Renewable Energy & Distributed Generation, Environment Management, Corporate Social Responsibility, and Consultancy",http://www.ntpc.co.in,,10/2019,false,https://media.licdn.com/dms/image/v2/D4E03AQHbCRdKRAU2Rw/profile-displayphoto-scale_100_100/B4EZomMbqjGoAc-/0/1761577386478?e=1788998400&v=beta&t=dd9zWSoD5EgbBeXiPiPRPIqFn2fgI_K30rFNKlzAFzY,false,,1841,2026-08-25 00:00:00.000 +0530,,,,,,,,,,,,,,,,,1244,
Sahil Aryan,Sahil,Aryan,https://www.linkedin.com/in/sahil-aryan-7b0986226,urn:li:member:951959796,sahil-aryan-7b0986226,Dhanbad,Jharkhand,India,"Dhanbad, Jharkhand, India",Coal India Limited,Deputy Manager,6-10yoe_global_indian,member_urn,"This is the official page of Coal India Limited. Coal India Limited (CIL) the state-owned coal mining corporate, came into being in November 1975. With a modest production of 79 Million Tonnes (MTs) at the year of its inception Coal India, today is the single largest coal producer in the world and one of the largest corporate employer with manpower of 2,12,066 (as on 1st April, 2026). Spread across eight Indian states, CIL operates in 85 mining areas, managing a total of 295 working mines, consisting of 121 underground, 163 opencast, and 11 mixed mines along with other establishments like workshops, hospitals, and so on. CIL is a Maharatna company – a privileged status conferred by the Government of India to select state-owned enterprises in order to empower them to expand their operations and emerge as global giants. CIL has thirteen subsidiary companies viz. Eastern Coalfields Limited (ECL), Bharat Coking Coal Limited (BCCL), Central Coalfields Limited (CCL), Western Coalfields Limited (WCL), South Eastern Coalfields Limited (SECL), Northern Coalfields Limited (NCL), Mahanadi Coalfields Limited (MCL), Central Mine Planning & Design Institute Limited (CMPDIL), CIL Navi Karniya Urja Limited (for development of non-conventional/clean & renewable energy), Bharat Coal Gasification and Chemicals Ltd. (for development of Coal-to-Ammonium Nitrate project in India), Coal Gas India Ltd. (for coal gasification projects) & CIL Rajasthan Akshay Urja Limited (for renewable business). CIL has a foreign subsidiary in Mozambique namely Coal India Africana Limitada (CIAL) (for acquiring, exploration, and development of overseas coal assets). Further, CIL has six joint venture companies – Hindustan Urvarak & Rasayan Limited, Talcher Fertilizers Ltd., CIL NTPC Urja Pvt. Ltd., Coal Lignite Urja Private Limited, International Coal Venture Private Limited & DVC CIL Power Private Ltd. The mines in Assam i.e. North Eastern Coalfields (NEC), are managed directly by CIL.",2666,1975,Mining,90357974,https://in.linkedin.com/company/coalindialtd,"Baruipur, West Bengal, India","Coal Mining, Energy Provider, and Foraying into Renewables",https://www.coalindia.in,,8/2021,false,https://media.licdn.com/dms/image/v2/D5603AQEfZJSvkcIQKA/profile-displayphoto-shrink_100_100/profile-displayphoto-shrink_100_100/0/1679755301197?e=1788998400&v=beta&t=IgO-dz96NSo8Lwe5Sc5pmthD7dpaI7X4qIsv-YHvrLw,false,,2766,2026-08-25 00:00:00.000 +0530,,,,,,,,,,,,,,,,,88,
Shreevar Narayan,Shreevar,Narayan,https://www.linkedin.com/in/shreevarn,urn:li:member:10295522,shreevarn,Mumbai,Maharashtra,India,"Mumbai, Maharashtra, India",ecofy,Chief Technology Officer,10+yoe_indian,member_urn,"We are the ones by your side on your journey to going green. We are ecofy. We support individuals and small businesses who make green choices and aim towards a sustainable tomorrow. So, whether you are looking to buy a 2 or 3 wheeler EV, solarise the roof of your home or business, or get a loan for your green business, we’ve got your back! With a strong team of domain experts, ecofy promises safe and fast green loans as well as a wide range of products. So, what are you waiting for? Make a choice, make a difference.",430,2022,Financial Services,87412995,https://in.linkedin.com/company/ecofyfinance,"Mumbai, Maharashtra, India",,https://www.ecofy.co.in/?utm_source=Linkedin&utm_medium=social&utm_campaign=LinkedinDescription,,10/2022,false,https://media.licdn.com/dms/image/v2/C4E03AQF7G-Mg7sJ7jg/profile-displayphoto-shrink_100_100/profile-displayphoto-shrink_100_100/0/1594874558990?e=1788998400&v=beta&t=FPDmlcALOsznOkSqHd4zIuV48kqpcLYX0VYd7p5Kecc,false,"A result oriented and progressive technology leader with 20+ years of experience in an IT conglomerate, large banks, NBFC and fintech start-up. - Have a proven track record of successful product implementations (Core and Digital) across the globe in an onsite-offshore model. - Rich functional and technical experience in developing a mobile-first one-stop shop platform for all financial services. - Strong project and program management experience. - Able to collaborate with cross-functional and cross-cultural teams at all levels. - Experience in IT strategy planning and chalking out the roadmap for digital products. - Strong analytical skills with hands-on programming experience. - Extensive implementation experience of various products - Finacle Core Banking Solution (Infosys), TCS Bancs, Indussoft Retail LOS, LMS and Collections, Nucleus LOS and LMS, TCS Limit Management System, Pricing Engine (Suntec), MSME LOS (Indussoft), Cash Management System, Corporate Internet Banking Portal, Microsites - Have setup high performance technical teams of developers, BAs, and testers. Have strong people management skills. - Focus on cost control through automations. - Strong experience in digital lending implementations having led the inhouse development team for two android apps and Retail Sales App, LOS and LMS.",1356,2026-08-25 00:00:00.000 +0530,,,,,,,,,,,,,,,,,111,
Akash Singhal,Akash,Singhal,https://www.linkedin.com/in/akashsinghal05,urn:li:member:105282287,akashsinghal05,Bengaluru,Karnataka,India,"Bengaluru, Karnataka, India",Zepto,Senior Vice President - Planning,10+yoe_indian,member_urn,"Founded in 2021 by Aadit Palicha and Kaivalya Vohra, Zepto is on a mission to save you time —making every second count towards life's real joys. Our platform has revolutionised rapid commerce in India with cutting-edge technology and strategically optimised delivery hubs. Zepto offers an extensive range of 45,000+ products, from fresh groceries to electronics, beauty essentials, apparels, toys and more, delivering across 50+ cities in minutes* Zepto Café extends our commitment to convenience, featuring a curated menu of over 200 fresh items.",17836,2021,"Technology, Information and Internet",76108196,http://www.linkedin.com/company/zeptonow,Greater Kolkata Area,,http://zeptonow.com,,10/2025,false,https://media.licdn.com/dms/image/v2/D5603AQF8sjJouFC6yw/profile-displayphoto-scale_100_100/B56ZfRH9grG0Ag-/0/1751560217322?e=1788998400&v=beta&t=25l0ZvgTk28hUFfbTbcl9itb8K6o0UaI4nEqV4eEXXc,false,"With 10+ years of experience in quick-commerce start-ups & a global bank, responsible for driving business growth, managing P&L, and building robust client relationships. Adept at solving complex business problems & fostering cross-functional collaborations in fast-paced environment.",1355,2026-08-25 00:00:00.000 +0530,,,,,,,,,,,,,,,,,1473,
Himanshu Sharma,Himanshu,Sharma,https://www.linkedin.com/in/himanshuisb,urn:li:member:60127603,himanshuisb,,,Mumbai Metropolitan Region,Mumbai Metropolitan Region,Ecofy,Head Core Technology Solutions,10+yoe_indian,member_urn,"We are the ones by your side on your journey to going green. We are ecofy. We support individuals and small businesses who make green choices and aim towards a sustainable tomorrow. So, whether you are looking to buy a 2 or 3 wheeler EV, solarise the roof of your home or business, or get a loan for your green business, we’ve got your back! With a strong team of domain experts, ecofy promises safe and fast green loans as well as a wide range of products. So, what are you waiting for? Make a choice, make a difference.",430,2022,Financial Services,87412995,https://in.linkedin.com/company/ecofyfinance,"Mumbai, Maharashtra, India",,https://www.ecofy.co.in/?utm_source=Linkedin&utm_medium=social&utm_campaign=LinkedinDescription,,3/2024,true,https://media.licdn.com/dms/image/v2/C4D03AQGy8u9PDwiiLg/profile-displayphoto-shrink_100_100/profile-displayphoto-shrink_100_100/0/1516776958385?e=1788998400&v=beta&t=HSa1Zp0coAOYsE4q1CTG4LnZNemAEDM8doITxsTdRag,false,"I am an accomplished professional delivering over 13 years of career success in Product Journey Development, Stakeholder Management, Digital On-boarding, Process Design and Engineering, Quality Assurance & Project Management. My dexterity lies in managing stakeholders across enterprise including Technology, Sales, Product, Marketing, Finance, Operations, Risk, Policy, Compliance, Strategy and Customer Service. Over the time, I have proved my excellence in managing full project lifecycle meeting specified objectives, schedules and budgets; familiar with project management approaches, tools and phases of the project lifecycle. Excellent at designing fast, flexible & efficient business processes, aligning processes & building necessary internal capabilities Outstandingly developing & implementing new strategies and procedures; analytically oriented and resourceful individual with skills to solve problems in an ambiguous environment",1358,2026-08-25 00:00:00.000 +0530,,,,,,,,,,,,,,,,,111,
Sudip Bhattacharya,Sudip,Bhattacharya,https://www.linkedin.com/in/sudip-bhattacharya-28961855,urn:li:member:195616905,sudip-bhattacharya-28961855,Siliguri,West Bengal,India,"Siliguri, West Bengal, India",IIAS Education Group,Asst. Director - Department of Business Management & Informatics,10+yoe_indian,member_urn,"IIAS Education Group | 1,932 followers on LinkedIn. Established in 1990 - International Institute of Advanced Studies. ""Global Centre of Excellence in Management Education""​ | With a glorious heritage spanning almost three decades of delivering world class pedagogy, we take immense pride in acquiring the status of one of India’s top education institutions engaged in imparting management education to diverse sections of society. Established in 1990, as International Institute of Advanced Studies – IIAS now imparts quality education to the aspiring students who dream to build their career in Business Management and Hospitality Management. The unique ‘Work-Learn Program’ at IIAS, developed in tune with the needs of the industry provides the students a platform to take off in their career.",60,1990,Higher Education,3588176,https://www.linkedin.com/school/iias-group-of-institutions/,"Barasat-II, West Bengal, India","Education, Consulting, Hospitality, Management Training, Service Industry, Professional Development, Hospitality Management, Bachelor of Business Management, and Work-Learn Program",https://www.iias.org.in/,"Deliver lectures, develop instructional methods, and mentor students. Lead corporate engagement activities, manage internships and drive student placements. Handle alumni affairs Implement data-driven decision-making practices (July 2017 - Nov 2018 - 1 yr 5 mos) Led sales and marketing initiatives, driving student admissions and inside sales. Implemented marketing automation tools for revenue growth and lead generation.",2/2022,false,https://media.licdn.com/dms/image/v2/D5603AQFFO-MVUHKAfQ/profile-displayphoto-scale_400_400/B56ZfzmvZQHcAk-/0/1752138710785?e=1788998400&v=beta&t=heLHJL9zqNtNlwr216yo3_fuShjFHd0bBIbBpyIqBZY,false,"Sudip is a management graduate from IIT, Dhanbad, with a demonstrated ability in consistently delivering results with a solution oriented approach and with the creative application of skills imbibed from the rich exposure to multiple job roles in multiple industries across geographies. Skilled in transforming consumer/client data into actionable insights with a proven track record for over two decades, he has held leadership roles in different organisations. Currently, he is passionately engaged with academics, successfully spearheading innovative initiatives to improve quality of education of college students. He is also working closely with MSME sector of the region to synergise academics- industry collaboration and assist the local players to improve their business practices. : Communication strategy Content Development Sales Cycle Management Lead Generation & Management Student Experience Management",1360,2026-08-25 00:00:00.000 +0530,,,,,,,,,,,,,,,,,794,
Rakesh Malloju,Rakesh,Malloju,https://www.linkedin.com/in/rakesh-malloju-b648ab92,urn:li:member:330676924,rakesh-malloju-b648ab92,Bengaluru,Karnataka,India,"Bengaluru, Karnataka, India",HomeRun,Vice President product and growth,10+yoe_indian,member_urn,"HomeRun is India's fastest-growing building materials platform — delivering cement, wires, paints, hardware and more to construction sites across Bangalore in under 60 minutes. We're backed by Titan Capital, Sparrow Capital, Sorin Investments and building the supply chain and tech stack that India's ₹13L Cr construction industry has never had. We're hiring across product, engineering, growth, category and ops — come build something that outlasts you. Write to us at hiring@home-run.co",23,2024,Retail,107528057,https://in.linkedin.com/company/thehomerunapp,"Bengaluru, Karnataka, India",,https://home-run.co/,"Hiring across Product, Design, Growth",3/2026,false,https://media.licdn.com/dms/image/v2/D5603AQF6eh2W8q3jlA/profile-displayphoto-scale_100_100/B56ZrBIuCxLAAc-/0/1764176882687?e=1788998400&v=beta&t=aiLbpWPiwFVvG8U0EIt-_wC4Xl0ZvRcVWRzd-EAdCAg,false,"I build profitable product verticals from scratch. Over 12+ years across QCommerce, E-Pharmacy, EdTech, and Marketplaces, I've launched 4+ new categories—each from $0 to profitability—by identifying white space, designing go-to-market playbooks, and relentlessly optimizing unit economics. My operating philosophy: Growth without profitability is a tactic. Profitability without growth is a slow death. The best product leaders solve for both. I'm obsessed with three things: Category Playbooks — What works in QCommerce doesn't work in EdTech. I build repeatable frameworks that let you win new verticals fast. Unit Economics First — Every feature ship needs to justify itself in CAC payback, LTV, or margin. Vanity metrics are noise. High-Performing Teams — You can't scale a business without scaling the people. I've built product orgs from 0 30+ PMs, with promotion rates 3x+ the industry average. Currently advising founders and exploring cofounder partnerships. If you're building something ambitious in consumer tech and need someone to lead product + growth with founder conviction, let's talk.",1361,2026-08-25 00:00:00.000 +0530,,,,,,,,,,,,,,,,,295,
Mayank Shekhar,Mayank,Shekhar,https://www.linkedin.com/in/mayank-shekhar-71704316,urn:li:member:53836867,mayank-shekhar-71704316,Ranchi,Jharkhand,India,"Ranchi, Jharkhand, India",JSW Steel,Senior Vice President,10+yoe_indian,member_urn,"Over the last 35 years, we have partnered the country in its journey to self-reliance, by embracing sustainability, adopting cutting-edge technology and having innovation and R&D initiatives at the heart of our culture. From humble beginnings with a single plant in 1982, we are now India's leading manufacturer of value-added and high-end steels. Our plants in Karnataka, Tamil Nadu and Maharashtra have a total capacity of 29.7 MTPA, and we are scaling up existing plants and opening new ones to take that figure to 40 MTPA. Globally, we own a plate and pipe mill in the US, and mining assets in the US, Chile and Mozambique. But we're not ones to rest on our laurels. Driven by decades of experience and a dynamic culture, we constantly seek new ways to revolutionize steelmaking. To begin with, we integrate sustainability into everything we do. We benchmark our business vision and governance systems, manufacturing and sales processes, and even our customer and community engagement initiatives, against global best-in-class standards. We bolster these sustainability initiatives, by staying on the cutting edge of technology. It's a strategy that has helped us create the largest product portfolio in India, and at the same time, become India's largest exporter of steel with a presence in more than 100 countries. Today, nearly 40% of our products are high-value steels, a figure we intend to take up to 50% soon. We’ve made this technological prowess possible with a relentless focus on innovation and R&D. It has helped us stay ahead of competition, customise our offerings as per client requirements, partner with global leaders such as JFE Steel, Marubeni Itochu Steel, Praxair and Severfield Rowen Plc. to be cost-efficient, and be seen worldwide as a purveyor of high-end, value-added steel.",22611,,Mining,3757983,http://www.linkedin.com/company/jswsteel,"Mumbai, Maharashtra, India","Energy, Infrastructure, Cement, IT, and Foundation",http://www.jsw.in,,5/2024,false,https://media.licdn.com/dms/image/v2/C5603AQFEDa5WlS0QAg/profile-displayphoto-shrink_100_100/profile-displayphoto-shrink_100_100/0/1590142885733?e=1788998400&v=beta&t=BgNaecfTsHdzXYNnFuQ6iBDdwUhaVmXf_2m1H_NPIME,false,"Mine agent of Large Opencast mine with 3.5 Million ton of coal and 12 million ton of Over Burden production at West Bokaro Tata Steel Ltd. Worked with Bain Consulting for improving Productivity Project for underground and develop roadmap for Improving productivity for underground mining operation for Jharia Division. Also Operated underground mines as Manager for production level of 3 Lakh ton with LHD and belt conveyors system. Worked in development of mine design coal acquisition for Tata Steel including Cost design etc. Lead the team for development of Coal Mine Methane Project to reduce emissions of Methane in Jharia mine of Tata Steel Specialties: Operating Large open cast and underground mines. Operated 3.5 million ton coal and 12 million cub OB mine of Tata Steel as Agent of mine. Coal Mine Feasibility study, Due deligance, Scoping Study,",1364,2026-08-25 00:00:00.000 +0530,,,,,,,,,,,,,,,,,1145,
Jai Khurana,Jai,Khurana,https://www.linkedin.com/in/jai-khurana-9b569424,urn:li:member:85295513,jai-khurana-9b569424,Ahmedabad,Gujarat,India,"Ahmedabad, Gujarat, India",Adani Group,Joint President and Group Head Logistics & Business Head- Ropeways Business,10+yoe_indian,member_urn,"Adani Group is a diversified organisation in India comprising 10 publicly traded companies. It has created a world class transport and utility infrastructure portfolio that has a pan-India presence. Adani Group is headquartered in Ahmedabad, in the state of Gujarat, India. Over the years, Adani Group has positioned itself to be the market leader in its transport logistics and energy utility portfolio businesses focusing on large scale infrastructure development in India with O & M practices benchmarked to global standards. With four IG rated businesses, it is the only Infrastructure Investment Grade issuer in India. Adani owes its success and leadership position to its core philosophy of ‘Nation Building’ driven by ‘Growth with Goodness’ - a guiding principle for sustainable growth. Adani is committed to increase its ESG footprint by realigning its businesses with emphasis on climate protection and increasing community outreach through its CSR programme based on the principles of sustainability, diversity and shared values. Watch Pehle Pankha Ayega | Phir Bijli Aayegi : https://www.youtube.com/watch?v=1orXXuPzNmY",21084,,Utilities,45812,http://www.linkedin.com/company/adani-group,India,,https://www.adani.com/,"Tasked with working on overarching group logistics strategy with focus on value delivery at scale while collaborating with stakeholders, cross function partners and strategic alliances across the gamut of logistics activities spanning an annual spend of USD 2 Billion. Leading the newly incubated business of Ropeways in the Infra Space and building the team to scale up the business at a fast pace. Executing the prestigious Kedarnath Ropeway Project on DBFOT basis, wherein the longest Ropeway spanning 13 Kms designed on 3S technology and CEN standard compliant will be installed for the first time in Asia. Strategically planning, consolidating and forecasting Group level Logistics requirements, thereby ensuring cost optimisation at scale. Provide Management Assurance through digital dashboards, enhancing operational efficiency through data analytics and digitising the decision-making processes. Developing AI based predictive Freight booking models Formulate innovative solutions to bring down the logistics cost including investing in enabling infrastructure facilities.",9/2024,true,https://media.licdn.com/dms/image/v2/C5103AQE2pvYzQRY8vg/profile-displayphoto-shrink_100_100/profile-displayphoto-shrink_100_100/0/1532605247568?e=1788998400&v=beta&t=EiklQQndAW7encXJbfwgqlX9He8JwNhgMU1LWTDYM3w,false,"Infrastructure business leader focused on building and scaling ports, logistics platforms, Ropeways and integrated industrial ecosystems across India and global markets.With over 28 years of leadership experience, I have worked at the intersection of maritime infrastructure, trade corridors, logistics ecosystems, and industrial cluster development, contributing to the growth of infrastructure platforms that enable trade and economic expansion.An engineer and MBA by qualification, I have studied at IIT (ISM) Dhanbad, IMT Ghaziabad, Harvard Business School (One-Year Executive Program), and the Antwerp/Flanders Course on Sustainable Port Development.Over the course of my career, I have held diverse leadership roles including CEO, CHRO, CMO, Country Manager, and Business Head, with end-to-end responsibility across P&L leadership, strategy, operations, and business development. My experience spans the development, acquisition, and turnaround of ports and logistics assets, along with the development of SEZs and industrial estates that support large-scale manufacturing and trade ecosystems.I have also led the establishment and expansion of international business operations in Singapore and Dubai, enabling organizations to enter new markets and build global partnerships.My leadership philosophy centers on creating enduring enterprise value through strategic clarity, disciplined execution, and the development of high-performing teams.I have actively contribute to industry dialogue and policy engagement through: Co-Chairman, Tamil Nadu State Development Council, ASSOCHAM Co-Chairman, Southern Region Task Force on Ports & Logistics, CII",1365,2026-08-25 00:00:00.000 +0530,,,,,,,,,,,,,,,,,848,
Aman Singh,Aman,Singh,https://www.linkedin.com/in/incredibleaman,urn:li:member:588504103,incredibleaman,Dhanbad,Jharkhand,India,"Dhanbad, Jharkhand, India",Weblihouse,Co-Founder,founders,member_urn,,,,,,,,,,,3/2022,false,,false,,2803,2026-08-25 00:00:00.000 +0530,,,,,,,,,,17,28,,,,,,2661,
Prakash Swaminathan,Prakash,Swaminathan,https://www.linkedin.com/in/prakash-swaminathan,urn:li:member:16558510,prakash-swaminathan,Mumbai,Maharashtra,India,"Mumbai, Maharashtra, India",Adani Group,"Head - Reservoir (Associate Vice President, Adani Welspun Exploration Limited)",10+yoe_indian,member_urn,"Adani Group is a diversified organisation in India comprising 10 publicly traded companies. It has created a world class transport and utility infrastructure portfolio that has a pan-India presence. Adani Group is headquartered in Ahmedabad, in the state of Gujarat, India. Over the years, Adani Group has positioned itself to be the market leader in its transport logistics and energy utility portfolio businesses focusing on large scale infrastructure development in India with O & M practices benchmarked to global standards. With four IG rated businesses, it is the only Infrastructure Investment Grade issuer in India. Adani owes its success and leadership position to its core philosophy of ‘Nation Building’ driven by ‘Growth with Goodness’ - a guiding principle for sustainable growth. Adani is committed to increase its ESG footprint by realigning its businesses with emphasis on climate protection and increasing community outreach through its CSR programme based on the principles of sustainability, diversity and shared values. Watch Pehle Pankha Ayega | Phir Bijli Aayegi : https://www.youtube.com/watch?v=1orXXuPzNmY",21084,,Utilities,45812,http://www.linkedin.com/company/adani-group,India,,https://www.adani.com/,"Led the delivery of a field development plan of a lean retrograde gas condensate field cluster in the Mumbai offshore basin and associated petroleum engineering studies. Led the study on reservoir continuity of a gas field into an adjacent block and helped secure a critical agreement with an O&G major to facilitate regulatory approvals for the FDP. with an O&G major to facilitate regulatory approvals for the FDP. Provided reservoir engineering support / advisory to integrated subsurface activities and studies (Appraisal program, bid rounds, Pressure Study etc.) Maintained reservoir models and integrated asset models to support development decisions and evacuation strategies. (Petrel RE/IPM) Contributed to asset management activities as an alternate Management Committee member.",2/2022,true,https://media.licdn.com/dms/image/v2/D4D03AQFvvSc1Bpc8vA/profile-displayphoto-scale_100_100/B4DZz397vhIkAc-/0/1773686737772?e=1788998400&v=beta&t=vCYqLZ9WFdqXU6IzFmS953XyHN0UqakMgljo1ixN1xk,false,"Subsurface & Development technical leader with 26+ years international oil and gas experience across India, Bangladesh & Trinidad. Seasoned technical professional with an excellent track record of subsurface and petroleum engineering leadership across the asset lifecycle. Results-focused leader with deep experience in field development planning, project maturation, well delivery and reservoir management in large well portfolios with passion for cross-functional integration, talent development and building high performing teams. Ambassador for championing analytics and digital solutions in support of upstream business transformation. Seeking to build my professional profile with challenging opportunities with higher accountabilities in the energy industry, serving as a Petroleum Engineering Manager, Development Lead, Reservoir Management Team Lead or related subsurface leadership roles. I have a strong knowledge base and broad expertise in leading and managing integrated asset and project teams, JV stakeholder management and asset operations with demonstrable track record of successful project maturation and delivery of both greenfield and brownfield projects. Key career accomplishments: * Delivery of FDP for two operated blocks in the western offshore basin, India for Adani-Welspun * Opportunity maturation, FID & reservoir operation support of a 700MM$ greenfield subsea development in Starfish field, T&T * Opportunity maturation and FID of a 200 MM$ infill drilling & work-over program in Dolphin field, T&T * Opportunity maturation, FID & reservoir operation support of a 60MM$ 3 well infill drilling campaign in Tapti field, India increasing production from 260 MMSCFD to 335 MMSCFD * Technical integration & evaluation in support of a 500 MM$ headline size NBD evaluation leading to increasing Shell equity stake in T&T. * WRFM and production management of 100+ wells portfolio in Panna-Mukta asset, India maintaining production level of 40000 bbl/d for over two years * Engineer-in-Charge of first overseas business operation of HLS Asia Limited in Bangladesh within 4 years of employment * Accreditation as Reservoir Engineering Technical Authority Level-2 & Opportunity Practitioner Level-1 (FEDM) by Shell. Core Competencies: Field Development Planning & Project Maturation, Subsurface Integrated Studies, Reservoir Management, Well Delivery, Asset business planning and forecasting, Reserves Estimation & Reporting, Production Optimization, Reservoir Surveillance, Subsurface-Surface integration, Stakeholder Management, Risk Management, Team leadership",1367,2026-08-25 00:00:00.000 +0530,,,,,,,,,,,,,,,,,848,
Dr. Sachin Lal,Dr. Sachin,Lal,https://www.linkedin.com/in/dr-sachin-lal-b3ba7bb,urn:li:member:35499935,dr-sachin-lal-b3ba7bb,Ahmedabad,Gujarat,India,"Ahmedabad, Gujarat, India",Adani Group,Head of Training (Natural Resources & Cement),10+yoe_indian,member_urn,"Adani Group is a diversified organisation in India comprising 10 publicly traded companies. It has created a world class transport and utility infrastructure portfolio that has a pan-India presence. Adani Group is headquartered in Ahmedabad, in the state of Gujarat, India. Over the years, Adani Group has positioned itself to be the market leader in its transport logistics and energy utility portfolio businesses focusing on large scale infrastructure development in India with O & M practices benchmarked to global standards. With four IG rated businesses, it is the only Infrastructure Investment Grade issuer in India. Adani owes its success and leadership position to its core philosophy of ‘Nation Building’ driven by ‘Growth with Goodness’ - a guiding principle for sustainable growth. Adani is committed to increase its ESG footprint by realigning its businesses with emphasis on climate protection and increasing community outreach through its CSR programme based on the principles of sustainability, diversity and shared values. Watch Pehle Pankha Ayega | Phir Bijli Aayegi : https://www.youtube.com/watch?v=1orXXuPzNmY",21084,,Utilities,45812,http://www.linkedin.com/company/adani-group,India,,https://www.adani.com/,,3/2026,false,https://media.licdn.com/dms/image/v2/D4D03AQGG8G_E4w0HNA/profile-displayphoto-shrink_100_100/profile-displayphoto-shrink_100_100/0/1681016564278?e=1788998400&v=beta&t=bLRd2CHrI319wOFxf7VMhe-0tE5HKCXkzGmZtKtSqr4,false,"Dynamic Training and Development Leader with a proven track record of driving transformational change across operational and functional areas through innovative learning strategies and technological solutions. Skilled at creating impactful learning environments and leading cross-functional teams to design and implement training programs aligned with organizational goals. Adept at collaborating with leadership and business teams to enhance employee performance and foster a culture of continuous learning, delivering sustainable improvements in organizational effectiveness.",1366,2026-08-25 00:00:00.000 +0530,,,,,,,,,,,,,,,,,848,
ajay kumar pandey,ajay kumar,pandey,https://www.linkedin.com/in/ajay-kumar-pandey-a442a239,urn:li:member:135079252,ajay-kumar-pandey-a442a239,Karnataka,,India,"Karnataka, India",geological survey of india,Geophysicist,10+yoe_indian,member_urn,,,,,,,,,,,12/2015,false,https://media.licdn.com/dms/image/v2/C5603AQF_Q8N2huWRwg/profile-displayphoto-shrink_100_100/profile-displayphoto-shrink_100_100/0/1516813758643?e=1788998400&v=beta&t=xAfIdFZO-Jb5kZHEAi0SW7Ht2k3MMwv8E8Rkv2A4JXA,false,"1) Training on “Coal Bed Methane Exploration and Development” in 2011 under Scientist A.K.Sing of.CIMFR in Dhanbad. 2)Summer industrial training in ONGC Kolkata on Seismic “Acquisition and Processing”. 3) Introduction to Various Geological features (Vindhyan supergroup ,Chunar).",1368,2026-08-25 00:00:00.000 +0530,,,,,,,,,,,,,,,,,1865,
Abhishek singh,Abhishek,singh,https://www.linkedin.com/in/abhishek-singh-48903936,urn:li:member:125489769,abhishek-singh-48903936,Barmer,Rajasthan,India,"Barmer, Rajasthan, India",JSW,Jr. Manager,10+yoe_indian,member_urn,,,,,,,,,,,10/2012,false,https://media.licdn.com/dms/image/v2/C5603AQHXOqZfQU-fwQ/profile-displayphoto-shrink_100_100/profile-displayphoto-shrink_100_100/0/1516617367301?e=1788998400&v=beta&t=LDn2VPpdZZeg2xMTuxpAtjJG4h_C3jLcE7n8zgzTZgI,false,"Experienced Junior Manager with a demonstrated history of working in the mining & metals industry. Skilled in Microsoft Excel, Microsoft Word, C++, Strategic Planning, and Editing. Strong professional with a Master of Technology (M.Tech.) focused in Maintenance Engg & Tribology from Indian School of Mines.",1369,2026-08-25 00:00:00.000 +0530,,,,,,,,,,,,,,,,,2054,
Santtosh Senapati,Santtosh,Senapati,https://www.linkedin.com/in/santtosh-senapati-14140a,urn:li:member:1012801,santtosh-senapati-14140a,Mumbai,Maharashtra,India,"Mumbai, Maharashtra, India",AUMMCHI ADVISOR (P) LIMITED,MANAGING DIRECTOR & CEO,10+yoe_global,member_urn,,,,,,,,,,"Senior advisory role to Indian and International corporates, financial institutions; and building an integrated investment management platform focused on Last Mile Capital",1/2013,true,https://media.licdn.com/dms/image/v2/D4D03AQF39zqHHOxs6g/profile-displayphoto-shrink_100_100/profile-displayphoto-shrink_100_100/0/1704020203163?e=1788998400&v=beta&t=JNmqnRNu1ZOjDoazIO9aBNxFmT0NkU6CdPuA2LVj8Yc,false,"With over 38+ years of distinguished and leadership experience in investment management and industry, I am a seasoned professional having built and nurtured successful businesses, and turned around under-performing assets thereby creating significant value for clients and owners. I possess unique combination of investment and operating skills which I have been able to use while managing growth in a risk mitigated manner, and implementing business turn-around. I am currently Managing Director and CEO of AUMMCHI Advisor with a focus on advising Indian and International corporations as Senior Advisor leveraging my investment and operating skills, and understanding and access to the market across a broad spectrum.",1371,2026-08-25 00:00:00.000 +0530,,,,,,,,,,,,,,,,,1560,
TAPAS RANJAN DAS,TAPAS RANJAN,DAS,https://www.linkedin.com/in/tapas-ranjan-das-4b873547,urn:li:member:166042508,tapas-ranjan-das-4b873547,Vadodara,Gujarat,India,"Vadodara, Gujarat, India","Ainwesha Engineering and Projects Ltd, Baroda",Jt President ( Corporate Affairs & Business Development),10+yoe_global,member_urn,,,,,,,,,,,9/2023,false,https://media.licdn.com/dms/image/v2/C5603AQGnPufNGgByvA/profile-displayphoto-shrink_100_100/profile-displayphoto-shrink_100_100/0/1517462847801?e=1788998400&v=beta&t=ORuNW5PUzAOEETvIoCEBosbfO1I-1D2bn_wxEYxJsiE,false,"Graduated in MINING ENGINEERING from IIT(ISM) Dhanbad, PG DIP. IN MKTG. & SALES MANAGEMENT, Bharatiya Vidya Bhavans College Management, Baroda. Presently heading the Dept as Jt President (CorporateAffairs & Business Development) at M/s Anwesha Engineering & Projects Ltd ( formerly IOTAEC Ltd) . Position directly reporting to Chairman of the Group of Cmpanies. It is an Indian- MNC dealing EPCC Projects ( Hydrocarbon, Petrochemical & Chemical Industries) ( Indian & overseas projects ) ( Bases at India, MEC & SEA Countries) Headed as CEO of an Indian EPC Organisation which is serving to the needs of Oil Field & Energy , Petrochemical , Chemical & Mechanical Industries. All round marketing experience of Industrial Consumable, HEMM, OEM, Capital Equipment & Project selling related to ""Mining, Construction, Infra Structure Projects, Oil field exploration. Well versed with Direct Marketing, Dealer's network, tender driven Institutional Sales, Trading & Innovative sales. ‘Project selling’ & OEM sales Coal & Hard Rock Mininig. Experienced in all stages of marketing, starting from front line experience of Sales-Engineer to H.O.D., in the capacity of G.M. & Head- Marketing in leading US MNC in the span of last 35yrs of career. Experienced in MNC , Pvt. Sector & PSU Organisations. Had been relocated in all strategic geographic locations of India. . Being from a premier institute and having served in reputed Organizations, developed an excellent contact with the top notches of the industries and Statutory Bodies..",1372,2026-08-25 00:00:00.000 +0530,,,,,,,,,,,,,,,,,1519,
amarneni siva teja,amarneni,siva teja,https://www.linkedin.com/in/amarneni-siva-teja-69192b7a,urn:li:member:282983437,amarneni-siva-teja-69192b7a,Hyderabad,Telangana,India,"Hyderabad, Telangana, India",Sri guru iit and medical institute.,Senior Lecturer,10+yoe_global,member_urn,,,,,,,,,,,5/2021,false,https://media.licdn.com/dms/image/v2/C4E03AQFORrasQHiHXg/profile-displayphoto-shrink_100_100/profile-displayphoto-shrink_100_100/0/1516770504315?e=1788998400&v=beta&t=ypJJo9uahxbltatBd9jkKFfkpobf5g-wcTIpnf_BmP0,false,,1849,2026-08-25 00:00:00.000 +0530,,,,,,,,,,,,,,,,,2507,
Bibhasendu Mohapatra,Bibhasendu,Mohapatra,https://www.linkedin.com/in/bibhasendu-mohapatra-720a5520,urn:li:member:74265288,bibhasendu-mohapatra-720a5520,Ahmedabad,Gujarat,India,"Ahmedabad, Gujarat, India",GNRL,Chief Executive Officer,10+yoe_global,member_urn,,,,,,,,,,"Exploration ,Appraisal,Development of Upstream E&P Assets , Corporate Functions",11/2021,false,,false,"More than 20 years of experience in operations and management of E&P activities including corporate functions at various capacities. More than 15 years of hands on experience in production, work over/drilling ,well intervention, well testing (HP/HT offshore wells),completion and reservoir management .",2823,2026-08-25 00:00:00.000 +0530,,,,,,,,,,,,,,,,,1878,
Jayesh Mehta,Jayesh,Mehta,https://www.linkedin.com/in/jayesh-mehta-ism-76805b13,urn:li:member:44913536,jayesh-mehta-ism-76805b13,Gurugram,Haryana,India,"Gurugram, Haryana, India",Cairn India,Principal Drilling Engineer,10+yoe_indian,member_urn,,,,,,,,,,,1/2018,false,,false,"Worked on majority rig types - Land Rigs, Jack-ups, Semi-Submersibles and DrillShips. Specialties: Deepwater, HPHT, Wells Project Management, Well Planning and Engineering, Casing and Tubing Design for all types of wells (exploration, appraisal, producer and injector) and Well Integrity.",1400,2026-08-25 00:00:00.000 +0530,,,,,,,,,,,,,,,,,1624,
Ashwani Garg,Ashwani,Garg,https://www.linkedin.com/in/tedhilakeer,urn:li:member:7565377,tedhilakeer,Gurugram,Haryana,India,"Gurugram, Haryana, India",NAB,Senior Vice President,10+yoe_global,member_urn,We're here to be the most customer-centric company in Australia and New Zealand. We’re here to support you with your banking needs in any way we can. We’re open for business. Connect with us: www.nab.com.au/contact-us,40896,,Banking,2357,https://au.linkedin.com/company/nab,"Docklands, Victoria, Australia",Retail & Wholesale Banking and Financial Products and Services,http://www.nab.com.au,"Leading enterprise HR Technology & Transformation at National Australia Bank's Global Innovation Centre India — one of NAB's largest global engineering hubs — with full accountability for Workday data and payroll integration delivery across 6 countries. Delivered 80+ Workday integrations across India, Vietnam, USA, UK, France, and New Zealand (BNZ); Australia (slated for Q4 2026) 28-member cross-functional engineering team · USD 30M programme budget · SAFe Agile delivery 6 Workday global implementations + 4 upgrades — 95% user adoption in every country Zero go-live deferrals Key integrations: AWS/Azure Data Lakes · ADP GV/WFN/iHCM · Silae · Sailpoint · ServiceNow HRSD · SAP ECC 6.0 · SAP SuccessFactors · SAP Concur · SAP Ariba · People Microservices Deployed Kainos automated test suites; led Production Readiness Reviews (PRR) for all 6 countries Vendor governance: Accenture · Deloitte · TCS · Infosys SoX compliance · SSO/IDM governance · APRA & GDPR data-privacy standards maintained across all P&C Technology platforms Capacity: Programme Manager · Engineering Manager · Delivery Manager · Release Train Engineer (RTE)",9/2023,false,https://media.licdn.com/dms/image/v2/D5603AQFsSA4RKNYeSA/profile-displayphoto-scale_200_200/B56Z4iIk5rHMAg-/0/1778689135249?e=1788998400&v=beta&t=uBPj3z2CK8jRb5sSxEY2JCAP3HxR10zUVJrSVAcrQaU,false,"20 Years HR Technology | 47+ Implementations | 30+ Countries | 9 Global Employers | USD 30M Programmes | 97% Peak Adoption | 150K+ EmployeesI have spent 20 years doing one thing exceptionally well: taking complex, fragmented HR technology environments and transforming them into integrated, scalable, and compliant digital ecosystems — across continents and cultures.Currently serving as Senior Vice President – HR Technology & Transformation at National Australia Bank (Global Innovation Centre India), I lead Workday data and payroll integration delivery across 6 countries, managing a 28-member engineering team within a USD 30M programme. Before NAB, I built and delivered HR transformation programmes at Fujitsu, Home Credit, KPMG, HCL Technologies, IBM, PwC, Infosys, and Wipro — across APAC, EMEA, Americas, and GCC.My platform expertise spans the four pillars of modern enterprise HR technology: SAP SuccessFactors — 10+ years · 10+ full-suite global implementations Workday HCM — 3+ years · end-to-end delivery across 6 countries SAP HCM on S/4HANA & ECC 6.0 — 20 years combined · 8+ implementations ServiceNow HRSD — 6+ years · enterprise-wide employee experience deliveryWhat I consistently deliver: Full automation of the Hire-to-Retire employee lifecycle across multi-country environments Multi-country payroll compliance and statutory governance — 10+ countries, zero major audit findings career-wide Engineering team leadership up to 80 people · Budget governance USD 1M–30M SaaS release governance, integration architecture, and AI-augmented HR operations C-SAT 4.8/5.0 across 18 HRIS implementations · 97% peak user adoptionI hold an M.Tech from IIT (ISM) Dhanbad — a technical foundation that shapes how I think about architecture, systems thinking, and scalable delivery in every HR transformation I lead.I operate at the intersection of business strategy, technology delivery, and people outcomes. I believe great HR Technology should be invisible to employees and indispensable to the business. Every programme I lead is built on that principle.Core areas: HR Technology & Digital Transformation · SAP SuccessFactors · SAP HCM on S/4HANA · Workday HCM · ServiceNow HRSD · Global HRIS & Payroll Compliance · Product Ownership & Engineering Leadership · Risk, Governance & Regulatory Compliance · AI & GenAI in HR · Change & Adoption ManagementOpen to: HR Digital Transformation Leader · Head of P&C Technology · Director HR Technology · Global HRIS Programme Director · Product Owner – HR Tech · Engineering Manager – P&C Tech",1377,2026-08-25 00:00:00.000 +0530,,,,,,,,,,,,,,,,,5,
Haridas Chowdhury,Haridas,Chowdhury,https://www.linkedin.com/in/haridas-chowdhury-32a23316a,urn:li:member:675397906,haridas-chowdhury-32a23316a,Mumbai,Maharashtra,India,"Mumbai, Maharashtra, India",ONGC,Chief General Manager,10+yoe_indian,member_urn,,,,,,,,,,,12/1990,false,https://media.licdn.com/dms/image/v2/C5103AQHr0nlJG7wg4w/profile-displayphoto-shrink_100_100/profile-displayphoto-shrink_100_100/0/1549549011965?e=1788998400&v=beta&t=E3m-ftlQ9-09Kx3B8hj_O0Pcu57XdYhNK8Ls9HpoV5E,false,,1414,2026-08-25 00:00:00.000 +0530,,,,,,,,+919428518850,,,,,,+919428518850,,,2255,
Shiv Datt Rajoriya,Shiv Datt,Rajoriya,https://www.linkedin.com/in/shiv-datt-rajoriya-0455a4242,urn:li:member:1010721077,shiv-datt-rajoriya-0455a4242,Jaipur,Rajasthan,India,"Jaipur, Rajasthan, India","Ministry of Coal, Government of India",Manager,10+yoe_indian,member_urn,,,,,93382634,,,,,,4/2024,false,,false,"Graduated from Indian School of Mines, Dhanbad in Mining Engineering having work Experience of 10 years at various strategic posts, Safety Officer, Ventilation Officer, Sales Officer and Land and Revenue Head. I am resident of Jaipur, Rajasthan and my interests are Event Management, Travelling and Chess.",1406,2026-08-25 00:00:00.000 +0530,,,,,,,,,,,,,,,,,2162,
Dr Subrahmanyam Challa,Dr Subrahmanyam,Challa,https://www.linkedin.com/in/dr-subrahmanyam-challa-08156788,urn:li:member:311923105,dr-subrahmanyam-challa-08156788,Hyderabad,Telangana,India,"Hyderabad, Telangana, India",CSIR-NGRI,Scientist Retd.,10+yoe_indian,member_urn,,,,,,,,,,,11/1971,false,https://media.licdn.com/dms/image/v2/C4E03AQGznnpYVD3Ytw/profile-displayphoto-shrink_100_100/profile-displayphoto-shrink_100_100/0/1517064503283?e=1788998400&v=beta&t=GPCoLvoB-g1FV8HB1mUfE_hQBRy_35rKXt8O9-C2WUs,false,,1408,2026-08-25 00:00:00.000 +0530,,,,,,,,,,,,,,,,,1715,
SURESH SAMAD,SURESH,SAMAD,https://www.linkedin.com/in/suresh-samad-75a1b47a,urn:li:member:281167414,suresh-samad-75a1b47a,Ranchi,Jharkhand,India,"Ranchi, Jharkhand, India",ISM DHANBAD,JRF,10+yoe_indian,member_urn,,,,,,,,,,,7/2014,false,https://media.licdn.com/dms/image/v2/C4E03AQEnFGdoh0LrYQ/profile-displayphoto-shrink_100_100/profile-displayphoto-shrink_100_100/0/1516701858857?e=1788998400&v=beta&t=nwddil3mfjoHrn8UGY13OtI61BWuriFp0BWo-odQLAI,false,,1413,2026-08-25 00:00:00.000 +0530,,,,,,,,,,,,,,,,,2029,
Yash Shah,Yash,Shah,https://www.linkedin.com/in/yash-shah236,urn:li:member:341787455,yash-shah236,Bangalore Urban,Karnataka,India,"Bangalore Urban, Karnataka, India",FirstClub,Supply Chain Manager,founders,member_urn,"We’re FirstClub! About Us: Founded in 2024 FirstClub is a new-age startup that’s redefining how people shop across channels, building the next big thing in retail. We’re creating a truly omnichannel platform, combining the speed of quick commerce with the immersive experience of offline stores. But we’re not just about speed—we’re about trust and transparency. Our platform ensures that every product we sell is curated with care, so customers know exactly what they’re buying and can make informed, conscious choices. Founded by Ayyappan R, former CEO of Cleartrip, Chief Business Officer at Myntra, and SVP at Flipkart, FirstClub is backed by top-tier VCs and angel investors who believe in our vision to transform retail. Ayyappan is an e-commerce veteran known for building several multi-billion-dollar businesses before venturing out to create FirstClub. We’re starting strong: initially focusing on fruits & vegetables, groceries, dairy, and health products, with plans to expand into categories like beauty, fashion, home, and more. Our mission is to become the go-to platform for high-quality, curated products that balance affordability and premium value. FirstClub isn’t just another quick commerce player—we’re building a platform of trusted brands. Whether it’s everyday essentials, freshly made goods, or gourmet treats, we’re here to deliver quality, trust, and transparency in everything we do. We’re currently in 0-to-1 hiring mode, laying the foundation for what’s to come. Every single hire at this stage will play a pivotal role in shaping FirstClub’s future. If you’re someone who’s excited about building from the ground up and creating something extraordinary, we’d love to connect! Download the app : https://qr-codes.io/tj10KA",426,2024,"Technology, Information and Internet",104857929,https://in.linkedin.com/company/firstclub-private-limited,"Bengaluru South, Karnataka, India","Q-Commerce, E-Commerce, Offline Retail, Retail, and Commerce",https://qr-codes.io/tj10KA,Building FirstClub,9/2025,false,,false,"Experienced Program Manager with over 6 years of success driving operational excellence and building scalable supply chains across high-growth startups like Vegrow, Jumbotail, and Supr Daily. I specialize in designing and executing strategic programs that reduce costs, improve service levels, and enhance process efficiency. Currently an Entrepreneur in Residence at Vegrow, I lead cross-functional teams to drive supply chain transformation, operational automation, and infrastructure development. Previously, I have built last-mile planning models, led cold chain design, reduced wastage significantly, and developed playbooks to streamline operations during peak loads. With a strong foundation in engineering and management from IIT (ISM) Dhanbad and IIM Mumbai, I bring a data-driven, hands-on approach to solving complex operational challenges. I'm passionate about working at the intersection of technology, design, and strategy to deliver measurable business impact.",1421,2026-08-25 00:00:00.000 +0530,,,,,,,,,,,,,,,,,124,
surinder verma,surinder,verma,https://www.linkedin.com/in/surinder-verma-8b94992a,urn:li:member:102722253,surinder-verma-8b94992a,Punjab,,India,"Punjab, India",Shiva Datta Music,remix,10+yoe_global,member_urn,Shiva Datta Music | 5 followers on LinkedIn.,2,,Musicians,1302661,https://www.linkedin.com/company/shiva-datta-music,,,https://www.mikecohenkirtan.com/,all of my frds,11/1982,false,https://media.licdn.com/dms/image/v2/C4D03AQE0r07Q42C6lA/profile-displayphoto-shrink_100_100/profile-displayphoto-shrink_100_100/0/1517596760431?e=1788998400&v=beta&t=OsbI7S5bVqYaYiE76Ah8i91tGpQ-vZuMSe2SPe5FCa0,false,,1419,2026-08-25 00:00:00.000 +0530,,,,,,,,,,,,,,,,,702,
aloke Kumar dhar,aloke Kumar,dhar,https://www.linkedin.com/in/aloke153,urn:li:member:28659155,aloke153,Ranchi,Jharkhand,India,"Ranchi, Jharkhand, India",Coal India Limited,General Manager,10+yoe_indian,member_urn,,,,,,,,,,Iiasioning with different Govt Departments,9/2010,false,,false,"Experience in underground & opencast coal mining for several years in senior Managerial positions in Indian Coal Mining, At present working on Project in coal bed methane & coal mine methane Interested in extractions of COAL BED METHANE & COAL MINE METHANE. Specialties: STEERING ANY PROJECT ON COAL MINING & COAL MINE METHANE",1416,2026-08-25 00:00:00.000 +0530,,,,,,,,,,,,,,,,,956,
Sajid Zafar,Sajid,Zafar,https://www.linkedin.com/in/sajid-zafar-05622718,urn:li:member:60270978,sajid-zafar-05622718,Ranchi,Jharkhand,India,"Ranchi, Jharkhand, India",SCIENCE PLANET,Propreitoor,10+yoe_indian,member_urn,,,,,,,,,,,4/2008,false,https://media.licdn.com/dms/image/v2/C4D03AQHft4ZP_YOy3Q/profile-displayphoto-shrink_100_100/profile-displayphoto-shrink_100_100/0/1516778268611?e=1788998400&v=beta&t=FXAxU9JqvprgOH-lTQ2ZRQKt44q7c8pfFaNxusJnBhI,false,,1417,2026-08-25 00:00:00.000 +0530,,,,,,,,,,,,,,,,,2425,
Harsh Sharma,Harsh,Sharma,https://www.linkedin.com/in/harsh-sharma-53a74b120,urn:li:member:503489854,harsh-sharma-53a74b120,Delhi,,India,"Delhi, India",Self employed,Technical Consultant,10+yoe_global,member_urn,,,,,,,,,,,7/2017,false,https://media.licdn.com/dms/image/v2/C5103AQFGetwOb98Nlg/profile-displayphoto-shrink_100_100/profile-displayphoto-shrink_100_100/0/1516936043569?e=1788998400&v=beta&t=tyxatpymfVW5ClAcVgQY75a3EE3tgLfq8-4-XUgP364,false,,1804,2026-08-25 00:00:00.000 +0530,,,,,,,,,,,,,,,,,2432,
Anirban Mazumdar,Anirban,Mazumdar,https://www.linkedin.com/in/anirban-mazumdar-96918821,urn:li:member:75079521,anirban-mazumdar-96918821,Jharkhand,,India,"Jharkhand, India",Adani Group,Associate Manager,10+yoe_indian,member_urn,"Adani Group is a diversified organisation in India comprising 10 publicly traded companies. It has created a world class transport and utility infrastructure portfolio that has a pan-India presence. Adani Group is headquartered in Ahmedabad, in the state of Gujarat, India. Over the years, Adani Group has positioned itself to be the market leader in its transport logistics and energy utility portfolio businesses focusing on large scale infrastructure development in India with O & M practices benchmarked to global standards. With four IG rated businesses, it is the only Infrastructure Investment Grade issuer in India. Adani owes its success and leadership position to its core philosophy of ‘Nation Building’ driven by ‘Growth with Goodness’ - a guiding principle for sustainable growth. Adani is committed to increase its ESG footprint by realigning its businesses with emphasis on climate protection and increasing community outreach through its CSR programme based on the principles of sustainability, diversity and shared values. Watch Pehle Pankha Ayega | Phir Bijli Aayegi : https://www.youtube.com/watch?v=1orXXuPzNmY",21084,,Utilities,45812,http://www.linkedin.com/company/adani-group,India,,https://www.adani.com/,"Terminal Operation, Logistics, Government Liosoning",9/2024,false,https://media.licdn.com/dms/image/v2/D4D03AQEpADCfc7_mNw/profile-displayphoto-crop_800_800/B4DZg8RHfnGsAQ-/0/1753357779871?e=1788998400&v=beta&t=gKQBf2Ykt-_oNxLptBXr0fFUFXy2_sFgeE_VQCy4-EA,false,,1426,2026-08-25 00:00:00.000 +0530,,,,,,,,,,,,,,,,,848,
Pritam Singh,Pritam,Singh,https://www.linkedin.com/in/pritam-singh-8ab725b8,urn:li:member:419830979,pritam-singh-8ab725b8,Dhanbad,Jharkhand,India,"Dhanbad, Jharkhand, India",CSIR-CIMFR DHANBAD,JRF,10+yoe_indian,member_urn,,,,,,,,,,,7/2014,false,https://media.licdn.com/dms/image/v2/C5603AQEqYwNiNsBLXA/profile-displayphoto-shrink_100_100/profile-displayphoto-shrink_100_100/0/1516873228710?e=1788998400&v=beta&t=7qkeYfZD3dGtCwZk4P6Yz-LU3mqrzteakOvNlHkJygo,false,,1427,2026-08-25 00:00:00.000 +0530,,,,,,,,,,,,,,,,,1709,
Basant Kumar,Basant,Kumar,https://www.linkedin.com/in/basant-kumar-129a9432,urn:li:member:116149425,basant-kumar-129a9432,Maharashtra,,India,"Maharashtra, India",Oil and Natural Gas Coporation Ltd.,Chief Geophysicist,10+yoe_indian,member_urn,,,,,,,,,,,1/1996,false,https://media.licdn.com/dms/image/v2/C5603AQEF3m0gcU6U6A/profile-displayphoto-shrink_100_100/profile-displayphoto-shrink_100_100/0/1516518231489?e=1788998400&v=beta&t=TTCZ9H1ydxzxC8nb1l92bvHYU9vChwmqiw8IohIKyjg,false,,1428,2026-08-25 00:00:00.000 +0530,,,,,,,,,,,,,,,,,2243,
Dr. Prafulla Adhikari,Dr. Prafulla,Adhikari,https://www.linkedin.com/in/dr-prafulla-adhikari-26331121,urn:li:member:75418923,dr-prafulla-adhikari-26331121,Jharkhand,,India,"Jharkhand, India",Uranium Corporation of India Limited,Superintendent Physics,10+yoe_indian,member_urn,,,,,,,,,,,6/2002,false,https://media.licdn.com/dms/image/v2/C4D03AQHXYPBu5aYvvA/profile-displayphoto-shrink_100_100/profile-displayphoto-shrink_100_100/0/1516936634551?e=1788998400&v=beta&t=9rdkql40afe22HiXgGmjLr320JwH4qAbj6HgZ2LqLKI,false,,1429,2026-08-25 00:00:00.000 +0530,,,,,,,,,,,,,,,,,2625,
Krishna Kumar,Krishna,Kumar,https://www.linkedin.com/in/krishna-kumar-7ab59789,urn:li:member:314972339,krishna-kumar-7ab59789,Nagpur,Maharashtra,India,"Nagpur, Maharashtra, India",Retited from Indian Bureau of Mines,Retired Controller of Mines,10+yoe_indian,member_urn,,,,,,,,,,,12/1996,false,https://media.licdn.com/dms/image/v2/C4E03AQGDYx7n3tUi9Q/profile-displayphoto-shrink_100_100/profile-displayphoto-shrink_100_100/0/1517239895745?e=1788998400&v=beta&t=RlSWA1dOyVj4mCN3K5s5czhgwMuEh-uT72AfP6TXBTE,false,,1430,2026-08-25 00:00:00.000 +0530,,,,,,,,,,,,,,,,,2365,
Sarada Routray,Sarada,Routray,https://www.linkedin.com/in/sarada-routray-3a509258,urn:li:member:203237549,sarada-routray-3a509258,South Delhi,Delhi,India,"South Delhi, Delhi, India",DELHI TRANSCO LIMITED,MANAGER,10+yoe_indian,member_urn,,,,,,,,,,SCADA Network,10/2004,false,https://media.licdn.com/dms/image/v2/C5603AQF1CRmEpof__Q/profile-displayphoto-shrink_100_100/profile-displayphoto-shrink_100_100/0/1616440615147?e=1788998400&v=beta&t=01YuTVQ35BKX6nIlksJpvRCm0IHNmLnlyKMf_yx7myE,false,,1431,2026-08-25 00:00:00.000 +0530,,,,,,,,,,,,,,,,,1740,
Krishna Kumar,Krishna,Kumar,https://www.linkedin.com/in/krishna-kumar-72236a17,urn:li:member:57622922,krishna-kumar-72236a17,Kolkata,West Bengal,India,"Kolkata, West Bengal, India",Electrosteel Castings Ltd,Manager,10+yoe_indian,member_urn,,,,,,,,,,"Project in-charge of CBM activity to degas the mine. designing of the JV agreement with company from Oil and gas Industry. Shaft shinking activity In-charge. Project management market research studies which include scope for Exploration, Geological Modeling, Mining Plan, Feasibility Study, Mine Closer Plan, Mine Planning, Operational Safety, Simulator for different Mining Operations. Risk Analysis and defining mitigation process for Mining Operations in Green field project. Mine costing & Financial analysis Internal due diligence & scoping studies",12/2008,false,https://media.licdn.com/dms/image/v2/C4D03AQHuLRMxMVVN1g/profile-displayphoto-shrink_100_100/profile-displayphoto-shrink_100_100/0/1516626226433?e=1788998400&v=beta&t=GEftEEPE9neQ8GL5q5zOn_t1Hjn9lSfa8l51hiqhLL4,false,,1432,2026-08-25 00:00:00.000 +0530,,,,,,,,,,,,,,,,,1788,
Vikash ###i am here 4 u Only###,Vikash,###i am here 4 u Only###,https://www.linkedin.com/in/vikash-i-am-here-4-u-only-23232417,urn:li:member:57528902,vikash-i-am-here-4-u-only-23232417,Dhanbad,Jharkhand,India,"Dhanbad, Jharkhand, India",Coal India Limited,Assistant Manager,10+yoe_indian,member_urn,,,,,,,,,,,7/2010,false,https://media.licdn.com/dms/image/v2/C4D03AQEts-D8zvo-3A/profile-displayphoto-shrink_100_100/profile-displayphoto-shrink_100_100/0/1516625368933?e=1788998400&v=beta&t=dBJov55QOVlkPR9yhHxrqmDHXtExkUqMAOmAymT0Oms,false,,1433,2026-08-25 00:00:00.000 +0530,,,,,,,,,,,,,,,,,956,
Dhiraj Kumar,Dhiraj,Kumar,https://www.linkedin.com/in/dhiraj-kumar-7967422a5,urn:li:member:1235040738,dhiraj-kumar-7967422a5,Ranchi,Jharkhand,India,"Ranchi, Jharkhand, India",CMPDI Office,General Manager,6-10yoe_global_indian,member_urn,,119,,,93396408,http://www.linkedin.com/company/cmpdi-office,"Ranchi, Jharkhand, India",,http://cmmclearinghouse.cmpdi.co.in,,1/2023,false,https://media.licdn.com/dms/image/v2/D4E03AQFx039m1dDqUQ/profile-displayphoto-shrink_100_100/profile-displayphoto-shrink_100_100/0/1702999390348?e=1788998400&v=beta&t=5FMTTJZwg3dsRx2g3ZHxzjJFj-Lv9Gv7mn7C47cY2rI,false,,2872,2026-08-25 00:00:00.000 +0530,,,,,,,,,,,,,,,,,955,
PRATYUSH PRADHAN,PRATYUSH,PRADHAN,https://www.linkedin.com/in/pratyush-pradhan-51122635a,urn:li:member:1499514205,pratyush-pradhan-51122635a,Nagpur,Maharashtra,India,"Nagpur, Maharashtra, India",Mineral Exploration And Consultancy Limited,Assistant Manager (Geology),6-10yoe_global_indian,member_urn,"Mineral Exploration and Consultancy Limited (MECL) is a premier public sector enterprise under the Ministry of Mines, Government of India, specializing in mineral exploration and consultancy. With over 50 years of expertise, MECL has become a key player in India’s mineral exploration sector, contributing to the discovery and development of mineral resources across the country. MECL’s core services include geological surveys, geophysical and geochemical exploration, exploratory drilling, and resource estimation. Through advanced technologies such as gamma-ray spectrometry and geophysical methods, MECL ensures accurate identification and analysis of mineral deposits, including critical mineral, fertilizer minerals and rare earth elements (REE) and critical minerals. The company is integral to India’s efforts to achieve self-reliance in critical minerals, particularly under NMET and National Critical Mineral Mission (NCMM). MECL’s strategic partnerships, such as its joint venture Khanij Bidesh India Ltd. (KABIL), extend its reach beyond India, including exploration projects in Argentina. As a responsible enterprise, MECL integrates sustainability into its operations, minimizing environmental impacts and ensuring that mineral exploration adheres to global standards. With a commitment to innovation, sustainability, and global expansion, MECL is playing a pivotal role in securing India’s mineral resources and driving the nation’s growth.",462,1972,Mining,13346953,https://in.linkedin.com/company/minexpconsltd,"Nagpur, Maharashtra, India","Geological Services, Remote Sensing, Geophysics , Mineral Exploration, Drilling & Mining , Geological Reports, Coal Sampling Services, Environmental Services, Laboratory & Other Services , Workshop & Maintenance Services, Geological Consultancy Services, Fertilizer mineral Exploration, and Critical Mineral Exploration",http://www.mecl.co.in,,7/2017,false,https://media.licdn.com/dms/image/v2/D4E03AQHuGQ07RD6VUw/profile-displayphoto-shrink_400_400/B4EZYEMzNpHUAg-/0/1743827186719?e=1788998400&v=beta&t=gSBjstBtIuc4uE3C9_BdiV2p2b3nROZ9sdwm8lkJlRg,false,,2897,2026-08-25 00:00:00.000 +0530,,,,,,,,,,,,,,,,,201,
Shreeman Narayan Tiwary,Shreeman Narayan,Tiwary,https://www.linkedin.com/in/shreeman-narayan-tiwary-3357aa16,urn:li:member:55714649,shreeman-narayan-tiwary-3357aa16,Ranchi,Jharkhand,India,"Ranchi, Jharkhand, India",Indian Association of Physics Teacher,Vice-President.,10+yoe_indian,member_urn,,,,,,,,,,"Joined as Vice-President of Indian Association of Physics Teachers, Kanpur, India for 3 consecutive years: January, 2013 to December, 2015 form the East Zone comprising of the states: West Bengal, Orisa, Jharkhand, and all the NE states.",1/2013,false,https://media.licdn.com/dms/image/v2/C4D03AQEQ2UkvaOhzJw/profile-displayphoto-shrink_100_100/profile-displayphoto-shrink_100_100/0/1516607858130?e=1788998400&v=beta&t=r_PyU7_RNrXrRbSsvimvfe9XSTJb7DFCFsTB2lDF-Qo,false,,1434,2026-08-25 00:00:00.000 +0530,,,,,,,,,,,,,,,,,1979,
Chinmay Baruah,Chinmay,Baruah,https://www.linkedin.com/in/chinmay-baruah,urn:li:member:41249343,chinmay-baruah,Bengaluru,Karnataka,India,"Bengaluru, Karnataka, India",HEPI,Principal Reservoir Engineer,10+yoe_global,member_urn,,,,,,,,,,,5/2024,false,,false,Motivated by the challenge of building new initiatives and adding value to business growth,2883,2026-08-25 00:00:00.000 +0530,,,,,,,,,,,,,,,,,1935,
Rakesh Kumar,Rakesh,Kumar,https://www.linkedin.com/in/rakesh-kumar-8b57917,urn:li:member:22833353,rakesh-kumar-8b57917,Delhi,,India,"Delhi, India",Trijotech Software Consulting Pvt. Ltd.,Managing Director,10+yoe_indian,member_urn,"Trijotech is a team of techno-functional consultants with deep industry & technical expertise in implementation of SAP EPM and Analytics software solutions as well as in finance, accounts and business strategy domain. Our consultants have executed various successful projects across geographies and industries and we have partners in India, Singapore, Germany and UAE.",28,2017,Software Development,14565210,https://in.linkedin.com/company/trijotech,"Noida, Uttar Pradesh, India",,http://www.trijotech.com,,2/2019,true,,false,"Founder and Managing Director @Trijotech, specializing in SAP Digital Transformation, Analytics, and Enterprise Planning. With 18+ years of SAP consulting experience, Rakesh has led numerous SAP implementations across the globe, helping enterprises optimize operations and maximize ROI through S/4HANA, SAP Analytics Cloud, BTP, Group Reporting, and PaPM. Trijotech is an SAP Partner Company, focused on empowering businesses with customer-centric SAP solutions for ERP modernization, Financial Consolidation, Planning & Analytics, and SAP BTP-driven automation, enabling seamless digital transformation. Let’s connect to explore SAP-driven innovation! Website: www.trijotech.com",1436,2026-08-25 00:00:00.000 +0530,,,,,,,,,,,,,,,,,304,
Swapan MOHANTY,Swapan,MOHANTY,https://www.linkedin.com/in/swapan-mohanty-4156611a,urn:li:member:67311377,swapan-mohanty-4156611a,Madhya Pradesh,,India,"Madhya Pradesh, India",Greenko Group,Associate Vice President,10+yoe_indian,member_urn,"Greenko, is one of the World’s leading Energy Transition and Decarbonization solutions company, with an installed Renewable Energy capacity of ~7.5 GW across Wind, Solar and Hydro capacities with presence in 15 states in India. Projects of 50 GWh of storage are planned to be operational by 2025. Additionally, another 50 GWh of storage are planned in the subsequent years taking total storage capacity to 100 GWh. Further energy from these assets will be digitally managed via a cloud-based platform. To enable deeper decarbonization Greenko is foraying into green molecule sector. Primarily leveraging energy storage and also partnerships with world renown technology firms like John Cockerill for electrolysers and Technip for engineering, Greenko aims to be amongst the lowest cost producer of Green Hydrogen in the world. Greenko will establish electrolyser Giga factories capable of delivering 2 GW per annum of electrolyzers. Additionally, Greenko will establish green Ammonia production capacity of 2 mtpa within the next 4 years.",2921,2006,Renewables & Environment,1145316,http://www.linkedin.com/company/greenko-group,"Hyderabad, Telangana, India",,http://www.greenkogroup.com/,,7/2024,false,https://media.licdn.com/dms/image/v2/D4D03AQFnwpqbQ7Jjqw/profile-displayphoto-shrink_100_100/profile-displayphoto-shrink_100_100/0/1732698031185?e=1788998400&v=beta&t=4TGP7ANPbzwGQkalUCDhp5R__aRXJf7J4fZixicXTdY,false,,1449,2026-08-25 00:00:00.000 +0530,,,,,,,,,,,,,,,,,1067,
Job Simon,Job,Simon,https://www.linkedin.com/in/job-simon-446598154,urn:li:member:622529910,job-simon-446598154,Bilaspur,Chhattisgarh,India,"Bilaspur, Chhattisgarh, India",KPMG,Assistant Manager,founders,member_urn,"KPMG is a global organization of independent professional services firms providing Audit, Tax and Advisory services. KPMG is the brand under which the member firms of KPMG International Limited (“KPMG International”) operate and provide professional services. “KPMG” is used to refer to individual member firms within the KPMG organization or to one or more member firms collectively. KPMG firms operate in 143 countries and territories with more than 273,000 partners and employees working in member firms around the world. Each KPMG firm is a legally distinct and separate entity and describes itself as such. Each KPMG member firm is responsible for its own obligations and liabilities. KPMG International Limited is a private English company limited by guarantee. KPMG International Limited and its related entities do not provide services to clients. For more detail about our structure, please visit kpmg.com/governance.",243315,,Accounting,2525300,https://ch.linkedin.com/company/kpmg,Canada,"Advisory, Tax und Audit",http://www.kpmg.com,,10/2025,false,,false,,3706,2026-08-25 00:00:00.000 +0530,,,,,,,,,,,,,,,,,14,
Sandeep Nelliat,Sandeep,Nelliat,https://www.linkedin.com/in/sandeep-nelliat-4827aa12,urn:li:member:43770914,sandeep-nelliat-4827aa12,Kolar,Karnataka,India,"Kolar, Karnataka, India",National Institute of Rock Mechanics,Senior Scientist,10+yoe_indian,member_urn,,,,,,,,,,"R&D and Consulting on Geophysical Engineering related to Rock Engineering Projects. Area of work includes geological studies, near surface geophysics, structural integrity studies, tunneling, mining and excavation, infrastructure development projects/metro rail/underground space development, hydropower projects, bridges and super structures.",11/2012,false,https://media.licdn.com/dms/image/v2/C4D03AQElHM4Ed8Z81A/profile-displayphoto-shrink_100_100/profile-displayphoto-shrink_100_100/0/1516431797757?e=1788998400&v=beta&t=kTYECOkCigg_jZmmLO2gR5cOFUREAcPCTCfkdSaeEaQ,false,,1463,2026-08-25 00:00:00.000 +0530,,,,,,,,,,,,,,,,,2196,
ABHINESH RAI,ABHINESH,RAI,https://www.linkedin.com/in/abhinesh-rai-a9b7772a,urn:li:member:103424087,abhinesh-rai-a9b7772a,West Bengal,,India,"West Bengal, India",Quick Fix IT Solutions,Director,10+yoe_indian,member_urn,,,,,,,,,,,6/2014,false,https://media.licdn.com/dms/image/v2/C5103AQHXPS_J6_SlYQ/profile-displayphoto-shrink_100_100/profile-displayphoto-shrink_100_100/0/1531627274596?e=1788998400&v=beta&t=KwDI-ObEidM-NgP0hCTbhSi-tYcdgxgO4kMYaP8XxEw,false,,1464,2026-08-25 00:00:00.000 +0530,,,,,,,,,,,,,,,,,2333,
Pradeep Mittal,Pradeep,Mittal,https://www.linkedin.com/in/pradeep-mittal-80075824,urn:li:member:85468032,pradeep-mittal-80075824,Delhi,,India,"Delhi, India",Kartavya ( a national level NGO),Executive Director,10+yoe_indian,member_urn,,,,,,,,,,"JOB PROFILE 1) Management of all chapters of Kartavya: Kartavya have six chapters and 10 education centers where more than 1200 students are studying and 800 volunteers are directly involved. My task is to make ensure that Kartavya run smoothly and without any obstructions. 2) Start new chapter of Kartavya in more colleges. 3) Arrange the fund for the organization: Writing the proposal to get fund from funding institution and organization. 4) Managing the account of Kartavya and take decisions to allot the fund to chapters. 5) Motivating and guiding the volunteers and employees 6) Planning and implementation process of project. 7) Liaison with Government/Non-Government Organization, 8) Setting time-to-time Monitoring and Evaluation System. 9) Arrange the teacher training program for volunteers and employees. 10) Facilitate the chapters to start new project to help the committee for their development.",7/2011,false,https://media.licdn.com/dms/image/v2/C4D03AQFMymsjFW3xKw/profile-displayphoto-shrink_100_100/profile-displayphoto-shrink_100_100/0/1517229192269?e=1788998400&v=beta&t=OhBHRUFMKv2hoDfQUf86PR_J-Fs-xw8MYDDzghQDjO8,false,,1457,2026-08-25 00:00:00.000 +0530,,,,,,,,,,,,,,,,,2065,
S Sarkar,S,Sarkar,https://www.linkedin.com/in/s-sarkar-a5712a107,urn:li:member:451192675,s-sarkar-a5712a107,Midnapore,West Bengal,India,"Midnapore, West Bengal, India",Punjab National Bank,Manager,6-10yoe_global_indian,member_urn,"“Fired by the spirit of nationalism and founded on the idea that Indians should have a national bank of their own, which would further the economic interest of the country, Punjab National Bank Ltd was the result of the efforts of far-sighted visionaries and patriots, among whom were persons like Lala Lajpat Rai, Mr. E C Jessawala, Babu Kali Prasono Roy, Lala Harkishan Lal and Sardar Dyal Singh Majithia. Incorporated under the Act VI of 1882, Indian Companies Act, the Bank commenced operations on April 12, 1895 from Lahore. Since inception, PNB has always been a ""People's bank"" serving millions of people throughout the country and also had the proud distinction of serving great national leaders like Sarvshri Jawahar Lal Nehru, Gobind Ballabh Pant, Lal Bahadur Shastri, Rafi Ahmed Kidwai, Smt. Indira Gandhi etc. amongst other who banked with us. Bank has spread its offerings and has grown as technology driven bank with products & services to meet the aspirations of every segment of customers. With more than 122 years of strong existence and a network of 6950 Domestic Branches, 10502 ATMs as on 31st March 2017, Punjab National Bank is serving more than 10 crore esteemed customers. PNB, being one of the largest Nationalised Bank, has continued to provide prudent and trustworthy banking services to its customers. The bank enjoys strong fundamentals, large franchise value and good brand image. With the mission of ""Creating Value for all its customers, Investors and Employees for being the first choice for all stakeholders"" its presence across India is a strong brand; “The name you can bank upon”. To download PNB One, click here: http://bit.ly/3WwQ4ig Share your feedback here: https://www.pnbindia.in/customers-survey.aspx",26778,1894,Banking,473685,https://in.linkedin.com/company/pnbindia,"Delhi, India","Retail Banking, Corporate Banking, International Banking, Rural Banking, Digital Banking, Merchant Banking, Financial Inclusion, Credit Syndication, and Treasury",http://pnb.bank.in,,4/2024,false,https://media.licdn.com/dms/image/v2/C5603AQFPTu1Qt7uIlQ/profile-displayphoto-shrink_100_100/profile-displayphoto-shrink_100_100/0/1590147698459?e=1788998400&v=beta&t=qiSMRt_EAW6UA3Fu2TJ-KxGbOcR1MSsjJf_TbYjFseM,false,,2899,2026-08-25 00:00:00.000 +0530,,,,,,,,,,,,,,,,,242,
Praveen Kumar,Praveen,Kumar,https://www.linkedin.com/in/praveen-kumar-556039a5,urn:li:member:373326546,praveen-kumar-556039a5,Kolkata,West Bengal,India,"Kolkata, West Bengal, India","Coal India (Ministry of Coal, Government of India)",Deputy Manager,6-10yoe_global_indian,member_urn,,213,,Government Administration,92476859,https://www.linkedin.com/company/coal-india-ministry-of-coal-government-of-india,,,,,1/2018,false,https://media.licdn.com/dms/image/v2/D5603AQHq-pzymtcABQ/profile-displayphoto-scale_200_200/B56Zqc0VsqJwAc-/0/1763567576147?e=1788998400&v=beta&t=G8WARR5IGgcm1AS-fIDdSCuznX-bB575VIRK0qrohsY,false,,2909,2026-08-25 00:00:00.000 +0530,,,,,,,,,,,,,,,,,455,
Sandeep Kumar,Sandeep,Kumar,https://www.linkedin.com/in/sandeep-kumar-12127142,urn:li:member:149943913,sandeep-kumar-12127142,Kolkata,West Bengal,India,"Kolkata, West Bengal, India",Tata Steel,Vice President Raw Materials,10+yoe_indian,member_urn,"Tata Steel is one of the world’s most diversified integrated steel producers, with a capacity of 35 million tonnes per annum (MTPA) across India, the Netherlands, the UK, and Thailand. The World Economic Forum has recognised Tata Steel’s Jamshedpur, Kalinganagar and IJmuiden plants as Manufacturing Lighthouses. With over 76,000 employees worldwide, Tata Steel is a Great Place to Work®-certified organisation. In India, Tata Steel operates in Jamshedpur and Gamharia in Jharkhand, and in Kalinganagar (including Neelachal Ispat Nigam Limited) and Meramandali in Odisha, with an overall capacity of 26.6 MTPA. The Company has captive mining operations in India, including collieries in Jharia and West Bokaro, as well as iron ore mines in Noamundi, Katamati, Joda East, Khondbond, Vijaya II, and Koida. It also operates iron ore assets in Labrador and Northern Quebec, Canada. Tata Steel aims to achieve Net Zero emissions by 2045. The upcoming 0.75 MTPA electric arc furnace-based steelmaking facility in Ludhiana is the Company’s first low-emission plant in India. In the UK, Tata Steel is transitioning to a 3.2 MTPA EAF-based steelmaking route, following the decommissioning of its heavy-end assets in 2024. In 2025, the Government of the Netherlands and Tata Steel signed a non-binding Joint Letter of Intent for the first phase of the transition to low-emission steel production at IJmuiden. Focused on sustainability, innovation, agility, and fostering deep relationships with customers and communities, Tata Steel aspires to become the most respected and valuable metals and mining company globally.",58348,,Mining,166262,https://fr.linkedin.com/company/tatasteelltd,"Mumbai, Maharashtra, India","steelmaking, engineering, mining, steel products, steel solutions, steel research et engineering",https://www.tatasteel.com,,5/2025,false,https://media.licdn.com/dms/image/v2/C5603AQEvwMK07GS8sg/profile-displayphoto-shrink_100_100/profile-displayphoto-shrink_100_100/0/1516967003082?e=1788998400&v=beta&t=BJKVorvaAD5Dxqi1CFbjOALOtW14X3Pe8NKVGMUBouE,false,,1469,2026-08-25 00:00:00.000 +0530,,,,,,,,,,,,,,,,,29,
Nawaharsh Weake,Nawaharsh,Weake,https://www.linkedin.com/in/nawaharsh-weake-921842345,urn:li:member:1450280617,nawaharsh-weake-921842345,Pune District,Maharashtra,India,"Pune District, Maharashtra, India",K12 Techno Services Pvt. Ltd.,Associate Vice President - OCFP,6-10yoe_global_indian,member_urn,"K12 Techno Services Pvt. Ltd. is a leading education services provider in India, offering comprehensive support to K–12 schools across academic, administrative, technological, and operational domains. Established in 2010 and headquartered in Bengaluru, the company partners with educational institutions to create high-quality, student-focused learning environments. With a network of 110+ schools across major metro cities including Hyderabad, Chennai, Mumbai, Bengaluru, Gurgaon, Kolkata, and Pune, K12 Techno Services plays a significant role in enabling educational excellence at scale. Its integrated approach helps schools operate more efficiently while delivering better learning outcomes. Backed by renowned investors such as Kedaara Capital, Kenro Capital, Peak XV Partners (formerly Sequoia Capital India), and Navneet Learning LLP, the company reflects a strong foundation of trust, growth, and long-term vision. Driven by a culture of innovation, K12 brings together creative and committed professionals who are constantly working to build better learning ecosystems. From academic enrichment to institutional transformation, the organization is focused on reshaping school education in India through forward-thinking strategies and scalable execution. K12 Techno Services continues to be a trusted partner for schools seeking to elevate their standards, streamline operations, and prepare students for the challenges of tomorrow.",3066,2010,Education,1289979,http://www.linkedin.com/company/k12-techno-services-pvt.-ltd.,"Bengaluru, Karnataka, India","K–12 Education Services, Academic Curriculum Development, EdTech Solutions, Educational Content Development, STEM & Robotics Education, DIY Learning Kits for Schools, Data-Driven Student Assessments, Classroom Technology Integration, After-School Enrichment Programs, and Experiential & Project-Based Learning",http://www.k12technoservices.com/,,9/2025,false,https://media.licdn.com/dms/image/v2/D4E03AQH1ipOd-HPtBA/profile-displayphoto-shrink_400_400/B4EZRMGX9bGgAk-/0/1736443528016?e=1788998400&v=beta&t=yuXU3qCYwK5K3BLYAph87FV7LTElC4A3KULlAdxsZOI,false,,2914,2026-08-25 00:00:00.000 +0530,,,,,,,,,,,,,,,,,1151,
ANIL kumar Agarwal,ANIL kumar,Agarwal,https://www.linkedin.com/in/anil-kumar-agarwal-12213919,urn:li:member:63032426,anil-kumar-agarwal-12213919,Madhya Pradesh,,India,"Madhya Pradesh, India",Reliance coal Resources limited,Vice president,10+yoe_indian,member_urn,,,,,,,,,,,10/2008,false,https://media.licdn.com/dms/image/v2/C4D03AQEu52OMPgIa2A/profile-displayphoto-shrink_100_100/profile-displayphoto-shrink_100_100/0/1516802330856?e=1788998400&v=beta&t=9dAQaHscXQnyFN4pBJMPY_LZecTvY9hb1cycz8vxx6s,false,,1471,2026-08-25 00:00:00.000 +0530,,,,,,,,,,,,,,,,,2352,
Dilip Kumar Singh,Dilip Kumar,Singh,https://www.linkedin.com/in/dilip-kumar-singh-26b98616,urn:li:member:56163827,dilip-kumar-singh-26b98616,Mumbai,Maharashtra,India,"Mumbai, Maharashtra, India","Ministry of Railways, Indian Railway Traffic Service",Principal Chief Operations Manager,10+yoe_indian,member_urn,,,,,,,,,,,4/2018,false,https://media.licdn.com/dms/image/v2/C4D03AQFPlqA9knTvOg/profile-displayphoto-shrink_100_100/profile-displayphoto-shrink_100_100/0/1602606624793?e=1788998400&v=beta&t=nblGlrt3O84nBz9DaUMg5fBjiDcuBN8_5TWDMwbUGtU,false,,1472,2026-08-25 00:00:00.000 +0530,,,,,,,,,,,,,,,,,2167,
Deepak Parthasarathy,Deepak,Parthasarathy,https://www.linkedin.com/in/deepak-parthasarathy-501b5b10b,urn:li:member:465688081,deepak-parthasarathy-501b5b10b,Hyderabad,Telangana,India,"Hyderabad, Telangana, India","Mishra Dhatu Nigam Ltd. (MIDHANI, Ministry of Defence)",Human Resources Manager,10+yoe_indian,member_urn,,,,,,,,,,,7/2024,false,,false,"Experienced Manager Human Resources with a demonstrated history of working in the Manufacturing industry (Steel & Super-Alloy). Skilled in Talent Acquisition, Corporate Establishment activities, Policy Analysis, Employee Engagement, Competency Mapping etc. Strong human resources professional with a Master of Business Administration (M.B.A.) focused in Human Resources Management and Financial Management from Indian Institute of Technology (Indian School of Mines), Dhanbad.",1473,2026-08-25 00:00:00.000 +0530,,,,,,,,,,,,,,,,,2169,
Jitendriya Mishra,Jitendriya,Mishra,https://www.linkedin.com/in/jitendriya-mishra-3b5a82167,urn:li:member:668532665,jitendriya-mishra-3b5a82167,Delhi,,India,"Delhi, India",ONGC,Ex Group General Manager,10+yoe_indian,member_urn,,,,,,,,,,"Basin Analysis and Hydrocarbon Exploration related activities in Western Offshore Basin, Cambay, Jaisalmer, Krishna- Godavari, Cauvery and ASSAM/ Arakan Basins",3/1983,false,https://media.licdn.com/dms/image/v2/C5103AQGsaL35yYAjLw/profile-displayphoto-shrink_100_100/profile-displayphoto-shrink_100_100/0/1530632497989?e=1788998400&v=beta&t=q61gNLt-2sWQK6risLd8Trxtu88u9OZ3hIu4PVQikIA,false,,1476,2026-08-25 00:00:00.000 +0530,,,,,,,,,,,,,,,,,2255,
Mukesh Prasad,Mukesh,Prasad,https://www.linkedin.com/in/mukeshprasad,urn:li:member:89509776,mukeshprasad,Jharkhand,,India,"Jharkhand, India",Tata Steel,Head Environment Management (RM),10+yoe_indian,member_urn,"Tata Steel is one of the world’s most diversified integrated steel producers, with a capacity of 35 million tonnes per annum (MTPA) across India, the Netherlands, the UK, and Thailand. The World Economic Forum has recognised Tata Steel’s Jamshedpur, Kalinganagar and IJmuiden plants as Manufacturing Lighthouses. With over 76,000 employees worldwide, Tata Steel is a Great Place to Work®-certified organisation. In India, Tata Steel operates in Jamshedpur and Gamharia in Jharkhand, and in Kalinganagar (including Neelachal Ispat Nigam Limited) and Meramandali in Odisha, with an overall capacity of 26.6 MTPA. The Company has captive mining operations in India, including collieries in Jharia and West Bokaro, as well as iron ore mines in Noamundi, Katamati, Joda East, Khondbond, Vijaya II, and Koida. It also operates iron ore assets in Labrador and Northern Quebec, Canada. Tata Steel aims to achieve Net Zero emissions by 2045. The upcoming 0.75 MTPA electric arc furnace-based steelmaking facility in Ludhiana is the Company’s first low-emission plant in India. In the UK, Tata Steel is transitioning to a 3.2 MTPA EAF-based steelmaking route, following the decommissioning of its heavy-end assets in 2024. In 2025, the Government of the Netherlands and Tata Steel signed a non-binding Joint Letter of Intent for the first phase of the transition to low-emission steel production at IJmuiden. Focused on sustainability, innovation, agility, and fostering deep relationships with customers and communities, Tata Steel aspires to become the most respected and valuable metals and mining company globally.",58348,,Mining,166262,https://fr.linkedin.com/company/tatasteelltd,"Mumbai, Maharashtra, India","steelmaking, engineering, mining, steel products, steel solutions, steel research et engineering",https://www.tatasteel.com,,10/2022,false,https://media.licdn.com/dms/image/v2/C4D03AQFGatfd1uqBww/profile-displayphoto-shrink_100_100/profile-displayphoto-shrink_100_100/0/1517347637230?e=1788998400&v=beta&t=oXY1m--fgK4BrGv1XYCGrjypFcpYLtAcCaErX6eOlPs,false,,1477,2026-08-25 00:00:00.000 +0530,,,,,,,,,,,,,,,,,29,
Rohit Kumar Singhal,Rohit Kumar,Singhal,https://www.linkedin.com/in/rohit-kumar-singhal-959275107,urn:li:member:451536405,rohit-kumar-singhal-959275107,Sawai Madhopur,Rajasthan,India,"Sawai Madhopur, Rajasthan, India",Indian Railways,DSTE,6-10yoe_global_indian,member_urn,This is not an official page of Indian Railways.,33380,,Transportation/Trucking/Railroad,13434412,https://in.linkedin.com/company/indian-railways-new,"Delhi, India",,,,6/2024,false,https://media.licdn.com/dms/image/v2/C5103AQGRERYTQDE_1Q/profile-displayphoto-shrink_100_100/profile-displayphoto-shrink_100_100/0/1583081202405?e=1788998400&v=beta&t=AofXTohXZpsavfOPvyhyZREED2iIXlktJfM41U-jA3c,false,,2926,2026-08-25 00:00:00.000 +0530,,,,,,,,,,,,,,,,,160,
Dr. Keny T. Lucas,Dr. Keny T.,Lucas,https://www.linkedin.com/in/ktlucas,urn:li:member:17726814,ktlucas,Ranchi,Jharkhand,India,"Ranchi, Jharkhand, India",Xavier Institute of Polytechnic and Technology,Principal,10+yoe_indian,member_urn,,,,,,,,,,,9/2010,false,https://media.licdn.com/dms/image/v2/C4E03AQGo3c9GICO_Vg/profile-displayphoto-shrink_100_100/profile-displayphoto-shrink_100_100/0/1517661148371?e=1788998400&v=beta&t=JuaSUW1XRY533umv0sbE-Y2lxUMt4kY7Ct6R1GPYmpI,false,,1485,2026-08-25 00:00:00.000 +0530,,,,,,,,,,,,,,,,,2677,
Dr U D Choubey,Dr U D,Choubey,https://www.linkedin.com/in/dr-u-d-choubey-579171119,urn:li:member:493083885,dr-u-d-choubey-579171119,Noida,Uttar Pradesh,India,"Noida, Uttar Pradesh, India",SCOPE,Director General,10+yoe_indian,member_urn,,,,,,,,,,"Standing conference of Public enterprises (SCOPE) and APEX body to pursue professional excellence in state owned enterprises (PSU), Policy advocacy, reforms, interaction with ILO, OECD, European Union etc.",,false,https://media.licdn.com/dms/image/v2/C5603AQH2QuHwsp1IfA/profile-displayphoto-shrink_100_100/profile-displayphoto-shrink_100_100/0/1517596008601?e=1788998400&v=beta&t=1nMONqSIUSfiXYhQzFkvIABmg8ycyno4pRNBI9Vl118,false,,1486,2026-08-25 00:00:00.000 +0530,,,,,,,,,,,,,,,,,2427,
Kunal Pathak,Kunal,Pathak,https://www.linkedin.com/in/kunal-pathak-38117911,urn:li:member:39227857,kunal-pathak-38117911,Navi Mumbai,Maharashtra,India,"Navi Mumbai, Maharashtra, India",Zen Education And Learning (ZeAl),Founder,founders,member_urn,,,,,,,,,,,10/2016,false,,false,,3635,2026-08-25 00:00:00.000 +0530,,,,,,,,+919699398976,,17,28,,,+919699398976,,,2687,
Piyush Kumar,Piyush,Kumar,https://www.linkedin.com/in/piyush-kumar-3203b9b9,urn:li:member:422014344,piyush-kumar-3203b9b9,South Delhi,Delhi,India,"South Delhi, Delhi, India",Central Water Engineering services,Deputy Director,10+yoe_indian,member_urn,,,,,,,,,,,1/2020,false,https://media.licdn.com/dms/image/v2/C5603AQEtXCp7IRX9nQ/profile-displayphoto-shrink_100_100/profile-displayphoto-shrink_100_100/0/1516892278005?e=1788998400&v=beta&t=nK2tXdFSVBnwqTGrNxaV9ITPxPrhJTyqJjM4oriVikE,false,,1501,2026-08-25 00:00:00.000 +0530,,,,,,,,,,,,,,,,,1643,
Siyaram Singh,Siyaram,Singh,https://www.linkedin.com/in/siyaram-singh-7abb8118,urn:li:member:62625587,siyaram-singh-7abb8118,Delhi,,India,"Delhi, India","GHIAL, GMR Group",Manager - SPG,10+yoe_indian,member_urn,"GMR Group is a leading Indian infrastructure conglomerate with a diversified presence across Airports, Energy, Transportation, Urban Infrastructure, and Sports. With over two decades of experience, the Group has built world-class assets and pioneered innovations in sustainable infrastructure development. GMR Airports Limited (GAL), the Group’s airport arm, is a leading global airport platform company with extensive experience in designing, constructing, and operating world-class, sustainable airports. Operating under the brand name “GMR AERO”, GAL offers pioneering aviation solutions in retail, aero services, and real estate. In 2020, Groupe ADP joined as a strategic partner and is now a co-promoter in GAL, strengthening its global reach and expertise. As Asia’s largest private airport operator and the second-largest globally, GAL operates key airports in Delhi, Hyderabad, Goa, and Medan (Indonesia), while developing greenfield projects in Bhogapuram (India) and Crete (Greece). It also provides integrated aviation services, including MRO, cargo, digital innovation through GMR Innovex, and aviation training through GMR Aero Academy. In the energy and infrastructure space, GMR Power and Urban Infra Limited (GPUIL) leads with a diverse portfolio in clean and renewable energy, smart metering, EV infrastructure, and surface transport projects, backed by strong engineering and EPC capabilities. Under GMR Sports, the Group promotes talent and drives fan engagement through its ownership of iconic teams like Delhi Capitals (IPL), UP Yoddhas (Pro Kabaddi), and international franchises including Dubai Capitals, Seattle Orcas, and more. Committed to inclusive growth, the Group’s CSR arm, GMR Varalakshmi Foundation, works across education, skill development, and healthcare, positively impacting communities across its areas of operation.",18187,,Construction,22870,http://www.linkedin.com/company/gmr-group,"Delhi, India","Infrastructure, Airports, Power, Highways, Urban Infrastructure, Transportation, and Sports",https://www.gmrgroup.in,,8/2014,false,https://media.licdn.com/dms/image/v2/C4D03AQGOPDSrOrzhlw/profile-displayphoto-shrink_100_100/profile-displayphoto-shrink_100_100/0/1516798631546?e=1788998400&v=beta&t=BYfcoiM9zRCAV5dmgfT6NFPDIwtfPGsni6Zy9SK7T7o,false,,1502,2026-08-25 00:00:00.000 +0530,,,,,,,,,,,,,,,,,1055,
Kunal Mathanker,Kunal,Mathanker,https://www.linkedin.com/in/kunal-mathanker-9bb9a444,urn:li:member:157726367,kunal-mathanker-9bb9a444,Jamshedpur,Jharkhand,India,"Jamshedpur, Jharkhand, India",Tata Steel,Senior Technologist,10+yoe_indian,member_urn,"Tata Steel is one of the world’s most diversified integrated steel producers, with a capacity of 35 million tonnes per annum (MTPA) across India, the Netherlands, the UK, and Thailand. The World Economic Forum has recognised Tata Steel’s Jamshedpur, Kalinganagar and IJmuiden plants as Manufacturing Lighthouses. With over 76,000 employees worldwide, Tata Steel is a Great Place to Work®-certified organisation. In India, Tata Steel operates in Jamshedpur and Gamharia in Jharkhand, and in Kalinganagar (including Neelachal Ispat Nigam Limited) and Meramandali in Odisha, with an overall capacity of 26.6 MTPA. The Company has captive mining operations in India, including collieries in Jharia and West Bokaro, as well as iron ore mines in Noamundi, Katamati, Joda East, Khondbond, Vijaya II, and Koida. It also operates iron ore assets in Labrador and Northern Quebec, Canada. Tata Steel aims to achieve Net Zero emissions by 2045. The upcoming 0.75 MTPA electric arc furnace-based steelmaking facility in Ludhiana is the Company’s first low-emission plant in India. In the UK, Tata Steel is transitioning to a 3.2 MTPA EAF-based steelmaking route, following the decommissioning of its heavy-end assets in 2024. In 2025, the Government of the Netherlands and Tata Steel signed a non-binding Joint Letter of Intent for the first phase of the transition to low-emission steel production at IJmuiden. Focused on sustainability, innovation, agility, and fostering deep relationships with customers and communities, Tata Steel aspires to become the most respected and valuable metals and mining company globally.",58348,,Mining,166262,https://fr.linkedin.com/company/tatasteelltd,"Mumbai, Maharashtra, India","steelmaking, engineering, mining, steel products, steel solutions, steel research et engineering",https://www.tatasteel.com,,12/2018,false,https://media.licdn.com/dms/image/v2/C5103AQES4F8Guv4pFA/profile-displayphoto-shrink_100_100/profile-displayphoto-shrink_100_100/0/1545120752167?e=1788998400&v=beta&t=hdiNK38tgh7Vkv0-87lctBGWq-QgMAlEym-Hr9VG-3I,false,,1503,2026-08-25 00:00:00.000 +0530,,,,,,,,,,,,,,,,,29,
Nitin Sohane,Nitin,Sohane,https://www.linkedin.com/in/nitin-sohane-929b1718,urn:li:member:62490993,nitin-sohane-929b1718,Rajasthan,,India,"Rajasthan, India",The Radiant Academy,Director and HOD Maths,10+yoe_indian,member_urn,,,,,,,,,,,5/2020,false,https://media.licdn.com/dms/image/v2/D4E03AQFKyVCNL44GjQ/profile-displayphoto-shrink_100_100/profile-displayphoto-shrink_100_100/0/1704920343182?e=1788998400&v=beta&t=UrzmOSfOQn6Hu8ExSHk1xn9tOW8Z2uK23XVeyj9B3hU,false,,1504,2026-08-25 00:00:00.000 +0530,,,,,,,,,,,,,,,,,2576,
Mahip Singh,Mahip,Singh,https://www.linkedin.com/in/mahipin,urn:li:member:291995972,mahipin,,,Greater Delhi Area,Greater Delhi Area,Innovation Hub UP,Chief Executive Officer,founders,member_urn,"Innovation Hub is intended to be a Startup Center of Excellence for all the Startup Ecosystem Enablers to develop an end-to-end Innovation and Entrepreneurial Startup Ecosystem in Uttar Pradesh by creating a roadmap from “Ideation-to-Commercialization”. Innovation Hub is embodied to make strategic interventions to develop a benchmark incubation support system in the state by connecting the students, innovators, entrepreneurs, academia, industry and society at large. The main objective of Innovation Hub is to inculcate the entrepreneurial spirit in the youth and drive them to be the Changemakers of the Society. The Innovation Hub will work on Hub and Spoke model and will provide the state-of-the-art infrastructure and world-class lab facilities to the innovation centers and to the students, startups and incubates across the state of Uttar Pradesh. It will focus on commercializing new technologies, prototype research and development, patent filing, and creating new jobs, thereby strengthening economy. This Innovation Hub is facilitated by Dr. A. P. J. Abdul Kalam Technical University with an advisory board of experienced and eminent industrialists and an executive committee of dedicated directors with active participation of faculty and support staff. Dr. APJ Abdul Kalam Technical University, Innovation Hub is instituted in Lucknow and it is a pulsating Incubation Center set-up authority spread across Uttar Pradesh in 15 Rajkiya Engineering Colleges (RECs) and established under the Department of Technical Education, Government of Uttar Pradesh. 15 Incubation Centers are being set-up in Center for Advanced Studies; AKTU, Lucknow, I.E.T., Lucknow; Faculty of Architecture & Planning, Lucknow; U.P. Institute of Design, Noida; Dr. Ambedkar Institute of Technology for Handicapped, Kanpur; KNIT Sultanpur; BIET, Jhansi; Uttar Pradesh Textile Technology Institute, Kanpur; REC Ambedkar Nagar, REC Azamgarh, REC Banda, REC Bijnor, REC Kannauj, REC Mainpuri, and REC Sonbhadra.",6,2017,Think Tanks,79974796,https://in.linkedin.com/company/innovation-hub-aktu,"Kakori, Uttar Pradesh, India","Startups, Incubation, Prototype Development, Marketing Assistance, Sustenance Grant, Capacity Building, Networking, Advanced Technology Labs, Startup Funding, Collaborative Co-working Space, IPR Support, Techno-Commercial Mentoring, Regulatory and Advisory Services, Innovation Policy, Incubation Centers, Partnerships, Policy, and Processes",https://startinup.up.gov.in/welcome/innovation_hub,,1/2026,false,,false,"B.Tech in Mechanical, and an M.Tech in Design, and is pursuing a Ph.D. in Optimization in the Machining Process from IIT Dhanbad. Mahip Singh's focus has been on commercializing new technologies, prototype research and development, patent filing, and creating new jobs. He brings vast experience with a demonstrated history of working in the Technical Education Industry. He has filed 15 patents and has been to NASA twice for his innovative Project. He has previously served as Incubation Coordinator and has been instrumental in developing the eCells and has been a Grant Generator for Incubation Centers. He is leading several programs and initiatives in the areas of Innovation and Entrepreneurship at AKTU. He has been leading key initiatives like working on Innovative Ideas, POC development, IPR, testing, and startup development. He has been skilled in Robotics, Electro Mobility, Automobile, Mechatronics, Aero-Modelling etc. He is very passionate about working on electro-mechanical projects, modifying available technology, and researching the optimum utilization of various technologies that could provide a feasible solution to social problems. Apart from his academic responsibilities he has been involved in as Sr. Project Associate at IIT Kanpur after his graduation. Mahip Singh has been trying to bring social and industrial change through technological intervention. Few are his efforts are working and designing a “Smart Down Rod” for Easy Cleaning and Preventing Suicide by Hanging from Ceiling Fans by giving a simple solution to the society. Anti-Milk Spilling control unit is another economical innovation that controls the boiling of milk according to domestic needs id designed and developed by him. In the area of green and clean energy, Mahip Singh has designed an AI/feedback-based 4-stage automatic solar cleaning solution that enhances the efficiency of solar panels which ensures 95% cleaning of panels. Electric Vehicle acceleration enhancer provides power when high acceleration is needed and provides maximum mileage while running on plain roads. It is a smart way to avoid the wastage of power in EVs. Continuously Variable Generator with Electro-Mechanical Synchronization is all about optimization of fuel consumption of electricity generator according to the load conditions without hampering other parameters of electricity.",3171,2026-08-25 00:00:00.000 +0530,,,,,,,,,,,,,,,,,162,
Awinash Jha,Awinash,Jha,https://www.linkedin.com/in/awinash,urn:li:member:19734124,awinash,Bhilwara,Rajasthan,India,"Bhilwara, Rajasthan, India",Minova Runaya,Chief Executive Officer,10+yoe_indian,member_urn,,,,,,,,,,,2/2026,false,,false,"Strategic business leader with 25+ years of P&L ownership and international experience across Mining, Infrastructure, Railways, Oil & Gas, and Power—currently CEO at Minova Runaya, driving double-digit growth, green energy transition, automation, new product launch and market expansion. Proven track record in leading multi million dollar global contracts, business turnarounds, and digital transformation, with recognized success in cost optimization, stakeholder engagement, and building high-performing teams.A sport and fitness enthusiast , marathon runner and voracious reader on topics related to business, finance and health",1507,2026-08-25 00:00:00.000 +0530,,,,,,,,,,,,,,,,,2168,
Sudhakar Vijapurapu,Sudhakar,Vijapurapu,https://www.linkedin.com/in/sudhakar-vijapurapu-7b5a2ab,urn:li:member:35394041,sudhakar-vijapurapu-7b5a2ab,Chennai,Tamil Nadu,India,"Chennai, Tamil Nadu, India",IMC Limted,Vice President (Technical),10+yoe_indian,member_urn,,,,,,,,,,,7/2017,false,,false,"36+ years of experience with National and Multi-National E&P companies delivering integrated subsurface projects in India, Malaysia, Australia, Iraq and Nigeria Exploration and Development Geologist Team lead and Project lead roles for subsurface integrated Projects viz: Field development studies, EOR studies, Reserves Reporting, Exploration projects and Unitisation Projects Broad experience in successful delivery of - Field Development studies for Onshore & Offshore Basins of India, Malaysia, Australia, Iraq, Nigeria & Indonesia - Green Field and Brown field development studies - Drilling Campaigns and Operation Geology support (Onshore and Offshore) - Full field Reviews for offshore Oil & Gas fields having clastic and Carbonate reservoirs - Exploration studies for Prospect generation and resource estimation - Planning 3D seismic data acquisition, Surveillance of producing wells and Workover Operations Experience in project management, conducting well reviews and Annual Field performance reviews Rich hands-on experience on PETREL for building and maintaining integrated seismic driven static models for Clastic and Carbonate reservoirs located onshore and offshore in India, Malaysia, Indonesia, Australia, Nigeria, Iraq and Iran. Technical Authority role - Review of static models & related deliverables of junior staff 15+ years of Experience in recruitment of new talent, Coaching and mentoring of younger staff",1508,2026-08-25 00:00:00.000 +0530,,,,,,,,,,,,,,,,,1969,
Shashi Bhushan,Shashi,Bhushan,https://www.linkedin.com/in/shashi-bhushan-0b470b26,urn:li:member:91340488,shashi-bhushan-0b470b26,Ahmedabad,Gujarat,India,"Ahmedabad, Gujarat, India",Rubamin SARL,Chief Operating Officer,10+yoe_indian,member_urn,,,,,,,,,,"- Grew the plant from 2 Arc Furnaces and 7,200 MT/year to 9 furnaces and 31,578 MT/year over 16 years, progressing from General Manager to COO across five roles. - Commissioned every major facility added to the site — 9 Arc Furnaces, 3 Induction Furnaces, a 32,000 TPA cobalt leaching plant, a 4,000 TPD ROM crushing system, and a cryogenic oxygen plant. - Designed and commissioned a 200 TPD oxide copper concentrator achieving 85% recovery at 20% Cu grade, regarded as best-in-class globally for oxide ore flotation. - Extended Arc Furnace refractory lining life from 6 months to 3 years through materials and operational innovation, enabling near-continuous furnace operation with no relining shutdowns. - Lead a team of 100+ across production, maintenance, process engineering, and HSE in a remote international operating environment",10/2009,false,,false,"36 years in copper, COO of a world-class smelting operation, and a career that spans every level of the industry from plant floor to executive leadership. I have grown production capacity by 776% at a single site, personally commissioned nine Arc Furnaces and a dozen other major facilities, and led a team of over 100 across production, maintenance, and process engineering in one of the most demanding operating environments in the world. My technical innovations in refractory management and ore beneficiation are in active commercial use today.",1511,2026-08-25 00:00:00.000 +0530,,,,,,,,,,,,,,,,,2381,
Anurag Misra,Anurag,Misra,https://www.linkedin.com/in/anurag-misra-601344a,urn:li:member:30697057,anurag-misra-601344a,Gurugram,Haryana,India,"Gurugram, Haryana, India",Cairn Oil and Gas,"Principal Petroleum Engineer, Head CAPEX - Tight Gas and Satellite Fields",10+yoe_indian,member_urn,External link for Cairn Oil and Gas,3308,,Oil and Gas,2540932,http://www.linkedin.com/company/cairn-india-ltd,"Gurugram, Haryana, India","Exploration and Production, Oil and Gas, Offshore, Onshore, and Midstream",http://www.cairnindia.com,"Leading well construction across engineering and operations which includes well completions, hydraulic fracturing, artificial lift (SRP, gas lifts), rigless interventions, water wells, budgeting, JV management, and FDP development.",4/2024,false,https://media.licdn.com/dms/image/v2/D5603AQFl8rIcNDDNhA/profile-displayphoto-shrink_100_100/profile-displayphoto-shrink_100_100/0/1708790323885?e=1788998400&v=beta&t=l_IzvczBDdvjW4N2OlXqFVn9u2UAnKONbEN-V1FWD7o,false,,1512,2026-08-25 00:00:00.000 +0530,,,,,,,,,,,,,,,,,931,
Kiran Kumar Marella,Kiran Kumar,Marella,https://www.linkedin.com/in/kiran-kumar-marella-850569201,urn:li:member:864334716,kiran-kumar-marella-850569201,Andhra Pradesh,,India,"Andhra Pradesh, India",SMS Limited,Deputy Manager,6-10yoe_global_indian,member_urn,"Since 1967 company is engaged in infrastructure development in roads, railway, irrigation, toll collection, mining, environment, waste management, multi level car parking, radio taxis etc. Company is founded by Shri Shakti Kumarji Sancheti. Company is having presence pan India and overseas also",1767,1967,Construction,535563,http://www.linkedin.com/company/smslimited,"Nagpur, Maharashtra, India","Infrastructure Development, Electrical, Mining, Environment & Waste Management, and Toll Collection & Road O&M",http://www.smsl.co.in,,4/2024,false,,false,"Currently serving as Deputy Manager at SMS Limited, leveraging over six years of experience in mining technology to support operational excellence and strategic initiatives. Holds a Master's degree in Mining Technology from IIT (ISM) Dhanbad, with expertise in advanced mining processes and technical problem-solving. Works collaboratively to optimize workflows, ensure safety standards, and drive organizational goals in the mining sector. Demonstrates a strong commitment to innovation and efficiency in resource extraction and management.",2974,2026-08-25 00:00:00.000 +0530,,,,,,,,,,,,,,,,,1370,
Sanjeeva,Sanjeeva,,https://www.linkedin.com/in/sanjeeva-2364252,urn:li:member:7017738,sanjeeva-2364252,Mumbai,Maharashtra,India,"Mumbai, Maharashtra, India",Prism Johnson Limited,"Chief Commercial Officer, Prism Johnson Limited, Mumbai",10+yoe_indian,member_urn,,,,,,,,,,,2/2014,false,,false,"Proven Track-record in Industry with 29 years of leadership experience in sales network expansion, demand generation, influencer management, inventory optimization, supply chain improvement, business development, cost optimization, financial modeling, techno-economic feasibility studies, six sigma projects, TOC (theory of constraints) projects, IOT based projects, clean energy projects and manpower rationalization. Improved sales by taking multiple initiatives like implementation of pull based replenishment to improve availability of fast moving SKUs, expansion of sales network, expansion of influencer network, increased influencer engagement and other demand generation activities and supply chain improvement. Carried out techno-economic feasibility assessment of the projects, built and developed teams for various initiatives in the company, liaised with government bodies, developed vendor network, and led and motivated team to provide optimal production. Supply Chain Leadership – As a certified Six Sigma Black Belt, led a team of professionals from top Engineering Colleges and B-Schools in India with rich knowledge of supply chain and operation research to deliver valuable supply chain solutions to various businesses in Dow and its Joint Ventures globally. Global Exposure – Led global teams with members drawn from various countries extending over all continents. Traveled to and worked in multiple countries. Trained to operate in multicultural work environment with sensitivities to diversity and inclusion. Trained Trainer for Diversity & Inclusion and Ethics, Compliance & Governance. Tools and technology used: Network Optimization, Simulation, Symphony for Inventory Optimization, Solver Certifications: 1. Six Sigma Black Belt 2. Manager's First Class Certificate of Competency Specialties: Sales Network Expansion, Demand Generation, Influencer Management, Business Development, Supply Chain, Logistics, Purchasing, Operations, Cost Optimization, Global Exposure, Six Sigma, Leadership, Strategic Planning, Mining, Business Development, Conferences, Trainer for Ethics, Compliance & Governance and Diversity & Inclusion, Project Management, Liaison with Govt Bodies",1513,2026-08-25 00:00:00.000 +0530,,,,,,,,9769008630,,,,,,,,,2314,
saroj kumar,saroj,kumar,https://www.linkedin.com/in/saroj-kumar-a2865a17,urn:li:member:58349120,saroj-kumar-a2865a17,,,India,India,HDFC Bank,D.M,10+yoe_indian,member_urn,"HDFC Bank is India's largest private sector bank, offering a comprehensive range of financial products and services to our customer base of over 92 million. Our extensive distribution network of 8,919 branches and 21,031 ATMs across 3,836 cities and towns as of August 2024, reaches every corner of the country, making us accessible to millions. Promoted by Housing Development Finance Corporation (HDFC), India's leading housing finance company, HDFC Bank began operations in 1995 with a simple mission: to be a ""World-class Indian Bank"". With a single-minded focus on product leadership, customer focus and operational excellence, we have emerged as a leading player in all our business segments. We cater to individuals and businesses, offering a full range of innovative banking solutions including loans, payments, and wealth management. Our business solutions empower companies of all sizes, from MSMEs to large corporations, helping them grow with tailored banking services and financial tools. In 2023, the Bank merged with HDFC Ltd, combining our robust banking services with HDFC Ltd's legacy of leadership in housing finance. This merger enhances our ability to offer home loans and other financial services, ensuring seamless access for customers across urban and rural areas. As a socially responsible corporate citizen, we believe in banking with a purpose. Through our CSR initiative, Parivartan, we actively work to drive positive change across education, healthcare, skills training, and sustainable livelihoods impacting over 10 crore lives across the country. Our commitment to community impact is as strong as our dedication to delivering value to our stakeholders. As we expand, we continue to stay at the forefront of innovation, offering seamless digital banking experiences to enhance the lives of our customers. HDFC Bank prioritises the security of its systems and remains committed to maintaining the confidentiality of its customers' data. As a precaution",213238,,Banking,164151,https://in.linkedin.com/company/hdfc-bank,"Mumbai, Maharashtra, India",,https://www.hdfc.bank.in/,ANAND LOK NEW DELHI,9/2008,false,https://media.licdn.com/dms/image/v2/C4D03AQFamIKC-8ajPQ/profile-displayphoto-shrink_100_100/profile-displayphoto-shrink_100_100/0/1516633750795?e=1788998400&v=beta&t=O2Q4gKl5hKM5tCe7r61GT7lv4nPp3T5JyqHzqQOBAuk,false,,1516,2026-08-25 00:00:00.000 +0530,,,,,,,,,,,,,,,,,148,
Avlesh Singh,Avlesh,Singh,https://www.linkedin.com/in/avlesh,urn:li:member:6381766,avlesh,Mumbai,Maharashtra,India,"Mumbai, Maharashtra, India",WebEngage,Chief Executive Officer,10+yoe_indian,member_urn,"WebEngage is an advanced Customer Data and Engagement Platform helping consumer brands achieve higher lifetime value and marketing ROI through personalized experiences at scale. Founded by Avlesh Singh and Ankit Utreja, we're disrupting traditional marketing by reintroducing the human element to campaigns. Our platform unifies customer data across silos, features multi-channel journey builders, and includes AI-powered personalization that boosts conversion across web and mobile apps. Ranked #1 across review platforms for ease of use and comprehensiveness, we serve over 850 consumer brands, including Unilever, Airtel, Myntra, Sony, Groww, Acko, Tata Motors, and Arabian Oud, across India, the Middle East, Africa, Latin America, and Southeast Asia. Headquartered in Mumbai with global offices in Gurugram, Bengaluru, São Paulo, Jakarta, and Dubai, WebEngage is backed by leading tech investors worldwide. #RetentionSimplified",373,2011,"Technology, Information and Internet",2663547,http://www.linkedin.com/company/webengage,"Mumbai, Maharashtra, India","Customer Data Platform, User Journeys, and Email Marketing",http://webengage.com,"Chief crusader of team culture, company growth, customer happiness and shareholder wealth creation. I am always hiring - don't hesitate to ping me!",10/2011,true,https://media.licdn.com/dms/image/v2/D4D03AQH-QNKl8X0WHQ/profile-displayphoto-shrink_100_100/B4DZPnwa_tHwAY-/0/1734760052088?e=1788998400&v=beta&t=PiWxFXwjwM4mpuu0tHqvS70IInkfSRqPPv4fTCVcAYs,false,,1519,2026-08-25 00:00:00.000 +0530,,,,,,,,,,,,,,,,,1462,
Asha Gupta,Asha,Gupta,https://www.linkedin.com/in/asha-gupta-55b54417,urn:li:member:58068503,asha-gupta-55b54417,Dhanbad,Jharkhand,India,"Dhanbad, Jharkhand, India",Vigyan Bharti,"President Vigyan Bhart, Jharkhand",10+yoe_indian,member_urn,,,,,,,,,,,8/2023,false,https://media.licdn.com/dms/image/v2/C4D03AQH8pUUe0nMYlw/profile-displayphoto-shrink_100_100/profile-displayphoto-shrink_100_100/0/1516630941910?e=1788998400&v=beta&t=g2KzWRO0hNj8-39hjVPmFmOQPkCKFPyzhexact2WYgI,false,,1520,2026-08-25 00:00:00.000 +0530,,,,,,,,,,,,,,,,,2644,
Rajeshwar Dubey,Rajeshwar,Dubey,https://www.linkedin.com/in/rajeshwar-dubey-38273952,urn:li:member:186951122,rajeshwar-dubey-38273952,Lucknow,Uttar Pradesh,India,"Lucknow, Uttar Pradesh, India",Excellia School,Principal,10+yoe_indian,member_urn,,,,,,,,,,,1/2014,false,https://media.licdn.com/dms/image/v2/C5103AQGtj6nRD-T3Fg/profile-displayphoto-shrink_100_100/profile-displayphoto-shrink_100_100/0/1516614273254?e=1788998400&v=beta&t=L8OnVA4m3TJGPNMACbxs2UADJ5jqRHEosETBFVBPXCU,false,,1521,2026-08-25 00:00:00.000 +0530,,,,,,,,,,,,,,,,,1817,
Rana Chakrabarti,Rana,Chakrabarti,https://www.linkedin.com/in/rana-chakrabarti-4ab1996,urn:li:member:18367619,rana-chakrabarti-4ab1996,Pune,Maharashtra,India,"Pune, Maharashtra, India",Infosys Limited,Associate Vice President and Global Practice Manager (Data and Analytics),10+yoe_indian,member_urn,,,,,13615207,,,,,Globally leading delivery for data analytics programs for Financial Services. I am also responsible for building the Automation Center of Excellence for Data Analytics,10/2022,false,https://media.licdn.com/dms/image/v2/C4D03AQHGm9qupSISbQ/profile-displayphoto-shrink_100_100/profile-displayphoto-shrink_100_100/0/1634185824610?e=1788998400&v=beta&t=zz-UB88wWhabFd0DvKseXHYWj45LUacPr9UiG8adtOI,false,,1522,2026-08-25 00:00:00.000 +0530,,,,,,,,,,,,,,,,,2009,
murali krishna garlapati,murali krishna,garlapati,https://www.linkedin.com/in/murali-krishna-garlapati-2a4a923a,urn:li:member:140034076,murali-krishna-garlapati-2a4a923a,Dhanbad,Jharkhand,India,"Dhanbad, Jharkhand, India",AIESEC India,Manager,10+yoe_global,member_urn,"AIESEC develops leadership among youth aged 18 to 30 and contributes to strengthening the global employability market by providing an end-to-end international talent recruitment solution for Enterprises, NGOs, and Start-ups. AIESEC is the world's largest youth-run organization developing the leadership potential of young people. Present in 120+ countries and territories across 2600 universities, we provide students and recent graduates with life-changing experiences to intern or volunteer abroad within partner organizations. We partner with organizations ranging from Fortune 500 to local enterprises in developing and sourcing their global talent needs across our network. Through our programs in universities, we provide organizations with access to a global network of young talent who have the capabilities to make a positive impact. For the last seven decades, we have developed over one million leaders ranging from business, civil society, and world leaders, including one Nobel Peace Prize Laureate. Learn more about us at - http://partners.aiesec.org",12605,1948,Non-profit Organizations,2034,https://ca.linkedin.com/company/aiesec,"Montreal, Quebec, Canada","international internship, global talent sourcing, leadership opportunities, youth development, youth management, student, international volunteer program, youth leadership development, graduate recruitment, sustainable development goals, international recruitment, recruitment solutions, international talent recruitment, end-to-end talent recruitment, human resources, leadership, Talent Recruitment, and Recruitment",https://aiesec.org/partners,"Managing ""Events and Corporate relations""",6/2013,false,https://media.licdn.com/dms/image/v2/C5603AQGdJ0HoiGVDsA/profile-displayphoto-shrink_100_100/profile-displayphoto-shrink_100_100/0/1516859377182?e=1788998400&v=beta&t=7GmdXNCYPFf_JWxgRr6Wd3U6n20SSMP2yVecbz5tBk8,false,,1529,2026-08-25 00:00:00.000 +0530,,,,,,,,,,,,,,,,,6,
Dr V N Sharma,Dr V N,Sharma,https://www.linkedin.com/in/dr-v-n-sharma-649a71aa,urn:li:member:390814041,dr-v-n-sharma-649a71aa,,,India,India,Chirag Naksha Ghar,Principal Consultant,10+yoe_global,member_urn,,,,,,,,,,,,false,https://media.licdn.com/dms/image/v2/C5603AQFY4-Q1ZxjbGg/profile-displayphoto-shrink_100_100/profile-displayphoto-shrink_100_100/0/1592826301861?e=1788998400&v=beta&t=HLAJhknuG371BvB1nM8qDkH7RQdlFXqrCWTx6jSe0Hc,false,,1812,2026-08-25 00:00:00.000 +0530,,,,,,,,,,,,,,,,,1664,
Anurag Misra,Anurag,Misra,https://www.linkedin.com/in/anurag-misra-162958177,urn:li:member:704063450,anurag-misra-162958177,Goa,,India,"Goa, India",Fomento Resources Private Limited,General Manager,10+yoe_global,member_urn,,42,,Mining,27348559,http://www.linkedin.com/company/fomento-resources-private-limited,"Panaji, Goa, India",,http://fomento.com,,9/2005,false,https://media.licdn.com/dms/image/v2/C5103AQEN7pkj_mqS9g/profile-displayphoto-shrink_100_100/profile-displayphoto-shrink_100_100/0/1545050166642?e=1788998400&v=beta&t=C2NxiVbvmqRgijbdqYKxbDQWn5gFkqXybTbrFE31O-s,false,,1544,2026-08-25 00:00:00.000 +0530,,,,,,,,,,,,,,,,,1039,
Ajay Kumar,Ajay,Kumar,https://www.linkedin.com/in/ajay-kumar-60a45346,urn:li:member:162348202,ajay-kumar-60a45346,Noida,Uttar Pradesh,India,"Noida, Uttar Pradesh, India",CMPDI (Central Mine Planning & Design Institute),Director (Technical),10+yoe_global,member_urn,"CMPDI (Central Mine Planning & Design Institute) is a government administration company based out of Spl 3 Riico Industrial Area Sitapur Tonk Road, Ranchi, Jharkhand, India.",242,,Government Administration,33850759,https://in.linkedin.com/company/cmpdi-central-mine-planning-&-design-institute-,"Ranchi, Jharkhand, India",,http://www.cmpdi.co.in,,10/2022,false,https://media.licdn.com/dms/image/v2/D4D03AQHhojBHBkBAYA/profile-displayphoto-shrink_100_100/profile-displayphoto-shrink_100_100/0/1671864261873?e=1788998400&v=beta&t=L5hXJ4LxUuPR-aMouUwngtpW3wGZ7EqWG8Tj32pH_6I,false,,1561,2026-08-25 00:00:00.000 +0530,,,,,,,,,,,,,,,,,85,
Avinash Agarwal,Avinash,Agarwal,https://www.linkedin.com/in/avinash-agarwal-06856934,urn:li:member:120823568,avinash-agarwal-06856934,Udaipur,Rajasthan,India,"Udaipur, Rajasthan, India",Geetanjali Granites,Founder,founders,member_urn,,,,,,,,,,,4/2021,false,,false,"I am a business leader with 10+ years of experience building and scaling ventures in the manufacturing and mining sector.As Founder & CEO, I have led the growth of a natural stone business from inception to ₹500M+ in revenue, while managing end-to-end operations including P&L, supply chain, team building, and strategic expansion.My core strengths lie in: Scaling operations efficiently Turning around distressed assets Managing complex stakeholder environments (including government bodies) Driving profitability through cost optimization and process improvementsI am now exploring leadership opportunities in operations, strategy, or general management roles where I can drive growth and create long-term value.",3039,2026-08-25 00:00:00.000 +0530,,,,,,,,,,17,28,,,,,,1860,
Devesh Kumar,Devesh,Kumar,https://www.linkedin.com/in/dev8546,urn:li:member:74782768,dev8546,Bengaluru,Karnataka,India,"Bengaluru, Karnataka, India",Atlassian,Principal Software Engineer,10+yoe_global,member_urn,"Atlassian powers the collaboration that helps teams accomplish what would otherwise be impossible alone. From space missions and motor racing to bugs in code and IT requests, no task is too large or too small with the right team, the right tools, and the right practices. Over 300,000 global companies and 80% of the Fortune 500 rely on Atlassian’s software, like Jira, Confluence, Loom, and Trello, to help their teams work better together and deliver quality results on time. With our 300,000+ customers and team of 10,000+ Atlassians, we are building the next generation of team collaboration and productivity software. We believe the power of teams has the potential to change the world — one that is more open, authentic, and inclusive.",16886,2002,Software Development,22688,https://www.linkedin.com/company/atlassian,"Millers Point, New South Wales, Australia","b2b enterprise software, bug tracker, issue tracker, enterprise wiki, corporate wiki, business wiki, team collaboration, project management, downtime communication, work management, teamwork, and personal productivity",https://atlassian.com/,Working on Cloud to Cloud Migration of Jira and Confluence for Enterprise Customers,4/2024,false,https://media.licdn.com/dms/image/v2/D5603AQHHCroiSDYjLg/profile-displayphoto-shrink_100_100/profile-displayphoto-shrink_100_100/0/1671033063256?e=1788998400&v=beta&t=l8W9J4h5XfYpU3r2tDeDEd-6r8FukuYDw-RVO3g5EwM,false,,1586,2026-08-25 00:00:00.000 +0530,,,,,,,,,,,,,,,,,410,
Anand Shiva,Anand,Shiva,https://www.linkedin.com/in/anand-shiva-65111596,urn:li:member:340681309,anand-shiva-65111596,Kolkata,West Bengal,India,"Kolkata, West Bengal, India","Coal India (Ministry of Coal, Government of India)",General Manager,10+yoe_global,member_urn,,213,,Government Administration,92476859,https://www.linkedin.com/company/coal-india-ministry-of-coal-government-of-india,,,,,8/1990,false,https://media.licdn.com/dms/image/v2/D5603AQFT0o9xUEmYmg/profile-displayphoto-scale_100_100/B56ZiuXCh1H0Ag-/0/1755271934067?e=1788998400&v=beta&t=3rgriAQamH3QPIukCJ85n9_cX38pVWMGSCSt_wLqlDY,false,,1591,2026-08-25 00:00:00.000 +0530,,,,,,,,,,,,,,,,,455,
Amlan Das,Amlan,Das,https://www.linkedin.com/in/amlan-das-b48406254,urn:li:member:1052073704,amlan-das-b48406254,Mumbai,Maharashtra,India,"Mumbai, Maharashtra, India",Oil & Natural Gas Corporation Limited (Ongc),Superintendent Geophysicist Wells,10+yoe_global,member_urn,"Maharatna ONGC is the largestÊcrude oil and natural gas Company in India, contributing around 70 per cent to Indian domestic production. Crude oil is the raw material used by downstream companies like IOC, BPCL, and HPCL to produce petroleum products like",3,,Utilities,34209268,https://in.linkedin.com/company/oil-&-natural-gas-corporation-limited-ongc-,"Delhi, India",,http://www.ongcindia.com,,6/2013,false,https://media.licdn.com/dms/image/v2/D4D03AQGXtTnhBVtkRw/profile-displayphoto-scale_200_200/B4DZ6p3955H8Ac-/0/1780966483099?e=1788998400&v=beta&t=pkjPPKh2taoZyY-9HIEXtAgH-PHA9LwUySJLryBmIac,false,,1598,2026-08-25 00:00:00.000 +0530,,,,,,,,,,,,,,,,,228,
Rahul Brahpurria,Rahul,Brahpurria,https://www.linkedin.com/in/rahul-brahpurria-395387191,urn:li:member:756378977,rahul-brahpurria-395387191,New Delhi,Delhi,India,"New Delhi, Delhi, India",Trucube Infotech Pvt Ltd.,Co-Founder,founders,member_urn,,,,,,,,,,,1/2023,false,,false,"I am a person who hold the wisdom, knowledge and power to change the tech world and dominate the future. I have a vision of creating innovative and revolutionary solutions that will benefit humanity and shape the destiny of our planet. I am passionate about learning new skills and technologies that will help me achieve my goals and dreams. I am not afraid of challenges or failures, because I know they are opportunities to grow and improve. I am a leader, a thinker and a doer who will make a positive impact on the tech world and the future.",3071,2026-08-25 00:00:00.000 +0530,,,,,,,,,,17,28,,,,,,2599,
Dhirendra Pratap,Dhirendra,Pratap,https://www.linkedin.com/in/dhirendra-pratap-21368a78,urn:li:member:276386991,dhirendra-pratap-21368a78,Mahesana,Gujarat,India,"Mahesana, Gujarat, India",ONGC,AEE,10+yoe_indian,member_urn,"Maharatna ONGC is the largest producer of crude oil and natural gas in India, contributing around 70 per cent of Indian domestic production. The crude oil is the raw material used by downstream companies like IOC, BPCL, HPCL to produce petroleum products like Petrol, Diesel, Kerosene, Naphtha, Cooking Gas-LPG. ONGC is India’s Top Energy Company and ranks 14th among global energy majors (Platts). It is the only Indian company to figure in Fortune’s ‘Most Admired Energy Companies’ list. ONGC ranks 226th overall in Forbes Global 2000. Acclaimed for its Corporate Governance practices, Transparency International has ranked ONGC 26th among the biggest publicly traded global giants. It is most valued public enterprise in India, and one of the highest profit-making and dividend-paying. ONGC has a unique distinction of being a company with in-house service capabilities in all areas of Exploration and Production of oil & gas and related oil-field services. Winner of the Best Employer award, a dedicated team of over 25,000 professionals toil round the clock in challenging locations. ONGC is an integrated energy company with interests in upstream, midstream and downstream sector of the hydrocarbon value chain, renewables, LNG, Power generation, petrochemicals and Value Added Products. ONGC's wholly-owned subsidiary Navratna ONGC Videsh Limited (OVL) is the biggest Indian multinational in the energy space, participating in 32 oil and gas properties in 15 countries. ONGC's subsidiary Mangalore Refinery and Petrochemicals Limited (MRPL) is a Schedule ‘A’ Miniratna, with a single-location refining capacity of 15 million tons per annum. ONGC subsidiary HPCL is a Maharatna CPSE, and has the second largest share of product pipelines in India with a pipeline network of more than 3370 kms for transportation of petroleum products and a vast marketing network consisting of 14 Zonal offices and 133 Regional Offices.",16644,1956,Oil and Gas,10219,http://www.linkedin.com/company/oilandnaturalgascorporation,"Delhi, India","Exploration and Production, Energy, Gas, Oil, and Renewables",http://www.ongcindia.com/,Cementing Engineer,10/2012,false,https://media.licdn.com/dms/image/v2/C4E03AQGufUayxfMcyw/profile-displayphoto-shrink_100_100/profile-displayphoto-shrink_100_100/0/1516654786882?e=1788998400&v=beta&t=O9duXHoTd2eUub59I4FEGC2As4FAetiJJmlA_UAfNd4,false,,1613,2026-08-25 00:00:00.000 +0530,,,,,,,,,,,,,,,,,1250,
Rakesh Kumar,Rakesh,Kumar,https://www.linkedin.com/in/rakesh-kumar-54b556364,urn:li:member:1518238859,rakesh-kumar-54b556364,Jamshedpur,Jharkhand,India,"Jamshedpur, Jharkhand, India","Ucil, Jhaduguda",Deputy General Manager(P&IRs),6-10yoe_global_indian,member_urn,,,,,,,,,,,7/2017,false,,false,,1646,2026-08-25 00:00:00.000 +0530,,,,,,,,,,,,,,,,,2611,
Bhoj Raj Patel,Bhoj Raj,Patel,https://www.linkedin.com/in/bhoj-raj-patel-5aa03a36,urn:li:member:125491666,bhoj-raj-patel-5aa03a36,Raigarh,Chhattisgarh,India,"Raigarh, Chhattisgarh, India",Coal India Limited,Deputy Manager,10+yoe_indian,member_urn,Notice - This is not an official page of Coal India Limited. We are in the process of taking it down. Thanks,8112,1975,Mining,574498,https://in.linkedin.com/company/coal-india-limited,"Kolkata, West Bengal, India",,,,8/2011,false,https://media.licdn.com/dms/image/v2/C5603AQEgViHLM9geMw/profile-displayphoto-shrink_100_100/profile-displayphoto-shrink_100_100/0/1636287464600?e=1788998400&v=beta&t=-Bhm3Df_XeFMU2xRPhSId5Elz0HjomubOmbTuEvKxEk,false,,1671,2026-08-25 00:00:00.000 +0530,,,,,,,,,,,,,,,,,86,
Deshmani Kumar,Deshmani,Kumar,https://www.linkedin.com/in/deshmani-kumar-516a0819b,urn:li:member:787816674,deshmani-kumar-516a0819b,Bhagalpur,Bihar,India,"Bhagalpur, Bihar, India",Bihar excise & prohibition,Subdivisional prohibition officer,10+yoe_global,member_urn,,,,,,,,,,,7/2005,false,https://media.licdn.com/dms/image/v2/C5603AQHNK9L8qzg2Pg/profile-displayphoto-shrink_100_100/profile-displayphoto-shrink_100_100/0/1592222899039?e=1788998400&v=beta&t=vGEGeeWZS6kjEcFZJEI8g1htybCLvpO8BgcCwq9r3gQ,false,,1813,2026-08-25 00:00:00.000 +0530,,,,,,,,,,,,,,,,,1593,
Himanshu Sharma,Himanshu,Sharma,https://www.linkedin.com/in/himanshusharma7911,urn:li:member:346927411,himanshusharma7911,,,India,India,First Patriot Limited,General Manager,10+yoe_global,member_urn,"First Patriot Ltd is situated within Ikwo Local Government, positioned along Afikpo Road in Abakaliki, Ebonyi State, Nigeria. Distinguished as the pioneering entity to engage in legal mining operations across Nigeria, the company boasts a dedicated facility for both mining and processing its Run of Mine (ROM). Specializing in the extraction and processing of lead and zinc, we operate with a commitment to excellence and sustainability. Our establishment features a world-class facility tailored for the beneficiation of lead and zinc ores, ensuring optimal quality and efficiency throughout the production process. Additionally, we prioritize community engagement and development, actively seeking to train and empower locals while fostering collaborative efforts for the advancement of the nation.",65,,Metal Ore Mining,103190226,https://ng.linkedin.com/company/first-patriot-limited,Nigeria,"mining, minerals, mineralbeneficiation, mineral beneficiation, ore dressing, open cast mining, flotation, Nigeria mining, filters, and ceramic disc filter",,,1/2026,false,https://media.licdn.com/dms/image/v2/C5103AQFedRZmBA9dcw/profile-displayphoto-shrink_100_100/profile-displayphoto-shrink_100_100/0/1535509046855?e=1788998400&v=beta&t=7giB_BZI9_znmZdx3ZKPVR-Sf9cpBJTEPW4_eOKANsw,false,,1700,2026-08-25 00:00:00.000 +0530,,,,,,,,,,,,,,,,,338,
Vishwas Kumar Giri,Vishwas Kumar,Giri,https://www.linkedin.com/in/vishwas-kumar-giri-83bb12190,urn:li:member:755230511,vishwas-kumar-giri-83bb12190,Bengaluru,Karnataka,India,"Bengaluru, Karnataka, India","Ministry of Labour & Employment, Governme","Deputy Director Of Mines Safety (Mechanical), DGMS",10+yoe_global,member_urn,,273,,Government Administration,47576808,http://www.linkedin.com/company/ministry-of-labour-employment-governme,,,http://www.dgfasli.nic.in,,5/2025,false,https://media.licdn.com/dms/image/v2/C5103AQE3iftxXourgg/profile-displayphoto-shrink_100_100/profile-displayphoto-shrink_100_100/0/1575562633334?e=1788998400&v=beta&t=D68gMsTsFTrl9dx045eonbfNLjZ9zxkdwQFxYqVYOHU,false,,1701,2026-08-25 00:00:00.000 +0530,,,,,,,,,,,,,,,,,1200,
Ashish Kumar,Ashish,Kumar,https://www.linkedin.com/in/ashish-kumar-69213341,urn:li:member:146630414,ashish-kumar-69213341,Hyderabad,Telangana,India,"Hyderabad, Telangana, India",Medtronic,Manager,10+yoe_global,member_urn,A global healthcare technology leader — boldly attacking the most challenging health problems facing humanity with innovations that transform lives.,100441,,Medical Equipment Manufacturing,1841,https://www.linkedin.com/company/medtronic,"Minneapolis, Minnesota, United States",,http://www.medtronic.com,,12/2025,false,https://media.licdn.com/dms/image/v2/C5103AQHOdnrJ_Es-Ag/profile-displayphoto-shrink_100_100/profile-displayphoto-shrink_100_100/0/1539269600974?e=1788998400&v=beta&t=Qw8RmlxN95SnFZvEi1VqmN9Zzzsg6NcgvlY4ahr_C9s,false,,1706,2026-08-25 00:00:00.000 +0530,,,,,,,,,,,,,,,,,607,
Gourav kumar,Gourav,kumar,https://www.linkedin.com/in/gourav-kumar-3a5865103,urn:li:member:441063917,gourav-kumar-3a5865103,West Bengal,,India,"West Bengal, India",Coal India Limited,Deputy Manager,10+yoe_indian,member_urn,Notice - This is not an official page of Coal India Limited. We are in the process of taking it down. Thanks,8112,1975,Mining,574498,https://in.linkedin.com/company/coal-india-limited,"Kolkata, West Bengal, India",,,,9/2021,false,https://media.licdn.com/dms/image/v2/C5603AQFWcr1ToHkclA/profile-displayphoto-shrink_100_100/profile-displayphoto-shrink_100_100/0/1517071922109?e=1788998400&v=beta&t=VpZVC8AbOWwLdiCpQ4fBCQj8Uxz5PxYDmQJF82cB2p8,false,,1715,2026-08-25 00:00:00.000 +0530,,,,,,,,,,,,,,,,,86,
Shailendra Kumar,Shailendra,Kumar,https://www.linkedin.com/in/shailendra-kumar-b37497171,urn:li:member:684986011,shailendra-kumar-b37497171,Anuppur,Madhya Pradesh,India,"Anuppur, Madhya Pradesh, India",Coal India Limited,asstt mgr,10+yoe_indian,member_urn,Notice - This is not an official page of Coal India Limited. We are in the process of taking it down. Thanks,8112,1975,Mining,574498,https://in.linkedin.com/company/coal-india-limited,"Kolkata, West Bengal, India",,,,8/2013,false,https://media.licdn.com/dms/image/v2/C4E03AQHU1kmsL6jh0w/profile-displayphoto-shrink_100_100/profile-displayphoto-shrink_100_100/0/1538142799509?e=1788998400&v=beta&t=XLCK0H2XE_epQ_v25Ss9AM1ePJpXT_DHVt0FNosZX8A,false,,1726,2026-08-25 00:00:00.000 +0530,,,,,,,,,,,,,,,,,86,
Dr Saumen Sinha,Dr Saumen,Sinha,https://www.linkedin.com/in/dr-saumen-sinha-8b6258b6,urn:li:member:412682250,dr-saumen-sinha-8b6258b6,,,Greater Nagpur Area,Greater Nagpur Area,Calderys,"Director Innovation & Technology, Asia Pacific",10+yoe_global,member_urn,"Calderys is a leading global provider for industries operating in high-temperature conditions. The Group specializes in thermal protection for industrial equipment with a wide range of refractory products and advanced solutions to enhance steel casting, metallurgical fluxes, and molding processes. With a presence in more than 30 countries and a strong footprint in the Americas through the brand HWI (HarbisonWalker International), Calderys’ international network of experts ensures an end-to-end offer with tailored services. Drawing on over 150 years of experience, Calderys supports its customers in their energy transition needs. Headquartered in Paris, France, the Group counts 4,500 employees (excluding contractors), and 50 plants on five continents. Calderys - Forged in legacy. Fueled by excellence.",2995,,Manufacturing,73584,https://fr.linkedin.com/company/calderys,"Paris, Île-de-France, France","Refractory, Monolithic, engineering, installation, logistic, maintenance, precast, project management, boilers & incinerators, cement, foundry, ironmaking, petrochemicals, reheat, steelmaking et aluminum",https://www.calderys.com,,7/2023,false,https://media.licdn.com/dms/image/v2/D4D03AQHseWP8pGMiaw/profile-displayphoto-scale_100_100/B4DZlTZihQGkAg-/0/1758040828970?e=1788998400&v=beta&t=SeXTbzFmtQGUOok8e1D_yV4cVKH_MMoiBFs4UDyTBQU,false,,1729,2026-08-25 00:00:00.000 +0530,,,,,,,,,,,,,,,,,24,
Rahul Gupta,Rahul,Gupta,https://www.linkedin.com/in/rahul-gupta-203060a,urn:li:member:29984547,rahul-gupta-203060a,Gurgaon,Haryana,India,"Gurgaon, Haryana, India",Clik.ai,Director Operations,10+yoe_global,member_urn,"Clik.ai builds human-assisted AI tools to accelerate underwriting of multifamily and commercial real estate properties. The platform provides the capability to ingest and analyse income statement and rent roll documents in pdf, scan or excel format and allows you to create investment models without any manual input. It is one of the most actively used platform by lenders and loan servicers in the US-commercial mortgage industry and as a platform for modelling multifamily investment returns and cashflows. Product list: AutoUW - AI to automate any CRE lending or servicing spreadsheet work InvestAssist - Advanced Multifamily Acquisition Modeling and Data Analytics Software OM Parser - Digitise any Offering Memorandum using AI Insurance Accord Parser - Automate the process of Insurance Accord form review and processing Appraisal Parser - AI based document parser for appraisal documents. It allows to digitise and extract important property info including rent comp, sales comp data from CRE appraisal PDFs. Explainer videos of few of our product suite offering: Invest Assist Walkthrough https://invest-assist.portal.trainn.co/share/CKF78nH8N78SFSX96kEO5Q AutoUW Walkthrough https://invest-assist.portal.trainn.co/share/57s34Snx7Xj8D3NyrP4hGQ SmartExtract Product Walkthrough https://invest-assist.portal.trainn.co/share/vwh0jtpwoDGasTE0WYtQcg Insurance Acord Product https://invest-assist.portal.trainn.co/share/uZW2ZvXxTIq7Zi3jz6w6Uw Clik.ai also offers robust APIs to technology team who can white label and host the extraction capabilities of CRE documents completely privately on their infrastructure. Our clients include: Leading banking institutions and debt brokerage companies like Newmark, Bellwether, Lument and others Portfolio managers and loan servicing firms Multifamily investors Technology companies like Property Management Software, Appraisal management, online CRE deal management and listing platforms and others",33,2017,"Technology, Information and Internet",13280628,https://ca.linkedin.com/company/cliktechnologies,"Toronto, Ontario, Canada","commercial real estate underwriting, rent roll analysis, multifamily underwriting, loan sizing, and OSAR analysis",https://clik.ai,,7/2017,false,https://media.licdn.com/dms/image/v2/C5103AQGnUl3Xi_GkGg/profile-displayphoto-shrink_100_100/profile-displayphoto-shrink_100_100/0/1550751189368?e=1788998400&v=beta&t=IT1OJV0PupVvZhbHIWSwHm9RgIEMjHDatTXOhNXsHbY,false,,1736,2026-08-25 00:00:00.000 +0530,,,,,,,,,,,,,,,,,7,
Gyanendra Malla,Gyanendra,Malla,https://www.linkedin.com/in/gyanendra-malla-7376b4154,urn:li:member:622813723,gyanendra-malla-7376b4154,Odisha,,India,"Odisha, India",Score More classes,Managing Director,6-10yoe_global_indian,member_urn,,,,,,,,,,,10/2017,false,https://media.licdn.com/dms/image/v2/C5603AQHQEtXGHR7nug/profile-displayphoto-shrink_100_100/profile-displayphoto-shrink_100_100/0/1517053470292?e=1788998400&v=beta&t=h2wRh9CdB2wSHLrZd10PRe7M3-kv2rBk1LWrlBTJRXs,false,,1744,2026-08-25 00:00:00.000 +0530,,,,,,,,,,,,,,,,,2428,
Tushar Chhaperia,Tushar,Chhaperia,https://www.linkedin.com/in/tushar-chhaperia-43270351,urn:li:member:183892646,tushar-chhaperia-43270351,Bengaluru,Karnataka,India,"Bengaluru, Karnataka, India",Esoteric mineral solutions,Chief Executive Officer,10+yoe_indian,member_urn,Esoteric Mineral Solution Ltd is a pearl-based pigment manufacturing company with a Research and development lab and factory located in Bangalore,4,2021,Manufacturing,101005836,https://in.linkedin.com/company/esoteric-mineral-solutions,"Bengaluru, Karnataka, India",,www.esotericminerals.com,"As the Chief Executive Officer at Esoteric Mineral Solutions, I focused on unlocking the potential of Mica pigments for diverse markets. My role involved addressing manufacturing challenges in India, a major supplier of raw materials, and driving innovation in product applications. I aimed to enhance the presence of Mica in everyday products, particularly in automotive, Industrial coatings and cosmetics.",12/2021,true,https://media.licdn.com/dms/image/v2/D5603AQEVRYB5FJRvDQ/profile-displayphoto-scale_400_400/B56Z_VVpeBG4Ag-/0/1785990651809?e=1788998400&v=beta&t=SJllpj1ql51CrKQSy0ZYbkUMCN7uBxI-tLJ-RYxdTlQ,false,,1784,2026-08-25 00:00:00.000 +0530,,,,,,,,,,,,,,,,,116,
Nitin Harodia,Nitin,Harodia,https://www.linkedin.com/in/nitin-harodia-5180583ab,urn:li:member:1681227236,nitin-harodia-5180583ab,,,Dhanbad-Ranchi Area,Dhanbad-Ranchi Area,N K Harodia & Associates,Advocate,10+yoe_global,member_urn,,,,,,,,,,,4/2010,false,https://media.licdn.com/dms/image/v2/D5603AQGYJy0TvoarMA/profile-displayphoto-shrink_200_200/B56Zwxl_dyIQAc-/0/1770358569163?e=1788998400&v=beta&t=qmiNcgwGXtplSBiPC5qDWSLh7o0hL3u5mlgZ97R9Dsk,false,,1793,2026-08-25 00:00:00.000 +0530,,,,,,,,,,,,,,,,,2225,
Dr. Kamlesh Pankaj,Dr. Kamlesh,Pankaj,https://www.linkedin.com/in/dr-kamlesh-pankaj-618521143,urn:li:member:583555124,dr-kamlesh-pankaj-618521143,Dhanbad,Jharkhand,India,"Dhanbad, Jharkhand, India","Govt. Polytechnic kaimur, Department of Science and Technology, Government of Bihar",Lecturer,6-10yoe_global_indian,member_urn,,,,,,,,,,,11/2018,false,https://media.licdn.com/dms/image/v2/C5603AQF7Ghi1MdvxGQ/profile-displayphoto-shrink_100_100/profile-displayphoto-shrink_100_100/0/1643387352940?e=1788998400&v=beta&t=BVXs-aDidFMwDPA5gRqH2VrLQWbRW7Q11h0ILTroJNA,false,,1774,2026-08-25 00:00:00.000 +0530,,,,,,,,+919939882164,,,,,,+919939882164,,,1901,
Tanmaya R Bhanja,Tanmaya R,Bhanja,https://www.linkedin.com/in/tanmaya-r-bhanja-32b75841,urn:li:member:148173011,tanmaya-r-bhanja-32b75841,Cuttack,Odisha,India,"Cuttack, Odisha, India",Oil and Natural Gas Corporation Limited (ONGC),SG(S),10+yoe_global,member_urn,External link for Oil and Natural Gas Corporation Limited (ONGC),2585,,Oil and Gas,33619057,http://www.linkedin.com/company/oil-and-natural-gas-corporation-limited-ongc-,"Delhi Cantonment, Delhi, India",,https://ongcindia.com/,Seismic API,1/2023,false,https://media.licdn.com/dms/image/v2/C5603AQEmGHxK06CuCQ/profile-displayphoto-shrink_100_100/profile-displayphoto-shrink_100_100/0/1516950774230?e=1788998400&v=beta&t=0CovtuEZUUGZ-SrmPAr8ZKMi7Y3sHP3WL3bv1usreOE,false,,1766,2026-08-25 00:00:00.000 +0530,,,,,,,,,,,,,,,,,1251,
Sainath Tavva,Sainath,Tavva,https://www.linkedin.com/in/sainath-tavva-0a792271,urn:li:member:256093183,sainath-tavva-0a792271,Krishna,Andhra Pradesh,India,"Krishna, Andhra Pradesh, India",no,fresher,10+yoe_global,member_urn,,,,,,,,,,,,false,https://media.licdn.com/dms/image/v2/C4E03AQF4nNjAbKZHBQ/profile-displayphoto-shrink_100_100/profile-displayphoto-shrink_100_100/0/1516447448632?e=1788998400&v=beta&t=ex37i3F7cAIkvI7HRto3c4XLYl8is2S7Teq-bM4e12E,false,,1794,2026-08-25 00:00:00.000 +0530,,,,,,,,,,,,,,,,,2229,
Dr Binay Kumar,Dr Binay,Kumar,https://www.linkedin.com/in/dr-binay-kumar-53aa05123,urn:li:member:513100990,dr-binay-kumar-53aa05123,Digras,Maharashtra,India,"Digras, Maharashtra, India","M. M. University, Mullana",Teaching and Training in Engineering College,10+yoe_global,member_urn,,,,,,,,,,,3/1981,false,https://media.licdn.com/dms/image/v2/C5103AQFBJEkhiyX6HQ/profile-displayphoto-shrink_100_100/profile-displayphoto-shrink_100_100/0/1517285344103?e=1788998400&v=beta&t=1rrairYtl2v4HojKmYmePzhZqoIVSsXb9hMG53iIQrs,false,,1789,2026-08-25 00:00:00.000 +0530,,,,,,,,,,,,,,,,,2174,
aarush chaudhary sehrawat,aarush chaudhary,sehrawat,https://www.linkedin.com/in/aarush-chaudhary-sehrawat-5984b2a4,urn:li:member:371489732,aarush-chaudhary-sehrawat-5984b2a4,Dhanbad,Jharkhand,India,"Dhanbad, Jharkhand, India",INDIAN BUREA OF MINES,assistant mining geologist trainee,10+yoe_global,member_urn,,,,,,,,,,,4/2014,false,,false,Ability to work within a multidisciplinary team of scientists and engineers.,1790,2026-08-25 00:00:00.000 +0530,,,,,,,,,,,,,,,,,1980,
Ajay Pant,Ajay,Pant,https://www.linkedin.com/in/ajay-pant-269644b2,urn:li:member:401705073,ajay-pant-269644b2,Mumbai,Maharashtra,India,"Mumbai, Maharashtra, India",Axis Bank,Vice President,10+yoe_indian,member_urn,"Axis Bank is the third largest private sector bank in India. The Bank offers the entire spectrum of financial services to customer segments covering Large and Mid-Corporates, MSME, Agriculture and Retail Businesses. The Bank has a large footprint of 5000 domestic branches (including extension counters) with 15,751 ATMs & cash recyclers spread across the country. The Bank has 6 Axis Virtual Centres with over 1,500 Virtual Relationship Managers as on 31st March 2023. The Overseas operations of the Bank are spread over eight international offices with branches in Singapore, Dubai (at DIFC), and Gift City-IBU; representative offices in Dhaka, Dubai, Abu Dhabi, Sharjah and an overseas subsidiary in London, UK. The international offices focus on Corporate Lending, Coverage Business, Trade Finance, Syndication, Investment Banking, Liability Businesses, and Private Banking/Wealth Management offerings. Axis Bank is one of the first new generation private sector banks to have begun operations in 1994. The Bank was promoted in 1993, jointly by Specified Undertaking of Unit Trust of India (SUUTI) (then known as Unit Trust of India), Life Insurance Corporation of India (LIC), General Insurance Corporation of India (GIC), National Insurance Company Ltd. (NIC), The New India Assurance Company Ltd. (NIA), The Oriental Insurance Company Ltd. (OIC), and United India Insurance Company Ltd. (UIIC). The shareholding of Unit Trust of India was subsequently transferred to SUUTI, an entity established in 2003. GIC, NIC, NIA, OIC, UIIC have been reclassified from promoter category to public category. As on March 31, 2023, SUUTI and LIC are the promoters of the Bank. With a balance sheet size of Rs. 13,17,326 crores as on 31st March 2023, Axis Bank has achieved consistent growth and with a 5-year CAGR (2017-18 to 2022-23) of 14% each in Total Assets & Advances and 16% in Deposits.",107966,1994,Banking,162609,https://in.linkedin.com/company/axis-bank,"Mumbai, Maharashtra, India","Cash Management Services, Debt Syndication, M&A Advisory, PE Advisory, Retail Financial Services, Trade Finance, Mortgages, SME Loans, and Banking Services",http://www.axisbank.com,,4/2024,false,,false,"15 + years of diversified experience in Consulting organizations, Industries & Finance Sector for Environment & Social Impact Assessment/HSE Compliance Regulatory Third party Audits/ Second party Audits for various Sectors like Mining, Infrastructure Development, Roads & Highway, Power & Port Projects, Petrochemical & Ports Projects, Textile, Rubber & Paint Industries, Service Sectors etc, Expertise in assessing Environmental Health & Social Compliance of the various sectors with respect to the local regulatory requirements & Best Global Practices requirements. Leading the EHS Management System Audits, Sustainable policy reporting various kinds of Regulatory Support. Project Management for ESG assessment of investment portfolios as per IFC Standards and best Global practices. Writing/Reporting ESG assessment of investment portfolios for Sanctioning Committee. Lead Assessor for ESG Risk Assessment / Site assessment/ Initial ESG Reporting. Audit reporting as per ISO 14001:2015 Training for Environment Management System (EMS) Assessment & ISO 45001:2018 Occupational Health & Safety Management System Assessment. ESG Policy research/advocacy for effective implementation in line with the requirements of Global Standards. Sustainable targets conceptualization to meet SDG targets in medium to long term at portfolio level.",1800,2026-08-25 00:00:00.000 +0530,,,,,,,,,,,,,,,,,59,
Narvadeshwar Kumar,Narvadeshwar,Kumar,https://www.linkedin.com/in/narvadeshwar-kumar-49290564,urn:li:member:229183598,narvadeshwar-kumar-49290564,Goa,,India,"Goa, India",Vulcan ( Jindal Steel Group),Assistant General Manager - Sales and Trading (Coking Coal and Coke),founders,member_urn,,,,,,,,,,,4/2025,false,,false,"Highly motivated and result-driven professional with 9.5 years of experience in metal and mining industries. Strategic and innovative leader in supply chain, end to end coking coal and coke procurement, contract negotiation, risk management, logistics an and business development.",3213,2026-08-25 00:00:00.000 +0530,,,,,,,,,,,,,,+919168666297,,,2656,
Rajnish Sharma,Rajnish,Sharma,https://www.linkedin.com/in/rajnish-sharma-69153618,urn:li:member:61037389,rajnish-sharma-69153618,New Delhi,Delhi,India,"New Delhi, Delhi, India",NARAYANA IIT-NEET ACADEMY,Director,10+yoe_indian,member_urn,"With an Remarkable 44-year history of academic excellence, the Narayana Educational Group has become one of the largest and most respected educational organizations in Asia. We take pride in sharing our origin story. In 1979, our founder, Dr. P. Narayana, began NARAYANA COACHING CENTRE with a modest enrollment of just seven students. However, his passion for providing quality education to underprivileged students quickly led to remarkable growth. Today, Narayana encompasses over 750 schools, colleges, coaching centers, and professional colleges across 23 Indian states. We employ a team of over 50,000 highly experienced teachers and staff to support the academic journey of over 600,000 students every year, from kindergarten to post-graduate studies and beyond. Additionally, we offer comprehensive academic programs to help students achieve their career aspirations in civil service. This reflects our dedication to empowering students and helping them achieve their full potential. Today, the Narayana Group stands tall and proud for setting pathbreaking benchmarks in academic excellence. Four decades of experience in fulfilling the aspirations of India's students has given us conviction and confidence to aim higher and bigger always. Our students are known world over for making great strides in intra-national and international competitive examinations and clinching success with top-notch results The Narayana family is committed to bringing out the best in every student by imparting a strong educational foundation. Given the dynamic and global nature of education in the 21st century, we are constantly working hard and reinventing ourselves with the ultimate goal of creating exceptional and enriching student experiences.",84,1979,Education,96313925,https://in.linkedin.com/company/narayana-iit-neet-academy,"Delhi, India","IIT COACHING, NEET COACHING, FOUNDATION(8-10), and OLYMPIADS PREPARATION",https://www.narayanagroup.com/index,,6/2024,false,https://media.licdn.com/dms/image/v2/D5603AQHy362Mo2yT7A/profile-displayphoto-shrink_100_100/profile-displayphoto-shrink_100_100/0/1730890886191?e=1788998400&v=beta&t=SNTeA2hkAxlslpS5-DDiyeE5q_XonOZwqjRyiEVl0NU,false,,1806,2026-08-25 00:00:00.000 +0530,,,,,,,,,,,,,,,,,214,
Ashish Awasthi,Ashish,Awasthi,https://www.linkedin.com/in/ashish-awasthi-a3853a90,urn:li:member:323811404,ashish-awasthi-a3853a90,Bengaluru,Karnataka,India,"Bengaluru, Karnataka, India",Indian Oil Corp Limited,Manager,10+yoe_indian,member_urn,The official handle of IndianOil. IndianOil is ranked 127th among the world's largest corporate in Fortune ‘Global 500' listing for the year 2025.,41541,1959,Oil and Gas,19147574,http://www.linkedin.com/company/indian-oil-corp-limited,"Delhi, India",,http://www.iocl.com/,,10/2016,false,https://media.licdn.com/dms/image/v2/C4E03AQEe61qcxzCkdw/profile-displayphoto-shrink_100_100/profile-displayphoto-shrink_100_100/0/1517426897571?e=1788998400&v=beta&t=2qY9tEbbwXFqNUr9BQNN3Rq6it-y6TCGGuNyRTkMLGE,false,,1809,2026-08-25 00:00:00.000 +0530,,,,,,,,,,,,,,,,,1110,
Manish Meena,Manish,Meena,https://www.linkedin.com/in/manish-meena-701896b0,urn:li:member:396338545,manish-meena-701896b0,Gurgaon,Haryana,India,"Gurgaon, Haryana, India",Gurgaon District : Haryana,Mining Engineer,10+yoe_global,member_urn,,,,,,,,,,,,false,https://media.licdn.com/dms/image/v2/C5603AQE0sX1klW4E8w/profile-displayphoto-shrink_100_100/profile-displayphoto-shrink_100_100/0/1517539010308?e=1788998400&v=beta&t=VyMMsvXK9FyxZQYNFtWMZ9vsZDJde8JRJ0RDQadi6eM,false,,1821,2026-08-25 00:00:00.000 +0530,,,,,,,,,,,,,,,,,1917,
Vikas Kedia,Vikas,Kedia,https://www.linkedin.com/in/vikas-kedia-b1902618,urn:li:member:59773125,vikas-kedia-b1902618,,,India,India,Jindal Steel Ltd.,General Manager (Projects),10+yoe_indian,member_urn,"Jindal Steel is one of India’s foremost integrated steel producers, renowned for its scale, efficiency, and commitment to excellence. Operating on a robust mine-to-metal model, the Company leverages captive resources, advanced manufacturing capabilities, and a global distribution network to deliver high-performance steel solutions. With an investment footprint exceeding USD 12 billion, Jindal Steel runs state-of-the-art facilities in Angul, Raigarh, and Patratu, and maintains strategic operations across India and Africa. Its diversified and future-ready product portfolio underpins core sectors such as infrastructure, construction, and manufacturing, powering progress through strength and sustainability. Take the next step in your career with Jindal Steel by submitting your application to our Talent Acquisition team at ""careers.hr@jindalsteel.in""",19934,,Mining,1138540,http://www.linkedin.com/company/jindalsteel-ltd.,"Delhi, India","Steel Production, Mining, Power Generation, and Infrastructure",www.jindalsteel.in,,3/2023,false,https://media.licdn.com/dms/image/v2/D5603AQFKaW3nJCJIdg/profile-displayphoto-scale_100_100/B56ZjuVsmaHAAc-/0/1756345323358?e=1788998400&v=beta&t=Mm2-LwO1xzI_AtLhhwblfdmYX72QcLlbloem_mFxmb4,false,,1811,2026-08-25 00:00:00.000 +0530,,,,,,,,,,,,,,,,,1138,
Pramod Rajmeny,Pramod,Rajmeny,https://www.linkedin.com/in/pramod-rajmeny-407061153,urn:li:member:618225415,pramod-rajmeny-407061153,Rajasthan,,India,"Rajasthan, India",Self-employed,Advisor: Geotech,10+yoe_global,member_urn,,,,,,,,,,,11/2014,false,https://media.licdn.com/dms/image/v2/C5603AQE_YbBtKjA1pw/profile-displayphoto-shrink_100_100/profile-displayphoto-shrink_100_100/0/1517018636528?e=1788998400&v=beta&t=jVmQ2jUzBNgO37F4IMCb22XSvwjszwtkFKrAgRTk_8M,false,,1822,2026-08-25 00:00:00.000 +0530,,,,,,,,,,,,,,,,,2433,
Abhimanyu Singh Kushwah,Abhimanyu Singh,Kushwah,https://www.linkedin.com/in/abhimanyu-singh-kushwah-57465493,urn:li:member:333048616,abhimanyu-singh-kushwah-57465493,Dhanbad,Jharkhand,India,"Dhanbad, Jharkhand, India",ISM Energized Toastmasters Club,Vice President Public Relations,10+yoe_global,member_urn,,,,,,,,,,,4/2016,false,https://media.licdn.com/dms/image/v2/C4E03AQF02XjIxlQzkA/profile-displayphoto-shrink_100_100/profile-displayphoto-shrink_100_100/0/1517537862359?e=1788998400&v=beta&t=giFiEVF5oXyFvmEFfADYP74TNWDsLv8BRfWC5o4yTfk,false,,1878,2026-08-25 00:00:00.000 +0530,,,,,,,,,,,,,,,,,2032,
Sumit Sagar,Sumit,Sagar,https://www.linkedin.com/in/sumit-sagar-a1aa25a3,urn:li:member:369815926,sumit-sagar-a1aa25a3,Dhanbad,Jharkhand,India,"Dhanbad, Jharkhand, India",My Shaurya ISM Dhanbad,Joint Secretary,10+yoe_global,member_urn,,,,,,,,,,,9/2015,false,https://media.licdn.com/dms/image/v2/C4E03AQHWuIwLySBTeg/profile-displayphoto-shrink_100_100/profile-displayphoto-shrink_100_100/0/1517263836170?e=1788998400&v=beta&t=9Dd4HTquNdNxjTIY7aJovCtnkVe1y1NyqF8P9DEvqh4,false,,1837,2026-08-25 00:00:00.000 +0530,,,,,,,,,,,,,,,,,2188,
I A.,I,A.,https://www.linkedin.com/in/i-a-7a4a6a21a,urn:li:member:928286188,i-a-7a4a6a21a,,,Greater Patna Area,Greater Patna Area,Sand Earth Mining,Mining Planning Support,10+yoe_global,member_urn,,,,,,,,,,,1/2022,false,,false,"HR & Industrial Engineering areas work, Manpower assessment & planning with skills & Qualification, Process Study of Various dept. of Integrated Steel Plant, ISO QMS documentation & audit process, Data Analysis, Performance Improvement, Work Study.",1838,2026-08-25 00:00:00.000 +0530,,,,,,,,,,,,,,,,,2400,
Rajeev Mishra,Rajeev,Mishra,https://www.linkedin.com/in/rajeev-mishra-4b989416,urn:li:member:55932621,rajeev-mishra-4b989416,Noida,Uttar Pradesh,India,"Noida, Uttar Pradesh, India",NTPC,Coal Mining,10+yoe_indian,member_urn,External link for NTPC Limited,25171,1975,Utilities,10898,http://www.linkedin.com/company/ntpc,"New Delhi, Delhi, India","Coal Based Power Stations, Gas Based Power Stations, Hydro Based Power Projects, Renewable Energy & Distributed Generation, Environment Management, Corporate Social Responsibility, and Consultancy",http://www.ntpc.co.in,"Additional General Manager Geological, Forest & Land Acqusition dept.",11/2006,false,https://media.licdn.com/dms/image/v2/C4D03AQH3Vlg2fAz2Tw/profile-displayphoto-shrink_100_100/profile-displayphoto-shrink_100_100/0/1516609946983?e=1788998400&v=beta&t=J4zh_OMCjNZW2yS7EnbR54Kgqn58WSdPxH6bi__l7f8,false,,1843,2026-08-25 00:00:00.000 +0530,,,,,,,,,,,,,,,,,1244,
Abhinav Srivastav,Abhinav,Srivastav,https://www.linkedin.com/in/abhinav-srivastav-0225,urn:li:member:399818602,abhinav-srivastav-0225,Bengaluru,Karnataka,India,"Bengaluru, Karnataka, India",Aditya Birla Group,Data Consultant,founders,member_urn,"With a rich legacy spanning over 165 years, Aditya Birla Group is a story of enriching lives, pioneering change, and leaving an indelible mark globally. Our success aligns with our philosophy of being A Force for Good. Operating in over 41 countries, we’re a powerhouse of innovation and customer-centricity. Our businesses have flourished into global leaders in key industries such as aluminium rolling, viscose staple fibre, carbon black, cement, financial services, fashion, hospitality, jewellery, entertainment and more. Today, we are a US$ 65Bn global conglomerate with a market cap of over US$ 100Bn*. Some of our recent achievements: Our journey of expansion continues with significant milestones achieved in 2024. We have ventured into branded retail jewellery with Indriya. Our recent foray into paints sector, under the brand name, Birla Opus, demonstrates our commitment to exploring new horizons across 300 towns. With our expansion into the premium casual dining segment through our new-age hospitality arm we are celebrating the power of global cuisines in bringing people together. Birla Pivot, our B2B e-commerce platform, a major extension to the building materials sector, serving as a comprehensive hub for all building material needs. With unwavering dedication, we endeavour to uplift communities socially and economically, enveloping them in the compassionate embrace of our commitment. Our efforts extend to 9,000 villages, impacting 11 million people annually. This includes providing skill based training for 100,000 individuals and immunizing with 100 million polio vaccinations. Learn more about who we are: www.adityabirla.com *End of Q3FY25 Follow us on: Twitter: @AdityaBirlaGrp Linkedin : @aditya-birla-group Instagram: @AdityaBirlaGrp YouTube: adityabirlagroup",84002,,Executive Offices,162288,https://in.linkedin.com/company/aditya-birla-group,"Mumbai, Maharashtra, India","Aluminium & Copper, Cement, Viscose Staple Fibre, Chemicals, Financial Services, Branded Apparel, Telecom, Textiles, Retail, Fertilizers, Alternate Energy, Insulators, Carbon Black, Trading Solutions, Ferro Chem, Mining, fashion, Renewables, Solar, Paints, venture capital, Hospitality, jewellery, and Hospitality",http://www.adityabirla.com,"- Architected and delivered a millisecond-latency closed-loop industrial AI platform controlling kiln operations at UltraTech Cement using prediction-based optimization algorithms; built on Dockerized microservices integrating Distributed Control Systems via OPC-UA, real-time telemetry ingestion (TimescaleDB + Redis), and automated setpoint feedback. - Defined UltraTech’s enterprise data architecture, building a centralised data lake integrating Data Historian, SAP, and third-party vendor systems using Medallion Architecture (Bronze/Silver/Gold), resolving data entropy while enabling executive dashboards and ML model development - Owned the zero-to-scale journey of UltraTech’s Digital Command Center, defining feature roadmap, plant prioritization framework, scale-out strategy, and adoption model; delivered near-real-time operational visibility platform powered by Grafana, InfluxDB, and Azure Data Factory - Designed and institutionalised a Digital Maturity Framework spanning Data Availability, Data Governance, and Data Impact across People–Process–Technology dimensions; built questionnaire-based assessment toolkit and roadmaps adopted to define digital strategy for emerging brands including TASVA - Acted as primary technology advisor to UltraTech Digital Leadership, translating business objectives into executable architecture while coordinating operations, IT, and analytics teams for enterprise-wide rollout",4/2025,true,,false,"Follow for concise notes on industrial AI, productised GenAI, and leadership in platform engineering — or DM to collaborate on enterprise AI roadmaps!I design and ship AI-native products that turn operational complexity into predictable business value. As an Enterprise Architect at Aditya Birla Group, I have led the architecture and delivery of a millisecond-latency, closed-loop edge AI platform for UltraTech — deployed across 2 plants and 6 production lines — that drives automated kiln control and measurable WHRS energy savings. I have designed a near real time observability platform providing real time insights of the cement plants across clusters in Ultratech. I am passionate about cloud-native, microservices-based platforms and enterprise data fabrics (TimescaleDB, Redis, Medallion Architecture, Azure Data Factory) and agentic GenAI systems at scale (RAG + knowledge graphs) so leadership can move from insight to action. I write about pragmatic AI adoption, industrial ML at scale, and product-first platform design — connect if you’re building resilient AI systems, designing digital command centers, or want a practical playbook for GenAI in the enterprise.",1853,2026-08-25 00:00:00.000 +0530,,,,,,,,,,,,,,,,,45,
Ch Rahul Patro,Ch Rahul,Patro,https://www.linkedin.com/in/rahulpatro,urn:li:member:437726937,rahulpatro,Ganjam,Odisha,India,"Ganjam, Odisha, India",Cheif Executive director at collegecare.co.in,Cheif Executive director,10+yoe_global,member_urn,,,,,,,,,,,1/2015,false,https://media.licdn.com/dms/image/v2/C5603AQGoG-Brqn5-Rw/profile-displayphoto-shrink_100_100/profile-displayphoto-shrink_100_100/0/1517045012790?e=1788998400&v=beta&t=yYqLbfqMIqwdG_txGnnfKADDI3BESDFen0RrhmzT5Bw,false,,1929,2026-08-25 00:00:00.000 +0530,,,,,,,,,,,,,,,,,1660,
Niranjan Kumar,Niranjan,Kumar,https://www.linkedin.com/in/niranjan-kumar-37354443,urn:li:member:153619719,niranjan-kumar-37354443,Mumbai,Maharashtra,India,"Mumbai, Maharashtra, India",Government,Director,10+yoe_global,member_urn,,,,,,,,,,,6/2011,false,https://media.licdn.com/dms/image/v2/C5603AQF5dPl0yc39og/profile-displayphoto-shrink_100_100/profile-displayphoto-shrink_100_100/0/1517001443167?e=1788998400&v=beta&t=3TVUZEFxCEYWKlWEWunnL2hSFOX-oEaEsALSC1EraKA,false,,1986,2026-08-25 00:00:00.000 +0530,,,,,,,,,,,,,,,,,1892,
Amitabh Tirkey,Amitabh,Tirkey,https://www.linkedin.com/in/amitabh-tirkey-22332b271,urn:li:member:1114579323,amitabh-tirkey-22332b271,Dhanbad,Jharkhand,India,"Dhanbad, Jharkhand, India",TATA Power,Head Maintenance Planning,10+yoe_indian,member_urn,"Tata Power is one of India’s largest integrated power companies and together with its subsidiaries and jointly controlled entities, has an installed/managed capacity of 14,294 MW. The Company has a presence across the entire power value chain - generation of renewable as well as conventional power including hydro and thermal energy, transmission & distribution, and trading. With 5,434 MW of clean energy generation from solar, wind, hydro, and waste heat recovery accounting for 38% of the overall portfolio, the company is a leader in clean energy generation. It has successful public-private partnerships in generation, transmission & distribution in India viz: Powerlinks Transmission Ltd. with Power Grid Corporation of India Ltd. for evacuation of Power from the Tala hydro plant in Bhutan to Delhi, Maithon Power Ltd. with Damodar Valley Corporation for a 1,050 MW Mega Power Project at Jharkhand. Tata Power is currently serving more than 12.9 million consumers via its Discoms, under a public-private partnership model viz Tata Power Delhi Distribution Ltd. with the Government of Delhi in North Delhi, TP Northern Odisha Distribution Limited, TP Central Odisha Distribution Limited, TP Western Odisha Distribution Limited, and TP Southern Odisha Distribution Limited with Government of Odisha. With a focus on sustainable and clean energy development, Tata Power is steering the transformation as an integrated solutions provider by looking at new business growth in distributed generation through rooftop solar and microgrids, storage solutions, EV charging infrastructure, ESCO, home automation & smart meters et al. In its 108 years track record of technology advancements, project execution excellence, world-class safety processes, customer care and green initiatives, Tata Power is well poised for multi-fold growth and is committed to lighting up lives for generations to come. For more information visit us at: www.tatapower.com",13764,1915,Utilities,337562,https://in.linkedin.com/company/tata-power,"Mumbai, Maharashtra, India","Power Generation, Transmission & Distribution, and Power Projects & Related Services",http://www.tatapower.com,,2/2025,false,https://media.licdn.com/dms/image/v2/D4D03AQGvRT1UJWS7hQ/profile-displayphoto-scale_200_200/B4DZ.O1EZMGkAc-/0/1784807705407?e=1788998400&v=beta&t=Qhr2xoWM8yUF78HWctZTotl4-kVnMyXoNN80pn_fQoA,false,,1893,2026-08-25 00:00:00.000 +0530,,,,,,,,,,,,,,,,,291,
Er.kumar Gaurav,Er.kumar,Gaurav,https://www.linkedin.com/in/er-kumar-gaurav-8a57603b,urn:li:member:142208765,er-kumar-gaurav-8a57603b,,,India,India,NITJEE Academy,physics faculty,10+yoe_global,member_urn,,,,,,,,,,,7/2019,false,https://media.licdn.com/dms/image/v2/C5603AQGdEeU8ToRYjw/profile-displayphoto-shrink_100_100/profile-displayphoto-shrink_100_100/0/1562330946979?e=1788998400&v=beta&t=sZfj552L1Q98KEQUtsu4Tn6l4XQeXzy4yoct-Z9wabA,false,,1874,2026-08-25 00:00:00.000 +0530,,,,,,,,,,,,,,,,,2223,
Avijit Dutta,Avijit,Dutta,https://www.linkedin.com/in/avijit-dutta-90a54115,urn:li:member:52091866,avijit-dutta-90a54115,Delhi,,India,"Delhi, India","NIC, New Delhi","Scientist ""F"" / Senior Technical Director",10+yoe_global,member_urn,,,,,,,,,,"National Informatics Centre, New Delhi",10/1985,false,https://media.licdn.com/dms/image/v2/C4D03AQF13stcjsbUuw/profile-displayphoto-shrink_100_100/profile-displayphoto-shrink_100_100/0/1516562848915?e=1788998400&v=beta&t=La0dJI5HxoPW8Z2_EUxYyxudXOLGOiU40t_oDx1Dyn4,false,,1876,2026-08-25 00:00:00.000 +0530,,,,,,,,,,,,,,,,,2216,
Pankaj Verma,Pankaj,Verma,https://www.linkedin.com/in/pankaj-verma-520972178,urn:li:member:707081064,pankaj-verma-520972178,,,Greater Delhi Area,Greater Delhi Area,Gagotias college of Engineering and Technology Greater Noida,Assistant Professor,10+yoe_global,member_urn,,,,,,,,,,,11/2022,false,https://media.licdn.com/dms/image/v2/C5103AQFXMpbMehdELA/profile-displayphoto-shrink_100_100/profile-displayphoto-shrink_100_100/0/1561022996204?e=1788998400&v=beta&t=R6m4iqJFiIwIgOTHCbwNfFQk0eWqtxHZ6tliP4a3GZs,false,,2453,2026-08-25 00:00:00.000 +0530,,,,,,,,,,,,,,,,,1855,
Keshav Kumar,Keshav,Kumar,https://www.linkedin.com/in/keshav-kumar-a805704,urn:li:member:13334784,keshav-kumar-a805704,New Delhi,Delhi,India,"New Delhi, Delhi, India",Ministry of Earth Sciences,Director,10+yoe_indian,member_urn,"The Ministry of Earth Sciences was formed in 2006 from a merger of the India Meteorological Department , the National Centre for Medium Range Weather Forecasting , the Indian Institute of Tropical Meteorology , Pune, and Earth Risk Evaluation Centre , and the Ministry of Ocean Development. Currently, the ministry is headed by Dr. Harsh Vardhan.",125,2006,Government Administration,70512914,https://in.linkedin.com/company/ministry-of-earth-science,"New Delhi, Delhi, India",,https://www.moes.gov.in/,,1/2023,false,https://media.licdn.com/dms/image/v2/C4E03AQG38rkUuu1c0Q/profile-displayphoto-shrink_100_100/profile-displayphoto-shrink_100_100/0/1517692751423?e=1788998400&v=beta&t=fqnkDryBgkohiimtp3vk8vHhvNpnvcYr6q9oSppta5I,false,,1880,2026-08-25 00:00:00.000 +0530,,,,,,,,,,,,,,,,,203,
Dr. Shriram Zade.,Dr. Shriram,Zade.,https://www.linkedin.com/in/dr-shriram-zade-b771ba54,urn:li:member:191598859,dr-shriram-zade-b771ba54,Nasik,Maharashtra,India,"Nasik, Maharashtra, India","CHME'S Dr. Moonje Institute of Management & Information Technology, Nashik",Associate Professor & Director(I/C),10+yoe_global,member_urn,,,,,,,,,,,8/2008,false,https://media.licdn.com/dms/image/v2/C4E03AQHUaVnBuOyD5g/profile-displayphoto-shrink_100_100/profile-displayphoto-shrink_100_100/0/1632805612619?e=1788998400&v=beta&t=9C0c0K5jPWlBYe5jsm-b7WtlOg-c4ZSv_c351eUGwA4,false,,1882,2026-08-25 00:00:00.000 +0530,,,,,,,,,,,,,,,,,1666,
Pratyush Shekhar,Pratyush,Shekhar,https://www.linkedin.com/in/pratyush-shekhar-286a317,urn:li:member:23454534,pratyush-shekhar-286a317,Jharkhand,,India,"Jharkhand, India","jharkhand labour,Emoloyment and Training department",District Employment Officer,10+yoe_global,member_urn,,,,,,,,,,,8/2016,false,,false,"As the District employment officer, i am acting as a facilitator to provide employment opportunities for unemployed youths. In doing so, my focus is on the Naxal affected areas where the youths are quite vulnerable to the Left wing extremism. Till now i have conducted two job fairs and several recruitment camp in which several private companies participated and through which more than 600 people got employment as per their qualifications. As a Nodal officer of skill development and Industrial Training Institutes(ITI) in my district , i manage several skill development schemes run by the state and central government...till now more than 1000 candidates has been skilled either through ITIs or RSETI( Bank of India is the Lead bank for implementation) or other skill development agencies working in PPP mode. As a Senior officer of Swachha Bharat Mission( gramin), i am responsible for making panchayats and villages Open Defecation Free(ODF) in my district...till now more than 50 villages of ten panchayats has been declared ODF and many more are under the target in which works are going in mission mode.",1883,2026-08-25 00:00:00.000 +0530,,,,,,,,,,,,,,,,,2040,
SHIKHA DWIVEDI,SHIKHA,DWIVEDI,https://www.linkedin.com/in/shikha-dwivedi-93609b36,urn:li:member:125618298,shikha-dwivedi-93609b36,Sibsagar,Assam,India,"Sibsagar, Assam, India",Assam Energy Institute (A Center of Rajiv Gandhi Institute of Petroleum Technology),Assistant Professor,10+yoe_global,member_urn,,,,,,,,,,Teaching & Research,11/2020,false,,false,"I have completed my Ph.D. degree in the area of soft condensed matter physics on the topic “Molecular theory of Structure and Freezing of Model Systems with Liquid Crystal Phases” using FORTRAN coding under supervision of Dr. Pankaj Mishra at Department of Applied Physics, IIT (ISM), Dhanbad, in the of month February 2017. I have published three research papers in the reputed international journals. I have also taken practical classes of B. Tech. and M.Sc. students of Applied Physics at IIT (ISM), Dhanbad (As a part of Ph.D. course) since 2012. Before this, I have completed my Masters in Physics from Department of Physics, Banaras Hindu University, Varanasi. Along with these, I have one year teaching experience in Physics at A.B.B.I.C., Mirzapur. My objective is to be associated with an organization, which recognizes excellence and rewards commitment, applying my knowledge and experience into practice, whereby I can contribute towards the growth of the organization. I am seeking a position that will utilize my skills of research, teaching and looking forward to enhance my abilities and upgrade my skills further at progressive levels.",1885,2026-08-25 00:00:00.000 +0530,,,,,,,,,,,,,,,,,1557,
Vinay Garg,Vinay,Garg,https://www.linkedin.com/in/vinay-garg-506a09151,urn:li:member:614631318,vinay-garg-506a09151,Bathinda,Punjab,India,"Bathinda, Punjab, India",Manthan Academy,Co-Founder,founders,member_urn,,,,,,,,,,,1/2018,false,,false,Education is not what we grasp and learn while sitting in classrooms. Neither it is what we learn selectively and systematically. Education is something that inspire our thoughts and drive our actions while we are outside the class. Education is something that helps us to clear the exams of life while not cheating with basic principales of humility and service to mankind. Manthan Academy is the action of our this belief.,3247,2026-08-25 00:00:00.000 +0530,,,,,,,,,,,,,,,,,2133,
Praveen Parmar,Praveen,Parmar,https://www.linkedin.com/in/praveen-parmar,urn:li:member:52422240,praveen-parmar,Bengaluru,Karnataka,India,"Bengaluru, Karnataka, India",Koo,Associate Director - Engineering,10+yoe_indian,member_urn,"Koo is all about uniting the world despite the language barriers. The dream of one world. Globally connected citizens of humanity. The world is divided by borders and languages. There’s little that can be done about the borders. But we certainly can break the language barriers. That’s what Koo’s mission is. Our aim is to build the most inclusive social platform in the world, where our differences are understood and celebrated — not targeted.",390,2020,"Technology, Information and Internet",66314253,https://in.linkedin.com/company/koo-india,"Bengaluru, Karnataka, India",,https://www.kooapp.com,Backend | Notifications | Media | Analytics,4/2023,false,https://media.licdn.com/dms/image/v2/C4D03AQEivzq7DDaByg/profile-displayphoto-shrink_100_100/profile-displayphoto-shrink_100_100/0/1516565945646?e=1788998400&v=beta&t=n3e2nvn_KIqln1IcokNocAIcOAq9K7BVcDcaj2pLDiU,false,,1889,2026-08-25 00:00:00.000 +0530,,,,,,,,,,,,,,,,,176,
Reetoja Taj,Reetoja,Taj,https://www.linkedin.com/in/reetoja-taj-85572119a,urn:li:member:784114049,reetoja-taj-85572119a,Kolkata,West Bengal,India,"Kolkata, West Bengal, India",Self-employed,English Second Language Teacher,10+yoe_global,member_urn,,,,,,,,,,,7/2020,false,https://media.licdn.com/dms/image/v2/C5103AQEWki4nbm5F3A/profile-displayphoto-shrink_100_100/profile-displayphoto-shrink_100_100/0/1577067327263?e=1788998400&v=beta&t=lL9jtfiCw8C_xQ1b6Vm3rmGL7kuSXQUSQ2L7kuqYaxA,false,,1912,2026-08-25 00:00:00.000 +0530,,,,,,,,,,,,,,,,,2433,
Randip Singh,Randip,Singh,https://www.linkedin.com/in/randip-singh-544b4315,urn:li:member:53587780,randip-singh-544b4315,,,India,India,Central Mine Planning and Design Institute Limited,General Manager,10+yoe_indian,member_urn,"COAL INDIA LIMITED, (CENTRAL MINE PLANNING AND DESIGN INSTITUTE LIMITED) | 2,321 followers on LinkedIn. Coal exploration",322,,Government Relations Services,1183762,https://www.linkedin.com/school/coal-india-limited-central-mine-planning-and-design-institute-limited-/,"Bhubaneswar, Odisha, India",,https://www.cmpdi.co.in/,,9/1987,false,https://media.licdn.com/dms/image/v2/C4D03AQGLfByHvFm-Tw/profile-displayphoto-shrink_100_100/profile-displayphoto-shrink_100_100/0/1516576525129?e=1788998400&v=beta&t=eEp2vHglvttUpBcaNwTPgrwPCGOW7TWzMBlFLJyjF-0,false,,1908,2026-08-25 00:00:00.000 +0530,,,,,,,,,,,,,,,,,788,
Ashwani Singh,Ashwani,Singh,https://www.linkedin.com/in/ashwani-singh-8330b4115,urn:li:member:480979623,ashwani-singh-8330b4115,,,India,India,Student,MBA Student,10+yoe_global,member_urn,,,,,442448,,,,,,7/2015,false,https://media.licdn.com/dms/image/v2/C5103AQGSyJojpbNxPw/profile-displayphoto-shrink_100_100/profile-displayphoto-shrink_100_100/0/1517410209574?e=1788998400&v=beta&t=5g0DToB8e8M2SKg2xzHQwwVzjfxx0VokW5IyPidxExk,false,,1924,2026-08-25 00:00:00.000 +0530,,,,,,,,,,,,,,,,,2529,
Moumita Mitra,Moumita,Mitra,https://www.linkedin.com/in/moumita-mitra-890441260,urn:li:member:1076035500,moumita-mitra-890441260,Kolkata metropolitan area,West Bengal,India,"Kolkata metropolitan area, West Bengal, India",Geological Survey of India,Director,10+yoe_indian,member_urn,"The Geological Survey of India (GSI), founded in 1851, is a Government of India Ministry of Mines organisation, one of the oldest of such organisations in the world and the second oldest survey in India after Survey of India (founded in 1767), for conducting geological surveys and studies of India, and also as the prime provider of basic earth science information to government, industry and general public, as well as the official participant in steel, coal, metals, cement, power industries and international geoscientific forums.",2,1851,Government Administration,31037370,https://in.linkedin.com/company/geology-india,"Kolkata, West Bengal, India",,https://www.gsi.gov.in/,,7/2004,false,https://media.licdn.com/dms/image/v2/D4D03AQEmd7LL-EZTag/profile-displayphoto-shrink_100_100/profile-displayphoto-shrink_100_100/0/1672553878824?e=1788998400&v=beta&t=B63Z2VZ7QWSj4woceZwi3s_1N0DCZkfG3wlH009uIns,false,,1913,2026-08-25 00:00:00.000 +0530,,,,,,,,,,,,,,,,,133,
Thooyavan Y,Thooyavan,Y,https://www.linkedin.com/in/thooyavan-y-07021b19b,urn:li:member:785851284,thooyavan-y-07021b19b,Tamil Nadu,,India,"Tamil Nadu, India","Bethlehem institute of engineering Karungal,Nagercoil. January 2013 – T",Assistant Professor,10+yoe_global,member_urn,,,,,,,,,,,7/2013,false,,false,"Personal Details 1. Name : THOOYAVAN.Y 2. Father Name : Mr A YESUDHASAN 3. Date of Birth : 18-03-1979 4. Place of Birth : Tamil Nadu, India 5. Nationality : Indian 6. Marital Status : Married Academic History Ph.D Faculty of Mechanical Engineering Indian Institute of Technology, Dhanbad Year of completion: 2023. M.E Faculty of Mechanical Engineering (Specialization in Thermal Engineering) Mohamed Sathek engineering college, Anna University Chennai, Year of completion: 2013, First Class -7.28 CGPA. B.E Mechanical Engineering Ponjesly College of Engineering, Chunkankadai, Nagercoil. Anna University - Chennai, Year of completion: 2010, First Class - 65%. DIP Diploma in Automobile Engineering Noorul Islam Polytechnic State Board of Technical Education Year of completion: 1999 Percentage: 58.5% SSLC State Board Govt Higher Secondary School, Kandanvilai Year of completion: 1994 Percentage: 55% WORK HIGHLIGHTS Assistant Professor Bethlehem institute of engineering Karungal,Nagercoil. January 2013 – Till date Lecturer Ponjesly College Of Engineering Dec 2010 to August 2010. JOURNAL PUBLICATIONS 1. Y. Thooyavan, L.A. Kumaraswamidhas, R. Edwin Raj, J.S. Binoj, Influence of SiC micro and nano particles on tribological, water absorption and mechanical properties of basalt bidirectional mat/vinyl ester composites”, Composites ScienceandTechnology219(2022)109210.https://doi.org/10.1016/j.compscitech.2021.109210.(Q1) Impact factor-9.879. 2. Yesudhasan Thooyavan, Lakshmi Annamali Kumaraswamidhas Robinson Dhas Edwin Raj, Joseph Selvi Binoj, Bright Brailson Mansingh. Effect of combined micro and nano silicon carbide particles addition on mechanical, wear and moisture absorption features of basalt bidirectional mat/vinyl ester composites”, Polymer Composites.2022; 1–10 https://doi.org/10.1002/pc.26557. (Q1) Impact factor-3.531. 3. Y. Thooyavan, Y. Thooyavan, L.A. Kumaraswamidhas, R. Edwin Raj, J.S. Binoj, B. Brailson Mansingh, “Failure analysis of basalt bidirectional mat reinforced micro/Nano Sic particle filled vinyl ester polymer composites Engineering Failure Analysis 136 (2022) 10622https://doi.org/10.1016/j.engfailanal.2022.106227.(Q1) Impact factor- 3.634",1932,2026-08-25 00:00:00.000 +0530,,,,,,,,,,,,,,,,,1586,
Radhendra Narayan Sahoo,Radhendra Narayan,Sahoo,https://www.linkedin.com/in/radhendra-narayan-sahoo-14235617,urn:li:member:57594434,radhendra-narayan-sahoo-14235617,,,India,India,National Hydro-electric Power Corporation,Engineering Geology & Geotech. Divn.,10+yoe_global,member_urn,,,,,407553,http://www.linkedin.com/company/national-hydro-electric-power-corporation,,,,As Geo-Scientist,,false,https://media.licdn.com/dms/image/v2/C4D03AQGD4Xrd25L8lg/profile-displayphoto-shrink_100_100/profile-displayphoto-shrink_100_100/0/1516625982421?e=1788998400&v=beta&t=FFst1XwnxG5Gh2B9aN1945dnqn0sHUcTO5npf8tWYvU,false,,1928,2026-08-25 00:00:00.000 +0530,,,,,,,,,,,,,,,,,1224,
Tapas Martha,Tapas,Martha,https://www.linkedin.com/in/tapas-martha-5b7a1415,urn:li:member:53278555,tapas-martha-5b7a1415,Hyderabad,Telangana,India,"Hyderabad, Telangana, India","National Remote Sensing Centre, ISRO",Senior Scientist,10+yoe_indian,member_urn,"National Remote Sensing Centre, or NRSC, located at Hyderabad is one of the centres of the Indian Space Research Organisation, striving to realise the Indian Space Vision, as a key player in Earth Observation Programme and Disaster Management Support programme.",505,1974,Government Administration,24799379,https://in.linkedin.com/company/nrsc-isro,"Hyderabad, Telangana, India",Remote Sensing and Areal Survey,http://www.nrsc.gov.in/,,3/2001,false,https://media.licdn.com/dms/image/v2/C5603AQF7hESnNuMoqA/profile-displayphoto-shrink_100_100/profile-displayphoto-shrink_100_100/0/1643629541469?e=1788998400&v=beta&t=4hVtx_SY-gyFkhxxs3a4Xx1x2lt8WPycMc9nXh-pdqM,false,,1937,2026-08-25 00:00:00.000 +0530,,,,,,,,,,,,,,,,,225,
Rajiv Mukherjee,Rajiv,Mukherjee,https://www.linkedin.com/in/rajiv-mukherjee-8934a534,urn:li:member:120651951,rajiv-mukherjee-8934a534,Faridabad,Haryana,India,"Faridabad, Haryana, India",www.Magazinemall.in,Manager: Marketing Communication,10+yoe_global,member_urn,,,,,,,,,,"Maintaining Product, Pricing, Gifts & Marketing Schemes. Promotion, Product Sales Strategies. B2B Sales and Marketing - Initiate, Negotiate, Formalize rates &Terms of Business to close the deal based on online / offline leads, Managing the existing accounts, Corporate Tie Ups. Working with Publisher Relation Team for proper coordination with the publisher for product, Purchase Order and delivery. Regular updating content for the website like Price, Product Description, Gifts, Publisher, Category and Images for the website www.magazinemall.in Promoting product though Online Advertisement like, eBay. in ,rediif.com,Facebook , Mass Emailing etc and also formulating and editing of monthly newsletter for the company. Reconciliation of payment from different Online Payment Gateways like CC Avenue, EBS , EBay, Rediff.com etc Preparing MIS Sales & Operational related reports Daily / Weekly / Monthly review to reporting Manager. Mass e -Mail Management/Marketing to different categories of customer exiting and also to the prospective customers on weekly/Fortnightly/Monthly basis. Managing all the transactional and operational activities (customer’s queries and payments) and to ensure that every queries, issues and day highlights are entertained and closed within 24 hours. Publisher, Product and Category uploading to online portal. Account and Client Manager for the top accounts of the company",12/2009,false,https://media.licdn.com/dms/image/v2/C5603AQGXyI4f1aDIXw/profile-displayphoto-shrink_100_100/profile-displayphoto-shrink_100_100/0/1516560364219?e=1788998400&v=beta&t=xE6xaxTh3FOlaJkQXSfQ8ZEWG0JJk_Em-9VzCcljez0,false,,1941,2026-08-25 00:00:00.000 +0530,,,,,,,,,,,,,,,,,2675,
Anurag Dwibhashyam,Anurag,Dwibhashyam,https://www.linkedin.com/in/anurag-dwibhashyam,urn:li:member:830163564,anurag-dwibhashyam,Visakhapatnam,Andhra Pradesh,India,"Visakhapatnam, Andhra Pradesh, India","HSS Department, IIT (ISM) Dhanbad",Senior Research Fellow,founders,member_urn,,,,,,,,,,,7/2026,false,,false,I talk and study trash,3279,2026-08-25 00:00:00.000 +0530,,,,,,,,,,,,,,,,,1949,
Sandeep Kumar Malladi,Sandeep Kumar,Malladi,https://www.linkedin.com/in/sandeep-kumar-malladi-8019611a3,urn:li:member:799624513,sandeep-kumar-malladi-8019611a3,Krishna,Andhra Pradesh,India,"Krishna, Andhra Pradesh, India",BGR Mining & Infra Limited,Manager of Operations,10+yoe_indian,member_urn,Serving the Indian economy through mineral excavation since 1988,873,1988,Mining,27884747,https://in.linkedin.com/company/bgrmining,"Hyderabad, Telangana, India","Mining, Construction, Irrigation, Hotels, Exploration, Mine developer and Operator, Contract Mining, Chromite, Coal, Mozambique, and 10,000+ Employees",http://www.bgrmining.com,,5/2018,false,,false,"Experienced Deputy General Manager Business Development with a demonstrated history of working in the mining & metals industry. Skilled in Maintenance, Operations Management, Business Development, Analytics, and General Management. Strong business development professional with a Bachelor of Technology - BTech focused in Mechanical Engineering from Indian Institute of Technology (Indian School of Mines), Dhanbad.",1952,2026-08-25 00:00:00.000 +0530,,,,,,,,,,,,,,,,,68,
Vikash Raj,Vikash,Raj,https://www.linkedin.com/in/vikash-raj-04550a72,urn:li:member:258056117,vikash-raj-04550a72,Mumbai,Maharashtra,India,"Mumbai, Maharashtra, India",Reserve Bank of India (RBI),Manager,10+yoe_indian,member_urn,"Official account of the central bank of India, the RBI. Visit us at Website : https://rbi.org.in X : https://twitter.com/RBI : https://twitter.com/RBIsays Instagram : https://www.instagram.com/reservebankofindia/ Facebook : https://www.facebook.com/therbimuseum : https://www.facebook.com/RBIsays YouTube : https://www.youtube.com/@reservebankofindia593",7845,1935,Banking,99053826,https://in.linkedin.com/company/reservebankofindia,"Mumbai, Maharashtra, India",,https://rbi.org.in,Part of SSM team,2/2021,false,https://media.licdn.com/dms/image/v2/D5603AQFa60C1eQRtIQ/profile-displayphoto-scale_200_200/B56Z8FLtrLIQAU-/0/1782498386231?e=1788998400&v=beta&t=46QznOZfGcNy_EoKZ8e96VLbGAivM-00wsYxoDgzcO4,false,,1957,2026-08-25 00:00:00.000 +0530,,,,,,,,,,,,,,,,,261,
Ram Charan,Ram,Charan,https://www.linkedin.com/in/ram-charan-76b0a2244,urn:li:member:1015446467,ram-charan-76b0a2244,Delhi,,India,"Delhi, India",Agile Oilfield Supply Pvt Ltd,Manager Sales & Business Development,10+yoe_global,member_urn,,,,,,,,,,,7/2022,false,,false,"Agile Oilfield Supply Pvt Ltd is an established manufacturer and distributor of quality oilfield equipment. Our product range includes: Hammer Unions API Flanges, Tees & Crosses Choke & Kill and Cement & Stand Pipe Manifolds Swivel Joints Steel Hose Assemblies Pup Joints Adapters & Crossovers Spools-Drilling, Adapter & Spacer Integral Fittings – Elbows, Tees, Wyes Plug Valves Clamps & Hubs Hammer Seal Unions Hose Nipple Unions Studs and Nuts Check Valves Gate Valves API Cross Overs, Coupling, Pup Joints and Blast Joints Our products meet or exceed API 6A, 16A, 16C, 16D, and 20E specifications. Our facility is ISO 9001-2015 certified",1992,2026-08-25 00:00:00.000 +0530,,,,,,,,,,,,,,,,,1512,
Dr. Shiv Kumar Yadav,Dr. Shiv Kumar,Yadav,https://www.linkedin.com/in/dr-shiv-kumar-yadav-7334aa14,urn:li:member:48996759,dr-shiv-kumar-yadav-7334aa14,Dehradun,Uttarakhand,India,"Dehradun, Uttarakhand, India","ICFRE, FRI campus Dehradun",Project Consultant,10+yoe_global,member_urn,,,,,,,,,,,3/2021,false,https://media.licdn.com/dms/image/v2/C4D03AQFjSjriUdRKxA/profile-displayphoto-shrink_100_100/profile-displayphoto-shrink_100_100/0/1516533286157?e=1788998400&v=beta&t=wissRRidR_a9ZYOEZWLj9KVuZMHSJ2_yxJuJP32dhZs,false,,1968,2026-08-25 00:00:00.000 +0530,,,,,,,,,,,,,,,,,1953,
Karthik D,Karthik,D,https://www.linkedin.com/in/karthikd863,urn:li:member:193581755,karthikd863,Hyderabad,Telangana,India,"Hyderabad, Telangana, India",Firstsource,Senior Consultant,founders,member_urn,"Established in 2001, Firstsource Solutions Limited, an RP-Sanjiv Goenka Group company, is a specialized BPS partner with hyper-focused, domain-centered teams and cutting-edge tech, data, and analytics. We help our clients across healthcare, banking and financial services, communications, media, technology, retail and utilities reimagine their business with our UnBPO(TM) approach. Our team of over 35,000 Firstsourcers, globally, is driven to Make It Happen for our clients, solving their biggest challenges. We are a trusted growth partner for over 200 leading global brands, including several Fortune 500 and FTSE 100 companies and present in the US, the UK, Mexico, India, Australia, South Africa and the Philippines.",23785,2001,Outsourcing and Offshoring Consulting,243914,https://in.linkedin.com/company/firstsource-solutions-limited,"Mumbai, Maharashtra, India","Collections Management, Business Transformation, Robotic Process Automation, Digitilization, Customer Experience, Data Processing, Data Analytics, GenAI, Technology, Digital Transformation, Healthcare, Mortgage, Communication, Media, Trust&Safety, BFS, HPHS, and Business Process Services",http://www.firstsource.com,,11/2024,false,,false,"I am a consultant focused on strategy, CX transformation, and AI-led operations, with experience driving end-to-end problem solving from hypothesis-led analysis to execution. My work centers on structuring ambiguous business problems, conducting deep-dive diagnostics, and building data-backed recommendations that translate into scalable impact. I have led engagements spanning operating model redesign, customer journey transformation, and digital/AI enablement, consistently focusing on cost reduction, efficiency improvement, and experience enhancement. I bring hands-on experience across the full consulting lifecycle—problem definition, stakeholder alignment, solution design, and implementation planning—including RFP solutioning and target operating model development. I have worked closely with senior leadership, synthesizing complex analyses into clear, decision-ready insights. Increasingly, my work focuses on leveraging AI as a transformation lever—designing automation-led workflows and agent-driven solutions to simplify operations and unlock productivity at scale. Beyond client work, I contribute to capability building and knowledge development, creating reusable frameworks and integrating structured problem-solving approaches into delivery. I am particularly interested in roles that require rigorous problem solving, structured thinking, and driving tangible impact at scale.&Movie Buff; Sports Enthusiast; and a Hustler.",1966,2026-08-25 00:00:00.000 +0530,,,,,,,,,,,,,,,,,125,
Arpita Singh,Arpita,Singh,https://www.linkedin.com/in/arpita-singh-bb9359206,urn:li:member:878746749,arpita-singh-bb9359206,New Delhi,Delhi,India,"New Delhi, Delhi, India",helpco,Co-Founder,founders,member_urn,helpco | 8 followers on LinkedIn.,3,,,18372200,https://www.linkedin.com/company/helpco,,,,co-founder of helpco,2/2024,false,,false,am currently a software engineer at jio,3297,2026-08-25 00:00:00.000 +0530,,,,,,,,,,17,28,,,,,,536,
Ranvijay Singh,Ranvijay,Singh,https://www.linkedin.com/in/ranvijay-singh-20948b147,urn:li:member:595391337,ranvijay-singh-20948b147,Baihar,Madhya Pradesh,India,"Baihar, Madhya Pradesh, India",Hindustan Copper Limited,Executive,6-10yoe_global_indian,member_urn,,,,,,,,,,,,false,https://media.licdn.com/dms/image/v2/C5603AQHZ8DjVrZqb3w/profile-displayphoto-shrink_100_100/profile-displayphoto-shrink_100_100/0/1590996988356?e=1788998400&v=beta&t=M-JDJUKbXNdxWp1W7ClMEEIpdlNuR4xmO844askK1zc,false,,3762,2026-09-01 17:03:38.642 +0530,"Bachelor of Engineering - BE, M.Tech at Indian Institute of Technology (Indian School of Mines), Dhanbad",,,,,,,,,,,,,,,,1940,
girijanandan mohanty,girijanandan,mohanty,https://www.linkedin.com/in/gnmonanty,urn:li:member:46634051,gnmonanty,Odisha,,India,"Odisha, India",The Industrial Development Corporation of Orissa Limited,IDCOL,founders,member_urn,,,,,,,,,,,,false,,false,"Managing Director, Sept'2007-Oct'2008 IDCOL Kalinga Iron Works Ltd., is a subsidiary company of IDCOL Responsibilities: Strategic Business Management: As CEO led a large work force of 2400 employees and successfully directed operations. Formulated and implemented policies, strategies, annual budgets, developed forecasts and focused action plans and Undergone overseas training on operation & maintenance of 9.5 MW D.G Set and its auxiliary systems/ equipment of SEMT Pielstick diesel Engine in Germany, England and Netherlands for 8 weeks in 1989. Various management courses at XIMB Bhubaneswar and other places. Training in Cummins Engines. Membership of Professional Bodies Awarded Fellow Engineer (FIE) & Chartered Engineer (CEI) by The Institute of Engineers India. Specialties: I have around 36years of experience in Mining,Steel,Cement,Power,Power distribution,etc and managed as CEO/MD/Corporate Head in PSU & new project execution can be seen from my Resume attached .",3309,2026-08-25 00:00:00.000 +0530,,,,,,,,,,,,,,,,,2572,
VISHAL,VISHAL,,https://www.linkedin.com/in/vishal-25a35a63,urn:li:member:224816614,vishal-25a35a63,Raigarh,Chhattisgarh,India,"Raigarh, Chhattisgarh, India",Bridge and Roof Company (India) Limited,Assistant Construction Manager,10+yoe_indian,member_urn,"Established in 1920, BRIDGE & ROOF CO. (INDIA) LTD. (B&R) has grown into a premier multi-disciplinary Engineering and Construction organisation in the country. The Company has been a major force in the field of construction for past eighty-eight years during which it has competently served almost all the major Project Implementation Authorities in the country both in Public and Private Sectors. With the present Total Revenue of ` 1321.32 Crores (2012-13) and an average annual growth rate of around 15% since last five years, BRIDGE & ROOF is one of the leading and most versatile construction organisations in the country with high degree of expertise and substantial in-house resources comprising of dedicated man-power, modern equipment and machineries for project work as well as sophisticated work shop facilities at its Howrah Works (W.B)",1985,1920,Construction,3617292,http://www.linkedin.com/company/bridge-and-roof-company-india-limited,"Kolkata, West Bengal, India",,http://www.bridgeroof.co.in,,,false,https://media.licdn.com/dms/image/v2/C5603AQE6q5ciJVkcXw/profile-displayphoto-shrink_100_100/profile-displayphoto-shrink_100_100/0/1517592806948?e=1788998400&v=beta&t=o0zvEyh4pU7Bk2sq2KNTuF2UNCri_huQndGTnau_Vic,false,,1998,2026-08-25 00:00:00.000 +0530,,,,,,,,,,,,,,,,,927,
HRUSHIKESH NAIK,HRUSHIKESH,NAIK,https://www.linkedin.com/in/hrushikesh-naik-67133619,urn:li:member:63525685,hrushikesh-naik-67133619,Sundargarh,Odisha,India,"Sundargarh, Odisha, India",National Institute of Technology -Rourklea,"Associate Professor and Head of the Department, Mining Engineering",10+yoe_indian,member_urn,"NIT -Rourklea | 9,109 followers on LinkedIn. National Institute of Technology Rourkela is one among the institutes of national importance in higher technological education, basic and applied research. The campus of the institute is situated at the western end of Orissa in a beautiful wooded land of about 262 hectares.",463,1961,Higher Education,512631,https://www.linkedin.com/school/nit-rourkela/,"Raurkela, Odisha, India","Engineering, Basic and Applied Sciences, and Humanities & Social Sciences",https://www.nitrkl.ac.in/,"Department of Mining Engineering, National Institute of Technology, Rourkela-769008 (Orissa)",8/1985,false,,false,"List of Publications: Naik, H.K., Mishra, M.K., Rao, K.U.M., Dey, D., 2009, Evaluation of the role of a cationic surfactant on the flow characteristics of fly ash slurry, Journal of Hazardous Materials, Vol. 169, pp. 1134-1140. Naik, H.K., Mishra, M.K., Rao, K.U.M., 2009, The effect of drag-reducing additives on the rheological properties of fly ash-water suspensions at varying temperature environment, Journal of Coal Combustion and Gasification Products, Vol. 1, pp. 25-31. Naik, H.K., Mishra, M.K., Rao, K.U.M., 2011, Potential of fly ash utilization in mining sector-a review, Indian Mining and Engineering Journal, Vol. 50, No. 03, pp. 07-22. Naik, H.K., 2006, Environment friendly large volume utilization of coal combustion by-products by the mining and other Industries- the present scenario, The Indian Mineral Industry Journal, pp. 126-131. B. Conference Presentations (International) Naik, H.K., Mishra, M.K., Rao, K.U.M., (2009), Rheological characteristics of fly ash slurry at varying temperature environment with and without an additive, Proceedings of the International Conference on “World of Coal Ash (WOCA) 2009” held at the University of Kentucky, Lexington, USA, can be viewed online at http://www.flyash.info/, pp.1-12. Naik, H.K., Mishra, M.K., Rao, K.U.M., (2011), Evaluation of Flow Characteristics of Fly Ash Slurry at 40% Solid Concentration with and without an Additive, Proceedings of the International Conference on “World of Coal Ash (WOCA) 2011” held at Denver, Colorado, USA, can be viewed online at http://www.flyash.info/, pp.1-15. Naik, H.K., Mishra, M.K., Behera, B. (2007): “Laboratory Investigation and Characterization of Some Coal Combustion Byproducts for their Effective Utilization”, Proc. of the 1st International Conference on Managing the Social and Environmental Consequences of Coal Mining in India, 19-21 Nov. 2007, jointly organized by the I.S.M. University & University of New South Wales ans Australian National University, p. 763-770. Specialties: Rheological Characterization of fly ash slurry",2004,2026-08-25 00:00:00.000 +0530,,,,,,,,,,,,,,,,,814,
Rajwant Singh,Rajwant,Singh,https://www.linkedin.com/in/rajwant-singh-7a442199,urn:li:member:350399788,rajwant-singh-7a442199,,,Greater Delhi Area,Greater Delhi Area,Reweyou,Chief Financial Officer,10+yoe_indian,member_urn,Reweyou is a crowd-sourced news-wire platform empowering journalism on a simple concept of “news of the people by the people”. It empowers people to report issues and news that concerns them. Download app from Playstore - https://play.google.com/store/apps/details?id=in.reweyou.reweyou&hl=en,2,2016,Political Organizations,6588977,http://www.linkedin.com/company/reweyou,"Delhi, India",,http://reweyou.in,"Reweyou is a social network which helps people to report news, issues and information on variety of topics ranging form governance, infrastructure, crime, health, sports and education. The whole concept of Reweyou is to promote citizen journalism where citizen can read, report and review anything in pics and videos. The content generated on Reweyou is authentic and available for media houses all across the country to highlight good or bad of the society. We want to hear your issues and let the world see through your eyes. Our Belief: Public reporting and scorecards creates real accountability. Empowering people to make a change. https://www.facebook.com/reweyou.in https://www.reweyou.wordpress.com",8/2015,false,https://media.licdn.com/dms/image/v2/C4E03AQHYx3JRkS6mgQ/profile-displayphoto-shrink_100_100/profile-displayphoto-shrink_100_100/0/1516897669155?e=1788998400&v=beta&t=WXSGSpLseIQlJTXZ_mNKsw4qT-ddz5pvnMV6MfvXVfg,false,,2000,2026-08-25 00:00:00.000 +0530,,,,,,,,,,,,,,,,,1322,
Mrigendra Madhukar,Mrigendra,Madhukar,https://www.linkedin.com/in/mrigendra-madhukar-25621b95,urn:li:member:337953954,mrigendra-madhukar-25621b95,Mumbai,Maharashtra,India,"Mumbai, Maharashtra, India",Barclays Bank PLC,Manager,10+yoe_global,member_urn,,,,,,,,,,"o Computation, Reporting & Analysis of Liquidity Gap for FSA and RBI, o Market Risk calculations and monitoring of IR Value at Risk (VaR), Fx VaR o Duration Gap Analysis for the entity positions using Modified Duration approach o Stress Testing of various risk Liquidity (Basel 3), Liquidity ratio (LCR/NSFR), FX and Interest Rate Risks o Hedge effectiveness testing based on cashflow hedge and Fair Value hedge. o Earning at Risk calculation for Banking book o Regulatory computations on Net Overseas Position, Aggregate Gap Limits, PV01 etc o India Risk metric computation and reporting with Group Market Risk (Economic Capital, Constant prepayment rate, Stability analysis of non maturity product) o Behavioral Analysis of retail and corporate and asset and liability books for effective fund transfer pricing o Development (BRD & UAT) and rollout of Funds Transfer Pricing (FTP) system for Corporate Bank o Behavioral Studies of retail portfolio including portfolio decay rate (Prepayment and premature withdrawal) for asset liability management o Structural Balance analysis of non maturity product like current, saving, Card, OD etc and determination of core portion for structural hedging and liquidity/rate reporting o Development (BRD & UAT) and rollout of RegPro System (Regulatory Reporting Platform) under RBI ADF project",12/2010,false,https://media.licdn.com/dms/image/v2/C4E03AQEtCak84otdlQ/profile-displayphoto-shrink_100_100/profile-displayphoto-shrink_100_100/0/1516783105545?e=1788998400&v=beta&t=cvkyOahu5bf3BzQ08Bc1ckENPZegxiAJEMcPzsaiyuY,false,,2021,2026-08-25 00:00:00.000 +0530,,,,,,,,,,,,,,,,,1575,
Piyush Barskar,Piyush,Barskar,https://www.linkedin.com/in/piyush-barskar,urn:li:member:554601971,piyush-barskar,Noida,Uttar Pradesh,India,"Noida, Uttar Pradesh, India",Adobe,Transition Manager,founders,member_urn,"Adobe empowers everyone, everywhere to imagine, create, and bring any digital experience to life. From creators and students to small businesses, global enterprises, and nonprofit organizations — customers choose Adobe products to ideate, collaborate, be more productive, drive business growth, and build remarkable experiences.",42878,1982,Software Development,1480,https://www.linkedin.com/company/adobe,"San Jose, California, United States","Software, Creative Cloud, Digital Marketing, Web Experience Management, Digital Media, Creative Suite, Digital Publishing, Photoshop, Online Analytics, Illustrator, Touch Apps, Acrobat, Mobile Apps, Social Marketing, Web Marketing, and Social Measurement",http://www.adobe.com,,1/2025,false,,false,"PMP Certified Program / Product Manager with over 5 years of experience in Project Planning and Execution, Customer Experience, B2B SaaS, Strategy Execution, Process Improvement, Product Roadmap, Strategy and Implementation, Operations and Data Analytics. I am deeply committed to delivering successful outcomes in fast-paced environments through complex problem solving, cross-functional collaboration, and employing Agile, Scrum, Lean, and Waterfall methodologies.",2025,2026-08-25 00:00:00.000 +0530,,,,,,,,,,,,,,,,,382,
(Prof.) Dr. Ankur gupta (IIT'ian),(Prof.) Dr. Ankur gupta (IIT'ian),,https://www.linkedin.com/in/prof-dr-ankur-gupta-iit-ian-44b41153,urn:li:member:189135419,prof-dr-ankur-gupta-iit-ian-44b41153,Meerut,Uttar Pradesh,India,"Meerut, Uttar Pradesh, India","Swami Vivekanand Subharti University (SVSU), Meerut",Professor CSE,6-10yoe_global_indian,member_urn,,,,,,,,,,,,false,https://media.licdn.com/dms/image/v2/D5603AQFhAyFulLlNsg/profile-displayphoto-scale_100_100/B56Z4L_.pQIoAg-/0/1778317782879?e=1788998400&v=beta&t=GPhDz6tHW8cEuvoKpqYSvXzoC3T9Z8ejIJxtuNnVygw,false,"As a seasoned academician and researcher, I currently serve as Deputy Dean of Research, driving innovation and excellence in research endeavours. With a strong background in both Electronics Engineering (EEE) and Computer Science and Engineering (CSE), I bring a unique interdisciplinary perspective to my work. My expertise spans a broad range of areas, including AI, Machine Learning, Data Science, Power Electronics, and Control Systems. With 14 years of experience in teaching, research, and leadership, I have taught and mentored numerous students, guided research projects, and published papers in top-tier journals. My passion lies in fostering a culture of research and academic rigour, and I believe in the power of collaborative research to drive impact. Let's connect and explore opportunities for knowledge sharing and innovation!",2036,2026-09-01 17:03:38.642 +0530,"Professor at Swami Vivekanand Subharti University (SVSU), Meerut",,,,,,,,,,,,,,,,2543,
PAWAN Patel,PAWAN,Patel,https://www.linkedin.com/in/pawan-patel-5a86b2137,urn:li:member:560104400,pawan-patel-5a86b2137,Dhanbad,Jharkhand,India,"Dhanbad, Jharkhand, India",Euro jee neet,Head of department (Jee division),6-10yoe_global_indian,member_urn,,,,,,,,,,,12/2025,false,https://media.licdn.com/dms/image/v2/D4D03AQHWIMCDnlWXzQ/profile-displayphoto-shrink_800_800/B4DZVwDMpwG4Ag-/0/1741341644443?e=1788998400&v=beta&t=5ztHjN8eCa9cJKDL5ZJe8oPMtnCMl6B5tKE6Cl-Rswo,false,,2057,2026-08-25 00:00:00.000 +0530,,,,,,,,,,,,,,,,,1812,
Ravikant Tiwari,Ravikant,Tiwari,https://www.linkedin.com/in/ravikanttiwari-,urn:li:member:308463109,ravikanttiwari-,Pune Division,Maharashtra,India,"Pune Division, Maharashtra, India",LTI - Larsen & Toubro Infotech,Senior Consultant,6-10yoe_global_indian,member_urn,,,,,,,,,,,,false,https://media.licdn.com/dms/image/v2/D4D03AQGkEdjPlX8frQ/profile-displayphoto-scale_200_200/B4DZm_0SJYKQAY-/0/1759859779152?e=1788998400&v=beta&t=TBTkGqUp9yFbiDaEyetKnLB5iBILA5c-mhzyczq6_fM,false,Adept at troubleshooting and ensuring quality control at every stage of the management process. Able to function independently or as part of a team. Ability to acquire new skills within short timescales. Eager to learn new technologies to further enrich my career in IT. Excellent knowledge of software construction and programming Knowledge of Mainframe Cards & Payments services. Profound ability to quickly understand complex systems Proven ability to work in a high-pressure environment Sound problem solving and analytical skills The better understanding of the Financial software application that is Vision Plus Base I,2060,2026-09-01 17:03:38.642 +0530,MBA- IIT(ISM) | Fintech Products | Cards & Payment,,,,,,,,,,,,,,,,2116,
Madhav Ojha,Madhav,Ojha,https://www.linkedin.com/in/madhav-ojha-30321816,urn:li:member:54280371,madhav-ojha-30321816,Bilaspur,Chhattisgarh,India,"Bilaspur, Chhattisgarh, India",Self-employed,Senior Consultant,10+yoe_global,member_urn,,,,,,,,,,,4/2013,false,https://media.licdn.com/dms/image/v2/C4D03AQF-CRDyao8ZZQ/profile-displayphoto-shrink_100_100/profile-displayphoto-shrink_100_100/0/1516582648504?e=1788998400&v=beta&t=M8Gk_xZAu-fksBXwIrx0l_9SBxc2MxlQP9MLKCdYElQ,false,,2081,2026-08-25 00:00:00.000 +0530,,,,,,,,,,,,,,,,,2433,
Varun Tyagi,Varun,Tyagi,https://www.linkedin.com/in/varun-tyagi-003572158,urn:li:member:634421379,varun-tyagi-003572158,Ghaziabad,Uttar Pradesh,India,"Ghaziabad, Uttar Pradesh, India",Absolutdata Analytics-an Infogain company,Data Science Consultant,6-10yoe_global_indian,member_urn,,,,,,,,,,,,false,,false,"Graduated from IIT Dhanbad having Working and research experience as Data Scientist. Good Understanding of Data structure and Algorithm, Machine learning, AI and Data science.",3763,2026-09-01 17:03:38.642 +0530,ML | DL | NLP | GenAI | Agentic AI,,,,,,,,,,,,,,,,1491,
Tanumoy Sarkar,Tanumoy,Sarkar,https://www.linkedin.com/in/tanumoy-sarkar-555a6b343,urn:li:member:1444862801,tanumoy-sarkar-555a6b343,North Guwahati,Assam,India,"North Guwahati, Assam, India","Indian Institute of Technology, Guwahati",PhD (Chemistry),6-10yoe_global_indian,member_urn,,,,,,,,,,,,false,https://media.licdn.com/dms/image/v2/D4D03AQHt76btC5WZ4Q/profile-displayphoto-scale_200_200/B4DZnorWTVHwAY-/0/1760545302425?e=1788998400&v=beta&t=0v_HY-FvGW8yyfNm9fKchSifAB7IcpJPuhkA8guxo7c,false,"I am a PhD graduate in Chemistry from Indian Institute of Technology Guwahati (IIT Guwahati), trained in interdisciplinary research spanning synthetic chemistry, analytical techniques, and biological evaluation. Mydoctoral work on antimicrobial peptides involved rational molecular design, solid-phase peptide synthesis,advanced spectroscopy, and mechanistic studies. This experience has equipped me with a strong conceptualunderstanding of chemical principles and the ability to translate them across domains. With a broad academicfoundation in multiple branches of chemistry, I am interested in pursuing research opportunities that extend beyond my doctoral specialization and allow me to contribute to diverse areas of chemical science.",2115,2026-09-01 17:03:38.642 +0530,"PhD (Chemistry, IIT Guwahati)",,,,,,,,,,,,,,,,1985,
KRISHNA DHEERAJ JANASWAMY,KRISHNA DHEERAJ,JANASWAMY,https://www.linkedin.com/in/krishna-dheeraj-janaswamy-3080b735,urn:li:member:122665976,krishna-dheeraj-janaswamy-3080b735,,,India,India,SKILLFLOOR?,Instructor,6-10yoe_global_indian,member_urn,,,,,,,,,,,,true,https://media.licdn.com/dms/image/v2/D5603AQFLNUDx781V-g/profile-displayphoto-scale_200_200/B56Z5Nvxi9IEAc-/0/1779420831206?e=1788998400&v=beta&t=KTktMuPGJCa7HXn-pXA2iygyvnrvPeQpuoS-HqYF-5Y,false,"Data analyst and aspiring data scientist with hands-on experience in operations analytics, OTT viewership analysis, and business intelligence. Skilled in Python (pandas, sklearn), SQL, Excel, and data visualization (Power BI/Tableau). I turn raw operational and customer data into actionable insights that drive informed decision-making and business growth. Key Expertise: Python (data wrangling, statistical analysis, machine learning with scikit-learn) SQL and database management (querying large datasets, data aggregation) Excel (advanced formulas, pivot tables, data modeling) Data visualization (Power BI, Tableau dashboards, automated reporting) Machine learning fundamentals (logistic regression, random forest, model evaluation) Recent Impact: Analyzed EU transportation metrics at Amazon to track on-time delivery, costs, and volume patterns—enabling better network management decisions Delivered OTT analytics for Incubez covering user journeys, content categories, and subscriber trends across mobile, web, and TV platforms Built predictive models for pricing and marketing case studies during data science graduate program Always exploring new technologies and seeking roles where I can combine analytical thinking with technical skills to solve real-world business problems.",2126,2026-09-01 17:03:38.642 +0530,"Data Analyst / Data Scientist / Business Analyst | Python, SQL, Excel, Power BI | Turning Data into Business Impact | M.Tech |IIT-Dhnabad |",,,,,,,,,,,,,,,,2472,
Aman Kumar,Aman,Kumar,https://www.linkedin.com/in/aman-kumar-930854192,urn:li:member:760542516,aman-kumar-930854192,Noida,Uttar Pradesh,India,"Noida, Uttar Pradesh, India",Microsoft,Software Engineer,founders,member_urn,"Every company has a mission. What's ours? To empower every person and every organization to achieve more. We believe technology can and should be a force for good and that meaningful innovation contributes to a brighter world in the future and today. Our culture doesn’t just encourage curiosity; it embraces it. Each day we make progress together by showing up as our authentic selves. We show up with a learn-it-all mentality. We show up cheering on others, knowing their success doesn't diminish our own. We show up every day open to learning our own biases, changing our behavior, and inviting in differences. Because impact matters. Microsoft operates in 190 countries and is made up of approximately 228,000 passionate employees worldwide.",233262,,Software Development,1035,https://www.linkedin.com/company/microsoft,"Redmond, Washington, United States","Business Software, Developer Tools, Home & Educational Software, Tablets, Search, Advertising, Servers, Windows Operating System, Windows Applications & Platforms, Smartphones, Cloud Computing, Quantum Computing, Future of Work, Productivity, AI, Artificial Intelligence, Machine Learning, Laptops, Mixed Reality, Virtual Reality, Gaming, Developers, and IT Professional",https://news.microsoft.com/,,5/2024,false,,false,Death is absolute and monarch rules over ur thought.,2117,2026-08-25 00:00:00.000 +0530,,,,,,,,,,,,,,,,,610,
Deepayan Chakraborty,Deepayan,Chakraborty,https://www.linkedin.com/in/deepayan-chakraborty-14504b196,urn:li:member:770486021,deepayan-chakraborty-14504b196,,,Greater Kolkata Area,Greater Kolkata Area,"Department of Artificial Intelligence, IIT Kharagpur",PHD Scholar,6-10yoe_global_indian,member_urn,,,,,,,,,,,,false,https://media.licdn.com/dms/image/v2/C5603AQGlntPfRqJkNQ/profile-displayphoto-shrink_100_100/profile-displayphoto-shrink_100_100/0/1652593696571?e=1788998400&v=beta&t=Br7VsLWQwQBqlZNF7zb2eshn7Mr1ujb0GbWz9karw6U,false,"A Climate Enthusiast. Recently completed a PhD from the Department of AI, IIT Kharagpur in AI and Climate Science.",2133,2026-09-01 17:03:38.642 +0530,A Climate and AI enthusiast,,,,,,,,,,,,,,,,1744,
Shubham Raj,Shubham,Raj,https://www.linkedin.com/in/shubham-raj-79a978b1,urn:li:member:399535462,shubham-raj-79a978b1,Bengaluru,Karnataka,India,"Bengaluru, Karnataka, India",Futures First,,6-10yoe_global_indian,member_urn,,,,,,,,,,,,false,https://media.licdn.com/dms/image/v2/D5603AQEriAkvCh0sSw/profile-displayphoto-scale_400_400/B56Z3zXAzOJ0Ag-/0/1777904391115?e=1788998400&v=beta&t=EOJWBbOMVht0J11WW_lO8Q4KnpjsuuoN3q2GnHPPBxs,false,US stirs senior associate || Mech IIT (ISM) Dhanbad,2185,2026-09-01 17:03:38.642 +0530,US stirs (Senior Associate),,,,,,,,,,,,,,,,1852,
Shadab Ahmed,Shadab,Ahmed,https://www.linkedin.com/in/shadab-ahmed-8ba27455,urn:li:member:194739982,shadab-ahmed-8ba27455,Dhanbad,Jharkhand,India,"Dhanbad, Jharkhand, India",Gopalnagar Shuvayan,Project Director,6-10yoe_global_indian,member_urn,,,,,,,,,,,10/2015,false,https://media.licdn.com/dms/image/v2/D4D03AQEr_z7yW_gHMg/profile-displayphoto-shrink_100_100/B4DZdjXa2RGYAY-/0/1749718773896?e=1788998400&v=beta&t=xmvN7B38uPXWNkuQBgExOQEB9GZFaSJfR1UCidmEDuE,false,,2154,2026-08-25 00:00:00.000 +0530,,,,,,,,,,,,,,,,,1884,
Avinash Gupta,Avinash,Gupta,https://www.linkedin.com/in/avinash-gupta-692498387,urn:li:member:1598698190,avinash-gupta-692498387,Gurugram,Haryana,India,"Gurugram, Haryana, India",Sinosef Enterprises Private Limited,Managing Director,10+yoe_global,member_urn,,,,,,,,,,,1/1996,false,https://media.licdn.com/dms/image/v2/D5603AQFLiGHXCSX2Rw/profile-displayphoto-scale_400_400/B56ZmR3_ARJwAg-/0/1759088998493?e=1788998400&v=beta&t=X9zXpDp6GOj1CKMDOEoe4eTgOAHS3gh34-_YCeLIu-A,false,,2155,2026-08-25 00:00:00.000 +0530,,,,,,,,,,,,,,,,,2468,
Sai kumar Jamalpur,Sai kumar,Jamalpur,https://www.linkedin.com/in/saikumarjamalpur,urn:li:member:6291267,saikumarjamalpur,Andhra Pradesh,,India,"Andhra Pradesh, India",,,6-10yoe_global_indian,member_urn,,,,,,,,,,,,false,https://media.licdn.com/dms/image/v2/D5603AQE58h1WiYplfA/profile-displayphoto-scale_200_200/B56Zn6mQ3CKoAY-/0/1760845961555?e=1788998400&v=beta&t=rAR064fzCxtxJwp5EKkY737zh5eY23bZekLAOGgXWNk,false,"A professional engaged in providing consulting in the areas of project management, quality management, test management and process improvements that have lead to reduction of Business risks, rework levels and contribution to top-line and bottom-line in IT and manufacturing sectors. Specialties: Project management, Quality management, Process improvements, Test management. Certifications: PMP. Six Sigma Green Belt, Lead Auditor - ISO9001, Business Excellence Assessor for CII-Exim Bank Award, based on EFQM",2160,2026-09-01 17:03:38.642 +0530,Problem Solver | Intrapreneur | Program and Risk Management Professional,,,,,,,,,,,,,,,,,
ARUN KANT DWIVEDI,ARUN KANT,DWIVEDI,https://www.linkedin.com/in/arun-kant-dwivedi-6a4162b6,urn:li:member:412443484,arun-kant-dwivedi-6a4162b6,Kalpi,Uttar Pradesh,India,"Kalpi, Uttar Pradesh, India","Indian Institute of Technology, Roorkee",,6-10yoe_global_indian,member_urn,,,,,,,,,,,,false,https://media.licdn.com/dms/image/v2/C4E03AQHPoFjRPBvdfA/profile-displayphoto-shrink_100_100/profile-displayphoto-shrink_100_100/0/1634910323990?e=1788998400&v=beta&t=Bd1L6LmRXYbg_rL_A3YmZSmrdQFigX8UTd8u1asvaV4,false,"I am a Senior Research Fellow in the Department of Computer Science and Engineering at IIT Roorkee. My current research interests include Artificial Intelligence, Machine Learning, Deep Learning, Satellite Image Processing, and Drone Image Processing.",2153,2026-09-01 17:03:38.642 +0530,Artificial Intelligence | Machine Learning | Computer Vision | Satellite Image Processing,,,,,,,,,,,,,,,,1992,
SUMIT NASKAR,SUMIT,NASKAR,https://www.linkedin.com/in/sumit-naskar-7648b32b7,urn:li:member:1277240188,sumit-naskar-7648b32b7,Kolkata,West Bengal,India,"Kolkata, West Bengal, India",Budge Budge Institute of Technology,Assistant Professor,6-10yoe_global_indian,member_urn,,,,,,,,,,,,false,https://media.licdn.com/dms/image/v2/D5603AQH2wVQMQWOPoA/profile-displayphoto-scale_200_200/B56Ztf8c36KgAc-/0/1766841242957?e=1788998400&v=beta&t=TvY6TSFyuHcj6MX_qLReRSArUootNBsYyu-Fov1K5_4,false,"Currently, I am at IIT (ISM) Dhanbad as a Research Fellow. I have completed an M.E. in CSE from Jadavpur University and am keen to join a new organization. I would contribute to the organization's success through hard work, perseverance, and honesty.",2192,2026-09-01 17:03:38.642 +0530,PhD Scholar @ IIT (ISM) Dhanbad | Learner for Lifetime || Data Analysis | Data Visualization | SQL | Machine Learning | Python || Former Lecturer,,,,,,,,,,,,,,,,1617,
Nitesh Yadav,Nitesh,Yadav,https://www.linkedin.com/in/niteshy,urn:li:member:59449393,niteshy,Bengaluru,Karnataka,India,"Bengaluru, Karnataka, India",Skadoosh Play & Learn™,Founder,founders,member_urn,"In this world dominated by digital overdose - social media, work (emails, chats), entertainement (OTT, music) - we are in a pursuit of creating experience centres that honestly serve 3 values: 1. Opportunity for kids and parents to engage: Something this world of working parents desperately needs to bridge the ever-growing gap between kids and parents. 2. A 100% non-digital space (Digital Detox): Today children get enough of screen dose at home already. 3. Imbibe learning through fun activities: Improve motor skills, upgrade cognitive abilities, enhance socialization and boost creativity. Skadoosh (inspired from Kung Fu Panda movie) is a Wuxi finger hold technique that takes you from one spiritual realm to another. And in our Skadoosh Play Zone this is exactly what we want the kids to experience - teleport from normal realm to their dream realm. Skadoosh™ is a fresh plunge into the 'Kids Play' industry with an intent to maximize the Learning value during Fun playtime for kids. We are in the pursuit of creating meaningful, safe and hygienic play areas under home-type supervision by our caretakers in order to provide a comforting, relaxed and cherishing experience not just for kids but also for parents.",3,2023,Recreational Facilities,104413603,http://www.linkedin.com/company/skadoosh-play-learn%e2%84%a2,"Bengaluru, Karnataka, India","Children Play Area, Birthday Party Events, Play & Learn Activities, Pretend Play, and Soft Play",https://skadooshplay.com/,"In this world dominated by digital overdose - social media, work (emails, chats), entertainement (OTT, music) - we are in a pursuit of creating experience centres that honestly serve 3 values: 1. Opportunity for kids and parents to engage: Something this world of working parents desperately needs to bridge the ever-growing gap between kids and parents. 2. A 100% non-digital space (Digital Detox): Today children get enough of screen dose at home already. 3. Imbibe learning through fun activities: Improve motor skills, upgrade cognitive abilities, enhance socialization and boost creativity. Skadoosh (inspired from Kung Fu Panda movie) is a Wuxi finger hold technique that takes you from one spiritual realm to another. And in our Skadoosh Play Zone this is exactly what we want the kids to experience - teleport from normal realm to their dream realm. Skadoosh™ is a fresh plunge into the 'Kids Play' industry with an intent to maximize the Learning value during Fun playtime for kids. We are in the pursuit of creating meaningful, safe and hygienic play areas under home-type supervision by our caretakers in order to provide a comforting, relaxed and cherishing experience not just for kids but also for parents.",5/2023,false,,false,"Been a wanderer, and love being it. This is how I spend my last 2 decades: First accomplishing IIT and IIM where the accomplishment was not an academic one, rather the competition and camaraderie experienced there. The foundation to fight, strive and hustle was laid down there. Worked in companies ranging from zero employees (no points for guessing here; founded 2 start-ups) to over 100,000 employees (big shot corporates). Traversed across various roles - from on-ground BD to Director of Products. Worked both in India as well as abroad. Now it's time to take a breather and shift to another orbit for the next 2 decades. Time to leverage all the learnings, experiences, network, on-ground dirty work and strategic growth ambitions to build something of my own. Something that I can proudly call my legacy. Cheers to the 'beete huye pal' (the time witnessed). Cheers to the 'aane wale pal' (the time yet to be witnessed).",3358,2026-08-25 00:00:00.000 +0530,,,,,,,,447570232509,,17,28,,,,,,1366,
Mattaparthi Upendra Sai Teja,Mattaparthi Upendra,Sai Teja,https://www.linkedin.com/in/mattaparthi-upendra,urn:li:member:595181848,mattaparthi-upendra,Hyderabad,Telangana,India,"Hyderabad, Telangana, India",Coinbase,,6-10yoe_global_indian,member_urn,,,,,,,,,,,,true,https://media.licdn.com/dms/image/v2/C5603AQGFMGkhjozj3w/profile-displayphoto-shrink_100_100/profile-displayphoto-shrink_100_100/0/1647874158354?e=1788998400&v=beta&t=Jbsxk4P5wwvZFMWMyP8izyoLVxGTc57vMd0fvw67X_8,false,"I am a Senior Software Engineer with 7 years of experience building fullstack products across fintech, crypto, and B2B SaaS domains. I specialize in crafting high-quality user experiences while owning backend systems end-to-end, from React and React Native frontends to Go services handling risk-critical flows at 1K+ RPS, P95 300ms, 99.9% SLA. At Coinbase (IC4 to IC5), I led development on self-serve risk flows, config-driven UI platforms, and automation pipelines that drove measurable reductions in fraud loss and operational overhead. I love building products. What keeps me going is seeing people use them. My Skills: React · React Native · Next.js · TypeScript · Go · Ruby on Rails · Node.js · PostgreSQL · Redis · Kafka · Cadence/Temporal · Docker · Kubernetes · AWS AI Portfolio Chat: https://u-web.in",2167,2026-09-01 17:03:38.642 +0530,Senior Fullstack Engineer ú React ú React Native ú Go | Ex-Coinbase,,,,,,,,,,,,,,,,1692,
Rajeev Verma,Rajeev,Verma,https://www.linkedin.com/in/rajeevv92,urn:li:member:69059377,rajeevv92,Hyderabad,Telangana,India,"Hyderabad, Telangana, India",,Assistant Professor,6-10yoe_global_indian,member_urn,,,,,,,,,,,,false,https://media.licdn.com/dms/image/v2/C4D03AQGSEtxM8qrkLg/profile-displayphoto-shrink_100_100/profile-displayphoto-shrink_100_100/0/1516862696425?e=1788998400&v=beta&t=gUJ3D0KjM0Wg8akFsga3HNOqjWvXUpEqj23FtkS3ysE,false,"Graduate and post graduate from IIT BHU Varanasi in Mining Engineering stream with impeccable research, time management and problem solving skills and determination to devote time and skills for the betterment of mining, mineral and related researches. Looking for research guidance in form of PhD or higher degree by research. Keen to serve society for direct impact challenge.",2280,2026-09-01 17:03:38.642 +0530,Researcher,,,,,,,,,,,,,,,,,
Abhishek Goswami,Abhishek,Goswami,https://www.linkedin.com/in/abhishek-goswami-143081116,urn:li:member:483897219,abhishek-goswami-143081116,Kolkata,West Bengal,India,"Kolkata, West Bengal, India",NSHM Knowledge Campus,Assistant Professor,6-10yoe_global_indian,member_urn,,,,,,,,,,,,false,https://media.licdn.com/dms/image/v2/C5603AQFthjG_4Lw5Wg/profile-displayphoto-shrink_100_100/profile-displayphoto-shrink_100_100/0/1620557162273?e=1788998400&v=beta&t=G49pA1uTy94-4bx-ifOhg23Y8Xpgatmoonbl7dXr518,false,"Abhishek is pursuing PhD from IIT (ISM) Dhanbad in Civil Engineering Department and has received his M.Tech (Environmental Engineering) from IIT (ISM) Dhanbad and B.Tech (Civil Engineering) from MAKAUT ,West Bengal.He has been an Assistant Professor in the Department of Civil Engineering at NSHM Knowledge Campus Durgapur. He has taught Civil Engineering Gate Aspirants in ""The Gate Academy Ranchi"".He has nearly 7 years of experience in academics and published a number of research papers in journals and national conferences.He has worked on Assessment of Groundwater quality by index approach in National Conference organized by IIT Dhanbad.He has worked on a Book Chapter on Topic “Man and Environment: Reinventing the Relationship"" in Interdisciplinary Knowledge Series,Emergence,Issues & Concern in advanced Environment,Applied Science & Informatics.He has also worked on Unnat Bharat Abhiyan Project on Solid Waste Management.He is the editor of the Research Paper for Suranaree Journal of Science & Technology 111 University Avenue,Muang,Nakhon Ratchasima 30000, Thailand. He has held academic and administrative responsibilities like coordinator of NBA team , TCSiON coordinator and CollPoll Coordinator and Faculty Advisor of various batches of B.Tech students of Civil Engineering Department.",2187,2026-09-01 17:03:38.642 +0530,|| Author ??|| Artist ?? || IIT Dhanbad || National Level Orator || Teaching Experience in The Gate Academy ||JSPCB Rank 02,,,,,,,,,,,,,,,,2236,
Shubham Sharma,Shubham,Sharma,https://www.linkedin.com/in/shubham-sharma-thegrandyou,urn:li:member:572886485,shubham-sharma-thegrandyou,Gurugram,Haryana,India,"Gurugram, Haryana, India",Rhythm Club- IIT(ISM) Dhanbad,Co-Founder,founders,member_urn,"All great changes come from within. Club RHYTHM is a reflection of our own Inner harmony, manifesting into the best version of ourselves. Club RHYTHM empowers students to take on the challenges of life with a smile and help them excel in their personal and professional lives. We host several activities creating a vibrant community for personal development to empower the youth. Club RHYTHM is a great platform for like minded empowered youth to come together and make this world a better place to live in.",5,,Non-profit Organization Management,31368080,http://www.linkedin.com/company/rhythm-club-iit-ism-dhanbad,"Baliapur, Jharkhand, India",,,"* Founded the Student's Society to conduct Workshops on Holistic Health at IIT. * Conducted 10+ YES!+ Workshops from Art of Living * Organized Tree plantation drives planting 150+ trees in IIT * Organized a curated Workshop teaching the world-renowned breathing technique 'Sudarshan Kriya' to Security Guards of IIT. Funding for this was acclaimed from College. * Organized a Free Health and Wellness Workshop, Bal Chetna Shivir for Students in nearby Slums, in collaboration with Kartavya (NGO)",9/2018,false,,false,"A seasoned Solution Engineer from IIT transitioning into AI Engineering, bringing a five-year tenure at tech giants like Samsung and Oracle delivering complex IT solutions. Deep technical proficiency in Java Spring Boot augmented by recent training in AI Engineering. Possesses strong leadership and organizational skills developed over eight years of volunteering. Eager to secure a role focused on leveraging Generative AI for innovative engineering solutions.",2205,2026-08-25 00:00:00.000 +0530,,,,,,,,,,,,,,,,,1324,
Arkadeep Ghosh,Arkadeep,Ghosh,https://www.linkedin.com/in/arkadeep-ghosh-07455aab,urn:li:member:392529112,arkadeep-ghosh-07455aab,Chandannagar,West Bengal,India,"Chandannagar, West Bengal, India",ROCK LAB PRIVATE LIMITED,Director,6-10yoe_global_indian,member_urn,,,,,,,,,,,5/2024,false,https://media.licdn.com/dms/image/v2/C5103AQEE_WbM7u29aw/profile-displayphoto-shrink_100_100/profile-displayphoto-shrink_100_100/0/1517574844408?e=1788998400&v=beta&t=Oz0r_qizN85YhBMhtozEMP4-VYy0tv8-HrjVSuEtCVk,false,,2215,2026-08-25 00:00:00.000 +0530,,,,,,,,,,,,,,,,,2376,
Jayashree Pati,Jayashree,Pati,https://www.linkedin.com/in/jayashree-pati-1208a0236,urn:li:member:987572904,jayashree-pati-1208a0236,Delhi,,India,"Delhi, India","Indian Institute of Technology, Delhi",Researcher,6-10yoe_global_indian,member_urn,,,,,,,,,,,,false,https://media.licdn.com/dms/image/v2/D4D03AQHZ37SbFwiIhg/profile-displayphoto-shrink_100_100/profile-displayphoto-shrink_100_100/0/1690725269953?e=1788998400&v=beta&t=OYjsL12PU6OWWnOy93HP6dRTKXlppkh-kcehxuhbZLo,false,"As a passionate battery research scholar, my focus lies in the development of cost-effective sodium-ion battery technology. Pursuing PhD in physics from IIT Delhi, I strive to revolutionize energy storage solutions for a sustainable future ⚡️. Committed to driving innovation and Leveraging cutting-edge science to develop next-gen batteries , I aim to bridge the gap between academia and industry to bring impactful advancements to the world of energy storage. driving innovation in renewable energy #BatteryResearch #SodiumIonBatteries #PhysicsPhD",2216,2026-09-01 17:03:38.642 +0530,Research Scholar,,,,,,,,,,,,,,,,1984,
Shubham Maurya,Shubham,Maurya,https://www.linkedin.com/in/codeshaurya,urn:li:member:567247476,codeshaurya,Bengaluru,Karnataka,India,"Bengaluru, Karnataka, India",Flipkart,Software Development Engineer II,founders,member_urn,"At Flipkart, we're driven by our purpose of empowering every Indian's dream by delivering value through innovation in technology and commerce. With a customer base of over 350 million, product coverage of over 150 million across 80+ categories, a focus on generating direct and indirect employment and a commitment to empowering generations of entrepreneurs and MSMEs, all driven by a sustainable growth strategy – Flipkart is maximising for customers, stakeholders, and the planet at large! At Flipkart, our promise to every Flipster is - getting an opportunity to leave a mark and create their own legacy, the freedom to experiment, learn and grow, work with the industry’s brightest minds as part of a diverse team and we will extend our culture of care to them to ensure that they can focus on doing their best work. Driven by audacity, bias for action, customer first, integrity and inclusion – Flipsters have pioneered solutions that have transformed digital commerce in India. From the industry-first introduction of cash-on-delivery in 2010 to the launch of voice search and multiple vernacular interfaces in 2021 that have made e-commerce a very inclusive experience, Flipkart continues the exciting journey of solving for the Indian customer. We understand that your own aspirations and journeys are unique. So you choose what you want to maximise, and we provide you the platform for it - because when you maximise, we maximise. Flipkart is a part of the Walmart-owned Flipkart Group, which also includes group companies Flipkart Wholesale, Flipkart Health+, Cleartrip, and Myntra. Get in touch with our experts for support with your orders here: https://www.flipkart.com/helpcentre",94769,2007,"Technology, Information and Internet",321062,https://in.linkedin.com/company/flipkart,"Bengaluru, Karnataka, India","Technology, Internet, Machine Learning, Data Science, AI, Supply Chain, and ECommerce",https://www.flipkart.com,,10/2023,false,,false,"I have completed my graduation in Computer Science & Engineering from the Indian Institue of Technology, Dhanbad. I have been seen on the board of directors and as a Frontend Developer in Neardex (Chaze). Neardex was a hyperlocal e-commerce platform that connects local shopkeepers to users on an online platform where users can buy products from their favourite local shops and get the products delivered within 60 minutes at their doorstep. I worked on its website and admin panel. I have experience in mentoring students in Cyber labs, the official coding club of IIT Dhanbad. I was a Member of the Microsft Student Ambassador community, where I developed a solid knowledge of Azure cloud services and other tech stacks. Currently, I am working as Software Development Engineer in the IT Industry. Apart from coding, I love to meditate in the morning. In my free time, I like to read books, mostly on personality development and self-growth. I have read the Bhagavad Gita many times. Each time I learnt something new. I'm also a health enthusiast. I like reading, listening, talking about healthcare. Entrepreneurship is something I am passionate about, and I believe it's an excellent opportunity to bring out the best in an individual. Fortunate to qualified for guided entrepreneurship program, which has given access to real-world education and mentorship from the thriving industry leaders.",2249,2026-08-25 00:00:00.000 +0530,,,,,,,,,,,,,,,,,126,
Anirban Sen,Anirban,Sen,https://www.linkedin.com/in/anirban-sen-4659475,urn:li:member:17265101,anirban-sen-4659475,Pune,Maharashtra,India,"Pune, Maharashtra, India",Epiroc Mining Indian Limited,Business Line Manager- Underground Rock Excavation,10+yoe_global,member_urn,,,,,,,,,,In my current role I am responsible for entire business of the URE division part of Mining & Rock Excavation Technique business area which includes o Strategic planning for Underground Rock Excavation business in India o Business/Market Development o Support sales function with methodology/equipment proposal for various projects o Take active part in concluding major deals o Drive the entire business of URE including achieving the sales turnover of the division/financial Key Performance Indicators /training of sales team etc. o To follow and translate the group procedures/policies in Indian Business operation o Presentation of papers in various technical papers,8/2009,false,https://media.licdn.com/dms/image/v2/C4E03AQGrrBSLEKZC9Q/profile-displayphoto-shrink_100_100/profile-displayphoto-shrink_100_100/0/1517653102497?e=1788998400&v=beta&t=OFFzZ_3LtvIFaEIFRBE40Mw0rIEzJicr7TFrZWJJ8nU,false,,2228,2026-08-25 00:00:00.000 +0530,,,,,,,,,,,,,,,,,1801,
dipak jha,dipak,jha,https://www.linkedin.com/in/dipak-jha-b1b33218,urn:li:member:60533447,dipak-jha-b1b33218,Dhanbad,Jharkhand,India,"Dhanbad, Jharkhand, India",Coal India Limited,Chief Executive Officer,founders,member_urn,"This is the official page of Coal India Limited. Coal India Limited (CIL) the state-owned coal mining corporate came into being in November 1975. CIL, today is the single largest coal producer in the world and one of the largest corporate employer with manpower of 228,861 (as on 1st April, 2024). CIL functions through its subsidiaries in 84 mining areas spread over eight (8) states of India. CIL functions through its subsidiaries in 84 mining areas spread over eight (8) states of India. Coal India Limited has 313 mines (as of 1st April 2024) of which 131 are underground, 168 opencast, and 14 mixed mines and also manages other establishments like workshops, hospitals, and so on. CIL is a Maharatna company - a privileged status conferred by the Government of India to select state-owned enterprises in order to empower them to expand their operations and emerge as global giants. The select club has only ten members out of more than three hundred Central Public Sector Enterprises in the country. CIL has twelve fully owned subsidiary companies viz. Eastern Coalfields Limited (ECL), Bharat Coking Coal Limited (BCCL), Central Coalfields Limited (CCL), Western Coalfields Limited (WCL), South Eastern Coalfields Limited (SECL), Northern Coalfields Limited (NCL), Mahanadi Coalfields Limited (MCL), Central Mine Planning & Design Institute Limited (CMPDIL), CIL Navi Karniya Urja Limited for development of non-conventional//clean & renewable energy and CIL Solar PV Limited for development of solar photovoltaic module and Bharat Coal Gasification and Chemicals Ltd. In addition, CIL has a foreign subsidiary in Mozambique namely Coal India Africana Limitada (CIAL). Further CIL has four Joint Venture companies- Hindustan Urvarak & Rasayan Limited, Talcher Fertilizers Ltd., CIL NTPC Urja Pvt. Ltd. and Coal Lignite Urja Vikas Private Limited. The mines in Assam i.e. North Eastern Coalfields (NEC) are managed directly by CIL.",2495,1975,Mining,90357974,https://www.linkedin.com/company/coalindialtd,"Baruipur, West Bengal, India","Coal Mining, Energy Provider, and Foraying into Renewables",https://www.coalindia.in,,11/1991,false,,false,coal mines officer association of india,2251,2026-08-25 00:00:00.000 +0530,,,,,,,,,,,,,,,,,454,
Aniket Rahi,Aniket,Rahi,https://www.linkedin.com/in/aniket-rahi-3b89b2369,urn:li:member:1534281404,aniket-rahi-3b89b2369,,,Greater Delhi Area,Greater Delhi Area,Smartprep Academy,Founder's office,founders,member_urn,"We are a coaching institute for NEET and IIT-JEE aspirants studying in classes 8, 9, 10, 11, 12 & 12th Pass.",16,2016,E-Learning Providers,68057186,http://www.linkedin.com/company/smartprep-academy,"Bokaro Steel City, India",,http://www.smartprepacademy.co.in,"Transforming manual, person-dependent systems into AI-enabled digital workflows across sales marketing and operations",1/2026,false,,false,"I am Aniket Rahi, a B.Tech student at IIT ISM Dhanbad, with a strong interest in education, chemistry, business development, and technology-driven growth. My journey with teaching started in my first year of college, when I began teaching Chemistry and helping students build clarity in concepts for competitive exams. Over time, this role expanded beyond academics into understanding how an education business actually works from the inside. At SmartPrep Academy, I have worked across multiple functions including teaching, marketing, sales, business development, student counselling, operations, and tech-based systems. This exposure has helped me understand both sides of education: the academic side, where students need clarity and mentorship, and the business side, where strategy, communication, and execution decide growth. I enjoy working at the intersection of education, strategy, and technology. Whether it is mentoring students, building outreach campaigns, improving counselling processes, or supporting growth initiatives, I like solving real problems with practical execution. Being from IIT ISM Dhanbad has given me strong analytical thinking, while my work at SmartPrep Academy has given me hands-on experience in leadership, communication, and business growth. I am continuously learning and looking to build meaningful work in the fields of education, ed-tech, marketing, sales, and business strategy.",2250,2026-08-25 00:00:00.000 +0530,,,,,,,,,,,,,,,,,1369,
MRINALJYOTI ADHYAPOK,MRINALJYOTI,ADHYAPOK,https://www.linkedin.com/in/mrinaljyoti-adhyapok-35044b105,urn:li:member:446009388,mrinaljyoti-adhyapok-35044b105,Jorhat,Assam,India,"Jorhat, Assam, India","AHIDMS, Medical Education and Research Department, Govt. of Assam",Project Engineer,6-10yoe_global_indian,member_urn,,,,,,,,,,,6/2025,false,https://media.licdn.com/dms/image/v2/D4D03AQHK8KmXEK6j-A/profile-displayphoto-shrink_200_200/B4DZXys7ZQG4AY-/0/1743533620625?e=1788998400&v=beta&t=1wP2PYlV5TlvXrg-Ivck9k7HAbweesJSXY16OdjC2HU,false,,2266,2026-08-25 00:00:00.000 +0530,,,,,,,,,,,,,,,,,1515,
SAMBIT S.,SAMBIT,S.,https://www.linkedin.com/in/sambit-s-2a31bb278,urn:li:member:1135170267,sambit-s-2a31bb278,Bhubaneswar,Odisha,India,"Bhubaneswar, Odisha, India",SOA UNIVERSITY,Faculty in Faculty of Engineering and Technology(FET),6-10yoe_global_indian,member_urn,,,,,,,,,,Major roles include : Teaching core Mechanical Engineering subjects to UG students. Imparting hands-on training and internships on CNC machines to UG students . Increasing design and manufacturing competency in the field of Applied thermodynamics.,4/2024,false,,false,"My research focuses on the confluence of some of the major fields of mechanical, chemical, and aerospace engineering, and I have years of experience working in a variety of positions at some of the top academic institutions (IIT D, IIT B, IIT GN) and leading research labs ( ISRO , CSIR) in the nation. I am committed to my work as a researcher and academician who uses both simulations and experiments to solve general problems in mechanical engineering and non-Newtonian flow dynamics in particular. Presenting lectures to UG Mechanical Engineering students on advanced machining process and flow simulations using tools like ANSYS and SolidWorks are some my major responsibilities in my current job role. I also mentor and train undergraduate students by providing short term internships in subjects like Engineering Drawing, Engineering Mechanics, Solid Mechanics etc. Additionally, I keep myself updated with some of the latest topics in Mechanical Engineering by designing, fabricating and carrying out parametric studies on a variety of mechanical engineering components. I use sophisticated design and simulation softwares such as Solid Works and MasterCAM. In addition to being an enthusiastic faculty and a researcher, I have a history of publishing in peer-reviewed international journals and in reputable conference proceedings. Along with my great inclination for research, which I believe would enhance society in general and human existence in particular, I also strongly believe that success as a researcher requires a firm grasp of fundamental concepts. I enjoy doing sports when I'm not working or doing research. I am an accomplished corporate and district cricket player. I play badminton at an intermediate level as well. Kindly get in touch if your interests align. Cheers ‍♂️",2267,2026-08-25 00:00:00.000 +0530,,,,,,,,,,,,,,,,,2485,
Rashmi Singh,Rashmi,Singh,https://www.linkedin.com/in/rashmi-singh-3693a4a5,urn:li:member:374209281,rashmi-singh-3693a4a5,New Delhi,Delhi,India,"New Delhi, Delhi, India","Bureau of Water Use Efficiency, NWM, DoWR, RD & GR",Water Resources ( Consultant),6-10yoe_global_indian,member_urn,,,,,,,,,,,12/2025,false,https://media.licdn.com/dms/image/v2/D5603AQH7hx7JKNr3xg/profile-displayphoto-scale_200_200/B56ZyQMfDHKMAc-/0/1771945722492?e=1788998400&v=beta&t=DJV6lqcYCLD4cdQ2e2Qn2jeoAlKua0htRO5YXgEwkZ8,false,,2268,2026-08-25 00:00:00.000 +0530,,,,,,,,,,,,,,,,,1619,
Dr. Kumari Preety,Dr. Kumari,Preety,https://www.linkedin.com/in/dr-kumari-preety-688831158,urn:li:member:635084168,dr-kumari-preety-688831158,Dhanbad,Jharkhand,India,"Dhanbad, Jharkhand, India",Amity School of Earth & Environmental Sciences,Assistant Professor,6-10yoe_global_indian,member_urn,,,,,,,,,,,9/2024,false,https://media.licdn.com/dms/image/v2/C5603AQHcfipDqOibHw/profile-displayphoto-shrink_100_100/profile-displayphoto-shrink_100_100/0/1640739594553?e=1788998400&v=beta&t=_jbmjRVmd2Eh0kKsWg--nzutcYq8Ca9JHE2XOSHelq0,false,,2283,2026-08-25 00:00:00.000 +0530,,,,,,,,,,,,,,,,,1542,
Rohit Mundhra,Rohit,Mundhra,https://www.linkedin.com/in/rohit-mundhra-5aa2b2169,urn:li:member:672576466,rohit-mundhra-5aa2b2169,Thane,Maharashtra,India,"Thane, Maharashtra, India",Lotus Syntex,Manager,6-10yoe_global_indian,member_urn,,,,,,,,,,,5/2023,false,https://media.licdn.com/dms/image/v2/C5103AQGuwKwh8mTK5w/profile-displayphoto-shrink_100_100/profile-displayphoto-shrink_100_100/0/1569351746834?e=1788998400&v=beta&t=I8iDCuobPIA6A0YISngVt80S0-k_qxZ9nE4me3Pq9D0,false,,2287,2026-08-25 00:00:00.000 +0530,,,,,,,,,,,,,,,,,2115,
Dharmvir Chaudhary,Dharmvir,Chaudhary,https://www.linkedin.com/in/dharmvir-chaudhary-b6a5b2b9,urn:li:member:422501122,dharmvir-chaudhary-b6a5b2b9,Rewari,Haryana,India,"Rewari, Haryana, India",Scale career Institute rewari,Head of Chemistry,6-10yoe_global_indian,member_urn,,,,,,,,,,,11/2020,false,https://media.licdn.com/dms/image/v2/C4E03AQHzYLZ0NNNmxA/profile-displayphoto-shrink_100_100/profile-displayphoto-shrink_100_100/0/1539023177379?e=1788998400&v=beta&t=YU9KRLXJU23ujkx4dLKHOC6riQs7v9ddyvOfHTTKd4g,false,,2299,2026-08-25 00:00:00.000 +0530,,,,,,,,,,,,,,,,,2421,
deepak pandey,deepak,pandey,https://www.linkedin.com/in/deepak-pandey-1703098b,urn:li:member:320262564,deepak-pandey-1703098b,Satna,Madhya Pradesh,India,"Satna, Madhya Pradesh, India",SVKM's College of Engineering Shirpur Maharashtra,Assistant Professor,10+yoe_global,member_urn,,,,,,,,,,,8/2024,false,https://media.licdn.com/dms/image/v2/C4D03AQGICFXFHdsAOA/profile-displayphoto-shrink_100_100/profile-displayphoto-shrink_100_100/0/1605593992966?e=1788998400&v=beta&t=3k5bKd6DQVsi1cesiz6U-cbphhEBa_ZqYc_i-Q_xRF4,false,,2304,2026-08-25 00:00:00.000 +0530,,,,,,,,,,,,,,,,,2540,
Jagdish P Singh,Jagdish P,Singh,https://www.linkedin.com/in/jagdish-p-singh-8785215b,urn:li:member:213293468,jagdish-p-singh-8785215b,Ranchi,Jharkhand,India,"Ranchi, Jharkhand, India",BVM Minerals Pvt. Ltd.,Chairman cum Managing Director,10+yoe_global,member_urn,,,,,,,,,,,1/2004,false,https://media.licdn.com/dms/image/v2/C5103AQF8mdb5hOS6KA/profile-displayphoto-shrink_100_100/profile-displayphoto-shrink_100_100/0/1517446771447?e=1788998400&v=beta&t=N-FdX86jRvPJv89Y0dYuLho1aPcv7rG4SuETedM8SdA,false,,2305,2026-08-25 00:00:00.000 +0530,,,,,,,,,,,,,,,,,1621,
Yatendra Gupta,Yatendra,Gupta,https://www.linkedin.com/in/yatendra-gupta-058a781b,urn:li:member:71324996,yatendra-gupta-058a781b,,,India,India,coal india ltd.,Asst. Manager,10+yoe_indian,member_urn,Notice - This is not an official page of Coal India Limited. We are in the process of taking it down. Thanks,8112,1975,Mining,574498,https://in.linkedin.com/company/coal-india-limited,"Kolkata, West Bengal, India",,,,8/2010,false,,false,,2306,2026-08-25 00:00:00.000 +0530,,,,,,,,,,,,,,,,,86,
Sanjay Malik,Sanjay,Malik,https://www.linkedin.com/in/sanjay-malik-363454206,urn:li:member:878985723,sanjay-malik-363454206,Pune Division,Maharashtra,India,"Pune Division, Maharashtra, India",Freelance,Data Scientist,6-10yoe_global_indian,member_urn,,,,,,,,,,,3/2021,false,,false,"Hello, I am passionate about Data. Experienced in Alteryx, Power BI, SQL and Tableau. I have always been shy and introvert but that doesn't impact the quality of work. My work speaks for me. In my free-time I love to read books and scientific journals.",2309,2026-08-25 00:00:00.000 +0530,,,,,,,,,,,,,,,,,1840,
Udayan Chatterjee,Udayan,Chatterjee,https://www.linkedin.com/in/udayan-chatterjee-5904231a2,urn:li:member:795314556,udayan-chatterjee-5904231a2,Kolkata,West Bengal,India,"Kolkata, West Bengal, India",PhonePe,Analyst,founders,member_urn,"At PhonePe, we are building the future of digital finance in India. Trusted by over 700M users and 50M+ merchants across the country, we are creating technology that empowers people and businesses to manage their money with ease. Our mission: Make financial services accessible, simple and secure for every Indian. From UPI payments to business and personal loans, insurance and wealth management to merchant solutions, we are building a diverse digital ecosystem that helps people send, spend, manage and grow their money with confidence. With products like Share.Market, our stock broking platform, and Indus Appstore, India’s first localised app marketplace, we continue to expand our ecosystem and empower consumers and businesses with more ways to access digital services. At our core, we are a team of innovators, problem-solvers and builders working at the intersection of technology, finance and impact. Our people are driven by the opportunity to solve complex challenges at scale, create inclusive digital solutions and shape the way India transacts. Our culture of ownership, collaboration and continuous learning enables teams to build products that redefine everyday financial experiences.",20019,,Software Development,10479149,https://in.linkedin.com/company/phonepe-internet,"Bengaluru, Karnataka, India","Digital Payments, Mobile Payments, and P2P Payments",https://www.phonepe.com,,7/2025,true,,false,"from Kolkata, India, interested in Finance, Robotics, Mathematics, and Computer Science. Would love to have a chat!",3205,2026-08-25 00:00:00.000 +0530,,,,,,,,,,,,,,,,,239,
ABHISEK KUMAR,ABHISEK,KUMAR,https://www.linkedin.com/in/abhisek-kumar-548b6b141,urn:li:member:579176264,abhisek-kumar-548b6b141,Bengaluru,Karnataka,India,"Bengaluru, Karnataka, India","CENSE, IISC BANGALORE",Senior RF mmWave Design Engineer | Gallium Nitride Ecosystem Enabling Centre & Incubator (GEECI),6-10yoe_global_indian,member_urn,,,,,,,,,,"Research Scientist at the Gallium Nitride Ecosystem Enabling Centre and Incubator (GEECI), Centre for Nano Science and Engineering (CeNSE), Indian Institute of Science (IISc), Bangalore. Currently pursuing a Ph.D. at CeNSE, IISc Bangalore, with research focused on GaN HEMT device characterization, nonlinear compact modeling, RF/mmWave power amplifier design, and RF front-end development. With 7+ years of experience in RF and microwave engineering, I have worked across the complete development cycle—from wafer-level characterization and compact model development to power amplifier design, fabrication, testing, and validation. My expertise includes comprehensive characterization of GaN HEMTs using DC, Pulsed-IV, RF S-parameters, on-wafer Harmonic Load-Pull (up to 67 GHz), IMD, and Noise measurements, along with wafer-scale testing of active and passive RF devices. I have developed nonlinear compact models for GaN-on-Si and GaN-on-SiC technologies using IVCAD, including parameter extraction, thermal and trapping effect modeling, model validation, and deployment in Keysight ADS for RF circuit simulation. I also design GaN RF Power Amplifiers, including wideband, Doherty, and Load Modulated Balanced Power Amplifier (LMBA) architectures, with expertise in impedance matching, nonlinear RF analysis, harmonic tuning, stability optimization, PCB realization, and simulation-to-measurement correlation. In addition, I contribute to GaN MMIC PDK development and have experience setting up and calibrating advanced RF characterization systems, including Harmonic Load-Pull and Pulsed-IV platforms. Previously, I worked as a Senior RF Scientist at IIT Delhi on the Government of India-funded End-to-End 5G Test Bed project, contributing to RF front-end hardware, phased-array antennas, LNAs, RF switches, and power amplifiers for 5G systems.",12/2021,false,https://media.licdn.com/dms/image/v2/D5603AQHVojmC600i7w/profile-displayphoto-shrink_400_400/B56ZjSKS4HG0Ag-/0/1755872577948?e=1788998400&v=beta&t=jl3B5cdG80-YQROVffo3Ua0Pqr0WR7NHeDrVjsyXgkk,false,,2349,2026-08-25 00:00:00.000 +0530,,,,,,,,,,,,,,,,,1633,
Ashim Lepcha,Ashim,Lepcha,https://www.linkedin.com/in/ashim-lepcha-1092b3240,urn:li:member:1004021721,ashim-lepcha-1092b3240,Kalimpong-II,West Bengal,India,"Kalimpong-II, West Bengal, India",Self-employed,Civil Engineer,6-10yoe_global_indian,member_urn,,,,,,,,,,,6/2020,false,https://media.licdn.com/dms/image/v2/D4D03AQE0XzS4NEMiMA/profile-displayphoto-scale_100_100/B4DaAEes6bHQAc-/0/1786781552940?e=1788998400&v=beta&t=ehM3fA3jWZus5zQqBeKYN-v4gPr_X4UlZGmp3oC2y2U,false,,2350,2026-08-25 00:00:00.000 +0530,,,,,,,,,,,,,,,,,2433,
PRAVIR KUMAR SEN,PRAVIR KUMAR,SEN,https://www.linkedin.com/in/pravirkumarsen0741,urn:li:member:45742543,pravirkumarsen0741,Kolkata,West Bengal,India,"Kolkata, West Bengal, India",Steel Plant Consultant,Project Consultant,10+yoe_global,member_urn,,,,,,,,,,Providing Consultancy Services for setting up Steel Plant,11/2009,false,https://media.licdn.com/dms/image/v2/C4D03AQGLZF1vFjJ0yw/profile-displayphoto-shrink_100_100/profile-displayphoto-shrink_100_100/0/1516500574863?e=1788998400&v=beta&t=fR56utjlTRMPUwV8t5pbC6oJUd81AIwMVPcgQVfb1kQ,false,,2411,2026-08-25 00:00:00.000 +0530,,,,,,,,,,,,,,,,,2522,
Shashwat Raj,Shashwat,Raj,https://www.linkedin.com/in/shashwat-raj1,urn:li:member:677425099,shashwat-raj1,Kolkata,West Bengal,India,"Kolkata, West Bengal, India",Asanify AI,"Manager - GTM, Revenue Strategy, BizOps & Partnerships (HRTech SaaS & Global EOR)",founders,member_urn,"Asanify is Globally Ranked #1 for Ease of Use and ROI in HR and Payroll Software. A Techstars-backed, SOC 2 Type II, ISO 27001, and GDPR-certified platform, Asanify simplifies HR, Payroll, and Employer of Record (EOR) operations for Startups and SMEs worldwide. Our AI-powered HRMS automates everything from onboarding to payroll to compliance, while engaging employees seamlessly through WhatsApp, Slack, and Microsoft Teams. Businesses can hire, pay, and manage employees or contractors across borders — accurately, compliantly, and effortlessly. Trusted by leading brands such as Shuttl, Cooper Standard, Indian School of Business, 6 Ballygunge Place, and Khanal Foods, Asanify helps companies save time, enhance compliance, and boost employee engagement. We’re on a mission to make Work Wonderful — through automation, agility, and engagement. Asanify inspires #AWE: #Agile: Simplify and automate people processes so teams can focus on what matters. #WorkIsWonderful: Make work human again — wherever your team is. #Engage: Build highly motivated and high-performing teams with AI-driven HR experiences. Learn more: https://asanify.ai Live in: India | US | Europe | APAC",30,2019,Human Resources Services,26626196,http://www.linkedin.com/company/asanify,"Kolkata, West Bengal, India","HR, Financial Services, chatbot, HRMS, HRIS, Payroll, AI, Sales Onboarding, Training Gamification, and EOR",https://asanify.ai/,"International Expansion & GTM Expanded service coverage from India to 70+ countries and unlocked new revenue streams through cross-border GTM initiatives Drove $1M+ ARR across US, UK, Europe, GCC, and APAC markets through consultative commercial discussions and strategic deal execution Pricing & Commercial Strategy Involved in pricing strategy and commercial discussions across cross-border deals, balancing revenue optimization and client requirements across international markets Revenue Operations & Growth Execution Managed multi-market revenue pipelines across international business opportunities, supporting strategic GTM initiatives and business growth efforts Built centralized dashboards and reporting frameworks to improve revenue visibility, funnel tracking, and GTM decision-making across inbound and outbound channels Business Development & Events Led GTM execution for 2 global-scale industry events and built post-event conversion strategies to drive pipeline movement and commercial opportunities",4/2025,false,,false,"Revenue Strategy & GTM professional at Asanify AI, with experience across revenue growth, international business expansion, cross-border go-to-market initiatives, and strategic growth in a high-growth startup environment. Over the past year, I have worked with clients and business opportunities across the US, UK, Europe, GCC, and APAC regions, contributing to new market development, revenue-focused initiatives, and global business execution. My experience has involved driving growth initiatives, strategic commercial discussions, and GTM execution across multiple international markets. I enjoy working at the intersection of: Revenue Strategy GTM & Growth Revenue Operations International Markets Business Growth Prior to Asanify AI, I worked with Larsen & Toubro in B2B sales and completed my MBA internship at Lodha Ventures in pre-sales and project management.",2357,2026-08-25 00:00:00.000 +0530,,,,,,,,,,,,,,,,,885,
Ashwin Singh,Ashwin,Singh,https://www.linkedin.com/in/ashwin-singh-194254157,urn:li:member:630651136,ashwin-singh-194254157,Banda,Uttar Pradesh,India,"Banda, Uttar Pradesh, India",Banda University of Agriculture and Technology,"Assistant Professor (Civil Engineering), College of Agricultural Engineering & Technology",6-10yoe_global_indian,member_urn,,,,,,,,,,"Department of Agriculture Education, Government of Uttar Pradesh.",10/2024,false,https://media.licdn.com/dms/image/v2/C4E03AQHCSij5iEsoMg/profile-displayphoto-shrink_100_100/profile-displayphoto-shrink_100_100/0/1635921625349?e=1788998400&v=beta&t=IULchkrSjhgXAMrAAxfpN0_Fv0rum5Nadfp52RvZBcM,false,,2356,2026-08-25 00:00:00.000 +0530,,,,,,,,,,,,,,,,,1573,
shubham maheshwari,shubham,maheshwari,https://www.linkedin.com/in/shubham-maheshwari-112ab3131,urn:li:member:543184862,shubham-maheshwari-112ab3131,Mumbai,Maharashtra,India,"Mumbai, Maharashtra, India",rao edosolution pvt ltd,Faculty,6-10yoe_global_indian,member_urn,,,,,,,,,,,6/2016,false,https://media.licdn.com/dms/image/v2/C4D03AQFwWm5sknpgpw/profile-displayphoto-shrink_100_100/profile-displayphoto-shrink_100_100/0/1516984772789?e=1788998400&v=beta&t=SC5W5bUmwLO4s3wrLcxph0OX58NMBUWvCiXKTPdDA-A,false,,2459,2026-08-25 00:00:00.000 +0530,,,,,,,,,,,,,,,,,2342,
RISHIK PATRA,RISHIK,PATRA,https://www.linkedin.com/in/rishik-patra-149127236,urn:li:member:985677321,rishik-patra-149127236,Kolkata,West Bengal,India,"Kolkata, West Bengal, India",Krishi Bharati,Production Manager. R&D Scientist,6-10yoe_global_indian,member_urn,,,,,,,,,,"Synthesis and development of Agro chemical products, Nanomaterials, Plant growth promoter, Bio and eco friendly fungicide and Insecticide. Synthesis of Bio stimulants and Aquaculture products.",5/2025,false,https://media.licdn.com/dms/image/v2/D5603AQHXzLrn-Yy5yg/profile-displayphoto-shrink_800_800/B56Zcwqb0jHgAg-/0/1748868121331?e=1788998400&v=beta&t=2ATcVDGOQCdDz9RMJ49a_OhpChYSaskQ6a0IOIXcTgA,false,,2368,2026-08-25 00:00:00.000 +0530,,,,,,,,,,,,,,,,,2082,
Vinit Malik,Vinit,Malik,https://www.linkedin.com/in/vinit-malik-541a82178,urn:li:member:707350657,vinit-malik-541a82178,Ballia,Uttar Pradesh,India,"Ballia, Uttar Pradesh, India",POWERGRID,Manager,6-10yoe_global_indian,member_urn,,,,,,,,,,Deputy Manager,4/2021,false,https://media.licdn.com/dms/image/v2/C5603AQEj9gYV_3lgRQ/profile-displayphoto-shrink_100_100/profile-displayphoto-shrink_100_100/0/1562960939791?e=1788998400&v=beta&t=WXrKkvgosW1zqI0iCnO-DeTyK3RnOOOtWSY22VBG8uk,false,,2460,2026-08-25 00:00:00.000 +0530,,,,,,,,,,,,,,,,,2307,
RAGHUPATRUNI BHIMA RAO,RAGHUPATRUNI,BHIMA RAO,https://www.linkedin.com/in/raghupatruni-bhima-rao-263875159,urn:li:member:638159403,raghupatruni-bhima-rao-263875159,Odisha,,India,"Odisha, India",Director Aryan Institute of Engineering and Technology Bhubaneswar,Formerly Chief Scientist CSIR-INSTITUTE OF MINERALS AND MATERIALS TECHNOLOGY,10+yoe_global,member_urn,,,,,,,,,,,9/2020,false,https://media.licdn.com/dms/image/v2/C5103AQFvfzcYe4Hy-w/profile-displayphoto-shrink_100_100/profile-displayphoto-shrink_100_100/0/1528375689898?e=1788998400&v=beta&t=ozu8Au910U_CowZHcloWnwoe5q8V2_j0wG76NH6UHJI,false,,2370,2026-08-25 00:00:00.000 +0530,,,,,,,,,,,,,,,,,1764,
nikhilranjan bhattacharjee,nikhilranjan,bhattacharjee,https://www.linkedin.com/in/nikhilranjan-bhattacharjee-1083b66a,urn:li:member:245835800,nikhilranjan-bhattacharjee-1083b66a,Bengaluru,Karnataka,India,"Bengaluru, Karnataka, India",Self-employed,Refractory consultant,10+yoe_global,member_urn,,,,,,,,,,"Refractory consultant for several medium and large scale refractory and allied industries in central and southern zone, India. Development of high alumina cement, Synthetic refractory raw materials, castable and all types of refractory bricks",9/2011,false,,false,"Refractory consultant for several medium and large scale refractory and allied industries in central and southern zone, India. Expertise in development of high alumina cement, Synthetic refractory raw materials, castable and all types of refractory bricks",2371,2026-08-25 00:00:00.000 +0530,,,,,,,,,,,,,,,,,2433,
SHISHIR SINGH,SHISHIR,SINGH,https://www.linkedin.com/in/shishirsinghism,urn:li:member:245789477,shishirsinghism,Dhanbad,Jharkhand,India,"Dhanbad, Jharkhand, India",Petrotech ISM Student Chapter,Assistant Treasurer,10+yoe_global,member_urn,,,,,,,,,,,4/2014,false,https://media.licdn.com/dms/image/v2/C5603AQHVc7EhD2LBRw/profile-displayphoto-shrink_100_100/profile-displayphoto-shrink_100_100/0/1517447410949?e=1788998400&v=beta&t=Ai06tZWd1nP4hiImT_nOR9n6veeYyU7QJkNaN5sawbs,false,,2372,2026-08-25 00:00:00.000 +0530,,,,,,,,,,,,,,,,,2285,
Saleem Khan,Saleem,Khan,https://www.linkedin.com/in/saleem-khan-90797678,urn:li:member:277106839,saleem-khan-90797678,Chandrapur,Maharashtra,India,"Chandrapur, Maharashtra, India",SS REOXY,Director,10+yoe_global,member_urn,,,,,,,,,,,12/2020,false,https://media.licdn.com/dms/image/v2/D5603AQFczx3a4QUGfA/profile-displayphoto-shrink_100_100/profile-displayphoto-shrink_100_100/0/1629712025652?e=1788998400&v=beta&t=VwVXgxaf7dsBNYqvrcCrD84nc031rX1u0A4M0FOQvfQ,false,,2373,2026-08-25 00:00:00.000 +0530,,,,,,,,,,,,,,,,,2511,
Manoj Mishra,Manoj,Mishra,https://www.linkedin.com/in/manoj-mishra-69ba5570,urn:li:member:253424279,manoj-mishra-69ba5570,Mirzapur,Uttar Pradesh,India,"Mirzapur, Uttar Pradesh, India",Bananas Hindu University,Assistant Professor,10+yoe_global,member_urn,,,,,,,,,,,10/2017,false,https://media.licdn.com/dms/image/v2/D5603AQHcJw74H1s0Og/profile-displayphoto-scale_400_400/B56Z4nr1CzGwAg-/0/1778782263606?e=1788998400&v=beta&t=9K9ruBlnVMyJu4bvzRbKi3MnTLsq4zPaVz-e1n7772k,false,,2376,2026-08-25 00:00:00.000 +0530,,,,,,,,,,,,,,,,,1572,
satish racha,satish,racha,https://www.linkedin.com/in/satish-racha-a9414b23,urn:li:member:80973904,satish-racha-a9414b23,Andhra Pradesh,,India,"Andhra Pradesh, India",ICONWAVE TECHNOLOGIES PVT LTD,Technical Manager,6-10yoe_global_indian,member_urn,,,,,6445943,,,,,,12/2015,false,https://media.licdn.com/dms/image/v2/C4D03AQFDO5K79dDfVA/profile-displayphoto-shrink_100_100/profile-displayphoto-shrink_100_100/0/1517016050926?e=1788998400&v=beta&t=UQLdiImvI36a1j7vjUNAZgNI1tNj_6KSQCgsyh6_gaw,false,,2388,2026-08-25 00:00:00.000 +0530,,,,,,,,,,,,,,,,,1955,
Anuj Choudhary,Anuj,Choudhary,https://www.linkedin.com/in/anuj-choudhary-23721b215,urn:li:member:911262859,anuj-choudhary-23721b215,Delhi,,India,"Delhi, India",Rath international group of schools,Physics faculty,6-10yoe_global_indian,member_urn,,,,,,,,,,,8/2024,false,https://media.licdn.com/dms/image/v2/D5603AQHOjZHCL3xD6w/profile-displayphoto-shrink_800_800/B56Zsx9lIDHAAg-/0/1766069790098?e=1788998400&v=beta&t=REQ5VNJZAkI8OJRXqm6mrB3Cc-8t8txMqXxOBVJm2dw,false,,2389,2026-08-25 00:00:00.000 +0530,,,,,,,,,,,,,,,,,2344,
manthena charan raj,manthena,charan raj,https://www.linkedin.com/in/manthena-charan-raj-23815193,urn:li:member:331798796,manthena-charan-raj-23815193,Dhanbad,Jharkhand,India,"Dhanbad, Jharkhand, India",Self-employed,Manager,6-10yoe_global_indian,member_urn,,,,,,,,,,,1/2017,false,https://media.licdn.com/dms/image/v2/C5603AQEr4p49jzHnZA/profile-displayphoto-shrink_100_100/profile-displayphoto-shrink_100_100/0/1535630891710?e=1788998400&v=beta&t=CvX27huA7PUKhEweYLCRlbYtJi4r6FUd8h04rOA_vzg,false,,2390,2026-08-25 00:00:00.000 +0530,,,,,,,,,,,,,,,,,2433,
Saurya Nayak,Saurya,Nayak,https://www.linkedin.com/in/saurya-nayak-660a8a143,urn:li:member:584939304,saurya-nayak-660a8a143,Visakhapatnam,Andhra Pradesh,India,"Visakhapatnam, Andhra Pradesh, India",B-ON-DD,Founder,founders,member_urn,"B-ON-DD (BringingONDiverseDiscourses) | 21 followers on LinkedIn. Bringing ON Diverse Discourses | At B-ON-DD, we embrace all forms of expressive writing-including experimental, hybrid & cross-genre works. The works that will push and simultaneously challenge boundaries and redefine writing. B-ON-DD aims not just to publish but to connect across writers across the - exploring new literary styles and fresh ideas.",0,2025,Book Publishing,108384982,https://www.linkedin.com/company/b-on-dd,,,,"✨My first independent publishing venture with a vision that goes B-ON-DD This venture is officially registered under Udyam as a MSME (Micro, Small and Medium Enterprise) with the Ministry of MSME, Govt. of India.",8/2025,false,,false,.Engaged in full time research work .My work is at present focused on the study of fluid(completion fluids)-rock interactions at macro and micro-scales with a prime focus on the geomechanical aspect relating to well bore stability issues,2395,2026-08-25 00:00:00.000 +0530,,,,,,,,,,17,28,,,,,,425,
Manish Wadhwa,Manish,Wadhwa,https://www.linkedin.com/in/manish-wadhwa-28469a217,urn:li:member:918394372,manish-wadhwa-28469a217,Sonipat,Haryana,India,"Sonipat, Haryana, India",MEDI - JEE Career Institute,Physics Teacher,6-10yoe_global_indian,member_urn,,,,,,,,,,,3/2024,false,https://media.licdn.com/dms/image/v2/C4E03AQGt7L-2XQ4E_A/profile-displayphoto-shrink_100_100/profile-displayphoto-shrink_100_100/0/1631461568577?e=1788998400&v=beta&t=P1Pt_9FXHihuO_WMdjwYpkpHnNOMrT8dyBEt6_8LCNQ,false,,2391,2026-08-25 00:00:00.000 +0530,,,,,,,,,,,,,,,,,2145,
Sumeet Kumar,Sumeet,Kumar,https://www.linkedin.com/in/sumeet-kumar-088972102,urn:li:member:438341864,sumeet-kumar-088972102,Gaya,Bihar,India,"Gaya, Bihar, India",Edsecure Education,Lecturer in Physics,6-10yoe_global_indian,member_urn,,,,,67998689,,,,,,11/2020,false,https://media.licdn.com/dms/image/v2/D4D03AQHHb_6xlfiMPg/profile-displayphoto-shrink_100_100/profile-displayphoto-shrink_100_100/0/1648971712859?e=1788998400&v=beta&t=JEy4hC0YCDLVyjN6f8iLUNQLgYml58u68R2BnAYJ14c,false,,2393,2026-08-25 00:00:00.000 +0530,,,,,,,,,,,,,,,,,1786,
ASOK BANDYOPADHYAY,ASOK,BANDYOPADHYAY,https://www.linkedin.com/in/asok-bandyopadhyay-58428236,urn:li:member:126079156,asok-bandyopadhyay-58428236,Dhanbad,Jharkhand,India,"Dhanbad, Jharkhand, India",XXXXXXX,XXXXX,10+yoe_global,member_urn,,,,,,,,,,I left my regular job for extensive touring to abroad and for making preparation to shift USA on Green Card Visa,1/2017,false,,false,"Community development Manager for last 14 years. No loss no Profit organization. Identified some rural areas. Explore possibilities of internal available/usable resources. Finding unified technology/methodology to combine all the resources to a fruitful product. Formation of a Cooperative society. Searching for a suitable market for the new products. Organizing production with limited external financial support but with full technical support. Sale the product, earn and collect revenue. A small profit share comes to the organization to keep it alive. Hand over the full responsibility to the new born society and search for another piece of rural areas for development . Starting from searching the rural areas to ultimate end product I represent the organization.",2408,2026-08-25 00:00:00.000 +0530,,,,,,,,,,,,,,,,,2681,
somraj prajapat,somraj,prajapat,https://www.linkedin.com/in/somraj-prajapat-b63466143,urn:li:member:583398651,somraj-prajapat-b63466143,New Delhi,Delhi,India,"New Delhi, Delhi, India",Self-employed,Derivatives Trader,6-10yoe_global_indian,member_urn,,,,,,,,,,,9/2021,false,https://media.licdn.com/dms/image/v2/C5103AQHHcAaE0Pw6Ow/profile-displayphoto-shrink_100_100/profile-displayphoto-shrink_100_100/0/1553959098339?e=1788998400&v=beta&t=Xm4B80SkLwcDnaAtUJvb_yIkbbSCZGU2r1myCqVMKwk,false,,2402,2026-08-25 00:00:00.000 +0530,,,,,,,,,,,,,,,,,2433,
Shobhit Ekka,Shobhit,Ekka,https://www.linkedin.com/in/shobhit-ekka-a877ba201,urn:li:member:864938119,shobhit-ekka-a877ba201,Bilaspur,Chhattisgarh,India,"Bilaspur, Chhattisgarh, India","Town and Country Planning Department, Government of Chhattisgarh",Assistant Director,6-10yoe_global_indian,member_urn,,,,,,,,,,,7/2020,false,https://media.licdn.com/dms/image/v2/D5603AQFyccE4zenQZw/profile-displayphoto-scale_400_400/B56aAUhV_qHUAk-/0/1787050680552?e=1788998400&v=beta&t=VY1H4l5A-Z_LxYsDtszAoNlwCsaaQ45wndeHXkggXvc,false,,2403,2026-08-25 00:00:00.000 +0530,,,,,,,,,,,,,,,,,2587,
ANSHUL KUMAR,ANSHUL,KUMAR,https://www.linkedin.com/in/anshul-kumar-454259151,urn:li:member:612744256,anshul-kumar-454259151,Maharashtra,,India,"Maharashtra, India",National Textile Corporation of India,General Manager,6-10yoe_global_indian,member_urn,,,,,,,,,,,5/2022,false,https://media.licdn.com/dms/image/v2/C4D03AQHWU9EYYqS2_g/profile-displayphoto-shrink_100_100/profile-displayphoto-shrink_100_100/0/1517877427372?e=1788998400&v=beta&t=aZfosMGBnH2kU4j_ZOru9SwkYQPYYcEz2O4wQW2elKg,false,,2404,2026-08-25 00:00:00.000 +0530,,,,,,,,,,,,,,,,,2201,
mohit kumar,mohit,kumar,https://www.linkedin.com/in/mohit-kumar-b5a60421a,urn:li:member:927156598,mohit-kumar-b5a60421a,Kolkata,West Bengal,India,"Kolkata, West Bengal, India","ROC , Ministry of Corporate Affairs",AROC,6-10yoe_global_indian,member_urn,,,,,,,,,,,9/2017,false,https://media.licdn.com/dms/image/v2/D4D03AQESCSltxzw_0w/profile-displayphoto-shrink_100_100/profile-displayphoto-shrink_100_100/0/1690294173847?e=1788998400&v=beta&t=gjy9WntfOgmmZEy8SzakajlmR2KJxcv6DRxkXG-sf00,false,,2405,2026-08-25 00:00:00.000 +0530,,,,,,,,,,,,,,,,,2377,
Jay Shivani,Jay,Shivani,https://www.linkedin.com/in/jay-shivani-9b26b235,urn:li:member:124151318,jay-shivani-9b26b235,Bhopal,Madhya Pradesh,India,"Bhopal, Madhya Pradesh, India",Saddacampus,Core Team,10+yoe_global,member_urn,,,,,,,,,,"Saddacampus (www.saddacampus.com) is a start-up providing services like food delivery, laundry, etc. especially to college students.",3/2015,false,https://media.licdn.com/dms/image/v2/C5603AQGFeosM9US0og/profile-displayphoto-shrink_100_100/profile-displayphoto-shrink_100_100/0/1516604557649?e=1788998400&v=beta&t=ayq8nz_w8u-IZn7lH7E0-Q2g97v3JOwHL1cvfZFRWZ8,false,,2413,2026-08-25 00:00:00.000 +0530,,,,,,,,,,,,,,,,,2388,
Anand Mishra,Anand,Mishra,https://www.linkedin.com/in/anand-mishra-09b1b8b1,urn:li:member:397626743,anand-mishra-09b1b8b1,Purnia,Bihar,India,"Purnia, Bihar, India",DST BIHAR,Lecturer,6-10yoe_global_indian,member_urn,,,,,,,,,,,11/2023,false,https://media.licdn.com/dms/image/v2/D4D03AQFAZA2avimzAw/profile-displayphoto-shrink_100_100/profile-displayphoto-shrink_100_100/0/1676444944321?e=1788998400&v=beta&t=WK88NDuoBeyVPFSgg1gfdWrhL88oLP_YFu6Cwei2Zdw,false,,2427,2026-08-25 00:00:00.000 +0530,,,,,,,,,,,,,,,,,1774,
Rukku Raju,Rukku,Raju,https://www.linkedin.com/in/rukkuraju,urn:li:member:547740085,rukkuraju,,,Greater Delhi Area,Greater Delhi Area,ACT,ACT | Assessment Content Creator (Science - Earth Science),founders,member_urn,"ACT is transforming college and career readiness pathways so that everyone can discover and fulfill their potential. Grounded in more than 65 years of research, ACT’s learning resources, assessments, research, and work-ready credentials are trusted by students, job seekers, educators, schools, government agencies, and employers in the U.S. and around the world to help people achieve their education and career goals at every stage of life. Visit us at www.act.org. **Be on alert for possible fraudulent offers of employment from email addresses not affiliated with @act.org and/or that request personal or financial information. Under no circumstances will ACT ever solicit money or banking information from applicants. All emails from the ACT recruiting team will come from an @act.org address only.**",6280,1959,Education Administration Programs,10869,https://www.linkedin.com/company/act,"Remote, Oregon, United States","College and Career Readiness, Workforce Readiness, Research, and Education",http://act.org,Developing and reviewing Earth Science assessment content aligned with international academic standards and digital assessment frameworks for large-scale standardized testing systems.,9/2024,false,,false,"Science education is where subject expertise, effective communication, and well-structured academic systems come together, and that has shaped the direction of my professional journey.Over the years, I have worked across competitive exam preparation, curriculum development, assessment design, digital content creation, and academic mentoring within the Science domain, with a strong specialization in Geology and Earth Science.Currently at ACT, I contribute to the development of Science assessment content aligned with international academic standards and digital assessment frameworks. My work involves assessment design, curriculum alignment, quality review, and content refinement for large-scale evaluation systems. I also actively explore AI-assisted workflows and digital tools that improve content quality, assessment efficiency, and learner-focused educational experiences.Before joining ACT, I spent several years mentoring students preparing for examinations such as GATE, CSIR-NET, UPSC, and CUET. Alongside teaching, I developed academic resources including mock tests, instructional materials, practice questions, textbooks, and exam-oriented learning content designed around evolving syllabus patterns and learner needs.I also founded Graspeye, an Earth Science learning initiative focused on making Geology education more structured, accessible, and concept-driven. Through this platform, I taught learners ranging from secondary school students to postgraduate aspirants while building curriculum frameworks, learning resources, and scalable academic systems tailored to different learning levels.Earlier in my career, I gained practical exposure through geotechnical and exploration-related roles involving core logging, paleo-bathymetry analysis, geotechnical engineering and geological interpretation.Earth Science Education | Assessment Design | Curriculum Development | EdTech | AI in Education | Digital Learning Systems | Academic Strategy.",2445,2026-08-25 00:00:00.000 +0530,,,,,,,,,,,,,,,,,379,
Navdeep Bhakat,Navdeep,Bhakat,https://www.linkedin.com/in/navdeep-bhakat-258351a2,urn:li:member:365142308,navdeep-bhakat-258351a2,Surat,Gujarat,India,"Surat, Gujarat, India",ONGC,AEE,6-10yoe_global_indian,member_urn,,,,,,,,,,,9/2017,false,https://media.licdn.com/dms/image/v2/C4E03AQEHkpisxAMEmw/profile-displayphoto-shrink_100_100/profile-displayphoto-shrink_100_100/0/1517067752106?e=1788998400&v=beta&t=R-1SB0xwGV534rcf-nf9rdlZbmlKw7qrf8oelg0pRRM,false,,2429,2026-08-25 00:00:00.000 +0530,,,,,,,,,,,,,,,,,2255,
VIVEK KUMAR,VIVEK,KUMAR,https://www.linkedin.com/in/vivek-kumar-757166104,urn:li:member:442310323,vivek-kumar-757166104,Mumbai,Maharashtra,India,"Mumbai, Maharashtra, India",Hindalco Industries Limited,GET,6-10yoe_global_indian,member_urn,,,,,,,,,,,7/2017,false,https://media.licdn.com/dms/image/v2/C5103AQEfRkAsckLcRA/profile-displayphoto-shrink_100_100/profile-displayphoto-shrink_100_100/0/1520444669437?e=1788998400&v=beta&t=f4R9RcfL4PNp-XLHgUDGdLVwb3hpJ8SjibJHiGa9uEQ,false,,2430,2026-08-25 00:00:00.000 +0530,,,,,,,,,,,,,,,,,1937,
Sumit Jain,Sumit,Jain,https://www.linkedin.com/in/sumit-jain-1b4ab8173,urn:li:member:692492824,sumit-jain-1b4ab8173,Alwar,Rajasthan,India,"Alwar, Rajasthan, India",iit ism dhanbad,doing masters from iit dhanbad,6-10yoe_global_indian,member_urn,,,,,,,,,,,7/2019,false,https://media.licdn.com/dms/image/v2/C4D03AQHUpoT9s_jwLQ/profile-displayphoto-shrink_100_100/profile-displayphoto-shrink_100_100/0/1597116625775?e=1788998400&v=beta&t=UvlsBoz5YNyE_-6bhKme1umENbiUlNSI8_EZkBDc4Yk,false,,2431,2026-08-25 00:00:00.000 +0530,,,,,,,,,,,,,,,,,1963,
Harish Khatri,Harish,Khatri,https://www.linkedin.com/in/harish-khatri-85439030,urn:li:member:108429760,harish-khatri-85439030,,,Greater Jodhpur Area,Greater Jodhpur Area,INDRA ABRASIVE,Sales Manager,10+yoe_global,member_urn,,,,,,,,,,"SALES, DAY-TO-DAY OPERATIONS, LIAISONING WITH MANUFACTURERS/ EXPORTERS",1/2019,false,https://media.licdn.com/dms/image/v2/D5603AQGuNcw6NdDbMw/profile-displayphoto-scale_400_400/B56Z88GCMlGoAg-/0/1783419643603?e=1788998400&v=beta&t=ihOiE2B2Wns3WRoAVFq5lPzNWbEwjH3YLcSiVjjMP8U,false,,2448,2026-08-25 00:00:00.000 +0530,,,,,,,,,,,,,,,,,2002,
Prohil Sinha,Prohil,Sinha,https://www.linkedin.com/in/prohil-sinha-424b9531,urn:li:member:113414428,prohil-sinha-424b9531,Noida,Uttar Pradesh,India,"Noida, Uttar Pradesh, India",Makfin Tools India Pvt Ltd,Executive Director,10+yoe_global,member_urn,,,,,,,,,,,4/2017,false,https://media.licdn.com/dms/image/v2/C5603AQGleYXA3snhVQ/profile-displayphoto-shrink_100_100/profile-displayphoto-shrink_100_100/0/1516492819244?e=1788998400&v=beta&t=_9Q6B73muteg1rWTZkEw4ZDgkFg42op5qJGfXXHa8fY,false,,2449,2026-08-25 00:00:00.000 +0530,,,,,,,,,,,,,,,,,2129,
Anil Gupta,Anil,Gupta,https://www.linkedin.com/in/anil-gupta-46300218,urn:li:member:59723787,anil-gupta-46300218,Bokaro,Jharkhand,India,"Bokaro, Jharkhand, India",Virginia Mining Resources Pvt.Ltd,Senior Consultant,10+yoe_global,member_urn,,,,,,,,,,,1/2015,false,https://media.licdn.com/dms/image/v2/C4D03AQGi8b5mksZoog/profile-displayphoto-shrink_100_100/profile-displayphoto-shrink_100_100/0/1516773484089?e=1788998400&v=beta&t=Knw21XJ8GwLQGAh5s83HZDqUzq8StCLI97kArF6aqZM,false,,2464,2026-08-25 00:00:00.000 +0530,,,,,,,,,,,,,,,,,2649,
VINAY KUMAR KUSUMA,VINAY KUMAR,KUSUMA,https://www.linkedin.com/in/vinay-kumar-kusuma-541ba669,urn:li:member:244820353,vinay-kumar-kusuma-541ba669,Telangana,,India,"Telangana, India",SRM SCHOOLS KODAD,Academic Dean,10+yoe_global,member_urn,,,,,,,,,,,5/2017,false,https://media.licdn.com/dms/image/v2/C5103AQEO8iuCkqzmjA/profile-displayphoto-shrink_100_100/profile-displayphoto-shrink_100_100/0/1586765404319?e=1788998400&v=beta&t=U5h1rtFtsReHiapg1FlUrGZvaJRfpaBzXhLSLJhDYqE,false,,2467,2026-08-25 00:00:00.000 +0530,,,,,,,,,,,,,,,,,2510,
Vinod Mitra,Vinod,Mitra,https://www.linkedin.com/in/vinod-mitra-5a9b9b36,urn:li:member:128354961,vinod-mitra-5a9b9b36,Delhi,,India,"Delhi, India",V Consultancy Net,Senior Consultant,10+yoe_global,member_urn,,,,,,,,,,"Experienced Mining Professional with a track record of completing multiple assignments across Surveying, Exploration, Geological Mapping, Resource evaluation, Digitization and Optimization of Deposits, Chemical and Physical Analysis of Minerals, Environment Monitoring and Clearances and valuation of Mines.",1/2012,false,,false,"A seasoned expert with 52 years of experience in Opencast and Underground Mining. Handled projects across Mine Mapping, Exploration and Reserve Estimation, Digitization of Mining Reserves. Provided end to end solutions in the field of Geology, Mining (Coal and Gold and Open Cast). Major Achievements  No. of Mining Plan Prepared and Approved-12.  Designing and implemented the Maintenance and Productivity System  Redesigned and enhanced the Productivity of a Mine by 600%.  Established a Green field Cement Plant.  Prepared Technical Presentation and received Environment Clearance for around 250 Projects.  Technical Consultant for three Mining Companies and one Environment Consultancy firm.  Consultant for Environment Monitoring.  Total Experience of 5000 meters of Limestone Drilling.  Assisted a company in Nepal in Establishing a Cement Plant, by doing Reconnaissance, Surveying, Geological Mapping, Exploration, Chemical Analysis of Mineral, Preparation of Computerized Mine Deposit Profile.Mining Plan and optimum deposit utilization strategy, Mining Machinery Requirement etc.  Environment Monitoring and renewal of Mining Clearance for two mines for a period of two years.  Critical Analysis of Gold Mines in Cambodia for Drilling and other allied activities.  Assisted a company in Sale of their Limestone Mine.  Assisted an entrepreneur in Critical evaluation of Mines and a Cement Plant for bidding.  Assisted, one Company in critical evaluation of Mines for Acquisition of a abandoned Mines",2468,2026-08-25 00:00:00.000 +0530,,,,,,,,,,,,,,,,,2638,
Chandra Bhanu Prasad,Chandra Bhanu,Prasad,https://www.linkedin.com/in/chandra-bhanu-prasad-42a13568,urn:li:member:239199010,chandra-bhanu-prasad-42a13568,Dhanbad,Jharkhand,India,"Dhanbad, Jharkhand, India",Self-employed,"Retired Director of Mines Safety, Government of India",10+yoe_global,member_urn,,,,,,,,,,,1/2015,false,https://media.licdn.com/dms/image/v2/C5603AQF2tUAaw5FgfA/profile-displayphoto-shrink_100_100/profile-displayphoto-shrink_100_100/0/1610006477408?e=1788998400&v=beta&t=w7VCM_nv-kfPSrXmp45L9UCtayqm7OI0ia3vuVwGXsk,false,,2470,2026-08-25 00:00:00.000 +0530,,,,,,,,,,,,,,,,,2433,
ABHIJIT SEN,ABHIJIT,SEN,https://www.linkedin.com/in/abhijit-sen-a763ab29,urn:li:member:99511866,abhijit-sen-a763ab29,Kolkata,West Bengal,India,"Kolkata, West Bengal, India",Bhushan Power & Steel Ltd.,"Vice President, coke oven plant",10+yoe_global,member_urn,,,,,,,,,,,9/2009,false,https://media.licdn.com/dms/image/v2/C4D03AQG6YXqPwX6LPQ/profile-displayphoto-shrink_100_100/profile-displayphoto-shrink_100_100/0/1517547670579?e=1788998400&v=beta&t=9qrgDCjMtVa2tNzPHqxGPdYn7BTZ8-BMbW0etendz_k,false,,2472,2026-08-25 00:00:00.000 +0530,,,,,,,,,,,,,,,,,1592,
Arish Enam,Arish,Enam,https://www.linkedin.com/in/arish-enam-16087471,urn:li:member:255951576,arish-enam-16087471,Mumbai,Maharashtra,India,"Mumbai, Maharashtra, India",Maiz Kitchens,Chief Operating Officer,6-10yoe_global_indian,member_urn,A food start-up trying to pioneer the fast casual restaurant model in India,73,,Hospitality,28750385,https://in.linkedin.com/company/maix-mexican-kitchen,"Mumbai, Maharashtra, India",,http://www.maiz.in,,8/2025,false,https://media.licdn.com/dms/image/v2/D5603AQGfzyHgEh2ZUA/profile-displayphoto-shrink_100_100/profile-displayphoto-shrink_100_100/0/1695033974767?e=1788998400&v=beta&t=p_2A3KuWVHwaGB5IkBKjUsEfI5ShpuE8scXnjXimGrI,false,,2487,2026-08-25 00:00:00.000 +0530,,,,,,,,,,,,,,,,,196,
Bishwajeet Halder,Bishwajeet,Halder,https://www.linkedin.com/in/bishwajeethalder,urn:li:member:206545902,bishwajeethalder,Pune City,Maharashtra,India,"Pune City, Maharashtra, India",ProductDossier,Manager – Professional Services,founders,member_urn,External link for Kytes,162,2006,Software Development,274384,http://www.linkedin.com/company/kytes-psa,"Pune Division, Maharashtra, India","Quote to CASH, Idea to LAUNCH, Request to COMPLETION, Project & Porftfolio Management, Project Financials, Business Process Management, Resource Management, Procurement Management, Engineering Data Management, Quality Management, Industry Specific Solutions, CRM, Asset Management, Inventory Management, Program Management, Timesheet Management, Sale Forecast Management, Expense Management, Project Management, Business Process Automation, Timesheet Management, Professional Services Automation, EPC Project Management, Resource Management, Project Budget Management, Workflow Management, Business Process Digitization, Life Science Project Management, Pharma Project Management, Solar Project Management, Business Productivity, NPD Software, Idea to Launch Solution, online project management solution, Cloud Project Management Software, Unified Project Management Software, Enterprise Project Management Software, Proposal Automation Software, and RFP Software",https://www.kytes.com/,"Led the successful implementation of enterprise Opportunity-to-Cash (O2C) SaaS solutions for global customers, enabling organizations to streamline the complete revenue lifecycle—from opportunity mgmt and project execution to billing, invoicing, revenue recognition, and financial reporting. Partnered with customers, founders, Product, Engineering, and Customer Success teams to deliver scalable business solutions and drive product innovation. Key Contributions Led end-to-end implementation O2C solutions covering Opp Mgmt, Project Mgmt, Resource Mgmt, Time & Expense, Billing, Invoicing, Revenue Recognition, and Financial Integrations. Conducted discovery workshops with business and finance stakeholders to understand processes, identify gaps, and design scalable solutions aligned with business objectives. Authored BRDs, Functional Requirement Specifications (FRS), process flows, user stories, and acceptance criteria, ensuring seamless collaboration between business and engineering teams. Served as the primary liaison between customers and Engineering, translating complex business requirements into scalable product capabilities. Collaborated with Product Management to influence product strategy by converting customer feedback into new features and platform enhancements. Managed multiple enterprise implementation projects simultaneously, ensuring timely delivery, stakeholder alignment, risk mitigation, and high customer satisfaction. Delivered integrations with Salesforce, SAP, NetSuite, Darwinbox, PeopleStrong, and other enterprise applications. Led UAT, production readiness, deployment planning, customer training, and post-go-live support to drive successful adoption. Advised customers on best practices to improve operational efficiency, billing accuracy, compliance, and revenue mgmt. Built trusted relationships with CXOs, Finance leaders, PMOs, and business stakeholders, acting as a strategic implementation partner throughout the project lifecycle.",1/2024,false,,false,"I am a problem solver at heart with a proven track record of working closely with founders, leadership teams, and customers to solve complex business challenges. My ability to quickly understand new domains, grasp business problems, and translate them into practical, scalable solutions has enabled me to excel across diverse industries.Over the course of my career, I have successfully taken on varied roles—from leading production for an Indian manufacturing company, developing an innovative wearable technology product, and designing board games, to serving as a Senior Analyst at a US-based real estate company and driving business transformation in SaaS product organizations.Working in SaaS product companies has strengthened my ability to rapidly understand complex products, master their functionality in a short span of time, and successfully implement solutions tailored to customer-specific business requirements. I excel at quickly understanding customer processes, identifying business needs, configuring product capabilities, and collaborating with cross-functional teams to deliver successful implementations and maximize customer value.I have led high-performing teams, worked seamlessly across engineering, product, operations, and business functions, and built strong relationships with customers and stakeholders. I am known for my analytical thinking, adaptability, ownership, and unwavering commitment to delivering results with the highest standards of professionalism and work ethics.",2485,2026-08-25 00:00:00.000 +0530,,,,,,,,,,,,,,,,,1164,
Jayant kumar,Jayant,kumar,https://www.linkedin.com/in/jayant-kumar-291758214,urn:li:member:909598861,jayant-kumar-291758214,,,India,India,Ministry of Communications,Assistant Section Officer,6-10yoe_global_indian,member_urn,,,,,,,,,,"Managing Court cases, Right to Information cases, Parliamentary questions.",8/2021,false,https://media.licdn.com/dms/image/v2/D4D03AQEdVcdJi4E6xg/profile-displayphoto-shrink_800_800/B4DZYAplCAHsAc-/0/1743767624696?e=1788998400&v=beta&t=HbBrJw9cIKgXaB4_R8XANdj9m-KUQm9Q5l4XprNEEPA,false,,2479,2026-08-25 00:00:00.000 +0530,,,,,,,,,,,,,,,,,2163,
Mridu Pawan Sonowal,Mridu Pawan,Sonowal,https://www.linkedin.com/in/mridu-pawan-sonowal-4a646a1,urn:li:member:4123710,mridu-pawan-sonowal-4a646a1,Mumbai,Maharashtra,India,"Mumbai, Maharashtra, India",Reliance Gas Transportation Infrastructure Ltd.,Cross Country Gas Pipeline,10+yoe_global,member_urn,,,,,,,,,,Cross Country Pipeline Network.,5/2007,false,,false,"Professional expertise in: + Optical Fiber Engineering (OFC Network Infrastructure Construction) + Aerial/Satellite Photogrammetry mapping; + GIS solutions using ESRI Arc/INFO, MapInfo, Intergraph GeoMedia; + GIS/GPS Integrated solutions for various field mapping activities; + GNSS VRS network; + DEM/DTM analysis; + 3D city modeling, DBM, DTM, DEM/DSM,True Orthophotos; + Industrial Metrology Solutions; + Bathymmetry analysis; + Thematic Mapping; + 3D modeling of projects & conducting various kinds of complex ""what-if"" analysis using High Definition Survey (HDS) data; + Pipeline Integrity Management System; + Watershed Analysis & Management. Specialties: Oil & Gas and Transportation & Infrastructure Industry",2482,2026-08-25 00:00:00.000 +0530,,,,,,,,,,,,,,,,,2353,
Subodh Narayan Tripathi,Subodh Narayan,Tripathi,https://www.linkedin.com/in/subodh-narayan-tripathi-777380117,urn:li:member:487628875,subodh-narayan-tripathi-777380117,Gurugram,Haryana,India,"Gurugram, Haryana, India",I-PAC (Indian Political Action Committee),Principal,6-10yoe_global_indian,member_urn,"Indian Political Action Committee (I-PAC) is the platform of choice for students and young professionals to participate in and make meaningful contribution to political affairs and governance of the country, without necessarily being part of a political party. Started as Citizens for Accountable Governance (CAG) in 2013, I-PAC has brought some of the best minds from diverse academic and professional backgrounds together and provided them with a unique opportunity to become a part of the election process and influence policy making in India. I-PAC works with visionary leaders with a proven track record. In the process, the group helps them set a citizen-centric agenda and partners with them to conceptualise & implement the most effective methods of taking it to the public and gathering mass support.",1714,,Business Consulting and Services,10377827,https://in.linkedin.com/company/i-pac,"Hyderabad, Telangana, India","Campaign Management, Political Consulting, Digital Communication, Media Relations, Supply and Procurement, Strategic Research, Social Media Marketing, Public Relations, Public Policy, Field Operation, Technologies, Data Analytics, and Operations",http://www.indianpac.com,,1/2026,false,https://media.licdn.com/dms/image/v2/D5603AQEETCyIbI9T8Q/profile-displayphoto-shrink_800_800/B56ZYvKXMbH0Ac-/0/1744547968344?e=1788998400&v=beta&t=p586RbXyZ4HOi5neIef3Z-qeuUn7y9uBHKOHO6p2PGQ,false,,2492,2026-08-25 00:00:00.000 +0530,,,,,,,,,,,,,,,,,166,
NIHAR RANJAN,NIHAR,RANJAN,https://www.linkedin.com/in/niharranjan,urn:li:member:27187987,niharranjan,Chennai,Tamil Nadu,India,"Chennai, Tamil Nadu, India",Tamil Nadu Forest Department,CCF (IT),founders,member_urn,,69,,Government Administration,33814342,http://www.linkedin.com/company/tamil-nadu-forest-department,"Chennai, Tamil Nadu, India",,http://www.forests.tn.nic.in,,2/2026,false,,false,"ENGINEER TURNED FOREST OFFICER. Specialties: PHYSICS, MATHEMATICS, FOREST, WILDLIFE, GIS, ENVIRONMENT.",2501,2026-08-25 00:00:00.000 +0530,,,,,,,,,,,,,,,,,1397,
ankit anand,ankit,anand,https://www.linkedin.com/in/ankit-anand-68a5b2127,urn:li:member:524023882,ankit-anand-68a5b2127,,,Dhanbad-Ranchi Area,Dhanbad-Ranchi Area,chaitanya acadmey,Chemistry Teacher,6-10yoe_global_indian,member_urn,,,,,,,,,,,6/2018,false,https://media.licdn.com/dms/image/v2/C4D03AQF98YgvtUp-ag/profile-displayphoto-shrink_100_100/profile-displayphoto-shrink_100_100/0/1644767273415?e=1788998400&v=beta&t=6PQ9CsaUWxrBS88aNp0pxzd8X3mqgRx4IK09l_C5p4w,false,,2488,2026-08-25 00:00:00.000 +0530,,,,,,,,,,,,,,,,,1652,
Biswajit choudhury,Biswajit,choudhury,https://www.linkedin.com/in/biswajit-choudhury-698b6977,urn:li:member:274602644,biswajit-choudhury-698b6977,Hyderabad,Telangana,India,"Hyderabad, Telangana, India",geological Survey of India,Geophysicist,6-10yoe_global_indian,member_urn,,,,,,,,,,,12/2015,false,https://media.licdn.com/dms/image/v2/C4E03AQEWlLgWt7e1Cw/profile-displayphoto-shrink_100_100/profile-displayphoto-shrink_100_100/0/1516636532363?e=1788998400&v=beta&t=Adqt5IS4p5wpTauHOnk6npPgw_IdB-Il9BurkObjWfw,false,,2489,2026-08-25 00:00:00.000 +0530,,,,,,,,,,,,,,,,,1866,
Girish Singh,Girish,Singh,https://www.linkedin.com/in/girish-singh-8b9b94155,urn:li:member:627002637,girish-singh-8b9b94155,Noida,Uttar Pradesh,India,"Noida, Uttar Pradesh, India",Self employed,Student,6-10yoe_global_indian,member_urn,,,,,,,,,,,7/2017,false,https://media.licdn.com/dms/image/v2/C5103AQGqS_g5lImrOA/profile-displayphoto-shrink_100_100/profile-displayphoto-shrink_100_100/0/1519273448514?e=1788998400&v=beta&t=cFJ8IVlXEDu_HlUe36m-w_95xN48iJkhdG60BNU8sMc,false,,2490,2026-08-25 00:00:00.000 +0530,,,,,,,,,,,,,,,,,2432,
PRAMOD RAJ,PRAMOD,RAJ,https://www.linkedin.com/in/pramod-raj-85214416b,urn:li:member:678158270,pramod-raj-85214416b,Patna,Bihar,India,"Patna, Bihar, India",Self-employed,Teacher,6-10yoe_global_indian,member_urn,,,,,,,,,,,1/2016,false,https://media.licdn.com/dms/image/v2/C5103AQGPdlTwiWJmUA/profile-displayphoto-shrink_100_100/profile-displayphoto-shrink_100_100/0/1534402065963?e=1788998400&v=beta&t=rMk3yj9ldwg7ed2HN4sbBrPS7waNw8mdL3wF8kwuYqk,false,,2491,2026-08-25 00:00:00.000 +0530,,,,,,,,,,,,,,,,,2433,
Himanshu Mittal,Himanshu,Mittal,https://www.linkedin.com/in/himanshu-mittal1,urn:li:member:158355399,himanshu-mittal1,Delhi,,India,"Delhi, India",Genpact,Assistant Vice President Operations,6-10yoe_global_indian,member_urn,"Genpact is an agentic and advanced technology solutions company. We leverage process intelligence and artificial intelligence to deliver measurable outcomes. With a strong partner ecosystem and decades of client trust, we provide innovative solutions that transform how businesses run. Powered by a team with an active learning mindset and client centricity at its core, we deliver lasting value for the world’s leading enterprises. Get to know us at www.genpact.com and on the following social handles: X: https://twitter.com/genpact Facebook: https://www.facebook.com/ProudToBeGenpact/ Instagram: https://www.instagram.com/genpact_global/ YouTube: https://www.youtube.com/@GenpactGlobal ** Beware of fake offers** Genpact never requires applicants to pay to be part of our hiring process. If you receive an email asking you to purchase a starter kit, equipment, or training, or to pay to apply for a role, you can assume that the message is a scam. For more information on careers at Genpact, please visit us at https://www.genpact.com/careers",150962,,Business Consulting and Services,210064,https://www.linkedin.com/company/genpact,"New York, New York, United States","Banking & Financial Services, Energy, Insurance, Healthcare Payer, Capital Market, Healthcare Provider, Aerospace, Hi-Tech, Automotive, Hospitality, Chemical, Life Science & Pharmaceuticals, Consumer Goods, Retail, Telecom, Transport & Logistics, digital transformation, business consulting, professional services, and artificial intelligence",http://www.genpact.com,,6/2026,false,https://media.licdn.com/dms/image/v2/D5603AQGmxJzSojkVTw/profile-displayphoto-scale_200_200/B56Z43DoqyIoAc-/0/1779040163224?e=1788998400&v=beta&t=sHsACbGc7f8rppIeT8UukPTD6nRC2dBjPkuKx9kyoHk,true,,2521,2026-08-25 00:00:00.000 +0530,,,,,,,,,,,,,,,,,513,
Hemant kumar,Hemant,kumar,https://www.linkedin.com/in/hemant-kumar-ism,urn:li:member:378659142,hemant-kumar-ism,Delhi,,India,"Delhi, India",Algotale Group,Building,6-10yoe_global_indian,member_urn,External link for Algotale Group,53,2016,Human Resources Services,79864992,http://www.linkedin.com/company/algotalegroup,"Wilmington, Delaware, United States","RPO, Retainership, Head Hunting, Talent Acquisition, Job Engagement, Tech Staffing, HR Consultancy, software development, and aec",https://www.algotale.com/,,5/2024,true,https://media.licdn.com/dms/image/v2/D5603AQHjGJiOVWLV8A/profile-displayphoto-shrink_100_100/profile-displayphoto-shrink_100_100/0/1665854197418?e=1788998400&v=beta&t=6stYm2_zXjO-bFJKw9BDd4VehZe40bZS-VD6yn7XSho,false,,2523,2026-08-25 00:00:00.000 +0530,,,,,,,,,,,,,,,,,862,
Dr.A.K. Srivastava,Dr.A.K.,Srivastava,https://www.linkedin.com/in/dr-a-k-srivastava-24680961,urn:li:member:219983382,dr-a-k-srivastava-24680961,Noida,Uttar Pradesh,India,"Noida, Uttar Pradesh, India",APPL-Trust,Executive Trustee,10+yoe_global,member_urn,,,,,,,,,,,4/2006,false,https://media.licdn.com/dms/image/v2/C5603AQEZge1HEo9DHA/profile-displayphoto-shrink_100_100/profile-displayphoto-shrink_100_100/0/1517581978298?e=1788998400&v=beta&t=vpgMe64Xb7HzI9iavd7rTccPMAIJzxDUojMihgpiF8k,false,,2509,2026-08-25 00:00:00.000 +0530,,,,,,,,,,,,,,,,,1551,
Dr. Amit Kumar,Dr. Amit,Kumar,https://www.linkedin.com/in/dr-amit-kumar-57364158,urn:li:member:204625383,dr-amit-kumar-57364158,Pauri Garhwal,Uttarakhand,India,"Pauri Garhwal, Uttarakhand, India",G. B. Pant Institute of Engineering and Technology Pauri Garhwal,Assistant Profes,10+yoe_global,member_urn,,,,,,,,,,,12/2020,false,https://media.licdn.com/dms/image/v2/C4D03AQFMKB2TCPKl_A/profile-displayphoto-shrink_100_100/profile-displayphoto-shrink_100_100/0/1621326681664?e=1788998400&v=beta&t=QaXFXrJjYK7Gm97ZprK9BLQ_kZ8KDBp-esJE4RXOfCg,false,,2511,2026-08-25 00:00:00.000 +0530,,,,,,,,,,,,,,,,,1857,
Awadhesh Narayan Singh,Awadhesh Narayan,Singh,https://www.linkedin.com/in/awadhesh1954,urn:li:member:193993591,awadhesh1954,Varanasi,Uttar Pradesh,India,"Varanasi, Uttar Pradesh, India",Self employed,Independent Consultant,10+yoe_global,member_urn,,,,,,,,,,River Ganga cleaning is one of the priority programme of Govt. of India. Sanitation in villages along the stretch of Ganga also an important factor for Ganga cleaning. After retirement from the post of Director Water Supply and Sanitation Support Organization PHED & WS Department Govt. of Arunachal Pradesh in 2013 I joined Consultant Rural at National Mission for Clean Ganga (NMCG) in New Delhi. Due to my domestic problem I after serving more than two and half years I left NMCG and settled in Varanasi which my home town also. Bur I continued my work for sustainable rural sanitation based on circular economy and river Ganga cleaning in association of IIT(BHU).,10/2024,false,,false,"More than 30 years of working experience with the state, and central governments in different position. During these period dealt multi disciplinary field. But more than 20 years in rural water supply and sanitation sector in hilly areas. I also attended National and International workshop and conferences. Following are the key workshop and conferences attended: Participated in 33rd AGUASAN Workshop “Circular Economy—transforming waste into resources (From Linear to Circular water and sanitation model) ”26th to 30th June. 2017, ABZ Spiez, Switzerland:  Participated in National Biogas Convention 2015: Current and Emerging Trends in Indian Biogas and Bio-Fertilizer development under the Aegis of Unnat Bharat Abhiyan,IIT New Delhi 15-16 September 2015.  Participated in National workshop on Forestry Interventions in Ganga Rejuvenation In FRI, Dehradun 21-22 July, 2015.  Participated in WASH and ICT Leveraging the Data Stream meeting Hosted at the OpenGov Hub in Washington, D.C. U.S.A on May 14-15, 2015.  Participated in 2014 WASH Sustainability Forum June 30-July 1, 2014 Amsterdam, the Netherlands as special invitee organized by AGUA CONSULT, GWC (Global Water Challenge), IRC the Netherlands, Ministry of Foreign Affairs of the Netherlands, Sustainable WASH ORG, UNICEF, WASH ADVOCATES(USA) and World Bank WSP (Water and Sanitation Programme). Presently, I am independent consultant associated with IIT(BHU).",2526,2026-08-25 00:00:00.000 +0530,,,,,,,,,,,,,,,,,2432,
PROBEEN BORAH,PROBEEN,BORAH,https://www.linkedin.com/in/probeen-borah-b8517529,urn:li:member:98941781,probeen-borah-b8517529,Assam,,India,"Assam, India",Freelance,PETROLEUM ENGINEER CONSULTANT,10+yoe_global,member_urn,,,,,,,,,,,5/2017,false,,false,"I am a qualified Petroleum Engineer with over 19 years of work experience in both Onshore & offshore operations. I have all round knowledge of all disciplines of Petroleum Engineering and worked extensively in the areas of Production Technology, particularly in Field development, well completion design, Nodal Analysis & Network modelling, Artificial lift especially in ESPs & Gas Lifts (design & troubleshooting using Winglue software), Sand Management, well intervention & workover as well as functional knowledge of Well Reservoir and Facility Management. I have worked in complex heterogenous reservoirs in India and Malaysia. I am self motivated and an efficient team player & I respect people from diverse cultures & background. I have good oratory as well as writing skills which aid in my excellent communication skills. I have coached and mentored many juniors and staff helping in their career development.",2529,2026-08-25 00:00:00.000 +0530,,,,,,,,,,,,,,,,,1840,
Bhavadip N. Vaidya,Bhavadip N.,Vaidya,https://www.linkedin.com/in/bhavadip-n-vaidya-29694515,urn:li:member:53093202,bhavadip-n-vaidya-29694515,Ahmedabad,Gujarat,India,"Ahmedabad, Gujarat, India",HARB Global Consultants Pvt. Ltd.,Managing Director,10+yoe_global,member_urn,,,,,,,,,,Everything which can improve overall efficiency of organisation.,4/2016,false,,false,"EXPERIENCE: WRM - Well Reservoir Management, Production Optimisation from Oil Field, Integrated Digital Field, Well Surveillance for production optimisations, Asset Management, Corporate Governance, Joint Venture for Oil field Development, Business Development, Corporate Policies and Planning for Oil / Gas field Development, Well Testing, Oil/Gas Filed Development, PVT Lab & Core lab establisment project, Well Stimulation, Enhance Oil Recovery (water flooding, Thermal Recovery, CO2 Flooding, Miscible Flooding, Polymer Flooding etc), Reservoir Simulation, Budgeting and Petroleum Economics for Oil/Gas projects, Identification of oil field problems and it viable solutions, Turn around Management, , , etc. GOAL: To lead an E & P company and set an example by implementing techniques of 4th Generation Management. Specialties: Reservoir Well Facilities Management. Asset Management Production Sharing Contracts and Monitoring – Business Development & Joint Venture. Reservoir operations / Studies / Management Oil and Gas Field Optimisation. Well Surveillance Planning and implementation. Integrated Digital Field for Real time monitoring EPF / GGS Management. Petroleum Economics / Financial Engineering Budget, Planning and Audits. Consultant for 4th Generation Management",2532,2026-08-25 00:00:00.000 +0530,,,,,,,,,,,,,,,,,1925,
Mihir Jichkar,Mihir,Jichkar,https://www.linkedin.com/in/plytonrexus,urn:li:member:490711942,plytonrexus,Bengaluru,Karnataka,India,"Bengaluru, Karnataka, India",Arista Networks,Software Engineer,founders,member_urn,"Arista Networks is an industry leader in data-driven, client to cloud networking for large data center/AI, campus and routing environments. Arista’s award-winning platforms deliver availability, agility, automation, analytics and security through an advanced network operating stack. visit https://www.arista.com. Additional information and resources can be found at: www.arista.com www.twitter.com/aristanetworks www.facebook.com/AristaNW www.youtube.com/user/AristaNetworks",5826,2004,Computer Networking Products,80069,https://fr.linkedin.com/company/arista-networks-inc,"Santa Clara, California, United States","Cloud Computing, Virtualization, Big Data Clusters et High Performance Computing",http://www.arista.com,,7/2023,false,,false,"Hi! I'm Mihir Jichkar, a Computer Science grad from IIT (ISM) Dhanbad and I'm passionate about leveraging technology and effective altruism principles to create a helpful impact in the world. I've had the opportunity to work with startups as well as MNCs, and I'm eager to continue learning and growing in my career. As a software engineer, I am skilled in C++, Node, Go, Python, NPL, TACC, perforce and related technologies. I have worked with Git, Perforce, Docker/Docker Compose and Linux-based systems to set up development environments and CI/CD pipelines. Currently, I have rejoined Arista Networks and am working with their telemetry team. A few months back I was working with SigScalr to scale their platform for even faster and more unified observability of logs. Previously, I have worked with Arista Networks and TowaSo, two companies that are leaders in their respective domains of cloud networking solutions and waste management services. In the former, I worked on adding a telemetry-related feature to their operating system. In the other, I designed the architecture of their payments, statistics and geolocation services, built deployment channels and even led the entire tech team for a short time. Over time, I have learned how to develop scalable, reliable and user-friendly software solutions that solve a variety of problems. Apart from my technical skills, I'm also committed to making a difference with my work. I'm involved with social causes like rural education and I'm always looking for new ways to use my skills to make a positive impact. In college, I even made my attempts to be a social entrepreneur. Looking forward to collaborating and working on meaningful projects that solve real problems.",3462,2026-08-25 00:00:00.000 +0530,,,,,,,,,,,,,,,,,22,
Dola Sinha,Dola,Sinha,https://www.linkedin.com/in/dola-sinha-925016129,urn:li:member:528551597,dola-sinha-925016129,Bengaluru,Karnataka,India,"Bengaluru, Karnataka, India",Goldman Sachs,Vice President,6-10yoe_global_indian,member_urn,"We aspire to be the world’s most exceptional financial institution, united by our shared values of partnership, client service, integrity, and excellence. Operating at the center of capital markets, we act as one firm, mobilizing our people, capital, and ideas to deliver superior results across our clients’ most complex challenges. For 157 years, Goldman Sachs has delivered world-class execution on a global scale across our leading Global Banking & Markets and Asset & Wealth Management businesses. Apprenticeship is central to our culture, with hands-on coaching and access to leaders who bring decades of experience and expertise. With office locations around the world, we offer a broad range of career opportunities to those who insist on excellence and thrive on performance. Find our Social Media Disclosures here: gs.com/social-media-disclosures",66481,,Financial Services,1382,https://www.linkedin.com/company/goldman-sachs,"New York, New York, United States",,http://www.goldmansachs.com,,1/2025,false,https://media.licdn.com/dms/image/v2/D5603AQFHHz8hHeGoDw/profile-displayphoto-shrink_100_100/profile-displayphoto-shrink_100_100/0/1724962999944?e=1788998400&v=beta&t=3qsX34nYecUYQWKewtN1AbhyKhd0yjWr4gMq8CL5-zo,false,,2536,2026-08-25 00:00:00.000 +0530,,,,,,,,,,,,,,,,,521,
Rajesh Baranwal,Rajesh,Baranwal,https://www.linkedin.com/in/rajesh-baranwal-baa00785,urn:li:member:301598194,rajesh-baranwal-baa00785,Dhanbad,Jharkhand,India,"Dhanbad, Jharkhand, India",Coal India Limited,Deputy Manager,6-10yoe_global_indian,member_urn,Notice - This is not an official page of Coal India Limited. We are in the process of taking it down. Thanks,8112,1975,Mining,574498,https://in.linkedin.com/company/coal-india-limited,"Kolkata, West Bengal, India",,,,1/2018,false,https://media.licdn.com/dms/image/v2/C5603AQGlJyZwkx0JAA/profile-displayphoto-shrink_100_100/profile-displayphoto-shrink_100_100/0/1602077780799?e=1788998400&v=beta&t=u9Rq-ECKsxJOj4EO84uKINJm9pjWJqoPwh1zLE5KaA4,false,,2552,2026-08-25 00:00:00.000 +0530,,,,,,,,,,,,,,,,,86,
Shubham Kumar,Shubham,Kumar,https://www.linkedin.com/in/shubham-kumar-6b23379a,urn:li:member:353167910,shubham-kumar-6b23379a,Dhanbad,Jharkhand,India,"Dhanbad, Jharkhand, India",Coal India Limited,Deputy Manager,6-10yoe_global_indian,member_urn,Notice - This is not an official page of Coal India Limited. We are in the process of taking it down. Thanks,8112,1975,Mining,574498,https://in.linkedin.com/company/coal-india-limited,"Kolkata, West Bengal, India",,,,1/2026,false,https://media.licdn.com/dms/image/v2/C5103AQF73Rt4stg2Tg/profile-displayphoto-shrink_100_100/profile-displayphoto-shrink_100_100/0/1546017948831?e=1788998400&v=beta&t=lCpsq1KUv2vIMyvtMOjtESrrOjV2-L3jUow_-fQbOug,false,,2551,2026-08-25 00:00:00.000 +0530,,,,,,,,,,,,,,,,,86,
Shivam Sharma,Shivam,Sharma,https://www.linkedin.com/in/shivam-sharma-18a937271,urn:li:member:1116086074,shivam-sharma-18a937271,Gurugram,Haryana,India,"Gurugram, Haryana, India",Global Creed,Co-Founder,founders,member_urn,Global Creed is the pioneer in GMAT/GRE/SAT trainings and Study Abroad Consulting,67,,Education,93831105,http://www.linkedin.com/company/global-creed,"Gurugram, Haryana, India",,www.globalcreed.in,,3/2014,false,,false,,3485,2026-08-25 00:00:00.000 +0530,,,,,,,,,,17,28,,,,,,1051,
Prafull ranjan Thakur,Prafull ranjan,Thakur,https://www.linkedin.com/in/prafull-ranjan-thakur-4189b411,urn:li:member:41292884,prafull-ranjan-thakur-4189b411,Varanasi,Uttar Pradesh,India,"Varanasi, Uttar Pradesh, India",Ministry of Labour and Employment,Dy. Director Mines Safety,10+yoe_global,member_urn,,,,,,,,,,,,false,https://media.licdn.com/dms/image/v2/C5603AQEwVLHOQyg4Ng/profile-displayphoto-shrink_100_100/profile-displayphoto-shrink_100_100/0/1517771236697?e=1788998400&v=beta&t=GQ8rM8FYU_8XSCjdL-Oyn8Jq5Lxm7t8s3_02QqrSSO0,false,,2562,2026-08-25 00:00:00.000 +0530,,,,,,,,,,,,,,,,,2165,
Upendra Kumar,Upendra,Kumar,https://www.linkedin.com/in/upendra-kumar-40106a15,urn:li:member:50904001,upendra-kumar-40106a15,,,India,India,with Aditya Birla group in India.,Advisor ( Coal ),founders,member_urn,,,,,,,,,,,4/2006,false,,false,,3497,2026-08-25 00:00:00.000 +0530,,,,,,,,,,,,,,,,,2670,
Basant Kumar,Basant,Kumar,https://www.linkedin.com/in/basant-kumar-b2aab4a0,urn:li:member:361043026,basant-kumar-b2aab4a0,Dhanbad,Jharkhand,India,"Dhanbad, Jharkhand, India",Coal India Limited,Deputy Manager,6-10yoe_global_indian,member_urn,Notice - This is not an official page of Coal India Limited. We are in the process of taking it down. Thanks,8112,1975,Mining,574498,https://in.linkedin.com/company/coal-india-limited,"Kolkata, West Bengal, India",,,,2/2023,false,https://media.licdn.com/dms/image/v2/D4D03AQFhoYuTPAVU5g/profile-displayphoto-shrink_100_100/profile-displayphoto-shrink_100_100/0/1686795895158?e=1788998400&v=beta&t=VPy4YRewROzbHvnMUk2mZEDnDVTHHixzmNVwSTMyni8,false,,2555,2026-08-25 00:00:00.000 +0530,,,,,,,,,,,,,,,,,86,
Dillu Singh,Dillu,Singh,https://www.linkedin.com/in/dillu-singh-3353831a5,urn:li:member:804147737,dillu-singh-3353831a5,Gopalganj,Bihar,India,"Gopalganj, Bihar, India",Coal India Limited,Assistant Manager,6-10yoe_global_indian,member_urn,Notice - This is not an official page of Coal India Limited. We are in the process of taking it down. Thanks,8112,1975,Mining,574498,https://in.linkedin.com/company/coal-india-limited,"Kolkata, West Bengal, India",,,,12/2023,false,https://media.licdn.com/dms/image/v2/C4E03AQGSgFL05780yQ/profile-displayphoto-shrink_100_100/profile-displayphoto-shrink_100_100/0/1624436935719?e=1788998400&v=beta&t=j-olZ9phpqoFwgN7oPGFTJp7UoSwELnhjMBPAEcmahA,false,,2578,2026-08-25 00:00:00.000 +0530,,,,,,,,,,,,,,,,,86,
Ajyant Dubey,Ajyant,Dubey,https://www.linkedin.com/in/ajyant-dubey-9422a2aa,urn:li:member:388887746,ajyant-dubey-9422a2aa,,,India,India,Coal India Limited,Assistant Manager,6-10yoe_global_indian,member_urn,Notice - This is not an official page of Coal India Limited. We are in the process of taking it down. Thanks,8112,1975,Mining,574498,https://in.linkedin.com/company/coal-india-limited,"Kolkata, West Bengal, India",,,,10/2018,false,https://media.licdn.com/dms/image/v2/C5603AQFyUFLrgwp8aA/profile-displayphoto-shrink_100_100/profile-displayphoto-shrink_100_100/0/1602512750853?e=1788998400&v=beta&t=SGzsCiSg1PjcvEJC0wS5gJ8geuJrbPczYX7VqHU2GM8,false,,2577,2026-08-25 00:00:00.000 +0530,,,,,,,,,,,,,,,,,86,
Uday Shankar,Uday,Shankar,https://www.linkedin.com/in/uday-shankar-3b93bb30,urn:li:member:108489597,uday-shankar-3b93bb30,Ranchi,Jharkhand,India,"Ranchi, Jharkhand, India","Central Coalfields Limited, CIL",General Manager,10+yoe_global,member_urn,,,,,,,,,,Worked in BCCL and CCL subsidiaries of Coal India Limited. Retired on 30.11.2019 as General Manager (Mining) from CCL.,12/2012,false,https://media.licdn.com/dms/image/v2/C5103AQGqCj5UJvyrsA/profile-displayphoto-shrink_100_100/profile-displayphoto-shrink_100_100/0/1587037226298?e=1788998400&v=beta&t=obeC36SbXyIPz_DntOqqlDt3H48_VyN2nKpMi1alSYk,false,,2565,2026-08-25 00:00:00.000 +0530,,,,,,,,,,,,,,,,,1638,
Veena Pandey (She/Her),Veena,Pandey (She/Her),https://www.linkedin.com/in/veena-pandey-she-her-5315922b,urn:li:member:105944437,veena-pandey-she-her-5315922b,Bengaluru,Karnataka,India,"Bengaluru, Karnataka, India",Confidential,Confidential,10+yoe_global,member_urn,,,,,,,,,,,7/2023,true,,false,"Market researcher and strategist with 8+ years of experience in related roles. Adept at client handling and at analyzing relevant information needed to make key business and strategic decisions. Skills - Research, Strategy, Business Planning, CRM Applications, Vendor Management, Analysis, Reporting, Operations, Microsoft Office.",2567,2026-08-25 00:00:00.000 +0530,,,,,,,,,,,,,,,,,1697,
Rahul Ghosh,Rahul,Ghosh,https://www.linkedin.com/in/rahul-ghosh-85b66152,urn:li:member:186751367,rahul-ghosh-85b66152,Puruliya,West Bengal,India,"Puruliya, West Bengal, India",NHIT DURGAPUR,Senior Lecturer,10+yoe_global,member_urn,,,,,,,,,,,2/2017,false,https://media.licdn.com/dms/image/v2/C5603AQGUN0X1p7qm2Q/profile-displayphoto-shrink_100_100/profile-displayphoto-shrink_100_100/0/1609037802710?e=1788998400&v=beta&t=64DWt7QMB7xka6vxRbjotL3eXP0lmrQNNKGCinmn8tg,false,,2570,2026-08-25 00:00:00.000 +0530,,,,,,,,,,,,,,,,,2215,
Kuntal Ghosh,Kuntal,Ghosh,https://www.linkedin.com/in/kuntal-ghosh-2935b623,urn:li:member:82104591,kuntal-ghosh-2935b623,Asansol,West Bengal,India,"Asansol, West Bengal, India",varahamihir Speaks,Astrologer,founders,member_urn,,,,,,,,,,founder of the organisation,3/2024,false,,false,,3507,2026-08-25 00:00:00.000 +0530,,,,,,,,,,,,,,,,,2635,
Ravi Kumar,Ravi,Kumar,https://www.linkedin.com/in/ravi-kumar-71b79877,urn:li:member:273667847,ravi-kumar-71b79877,Santuri,West Bengal,India,"Santuri, West Bengal, India",Coal India Limited,Assistant Manager,6-10yoe_global_indian,member_urn,Notice - This is not an official page of Coal India Limited. We are in the process of taking it down. Thanks,8112,1975,Mining,574498,https://in.linkedin.com/company/coal-india-limited,"Kolkata, West Bengal, India",,,,7/2016,false,https://media.licdn.com/dms/image/v2/C5103AQGrqtXmZAIA2w/profile-displayphoto-shrink_100_100/profile-displayphoto-shrink_100_100/0/1554517708429?e=1788998400&v=beta&t=P9nJz0PLyQg3ikRTEJNQZLSnmvsKIqt4lyruKl8Mwqg,false,,2585,2026-08-25 00:00:00.000 +0530,,,,,,,,,,,,,,,,,86,
RISHU KUMAR,RISHU,KUMAR,https://www.linkedin.com/in/rishu-kumar-683980195,urn:li:member:769804227,rishu-kumar-683980195,Ranchi,Jharkhand,India,"Ranchi, Jharkhand, India",Coal India Limited,Assistant Manager,6-10yoe_global_indian,member_urn,Notice - This is not an official page of Coal India Limited. We are in the process of taking it down. Thanks,8112,1975,Mining,574498,https://in.linkedin.com/company/coal-india-limited,"Kolkata, West Bengal, India",,,,10/2017,false,,false,working in central coalfield limited a subsidiary of coal india limited for last two years.completed b.tech in mining from iit(ism) dhanbad in 2017.,2583,2026-08-25 00:00:00.000 +0530,,,,,,,,,,,,,,,,,86,
Gargi Pandey,Gargi,Pandey,https://www.linkedin.com/in/gargi-pandey-579588b3,urn:li:member:404532525,gargi-pandey-579588b3,Varanasi,Uttar Pradesh,India,"Varanasi, Uttar Pradesh, India",Coal India Limited,Assistant Manager,6-10yoe_global_indian,member_urn,Notice - This is not an official page of Coal India Limited. We are in the process of taking it down. Thanks,8112,1975,Mining,574498,https://in.linkedin.com/company/coal-india-limited,"Kolkata, West Bengal, India",,,,11/2017,false,https://media.licdn.com/dms/image/v2/C4E03AQEFWz9tm26bgg/profile-displayphoto-shrink_100_100/profile-displayphoto-shrink_100_100/0/1517607142960?e=1788998400&v=beta&t=W0DTOvO_OBfAPf6-4EoZuqHEkeyrWDtzhIO-RCXYB-M,false,,2582,2026-08-25 00:00:00.000 +0530,,,,,,,,,,,,,,,,,86,
Abhaynish Bharti,Abhaynish,Bharti,https://www.linkedin.com/in/abhaynish-bharti-59265995,urn:li:member:339029246,abhaynish-bharti-59265995,West Bengal,,India,"West Bengal, India",Coal India Limited,Assistant Manager,6-10yoe_global_indian,member_urn,Notice - This is not an official page of Coal India Limited. We are in the process of taking it down. Thanks,8112,1975,Mining,574498,https://in.linkedin.com/company/coal-india-limited,"Kolkata, West Bengal, India",,,,1/2018,false,https://media.licdn.com/dms/image/v2/C5103AQGVG-pikf381g/profile-displayphoto-shrink_100_100/profile-displayphoto-shrink_100_100/0/1562570103126?e=1788998400&v=beta&t=ebuhANi332DuYzsHWBTMbP-VnkI4zBWne3W8bz7myLU,false,,2581,2026-08-25 00:00:00.000 +0530,,,,,,,,,,,,,,,,,86,
Sandesh Raghava,Sandesh,Raghava,https://www.linkedin.com/in/sandesh-raghava-6ba70177,urn:li:member:273469102,sandesh-raghava-6ba70177,Andhra Pradesh,,India,"Andhra Pradesh, India",Coal India Limited,Assistant Manager,6-10yoe_global_indian,member_urn,Notice - This is not an official page of Coal India Limited. We are in the process of taking it down. Thanks,8112,1975,Mining,574498,https://in.linkedin.com/company/coal-india-limited,"Kolkata, West Bengal, India",,,,8/2020,false,https://media.licdn.com/dms/image/v2/D4E03AQHucFikir2kfw/profile-displayphoto-shrink_100_100/profile-displayphoto-shrink_100_100/0/1676567468202?e=1788998400&v=beta&t=odZHUHv1RtQG4Km9lP97FEXh67hbmDf3lisEKj5bIik,false,,2580,2026-08-25 00:00:00.000 +0530,,,,,,,,,,,,,,,,,86,
Rajat Tyagi,Rajat,Tyagi,https://www.linkedin.com/in/rajat-tyagi-0b0169179,urn:li:member:708067140,rajat-tyagi-0b0169179,Bengaluru,Karnataka,India,"Bengaluru, Karnataka, India","Freelance, self-employed",Project Manager,founders,member_urn,,,,,672338,,,,,,1/2020,false,,false,,3529,2026-08-25 00:00:00.000 +0530,,,,,,,,,,,,,,,,,1849,
MAYA SHANKAR KUMAR,MAYA SHANKAR,KUMAR,https://www.linkedin.com/in/maya-shankar-kumar-0b533877,urn:li:member:272547209,maya-shankar-kumar-0b533877,Hazaribag,Jharkhand,India,"Hazaribag, Jharkhand, India",Coal India Limited,Deputy Manager,6-10yoe_global_indian,member_urn,Notice - This is not an official page of Coal India Limited. We are in the process of taking it down. Thanks,8112,1975,Mining,574498,https://in.linkedin.com/company/coal-india-limited,"Kolkata, West Bengal, India",,,,9/2021,false,https://media.licdn.com/dms/image/v2/D4D03AQEf7xgAphYuaQ/profile-displayphoto-shrink_100_100/profile-displayphoto-shrink_100_100/0/1707819124723?e=1788998400&v=beta&t=mboTSCOJvyy3K-_ntxpLY-KcAcHMm9DbekFIAhg8lAA,false,,2591,2026-08-25 00:00:00.000 +0530,,,,,,,,,,,,,,,,,86,
