full_name,first_name,last_name,linkedin_url,member_urn,public_identifier,city,state,country,location,company,job_title,source_file,dedup_key_used,company_description,company_employees,company_founded_year,company_industry,company_linkedin_id,company_linkedin_url,company_location,company_specialities,company_website,job_description,job_started_on,premium,profile_picture_url,recently_hired,summary,id,last_updated,headline,company_url,followers_count,personal_website,ism_batch_start,ism_batch_end,colleges,mobile_number,remark,category_1,category_2,personal_email,work_email,assumed_mobile_no,branch,degree,company_id,lead_status
Dinesh Sinha,Dinesh,Sinha,https://www.linkedin.com/in/dinesh-sinha-52070a24,urn:li:member:85367400,dinesh-sinha-52070a24,Bhopal,Madhya Pradesh,India,"Bhopal, Madhya Pradesh, India",Currently self employed and work as consultant in TQM/ Business excellence fields,Consultant TQM & BE,10+yoe_global,member_urn,,,,,,,,,,,1/2017,false,https://media.licdn.com/dms/image/v2/C4D03AQFS-T3jmJHMqg/profile-displayphoto-shrink_100_100/profile-displayphoto-shrink_100_100/0/1517227590888?e=1788998400&v=beta&t=2A0O6HsqdCwTTfB2yCF-lcsDcM8PLiVONc0UyaNrN1Y,false,"An accomplished professional with experience of 35 years in driving Strategic Quality Management/ Implementation, Auditing Integrated Management System (IMS), IS/ISO 9001, IS/ISO 14001, IS 180001, DMAIC (Six-Sigma), Quality Improvement Teams/ LQC/ QC, Kaizen, 5-S, HR Practices, Training & Development, SWOT Analysis, CSF, Recruitment, Productivity Improvement, etc. Throughout my professional career, I have demonstrated continuous success in scaling up business and revenue through the implementation of strategic and tactical action plans, instituting healthy internal systems and processes and creating a strong industry interface. I have been developing and executing the best practices and standard operating procedures targeting at business excellence. With exceptional crisis management and strategy development capabilities, I have proved myself as an excellent Manager and an asset for the organizations I have worked with. In the course of my association with – NTPC, Unchahar, I have consistently proven my ability to handle operational and strategic levels of multiple responsibilities in crisis and pressure, while operating under rigorous deadlines. I am consistently displaying explorative aptitude in rolling innovative strategies to transform business units to globally competitive business ventures. My Expertise lies in creating an overall long term business strategy, with strong emphasis on quality management and developing a detailed implementation plan to deliver on that strategy. I have been successfully handling the entire business excellence functions of the power station, also conceptualizing and implementing strategies for streamline the business. With trail of professional brilliance, I have solid confidence of using my capabilities to handle any critical assignment. My basic objective is to go an extra mile for ensuring the development of the team and utilize my knowledge and experience for finding techniques and solutions for enhanced productivity.",520,2026-08-25 00:00:00.000 +0530,,,,,,,,,,,,,,,,,1720,
Layeeque Mohammad,Layeeque,Mohammad,https://www.linkedin.com/in/layeeque-md,urn:li:member:90797367,layeeque-md,Navi Mumbai,Maharashtra,India,"Navi Mumbai, Maharashtra, India",Freelance,Freelance Engineer,10+yoe_global,member_urn,,,,,,,,,,"As a Freelance AWS Platform and Backend Engineer, I am providing AWS platform and backend engineering services with a strong focus on Site Reliability Engineering. Architecting secure, automated, and performance-driven cloud environments while ensuring backend and infrastructure alignment for high availability and scalability. Designed AWS environments using VPC, EC2, IAM, and Auto Scaling for secure, scalable workload deployment. Built backend architectures leveraging RESTful APIs and microservices for improved performance. Automated provisioning and CI/CD pipelines using Terraform and Jenkins to enable consistent deployments. Configured centralized monitoring with CloudWatch and ELK for real-time system observability. Improved reliability, fault tolerance, and backend efficiency for enterprise-scale systems.",9/2023,false,https://media.licdn.com/dms/image/v2/D4D03AQFp6qcFDO2CtA/profile-displayphoto-shrink_100_100/profile-displayphoto-shrink_100_100/0/1730039941985?e=1788998400&v=beta&t=iYbupudMu77NjISbVbc3-61DkDAwftCQfkVaJ4HjLOM,false,"I am a Cloud and Platform Engineer transitioning into modern Site Reliability Engineering roles, building secure, automated, and high-performance systems across AWS environments. With 11+ years in backend engineering and cloud infrastructure, I combine reliability principles, automation, and real-world delivery experience. My core work revolves around designing scalable AWS environments, implementing Terraform-based Infrastructure as Code, and integrating CI/CD pipelines to improve deployment consistency. I apply SRE best practices—including monitoring, fault tolerance, and performance tuning—to ensure systems operate reliably under real-world conditions. Over the years, I’ve worked across backend development, infrastructure automation, and cloud modernization. This hybrid foundation allows me to bridge development and operations, solve root-cause issues faster, and build environments designed for stability, scalability, and continuous improvement. Key Highlights Cloud & Infrastructure: AWS VPC, EC2, IAM, Auto Scaling, CloudWatch, ELK Stack DevOps & SRE Tools: Terraform, Jenkins, Docker, Kubernetes, CI/CD Pipelines Reliability Engineering: System Monitoring, Fault Tolerance, Performance Optimization Backend Engineering: Java, Spring Boot, RESTful APIs, Microservices Architecture Database Expertise: PostgreSQL, MS SQL, DynamoDB, Query Optimization Always learning. Always improving. My focus now is to bring together infrastructure automation, cloud reliability, and performance engineering to deliver systems that do not just run but scale and self-heal.",521,2026-08-25 00:00:00.000 +0530,,,,,,,,,,,,,,,,,1840,
Rohit Milind,Rohit,Milind,https://www.linkedin.com/in/rohit-milind-5111107a,urn:li:member:280952797,rohit-milind-5111107a,Patna,Bihar,India,"Patna, Bihar, India",AIESEC in ISM Dhanbad,Vice President,10+yoe_global,member_urn,,,,,,,,,,"My responsibilities include recruitment, implementing LEADERSHIP DEVELOPMENT MODEL, increasing productivity of each member, aligning JD of every volunteer, improving retention rate of volunteers, training every volunteer for different operations, implementing different Learning & Development Model.",1/2015,false,https://media.licdn.com/dms/image/v2/C4E03AQHyv3zTjkOsfA/profile-displayphoto-shrink_100_100/profile-displayphoto-shrink_100_100/0/1516699751616?e=1788998400&v=beta&t=WOEVp6cQ_VzlgXKLZQZCutdQR-7ybgTHqgqBVoOC1I8,false,"Being the Human resource manager of AIESEC in ISM Dhanbad, my sole objective would be to improve the productivity of each volunteer of organization, so that my entity can effectively achieve its objective.",522,2026-08-25 00:00:00.000 +0530,,,,,,,,,,,,,,,,,1517,
Narne Raajaa,Narne,Raajaa,https://www.linkedin.com/in/raajaanarne15,urn:li:member:678972587,raajaanarne15,,,India,India,Self Employment,Real Estate Investment & Finance Analyst,6-10yoe_global_indian,member_urn,,,,,,,,,,"● Manage a ₹20M+ residential real estate investment portfolio, achieving 100%+ ROI through strategic investments in early-stage off-the-plan apartment developments. ● Conduct investment, market analysis, and credit risk analysis within the Indian residential real estate sector, evaluating developer reputation, location fundamentals, and demand dynamics to identify high-return opportunities. ● Build Excel-based financial models to assess project feasibility, forecast returns, and analyse downside risk across multiple investments. ● Assess macroeconomic and market factors, including interest rate movements and housing demand trends, to optimise capital allocation and reduce exposure to long-term market volatility.",7/2021,false,https://media.licdn.com/dms/image/v2/D4E03AQF9IYAGHf_2og/profile-displayphoto-scale_400_400/B4EZtT3k2EI0Ag-/0/1766638637837?e=1788998400&v=beta&t=_JMAehponlBEPnayvArktlUPQ69WPcq9z89-_eskJqo,false,"Finance professional with a strong foundation in investment analysis, credit risk, and quantitative research. I bring together a technical engineering background with an MSc in Investment and Finance, a combination that lets me approach financial problems with both analytical rigour and commercial instinct.I currently manage a ₹20M+ residential real estate portfolio, where I've achieved 100%+ ROI by identifying high-conviction opportunities in early-stage developments in India. I focus on identifying high-return opportunities through market research, developer analysis, and financial modelling. My investment strategy emphasises long-term value creation, downside risk analysis, and data-driven decision making.I am very passionate about Mathematics, Finance and Computer Programming.",524,2026-08-25 00:00:00.000 +0530,,,,,,,,,,,,,,,,,2438,
Sharma Bishwajit,Sharma,Bishwajit,https://www.linkedin.com/in/sharma-bishwajit-03877022a,urn:li:member:963373868,sharma-bishwajit-03877022a,Bangalore Urban,Karnataka,India,"Bangalore Urban, Karnataka, India",Self-employed,Software Developer,10+yoe_global,member_urn,,,,,,,,,,,7/2003,false,https://media.licdn.com/dms/image/v2/D5603AQHzIK-mBVNICg/profile-displayphoto-shrink_100_100/profile-displayphoto-shrink_100_100/0/1718229352809?e=1788998400&v=beta&t=xTczjhouPObyz1dUc5jkhyV5_DZ1LLs_xiYYRMXDN0E,false,"Over 20 years of Research and Development experience: * Inducting and harnessing cutting edge technologies, including Deep Learning * Multi-disciplinary technologies including computer vision, geo-information and video analytics * Packaging niche technologies into enterprise software solutions Personal abilities: * Vivid imagination: Helps me see the product in action before it is made * Design analytics: Modular approach with clear interfaces and flexibility for evolution * Communication: Spoken and visual media abilities * Perseverance and Prioritization: Helps me race against deadlines",728,2026-08-25 00:00:00.000 +0530,,,,,,,,,,,,,,,,,2433,
GANPAT RAWAT,GANPAT,RAWAT,https://www.linkedin.com/in/ganpat-rawat-a2a017160,urn:li:member:645006850,ganpat-rawat-a2a017160,Chittorgarh,Rajasthan,India,"Chittorgarh, Rajasthan, India",Self employed,Farm Manager,10+yoe_global,member_urn,,,,,,,,,,,7/2015,false,https://media.licdn.com/dms/image/v2/C5103AQE2AXqry0akPA/profile-displayphoto-shrink_100_100/profile-displayphoto-shrink_100_100/0/1521606597620?e=1788998400&v=beta&t=m8iSlwspRkHZiQ2WqpO-SfGg6efV7qD3oU6mC9tvKIs,false,At present I have no any work experience of mechanical or manufacturing industries. After completing my graduation I continusally preparing for IES but now I am looking for a job into manufacturing or service sector.,689,2026-08-25 00:00:00.000 +0530,,,,,,,,,,,,,,,,,2432,
Pawan Kumar Singh,Pawan Kumar,Singh,https://www.linkedin.com/in/pksinghbhai,urn:li:member:314954475,pksinghbhai,Dhanbad,Jharkhand,India,"Dhanbad, Jharkhand, India",KHE PVT LIMITED,Promoter,10+yoe_global,member_urn,,,,,,,,,,,8/2019,false,https://media.licdn.com/dms/image/v2/C4E03AQFu-F3UeQOUvQ/profile-displayphoto-shrink_100_100/profile-displayphoto-shrink_100_100/0/1517239587434?e=1788998400&v=beta&t=-y9eG7sFIGjq4d-kzS3fbJ70z3RxcIe9KOuJsDArLZ4,false,"Interested in coal mining engineering topics especially leading to sustainable development by way of land reclamation, water management, reducing wastes generation, environment protection, education and spirituality,",690,2026-08-25 00:00:00.000 +0530,,,,,,,,,,,,,,,,,2070,
Raju Chamarthy,Raju,Chamarthy,https://www.linkedin.com/in/raju-chamarthy-83232a3b,urn:li:member:141147686,raju-chamarthy-83232a3b,Hyderabad,Telangana,India,"Hyderabad, Telangana, India","Chiteta Mining Limited.,ZAMBIA.",President & Country Head (E & BD),10+yoe_global,member_urn,,,,,,,,,,"Detailed Exploration, Production Planning, Acquiring new mineral deposits and Business Development.",5/2012,false,,false,,3965,2026-08-25 00:00:00.000 +0530,,,,,,,,,,,,,,,,,1665,
Umesh Pradhan,Umesh,Pradhan,https://www.linkedin.com/in/umesh-pradhan-68124817,urn:li:member:57329089,umesh-pradhan-68124817,Dehradun,Uttarakhand,India,"Dehradun, Uttarakhand, India",ONGC Ltd,DGM(G),10+yoe_indian,member_urn,,,,,,,,,,,,false,https://media.licdn.com/dms/image/v2/C4D03AQG30FH8yKzwDg/profile-displayphoto-shrink_100_100/profile-displayphoto-shrink_100_100/0/1516623437418?e=1788998400&v=beta&t=Dx-bzIZMrxpnm4pqm4zzfcTNjOQZWD_8f1UBjkiUD3Y,false,,1407,2026-08-25 00:00:00.000 +0530,,,,,,,,,,,,,,,,,2257,
Adam Suting,Adam,Suting,https://www.linkedin.com/in/adam-suting-7bba3451,urn:li:member:184703615,adam-suting-7bba3451,Noida,Uttar Pradesh,India,"Noida, Uttar Pradesh, India",Oil India Limited,General Manager,10+yoe_indian,member_urn,,,,,,,,,,Worked in the field of Exploration & Development of hydrocarbons in Oil India Limited,2/2002,false,https://media.licdn.com/dms/image/v2/C5103AQFSKecFg29lfA/profile-displayphoto-shrink_100_100/profile-displayphoto-shrink_100_100/0/1516546269003?e=1788998400&v=beta&t=aCSWgQmn9pL7kbtxNDzriyXAXnobLas64k2WpUdbTe4,false,,1462,2026-08-25 00:00:00.000 +0530,,,,,,,,,,,,,,,,,2246,
Vinod Panwar,Vinod,Panwar,https://www.linkedin.com/in/vinod-panwar-621455178,urn:li:member:705800761,vinod-panwar-621455178,Dehradun,Uttarakhand,India,"Dehradun, Uttarakhand, India",indiahillstrek,Principal Managing Partner,10+yoe_indian,member_urn,,,,,,,,,,"Welcome to India Hills Trek, your go-to online resource for travel inspiration, advice, and booking services. We are passionate about exploring the world and helping you plan unforgettable trips that suit your budget and preferences. Our team consists of experienced travel professionals who have a deep love for adventure and discovering new cultures. We understand that every traveler has unique needs and expectations, which is why we personalize our services to ensure that you have the best possible travel experience. Our mission is to make travel accessible to everyone by providing comprehensive information, reliable recommendations, and affordable pricing. We believe that everyone should have the opportunity to discover the wonders of the world without breaking the bank or compromising on quality. Whether you're planning a solo backpacking trip, a family vacation, or a romantic getaway, we've got you covered. Our website features a wide range of destinations, accommodation options, and activities to suit every taste and budget. From luxurious resorts to budget-friendly hostels, we have something for everyone. At India Hills Trek, we pride ourselves on providing excellent customer service. Our team is available to answer your questions, provide guidance, and assist you throughout the booking process. We want to ensure that you have a stress-free and enjoyable travel experience from start to finish. Thank you for choosing India Hills Trek. We look forward to helping you plan your next adventure!",3/2023,false,https://media.licdn.com/dms/image/v2/D4D03AQFGsConZsZ7rg/profile-displayphoto-shrink_100_100/profile-displayphoto-shrink_100_100/0/1687615420865?e=1788998400&v=beta&t=_s2cLWKDbYOvXVOIZORtrAecPdsuHxg88P_LBaKjgM4,false,"I am child of army personnel who grew up with a simple, polite, and down-to-earth demeanor. I firmly believe that building a business is challenging, but every entrepreneur has to start somewhere. In addition to my entrepreneurial endeavours, I have also established a successful career in the drilling industry, specialising in various areas such as piling , micro piling, avalanche protection, jet grouting , contact n consolidating grouts ,slope stabilisation, underground drillings, blasting, rock fall treatments, and geotech investigation. My expertise extends to drilling cable anchors and all types of drillings. I am a hardworking and driven individual who never shies away from a challenge. I thrive in adverse conditions, having worked in high hills up to 19,000 ft in zero zones near defense sector drillings. I understand how to get the job done efficiently and effectively, resulting in recognition and awards for my contributions. Integrity is of utmost importance to me, and I pride myself on being open and honest. I believe in fair practices and strive to maintain transparency in all my endeavors. Alongside my professional achievements, I have embarked on new ventures. We have recently opened Siddhi Vinayak Home Stay, a charming accommodation nestled in the hills near Badrinath Ji. Additionally, I have started an adventure company called India Hills Trek (www.indiahillstrek.com). If you have any exciting proposals, we can also explore the possibility of becoming angel investors in India. I firmly believe that ups and downs are an integral part of life, and by helping others, we can help ourselves grow. Join me on this journey of entrepreneurship and exploration. Let's connect and explore new opportunities together!",1259,2026-08-25 00:00:00.000 +0530,,,,,,,,,,,,,,,,,1977,
DR. KALYAN KUMAR,DR. KALYAN,KUMAR,https://www.linkedin.com/in/kkumar0420,urn:li:member:31029343,kkumar0420,Kolkata,West Bengal,India,"Kolkata, West Bengal, India",Vinayaka Missions Sikkim University / K K University / NIC Academy,Former President / Vice Chancellor,10+yoe_indian,member_urn,,,,,,,,,,,9/2010,false,https://media.licdn.com/dms/image/v2/C4D03AQGOU44CcP4GZQ/profile-displayphoto-shrink_100_100/profile-displayphoto-shrink_100_100/0/1532509338060?e=1788998400&v=beta&t=KRLocxTTx8j3PiiA3koB350nL1rmVz8ZLK1i_liosWM,false,"1) Headed as : Former Director & Founder Vice Chancellor, NERIST (Deemed to be University under MHRD, GoI); : Former Vice Chancellor, Vinayaka Missions Sikkim University, Gangtok, Sikkim; and : Former / Founder Vice Chancellor, K. K. University, Biharsharif, Nalanda, Bihar. 2) Had been instrumental in the establishment of Central Institute of Technology, Kokrajhar (Assam) in 2006 and Ghani Khan Choudhury Institute of Engineering & Technology, Malda (West Bengal) in 2010. 3) Known to conduct Industry specific courses related to Electrical Engineering applications. 4) Founder Chairman, Sikkim State Council, Institution of Engineers (India) in 2015-16. 5) Represented several national level committees: Govt. of India, State Govt (s), august bodies. 6) Research interest : reliability engineering, energy systems & power system dynamical solutions.",1279,2026-08-25 00:00:00.000 +0530,,,,,,,,,,,,,,,,,2647,
Teja Psr,Teja,Psr,https://www.linkedin.com/in/teja-psr,urn:li:member:638915251,teja-psr,Hyderabad,Telangana,India,"Hyderabad, Telangana, India",Navi,"Associate Manager II, City CEO - SBO",founders,member_urn,"Navi is one of the fastest-growing financial services companies in India providing Personal & Home Loans, UPI, Insurance, Mutual Funds, and Gold. Navi's mission is to deliver digital-first financial products that are simple, accessible, and affordable. Drawing on our in-house AI/ML capabilities, technology, and product expertise, Navi is dedicated to building delightful customer experiences.",3310,2018,Financial Services,40662386,https://in.linkedin.com/company/go-navi,"Bengaluru, Karnataka, India",,https://navi.com,,2/2026,false,,false,Marketing Enthusiast looking to learn and explore the field.,2142,2026-08-25 00:00:00.000 +0530,,,,,,,,,,,,,,,,,137,
Kamal Pant,Kamal,Pant,https://www.linkedin.com/in/kamal-pant-352b0715,urn:li:member:53511470,kamal-pant-352b0715,Noida,Uttar Pradesh,India,"Noida, Uttar Pradesh, India",JMJ TOOLS INDIA.,CEO,10+yoe_global,member_urn,,,,,,,,,,,,false,https://media.licdn.com/dms/image/v2/C4D03AQGhJ0IUhOpdQA/profile-displayphoto-shrink_100_100/profile-displayphoto-shrink_100_100/0/1656153117643?e=1788998400&v=beta&t=FbSckh7QOvbcCK0DS2rh0XMFtp-1KcXJ8lStSMH5qDk,false,,2623,2026-08-25 00:00:00.000 +0530,,,,,,,,+919650176433,,,,,,+919650176433,,,2048,
Bimal Giri,Bimal,Giri,https://www.linkedin.com/in/bimal-giri-3b86ba15,urn:li:member:52500668,bimal-giri-3b86ba15,Mumbai,Maharashtra,India,"Mumbai, Maharashtra, India",IDFC Group,CEO IDFC Financial Holding Company Limited (IDFC FHCL) overseeing Strategy and Investor Relations,10+yoe_indian,member_urn,,,,,,,,,,Overseeing strategy and investor relations,12/2019,false,https://media.licdn.com/dms/image/v2/C5103AQGT0kScNPN3zQ/profile-displayphoto-shrink_100_100/profile-displayphoto-shrink_100_100/0/1537871305416?e=1788998400&v=beta&t=f_SXNthsHuFpgf6QCSBs8p0cVo-hp1aXbCxywMPBAwY,false,"Bimal Giri Capital Raising, Investor Relations, Strategy & Corporate Planning and Public Markets Desired role: CXO level role covering Capital Raising, Investor Relations, Strategy & Corporate Planning and Public Markets. Overall experience: ~ 30 years. Current role: CEO IDFC Financial Holding Company Limited (IDFC FHCL) overseeing Strategy and Investor Relations. Education: B. Tech from IIT (ISM), Dhanbad (1985-89); PGDM from IIM, Calcutta (1990-92) Capital Raising: 1. Engaged in taking IDFC public in 2005. 2. Engaged in 4 capital issuances for IDFC raising over INR 7,000 crore between 2005 and 2014 a) INR 1,400 crore through a composite IPO in 2005 b) INR 2,100 crore through a QIP in 2007 c) INR 2,654 crore through a QIP and Preferential Issue in 2010 d) Domestic QIP of INR 1,000 crore in 2014 Investor Relations: 1. Over 15+ years in IR for IDFC and IDFC Bank. 2. Integral part of the unlocking value strategy for IDFC shareholders. 3. Embedded in the analyst and investor world in banking and financial services. 4. IR communication presented in the strategic context of IDFC/ IDFC Bank. 5. Shareholding analysis of peers to target new investors and diversify shareholding. 6. Overall IR program consistently rated high. Rated ahead of the curve in corporate governance and data transparency. Strategy & Corporate Planning: 1. Overseen strategy, planning, budgeting and MIS functions for a decade+. 2. Analytics for financial investments (ASA India, Suryodaya, Grama Vidiyal acquisition), fintech companies (Novopay), ARC (ARCIL) and PE funds (Lok Capital)). 3. Member of IDFC PMO created to monitor transition to a bank in an 18 month time frame. 4. Part of IDFC Bank CEO front office for initiatives on communications, monitoring and strategy. 5. Involved in M&A transactions/ possibilities at IDFC and IDFC Bank (Capital First, Shriram Group, GVMFL, SSKI and Standard Chartered AMC). 6. 360 degree view of the firm as headed corporate communications and HR for brief periods. Public Markets: 8 years in capital markets with SEBI and NSDL.",1318,2026-08-25 00:00:00.000 +0530,,,,,,,,,,,,,,,,,1957,
Abhay Gupta,Abhay,Gupta,https://www.linkedin.com/in/abhaygupta69b9a914,urn:li:member:50239127,abhaygupta69b9a914,Ranchi,Jharkhand,India,"Ranchi, Jharkhand, India",Vandana Global Ltd,Vice President - Raw Material & Mining,10+yoe_indian,member_urn,,,,,,,,,,,8/2021,false,https://media.licdn.com/dms/image/v2/C5103AQEpwEHeJyzmhg/profile-displayphoto-shrink_100_100/profile-displayphoto-shrink_100_100/0/1555168043958?e=1788998400&v=beta&t=PIilU2o_xmc5B9VRjJztNhCha_xUsW8y_Ej0IDLRsWM,false,16 years experience of creating strong P&L impact in metals and mining industry through ideation and delivery of business improvement initiatives,1319,2026-08-25 00:00:00.000 +0530,,,,,,,,,,,,,,,,,2632,
Hritesh Gurnani,Hritesh,Gurnani,https://www.linkedin.com/in/hritesh-gurnani-b963b180,urn:li:member:287632482,hritesh-gurnani-b963b180,Bengaluru,Karnataka,India,"Bengaluru, Karnataka, India",Senfina Alliance,Lead- Mobile Development,10+yoe_global,member_urn,,,,,10211792,,,,,,6/2015,false,,false,,4049,2026-08-25 00:00:00.000 +0530,,,,,,,,,,,,,,,,,2439,
Jitendra Yadav,Jitendra,Yadav,https://www.linkedin.com/in/jitendra-yadav-243a8418b,urn:li:member:752143443,jitendra-yadav-243a8418b,Dhanbad,Jharkhand,India,"Dhanbad, Jharkhand, India",Tata Steel Ltd,Procurement Manager,10+yoe_indian,member_urn,,,,,,,,,,,11/2005,false,https://media.licdn.com/dms/image/v2/C5103AQG1UAgcdt2UnQ/profile-displayphoto-shrink_100_100/profile-displayphoto-shrink_100_100/0/1568271080644?e=1788998400&v=beta&t=UnerDvj6gqc07ib-pA4JF__ZEZA2YYAHHIT6FXrqqKo,false,"Experienced Procurement Manager with a demonstrated history of working in the mining & metals industry. Skilled in Strategic Sourcing, Supplier Evaluation, Supply Chain Management, Cost Reduction, and Supplier Management. Strong purchasing professional with a Master of Business Administration - MBA focused in Operational management from Indian Institute of Technology (Indian School of Mines), Dhanbad with a B.E in Industrial Engg. & Management from Sir MVIT Bangalore.",1320,2026-08-25 00:00:00.000 +0530,,,,,,,,,,,,,,,,,2559,
SHAILENDRA TRIPATHI,SHAILENDRA,TRIPATHI,https://www.linkedin.com/in/shailendra-tripathi-326621b7,urn:li:member:416588430,shailendra-tripathi-326621b7,Lucknow,Uttar Pradesh,India,"Lucknow, Uttar Pradesh, India",Triedge Technologies Private Limited,Managing Director,10+yoe_indian,member_urn,,,,,,,,,,,3/2019,false,https://media.licdn.com/dms/image/v2/D5603AQFDCDXOwfJr-A/profile-displayphoto-shrink_100_100/profile-displayphoto-shrink_100_100/0/1680113940392?e=1788998400&v=beta&t=v_rI4EZWZ4Wb7sqrxMACuDZYCYiJeuwc066ZTNRKLhw,false," An astute Mineral professional wjith 6 years & 9 Months of valuable experience in Erection & Commissioning, and Operational activities in Coal Preparation Plants.  Skilled at managing erection & commissioning activities involving resource planning, in-process inspection and co-ordination with internal / external departments.  Capable of setting priorities, developing a work schedule, monitoring progress towards goals, and tracking details / data / information / activities.  An effective communicator with excellent skills in building relationships; possess strong analytic, problem solving and organizational abilities.  A strategic planner with skills in leading & encouraging teams towards organisation objective; possesses a strong communication, interpersonal, technical, management and relationship building skills.",1338,2026-08-25 00:00:00.000 +0530,,,,,,,,,,,,,,,,,2597,
Alok Kumar- Senior VP Mining I Operations I Projects I B.Tech.-IIT ISM Dhanbad I M.S.-WITS,Alok Kumar- Senior VP Mining I Operations I,Projects I B.Tech.-IIT ISM Dhanbad I M.S.-WITS,https://www.linkedin.com/in/alok-kumar-senior-vp-mining-i-operations-i-projects-i-b-tech-iit-ism-dhanbad-i-m-s-wits-40513819,urn:li:member:63031109,alok-kumar-senior-vp-mining-i-operations-i-projects-i-b-tech-iit-ism-dhanbad-i-m-s-wits-40513819,Ranchi,Jharkhand,India,"Ranchi, Jharkhand, India",Orissa Alloy Steel Private Ltd (Rashmi Group),Sr. VP-Mining,10+yoe_global,member_urn,,,,,,,,,,"Working as Sr. VP-Mining/ Cluster Head (Jharkhand) to plan, develop and operationalize greenfield coal Mining Projects based in Jharkhand state (Kerendari BC North coal block and Chitarpur coal block). Prepare, review, and execute road maps for statutory clearances and approvals including exploration, approval of geological report, approval of mining plan, EC, FC, land acquisition, ML grant and other clearances from Govt. and statutory authority. Formulate strategies for building relationships with the stakeholders and developing new relationships to enable the accomplishment of organizational objectives. Land acquisition and transfer of govt. land of the project area Procurement and transfer of Compensatory afforestation land for mining projects Preparation and Review of project schedule, capex and analyse P/L and profitability of projects Selection and engagement of competent agencies and vendors for different project related studies",4/2025,false,https://media.licdn.com/dms/image/v2/D5603AQEQnIh49FvKLg/profile-displayphoto-scale_100_100/B56ZwJ6fFlHAAc-/0/1769692855293?e=1788998400&v=beta&t=nGwQieuGGvFv904e1jibFtkF6fxFkpIi72w8803V0KE,false,"-A Professional Mining Engineer holding M.S. in Engineering Management having 24 years of experience (15 yrs as leadership) in metal and coal, mining industry in India and across globe. -Proficient in strategic planning and execution, operational optimization, team management and development, financial management, risk management and compliance, stakeholder engagement for operations, growth and projects. Commodity worked- Coal, Limestone, Iron, Uranium & Phosphate-Demonstrated experience in setting up and managing of greenfield mining projects covering feasibility study, detailed project study, project planning, monitoring and execution work including land acquisitions, forest and environmental clearances, public hearing, conducting of gram sabhas, stakeholder partnering and CSR activities.-Skilled in business strategy formulation, supply chain management, revenue generation, cost reductions and infrastructural development to enable overall profitability of the organization and operational efficiency-Proficient in efficient utilization, management and operation of mine equipment and plants such as rope shovels, hydraulic excavators, loaders, haul trucks, crushers & screen plants, scrubbers and other beneficiation plants.-Skilled in formulation, training and implementation of SHEQ programmes and regulatory compliances -Experience of leading multidisciplinary teams and proficient in decision making and able to deliver best results",1373,2026-08-25 00:00:00.000 +0530,,,,,,,,,,,,,,,,,2267,
Chandrasekhar Venkataraman,Chandrasekhar,Venkataraman,https://www.linkedin.com/in/chandrasekhar-venkataraman-a2562120,urn:li:member:73201277,chandrasekhar-venkataraman-a2562120,Bengaluru,Karnataka,India,"Bengaluru, Karnataka, India",Terex India Private Ltd.,Director Commercial,10+yoe_global,member_urn,,,,,,,,,,"Inspirational Business Leader | Sales & Marketing Expert | Strategy & Brand Development With over 33 years of dynamic leadership in the Construction and Mining Industry, I've consistently driven high-performance sales and marketing operations while spearheading strategic initiatives for business growth and brand development.",4/2024,true,https://media.licdn.com/dms/image/v2/D5603AQF3kEshKULpcQ/profile-displayphoto-shrink_100_100/profile-displayphoto-shrink_100_100/0/1664371968139?e=1788998400&v=beta&t=xeREVefpxL0bELqBLHkOIO541SnE0AnXzTzMJs05bp8,false,"I am an inspirational business leader having a curious & creative mind, with a career-long record of leading high-performance sales & marketing operations, business, strategy & brand development. With 30+ years of experience, I have led the business & functions with core belief of collaboration, fostering trust, people centric approach & innovation. I am high on networking, connecting with ease with business leaders, peer group & their teams. I successfully essayed roles in Construction and Mining Industry like Volvo, Atlas Copco and Sandvik on both operational & strategy. My career span ranges from being a front-line Sales Engineer to that of a Product manager, Regional head, Aftermarket head, Head of Sales, Commercial management and Key accounts, Head of Brand, Communication & Strategy. I bring with me in-depth industry knowledge, adaptive management style, stake-holder management & customer-centric approach. I am currently the Commercial Director at Terex India, a global manufacturer of lifting and material processing products and services. I am committed to delivering innovative solutions that meet the needs and expectations of our diverse and demanding customers, while driving profitable growth and market share for our company and our partners.",1374,2026-08-25 00:00:00.000 +0530,,,,,,,,,,,,,,,,,2566,
Vishal Kapoor,Vishal,Kapoor,https://www.linkedin.com/in/vishalnkapoor,urn:li:member:14330271,vishalnkapoor,Delhi,,India,"Delhi, India",Confidential,Sr. Associate Director - Sales,10+yoe_global,member_urn,,,,,,,,,,Helping World's Top EdTech Organisation of 2024 bulid the Channel Business.,1/2024,true,https://media.licdn.com/dms/image/v2/D4E03AQHZrQimvxMD8A/profile-displayphoto-shrink_100_100/profile-displayphoto-shrink_100_100/0/1642564095586?e=1788998400&v=beta&t=qiB3zyArUlA58QP83MGPWNEP1zEcQr02db37hH_CMcM,false,"As the Zonal Head at Confidential, I am responsible for driving the growth and profitability in my current assignment. With over 20 years of experience in sales and franchise operations, I have a proven track record of delivering results in turnaround and high-paced environments. My core competencies include new business development, key account management, customer relationship management, and team leadership. I leverage my keen analysis and insights, and my collaborative approach, to implement best practices and optimize performance. I am passionate about helping rockstar salespeople become entrepreneurs, and providing them with a combination of profitability and ease.",1375,2026-08-25 00:00:00.000 +0530,,,,,,,,,,,,,,,,,1697,
Kanhaiya Singh,Kanhaiya,Singh,https://www.linkedin.com/in/kanhaiya-singh-138232189,urn:li:member:744073532,kanhaiya-singh-138232189,Noida,Uttar Pradesh,India,"Noida, Uttar Pradesh, India",Centre For Global Development Research,Director,10+yoe_indian,member_urn,,,,,,,,,,"Research in Applied Economics, Impact Analysis, Policy and Program Evaluation, Data Analytics, Data Collection, Econometric Modelling and Forecasting, etc.",10/2018,false,https://media.licdn.com/dms/image/v2/C4E03AQFZ7CcKA6rwFQ/profile-displayphoto-shrink_100_100/profile-displayphoto-shrink_100_100/0/1623055179957?e=1788998400&v=beta&t=EgWo9KAyp7bHXKpEpgkzyQiZZXTk4qPMDD9PLorM9ys,false,"An engineer turned economist with a PhD degree in economics from the Australian National University, Dr Kanhaiya Singh is a passionate researcher and policy analyst driven by data analytics and pragmatic visualization of issues. Currently, he is Research Director at the Centre for Global Development Research, New Delhi. Prior to this he was Senior Fellow (Professor) at the NCAER and Dy. Director with Govt. of India. Dr Singh is a team leader and he has produced 20+ reports covering, Economic Impact Assessments for Defence Research (DRDO), Airport infrastructure, Investments in Railways, Deforestation; Report on Unaccounted Income and Wealth (Black Money Report); States Development Reports; Industry Reports on Coal, Cement, and Telecommunication; Evaluation of Urban Infrastructure; and Models for Forecasting Demand and Growth. He has published 70+ articles in International Journals, Working Paper Series, Books, and News Papers. Areas of academic research include Development Economics, Monetary & Fiscal Policies; Macroeconomic Stability, Risk Analysis, Sources of Growth; Impact Analysis & Evaluation; National Account, Global Imbalances; International Trade and Capital Flows; Defense Economics; Globalization; Environment; Agriculture; Poverty; and Urban Development. Dr Singh uses the knowledge of Applied Econometric; Macroeconomic Modelling; Forecasting Techniques; General Equilibrium Models; Input-Output Analysis; Social Accounting Matrix; Discrete Choice Models; DD & PSM Technique; SEM; PCA; Indexing; Classification; and Linear Programming. He has served as member in several expert committees constituted by the organs of GOI. He has been a member of the International Policy Advisory Group formed by the ADB and the Earth Institute and presented several papers in its meetings held in USA, France, China, South Korea, Singapore, and Philippines. He has collaborated research & consultancy with WHO; IMF; DFID- British High Commission; CIDA- Canada; DFAT- Australia; FASID- Tokyo.",1288,2026-08-25 00:00:00.000 +0530,,,,,,,,,,,,,,,,,1645,
Dr Suresh Kumar G.,Dr Suresh Kumar,G.,https://www.linkedin.com/in/g-suresh-kumar,urn:li:member:167412303,g-suresh-kumar,Chandigarh,,India,"Chandigarh, India",JSW Sarbloh Motors,Chief Technology Officer,10+yoe_global,member_urn,,,,,,,,,,"Lead end-to-end vehicle engineering programs for extreme terrain, severe ambient conditions, and demanding usage profiles, aligning technical strategy with customer, commercial, manufacturing, and validation requirements.",1/2025,false,https://media.licdn.com/dms/image/v2/D5603AQEqfdxuJ3JF5A/profile-displayphoto-scale_100_100/B56ZnWTmtvJwAc-/0/1760237089530?e=1788998400&v=beta&t=6vnWikpjHFUKEXiVP2xUAZJBr54FqW_bbVRtl7smrjQ,false,"At the forefront of India's engineering initiatives, my leadership in engineering system design teams has been instrumental in enhancing system performance and achieving key performance indicators. With a PhD in Automotive Engineering and specialized skills in data science, I bring an analytical approach to optimizing product reliability and efficiency. Our team's focus on strategic planning and effective communication has yielded significant improvements in process flow and team integration, driving efficiency and product quality. As a certified ScrumMaster, I've empowered cross-functional collaboration, ensuring technical advancements align with the organization's Quality-Time-Cost objectives, and consistently delivering solutions that surpass customer expectations.",1376,2026-08-25 00:00:00.000 +0530,,,,,,,,,,,,,,,,,2055,
Sandeep Nelliat,Sandeep,Nelliat,https://www.linkedin.com/in/sandeep-nelliat-1b301845,urn:li:member:158291991,sandeep-nelliat-1b301845,Kolar,Karnataka,India,"Kolar, Karnataka, India",National Institute of Rock Mechanics,Scientist,10+yoe_indian,member_urn,,,,,,,,,,"Geophysical consultancy for rockmass characterization and geological & geotechnical assessment of engineering sites with special reference to Hydropower, Nuclear Power, Tunnelling, Mining, Railway, Metro Rail and other Infrastructure Development projects. Most of the study made in India, Bhutan and Nepal.",11/1999,false,,false,"Started with geophysical site characterization for various civil engineering projects in India. Now an expert in near surface geophysics with 15 years of experience in engineering and environmental applications. Key contributions made in the field of refraction tomography, HRSS, crosshole seismic tomography, 2D and 3D ERT and Surface and borehole GPR. Developed rockmass classification criteria applicable for open and underground excavations in the Himalaya. Allied areas of work include rock mechanics and rock engineering related to TBM & DBM tunnelling, underground coal & metal mines, slope stability, foundation engineering and rock fracture mechanics. Expertise also developed in structural stability analysis and roof rock assessment of railway and hydro tunnels, oil & gas storage caverns and underground mines. Interested in locating pollution plumes and environmental hazard assessment. Specialties: Seismic Refraction Tomography, HRSS, Crosshole Seismic Tomography, SASW, MASW Surface and Borehole GPR Profiling, Crosshole GPR Tomography, 2D and 3D ERT and Advanced Data Processing and Imaging.",1410,2026-08-25 00:00:00.000 +0530,,,,,,,,,,,,,,,,,2196,
R K Sachdev,R K,Sachdev,https://www.linkedin.com/in/r-k-sachdev-06866245,urn:li:member:159878096,r-k-sachdev-06866245,,,Greater Delhi Area,Greater Delhi Area,Coal Preparation Society of India,President,10+yoe_indian,member_urn,,,,,,,,,,"CPSI is a non profit, non government professional body of coal, power, iron & steel, cement and allied industries. It's main objective is to promote washing of high ash content domestic coal to making it cleaner and helping the coal production - supply chain environmentally acceptable. At present CPSI has 50 large companies both government owned and private as it Life Corporate Members. CPSI will organise 19th International Coal Preparation Congress (ICPC) in 2019 at New Delhi-India. Any one seeking more detail may contact me at rksachdev01@gmail.com",11/2000,false,https://media.licdn.com/dms/image/v2/C5603AQGDYxnwLGDsAg/profile-displayphoto-shrink_100_100/profile-displayphoto-shrink_100_100/0/1517405103173?e=1788998400&v=beta&t=xujevRxeUM71zvhLRL1Bipab-SoN2v_t5WB7cQ4LuSA,false,,1415,2026-08-25 00:00:00.000 +0530,,,,,,,,,,,,,,,,,1688,
MANU JINDAL,MANU,JINDAL,https://www.linkedin.com/in/manu-jindal-1801212a,urn:li:member:101815728,manu-jindal-1801212a,,,Greater Delhi Area,Greater Delhi Area,Propwise Advisors,Advisor,6-10yoe_global_indian,member_urn,,,,,,,,,,Bringing Analytical Excellence in Channel Partner Ecosystem. Starting out with real estate investors looking for an Alpha return in real estate. Always wanted to build a promoter driven cash rich business. So helping my wife do so since I am too scared.,5/2026,false,,false,"With over seven years of experience spanning product management, business development, and entrepreneurship, my current role as Advisor at Propwise Advisors allows me to contribute to the growth of a promoter-driven real estate business. I focus on channel partner ecosystems, working with real estate investors to identify opportunities for optimizing alpha returns. Previously, I held leadership roles in product management at companies like GoMechanic.in and Airtel Digital, where I contributed to diverse areas ranging from digital product strategy to innovative service delivery models. My expertise in business development, coupled with a background in product, drives my commitment to creating impactful business solutions and fostering sustainable growth.",2043,2026-08-25 00:00:00.000 +0530,,,,,,,,,,,,,,,,,2322,
Suraj Gupta,Suraj,Gupta,https://www.linkedin.com/in/suraj-gupta-2a4243200,urn:li:member:860549596,suraj-gupta-2a4243200,Kolkata,West Bengal,India,"Kolkata, West Bengal, India",Birla Corporation Limited,Vice President Mines,6-10yoe_global_indian,member_urn,,,,,,,,,,,6/2018,false,https://media.licdn.com/dms/image/v2/D4D03AQGbgD_NunzGJg/profile-displayphoto-shrink_100_100/profile-displayphoto-shrink_100_100/0/1691078933109?e=1788998400&v=beta&t=_nt7G_EuhJJEmaGYI1U1WsbPoMKBSP3YUpA4o4g1wxg,false,,2050,2026-08-25 00:00:00.000 +0530,,,,,,,,,,,,,,,,,1597,
Debadatta Sethy,Debadatta,Sethy,https://www.linkedin.com/in/debadatta-sethy-7312b035,urn:li:member:123152149,debadatta-sethy-7312b035,Chennai,Tamil Nadu,India,"Chennai, Tamil Nadu, India","Indian Institute of Technology, Madras",Senior Project Engineer,6-10yoe_global_indian,member_urn,,,,,,,,,,,,false,https://media.licdn.com/dms/image/v2/D4D03AQFT2a7zkvHFpg/profile-displayphoto-scale_100_100/B4DZpLSeTUIAAc-/0/1762199726717?e=1788998400&v=beta&t=ZS7Og_OolIIp4Ls9z82kdqPqiZx1Tnv4c9cpt9lVnr8,false,"I, Debadatta Sethy expert in Vehicle Dynamics (Multi-Body dynamics coder), Nano flex sensor, Nanoelectronics circuit designer, NDT testing and FEM simulation. I am an expert in developing Graphene Nano Sensor for mechanical strain monitoring and also have developed an intelligent textile sensor from lycra denim as a wearable sensor. I have good knowledge of chemical Synthesis for developing smart Sol-Gel coated textile sensors. In my B. Tech and M.Tech I had my project on Bi-Fuel engine (Gas carburettor and petrol Carburettor). I had worked on a project on Non-Linear Vibration in ISM Dhanbad (IIT-ISM Dhanbad) and IIT-Madras with good skills in Matlab Programming and Simulation by Abaqus, Solid Works, Catia, Ansys and AutoCAD modelling of 3D objects and Stress analysis. Also, I have LAB View Knowledge for vibration monitoring. In IIT-Madras, I have developed a smart sensor from graphene nanoplatelet that helps in structural monitoring. I also have compared my GNP sensors to NDT-based conventional ultrasound sensors.",2047,2026-09-01 17:03:38.642 +0530,"Multi Body Dynamics & 
Sensor Designer (Flex sensor) 
(Machine Design) : Mechanical engg.
Topological Optimisation 
Genetic Algorithm",,,,,,,,,,,,,,,,1991,
Shahnaz Yasmin,Shahnaz,Yasmin,https://www.linkedin.com/in/shahnaz-yasmin-93098618b,urn:li:member:751899060,shahnaz-yasmin-93098618b,Kolkata,West Bengal,India,"Kolkata, West Bengal, India",Ex-CSISD,Chemistry Teacher,6-10yoe_global_indian,member_urn,,,,,,,,,,,1/2026,false,https://media.licdn.com/dms/image/v2/D5603AQGwmpnuE9Y6Pg/profile-displayphoto-scale_100_100/B56Z.tb0FHGcAY-/0/1785321178273?e=1788998400&v=beta&t=ESj_2ikstQglhUKHsI-puX0yvODF9Js_H5uKaT0gVkw,false,,2162,2026-08-25 00:00:00.000 +0530,,,,,,,,,,,,,,,,,1820,
Yangdup Lama,Yangdup,Lama,https://www.linkedin.com/in/yangdup-lama-2bb13134,urn:li:member:119752559,yangdup-lama-2bb13134,Delhi,,India,"Delhi, India",Ozone Cell MoEFCC,Senior Techical officer,6-10yoe_global_indian,member_urn,,,,,,,,,,,8/2024,false,https://media.licdn.com/dms/image/v2/C4D03AQFbQOexQWz9NQ/profile-displayphoto-shrink_100_100/profile-displayphoto-shrink_100_100/0/1629213118784?e=1788998400&v=beta&t=MhKYddOkMneWOhC1ax7nD_R11K1U6skS6Gc-D8eWYwU,false,,2164,2026-08-25 00:00:00.000 +0530,,,,,,,,,,,,,,,,,2268,
aurindam dey,aurindam,dey,https://www.linkedin.com/in/aurindam-dey-7985ab5,urn:li:member:16401572,aurindam-dey-7985ab5,,,Greater Kolkata Area,Greater Kolkata Area,Freelance | Self-Employed,Business Development,founders,member_urn,"This page is now affiliated with Freelance Insider, a growing community dedicated to supporting freelancers with real stories, practical tools, and weekly spotlights. If you’ve listed Freelance | Self-Employed as your employer, we encourage you to update it to Freelance Insider to stay connected with the community. Follow Freelance Insider for weekly content made by freelancers, for freelancers.",403896,,Information Services,1256222,https://www.linkedin.com/company/freelance-self-employed-official,"New York, New York, United States",,http://www.freelanceinsider.net,,4/2026,false,,false,"With a B Tech (Mining Machinery , ISM, Dhanbad-1984) and PGDM (Marketing & Systems IIM,Calcutta , 1987) I have 40 years of work experience across multiple domains . This includes : a) 32 years in the field of Steel / Metals / Mining - Strategy , Growth through acqusitions , Trading, Greenfield Projects : Tata Steel , Tata International, Arcelor Mittal , IMR Resources b) 8 years of experience in designing and implementing business solutions with particular focus on ERP systems for Metals and Mining as well as FMCG domain while working with Tata Steel and ITC Infotech Core Skills -- Business Development , Thought Leadership , Team Building",2014,2026-08-25 00:00:00.000 +0530,,,,,,,,,,,,,,,,,508,
Harsh Bindal,Harsh,Bindal,https://www.linkedin.com/in/harsh-bindal,urn:li:member:269959533,harsh-bindal,Mumbai,Maharashtra,India,"Mumbai, Maharashtra, India",Arpwood Capital,Assistant Vice President,founders,member_urn,External link for Arpwood Capital,26,2013,Investment Banking,74729443,http://www.linkedin.com/company/arpwood-capital,"Mumbai, Maharashtra, India","Investment Banking, Mergers and Acquisitions, Restructuring, and Private Market Financing",https://www.arpwood.com/,,4/2026,false,,false,Improvise. Adapt. Overcome.,2015,2026-08-25 00:00:00.000 +0530,,,,,,,,,,,,,,,,,884,
Anushka Patel,Anushka,Patel,https://www.linkedin.com/in/anushka-patel-ap,urn:li:member:399610606,anushka-patel-ap,Gurugram,Haryana,India,"Gurugram, Haryana, India",Wood Mackenzie,Senior Consultant,6-10yoe_global_indian,member_urn,,,,,,,,,,,,false,https://media.licdn.com/dms/image/v2/D5603AQHjleiIrswmOA/profile-displayphoto-shrink_200_200/B56ZaaLrYWHUAY-/0/1746343475411?e=1788998400&v=beta&t=Vk-UbjkD1CcoSWBKik2k3oIdCY6He4P9_q-XIsJxDxU,false,"Anushka is a highly accomplished supply chain professional with over 6.5 years of experience spanning Strategy and Consulting, strategic sourcing, supplier relationship management, category management, supply chain transformation, Oracle Cloud SCM (O2C implementation) and operations. With a strong academic background from IIM Trichy and IIT (ISM) Dhanbad, coupled with proven strong analytical skills, stakeholder management and problem-solving capabilities, she brings both strategic perspective and hands-on execution skills that enable her to drive meaningful impact. Her ability to translate complex business challenges into actionable solutions, coupled with her experience in both consulting and industry roles, makes her a strong candidate. She is eager to learn new things and contribute to the continued success of the organization.",2173,2026-09-01 17:03:38.642 +0530,Strategy | Management Consulting | Supply Chain Consulting | Oracle SCM O2C Implementation | Digital Transformation | Strategic Sourcing | Category Mgmt. | Operations | IIM | IIT | Wood Mac | Deloitte | Grasim | MBA,,,,,,,,,,,,,,,,2672,
Akshit Verma,Akshit,Verma,https://www.linkedin.com/in/akshit-verma-609059128,urn:li:member:525653289,akshit-verma-609059128,Noida,Uttar Pradesh,India,"Noida, Uttar Pradesh, India",Delta Exchange,Senior Software Engineer,6-10yoe_global_indian,member_urn,,,,,,,,,,,,false,https://media.licdn.com/dms/image/v2/D4D03AQFennHyC2tOBA/profile-displayphoto-shrink_100_100/profile-displayphoto-shrink_100_100/0/1680714953026?e=1788998400&v=beta&t=wolJAoam47Rayhm9Wy63CgelU0gOS0_i6JdlAsysV3E,false,"All of computing is a chorus of voices – components calling out and responding. The state of the system is simply the echo of all that has been said. Robustness is ensured when every call is heard, and every reply returned in kind. In the symphony of system design, communication is the theme that unites every movement. By seeing computation as a society of message exchanges, we see order in the complex. The grand design is nothing more (and nothing less) than orchestrating a beautiful conversation among machines.",2170,2026-09-01 17:03:38.642 +0530,Erlang / Elixir | PostgreSQL | Flutter | Startups | Leader,,,,,,,,,,,,,,,,1741,
Akshat Agrawal,Akshat,Agrawal,https://www.linkedin.com/in/akshat-agrawal-665309111,urn:li:member:469562477,akshat-agrawal-665309111,Indore,Madhya Pradesh,India,"Indore, Madhya Pradesh, India",Asquare Infraventures,Managing Director,10+yoe_global,member_urn,,,,,,,,,,Deals in Pre-Engineered Buildings,4/2015,false,https://media.licdn.com/dms/image/v2/C5603AQG8Pgcr4qTcPw/profile-displayphoto-shrink_100_100/profile-displayphoto-shrink_100_100/0/1517817102172?e=1788998400&v=beta&t=-PLVVPxa56hj-bYtb-P2Hi38c7r6_sgxQXpV3tjHkoU,false,,2229,2026-08-25 00:00:00.000 +0530,,,,,,,,,,,,,,,,,1556,
Tushar Khandelwal,Tushar,Khandelwal,https://www.linkedin.com/in/tushar-khandelwal-87497378,urn:li:member:277101592,tushar-khandelwal-87497378,Bengaluru,Karnataka,India,"Bengaluru, Karnataka, India",Enhancing Momentts,Freelance Retoucher & Photographer,6-10yoe_global_indian,member_urn,,,,,,,,,,,7/2017,false,https://media.licdn.com/dms/image/v2/C5103AQF3xmZAbOKXAg/profile-displayphoto-shrink_100_100/profile-displayphoto-shrink_100_100/0/1563462551679?e=1788998400&v=beta&t=E6Fc7xJ83fyuKScefzW9eYjSGSRXSZXemPoduz5WrLA,false,,2456,2026-08-25 00:00:00.000 +0530,,,,,,,,,,,,,,,,,1794,
Navneet Kumar Roy,Navneet Kumar,Roy,https://www.linkedin.com/in/navneet-kumar-roy-088a2710b,urn:li:member:465369512,navneet-kumar-roy-088a2710b,,,Dhanbad-Ranchi Area,Dhanbad-Ranchi Area,Sirican,Operations Manager,6-10yoe_global_indian,member_urn,,,,,,,,,,,,false,https://media.licdn.com/dms/image/v2/D4D03AQGRXfapQx9E9g/profile-displayphoto-shrink_100_100/profile-displayphoto-shrink_100_100/0/1658583711815?e=1788998400&v=beta&t=UnTzyB3x03d8LgfhNpptACgD33U6m1l0y5378sblGKw,false,"I am currently pursuing an M.Tech in Fuel and Energy Engineering at IIT (ISM) Dhanbad, building on over 7 years of industry experience in operations management, process improvement, and project execution.Passionate about sustainable energy and clean fuel technologies, I enjoy solving real-world engineering problems by combining technical knowledge with practical business experience. I am keen to contribute to the energy sector through innovation, continuous learning, and collaborative problem-solving.I am currently seeking internship and placement opportunities in Energy, Process, Manufacturing, and Sustainability domains.",2194,2026-09-01 17:03:38.642 +0530,Engineering & Management Professional,,,,,,,,,,,,,,,,2469,
Ravindra Meena,Ravindra,Meena,https://www.linkedin.com/in/ravindra-meena,urn:li:member:374513656,ravindra-meena,Bengaluru,Karnataka,India,"Bengaluru, Karnataka, India",Nielsen,Senior Software Engineer,6-10yoe_global_indian,member_urn,,,,,,,,,,,,false,https://media.licdn.com/dms/image/v2/D5603AQFxtyzvfbDNHg/profile-displayphoto-scale_100_100/B56Zn6L7uAKoAc-/0/1760839079988?e=1788998400&v=beta&t=fsMTWolVzLoDA7BwPhcXqbjJl7XI08OHhxrnEi6EMTc,false,"I'm a Software Engineer with a track record of designing, developing, and rigorously testing user-friendly products and services. My experience extends to analyzing, designing, and implementing Object-Oriented programming concepts. I'm well-versed in Data Structures and algorithms, and I have a deep passion for Open Source development. One of my notable contributions includes active participation in the RTEMS organization, where I've worked on projects that can be found here: https://summerofcode.withgoogle.com/archive/2019/projects/6270870320840704/ I hold a B.Tech in Computer Science & Engineering from the esteemed Indian Institute of Technology (Indian School of Mines) Dhanbad. --- immediate joiner --- #london #germany #dublin #sweden #uae #dubai",2197,2026-09-01 17:03:38.642 +0530,Senior Software Engineer | Google Summer of Code,,,,,,,,,,,,,,,,2217,
Sarang Kapoor,Sarang,Kapoor,https://www.linkedin.com/in/sarangkapoor,urn:li:member:239293973,sarangkapoor,Uttarakhand,,India,"Uttarakhand, India",Locus,,6-10yoe_global_indian,member_urn,,,,,,,,,,,,false,https://media.licdn.com/dms/image/v2/C4D03AQFSYYj30Ol3VQ/profile-displayphoto-shrink_100_100/profile-displayphoto-shrink_100_100/0/1628009275994?e=1788998400&v=beta&t=A4N7h4Su8YDKu4lC2C_HcnzS1zi_QF_Ra_fczHHQ9UM,false,Results-oriented Lead Data Scientist with a strong track record of delivering impactful solutions in the field of routing engines. Experienced in developing cutting-edge algorithms and leveraging advanced data analysis techniques to optimize logistics and transportation operations. Demonstrated expertise in leading cross-functional teams and driving innovation in a fast-paced environment. Committed to continuously pushing the boundaries of technology to create efficient and scalable routing solutions.,2220,2026-09-01 17:03:38.642 +0530,"Lead Data Scientist at Locus.sh | PhD in Data Mining, Optimisation.",,,,,,,,,,,,,,,,2111,
Kaarthikeyan Ramasundaram,Kaarthikeyan,Ramasundaram,https://www.linkedin.com/in/kaarthikeyanr,urn:li:member:360781077,kaarthikeyanr,Chennai,Tamil Nadu,India,"Chennai, Tamil Nadu, India",PwC India,,6-10yoe_global_indian,member_urn,,,,,,,,,,,,false,https://media.licdn.com/dms/image/v2/D5603AQGwOhn---nRZQ/profile-displayphoto-scale_400_400/B56Z.taOC8KIAg-/0/1785320761568?e=1788998400&v=beta&t=623ZKCU0F2M_1tQBLTUv_d3qMw98XLFyR92j7gYOmgU,false,"Kaarthikeyan is an IIT Postgrad Gold Medallist and completed his MBA in Finance. With the zeal and enthusiasm to learn, he is a dedicated and results-driven Business Analyst in Intelligent automation. Proficient in identifying, analyzing, and improving business processes using automation technologies. An effective communicator with excellent project management and stakeholder management skills. Led multiple intelligent automation projects across different business units, resulting in a reduction in operational costs and an increase in productivity.",2219,2026-09-01 17:03:38.642 +0530,Program Manager | ECBA? | PSPO-1 | Gold Medalist - IITian | Ex-PwC India,,,,,,,,,,,,,,,,2327,
Rajat Middha (Electronic Euphoria),Rajat,Middha (Electronic Euphoria),https://www.linkedin.com/in/rajat-middha-electronic-euphoria-7038638a,urn:li:member:318635571,rajat-middha-electronic-euphoria-7038638a,Gurugram,Haryana,India,"Gurugram, Haryana, India","ROOM XO, Gurgaon",Head of Marketing,6-10yoe_global_indian,member_urn,,,,,,,,,,"Curating and promoting underground music culture — rooted in Delhi, expanding across India. Currently leading Marketing & PR for Room XO, one of NCR’s most cutting-edge nightlife venues. I create strategic campaigns, build artist narratives, manage content, and amplify event experiences both online and on-ground. Focused on bridging global sounds with local culture while elevating Room XO’s presence as a hub for electronic music in India.",4/2025,false,https://media.licdn.com/dms/image/v2/C5103AQFDN4XCOc_Ktg/profile-displayphoto-shrink_100_100/profile-displayphoto-shrink_100_100/0/1542380437450?e=1788998400&v=beta&t=TTLFmf8n4A8aGUb9mrByPNYgfW-xIoFsLJKPQDsf6wk,false,,2234,2026-08-25 00:00:00.000 +0530,,,,,,,,,,,,,,,,,2378,
Charan Ramtej Kodi,Charan,Ramtej Kodi,https://www.linkedin.com/in/charan-ramtej-kodi-26bb47198,urn:li:member:779188403,charan-ramtej-kodi-26bb47198,Andhra Pradesh,,India,"Andhra Pradesh, India",University of Hyderabad,Project Associate,founders,member_urn,,,,,,,,,,,,false,https://media.licdn.com/dms/image/v2/C5603AQE635H6HBW16A/profile-displayphoto-shrink_200_200/profile-displayphoto-shrink_200_200/0/1660499594279?e=2147483647&v=beta&t=S33ODjFQ2bwy4lJozNVL4Gp3lj8iYnhZ7ONXbkuVKDU,false,"Experience: University of Hyderabad · Education: University of Hyderabad · Location: Andhra Pradesh · 500+ connections on LinkedIn. View Charan Ramtej Kodi’s profile on LinkedIn, a professional community of 1 billion members.",1314,2026-09-01 17:03:38.642 +0530,University of Hyderabad,https://in.linkedin.com/school/university-of-hyderabad/,1227,,,,"{""University of Hyderabad""}",,,,,,,,,,2618,
Ranajit Talapatra,Ranajit,Talapatra,https://www.linkedin.com/in/ranajit-talapatra-8b85aa,urn:li:member:1470092,ranajit-talapatra-8b85aa,Kolkata,West Bengal,India,"Kolkata, West Bengal, India",Freelance,Consulting Specialist,10+yoe_global,member_urn,,,,,,,,,,"360 degrees exposure to the Coal Preparation industry dynamics as Nodal Head of Coking Coal and Washery vertical at Coal India Limited. Led and guided the Washery Team of CIL & Subsidiaries in Project planning, Monitoring, implementation Production, planning. Responsible for the transformational journey of Coking Coal washing in Coal India in the last decade of heightened infrastructure development, with focus on private sector participation in augmenting production capacities. Formulating or helping in major policy decisions of the Company and Ministry of Coal in relevant sectors. Commissioned 3 coking coal washeries & the largest thermal coal washery of CIL, first set of new washeries in CIL to be set up in the 21st century. Collaboration in several Detailed Reports on Augmenting Coking Coal Production of the nation and coking coal washing for Steel Sector as part of Mission Coking Coal of the Ministry of Coal. Establishing base framework for Monetisation of old coking coal washeries of CIL through Lease to Steel Sector and getting the Transaction Report passed by CIL Board and approved by the Ministry of Coal. Preparing groundwork for & contributing actively to the cabinet approval of generic proposal for transfer of lease of CBA Land from Coal PSUs to Private entities for setting up washeries/Solar Plants and other Revenue generating activities, opening up possibilities of monetisation of assets and private investment. Curating and organising Stakeholders’ Consultations & Workshops on Coking Coal Strategy for Indian Steel Sector on behalf of CIL and Ministry of Coal. Presented paper & co-chaired a session at the XXth International Coal Preparation Congress in October 2023 at Gold Coast, Australia. Organised 2 Asian Mining Congress & Expo in 2022 and 2023 as well as several other Conferences and seminars on behalf of MGMI, the oldest Association of Mining & Earth-sciences professionals in Asia.",6/2024,false,https://media.licdn.com/dms/image/v2/D4D03AQFcpRhM8b-5fA/profile-displayphoto-shrink_100_100/profile-displayphoto-shrink_100_100/0/1731936183438?e=1788998400&v=beta&t=h5EVQPumnlm-4MOWS72UClIhTvv-Qf9OEKfE4LKVrbY,false,,2225,2026-08-25 00:00:00.000 +0530,,,,,,,,,,,,,,+919831095162,,,1840,
Dr Anuradha Kumari,Dr Anuradha,Kumari,https://www.linkedin.com/in/dr-anuradha-kumari-44b75b38,urn:li:member:133248443,dr-anuradha-kumari-44b75b38,,,India,India,"Department of Microbiology, UCST",Assistant Professor,10+yoe_global,member_urn,,,,,,,,,,,10/2015,false,https://media.licdn.com/dms/image/v2/C5103AQHrEv83H-1Zcg/profile-displayphoto-shrink_100_100/profile-displayphoto-shrink_100_100/0/1561832991462?e=1788998400&v=beta&t=7aRGatMBcoEAADzX-1y9vFiBm8KNghz8BAJMWTLBz3A,false,,2409,2026-08-25 00:00:00.000 +0530,,,,,,,,,,,,,,,,,1747,
mayank kumar,mayank,kumar,https://www.linkedin.com/in/mayank-kumar-535b0a19b,urn:li:member:788068985,mayank-kumar-535b0a19b,Dhanbad,Jharkhand,India,"Dhanbad, Jharkhand, India",Bluespark venture,Business Development Manager,6-10yoe_global_indian,member_urn,,,,,,,,,,,8/2018,false,https://media.licdn.com/dms/image/v2/C5103AQGtJMeRHhePbw/profile-displayphoto-shrink_100_100/profile-displayphoto-shrink_100_100/0/1578655291568?e=1788998400&v=beta&t=ZVrlYkks6gXwgBcTtzdrkSwJug3u3kz1K98umWWdpqE,false,,2401,2026-08-25 00:00:00.000 +0530,,,,,,,,,,,,,,,,,1606,
Kundan Mandloi,Kundan,Mandloi,https://www.linkedin.com/in/kundan-mandloi-17869a25b,urn:li:member:1073665388,kundan-mandloi-17869a25b,Indore,Madhya Pradesh,India,"Indore, Madhya Pradesh, India",MP public works department,Assistant Engineer,6-10yoe_global_indian,member_urn,,,,,,,,,,,7/2023,false,https://media.licdn.com/dms/image/v2/D4E03AQF7JVfoV05qUg/profile-displayphoto-shrink_100_100/profile-displayphoto-shrink_100_100/0/1671961204406?e=1788998400&v=beta&t=zQFYrlehSVyYxa8e-yaK3UPBJcgiStHLUlPevB7ZQwM,false,,2475,2026-08-25 00:00:00.000 +0530,,,,,,,,,,,,,,,,,2179,
PE IBA,PE,IBA,https://www.linkedin.com/in/pe-iba-8a65561b7,urn:li:member:846392958,pe-iba-8a65561b7,Guntur East,Andhra Pradesh,India,"Guntur East, Andhra Pradesh, India",PERSPECTIVE EXCHANGE,Content Manager,6-10yoe_global_indian,member_urn,,,,,,,,,,,9/2020,false,,false,"CONTENT MANGEMENT, SEO, SMM",2476,2026-08-25 00:00:00.000 +0530,,,,,,,,,,,,,,,,,2284,
Prasenjit Das,Prasenjit,Das,https://www.linkedin.com/in/prasenjit-das-17528484,urn:li:member:299269097,prasenjit-das-17528484,Midnapore Sadar,,India,"Midnapore Sadar, India","Geological Survey of India, Southern Region",Geophysicist,6-10yoe_global_indian,member_urn,,,,,,,,,,,12/2015,false,https://media.licdn.com/dms/image/v2/D5603AQEUph-No5flew/profile-displayphoto-shrink_100_100/profile-displayphoto-shrink_100_100/0/1687340620198?e=1788998400&v=beta&t=Ld2j0YUYXlQRdH2PrblBHQi6IxFKZTbzea9J7N7AT-o,false,,2478,2026-08-25 00:00:00.000 +0530,,,,,,,,,,,,,,,,,1868,
Partha Sarathi Banerjee,Partha Sarathi,Banerjee,https://www.linkedin.com/in/partha-sarathi-banerjee-74aa1b162,urn:li:member:653473642,partha-sarathi-banerjee-74aa1b162,Bengaluru,Karnataka,India,"Bengaluru, Karnataka, India",Resources Pellets Concentrates Limited (RPCL),Chief Executive Officer,10+yoe_global,member_urn,,,,,,,,,,,10/2021,false,,false,"Experience as a Director with a demonstrated history of working in the Mining & Metals Industry. Skilled in Analytical Decision Making, Management, Leadership, Project Management, and Engineering. Strong professional qualification with a Postgraduate Degree focused in Public Policy Management from Indian Institute of Management Bangalore.",2505,2026-08-25 00:00:00.000 +0530,,,,,,,,,,,,,,,,,2362,
Dr. Chandra Bhushan Kumar,Dr. Chandra Bhushan,Kumar,https://www.linkedin.com/in/dr-chandra-bhushan-kumar-21744b205,urn:li:member:875990899,dr-chandra-bhushan-kumar-21744b205,Hazaribag,Jharkhand,India,"Hazaribag, Jharkhand, India","UCET, VBU, Hazaribag",Assistant Professor,10+yoe_global,member_urn,,,,,,,,,,,9/2011,false,https://media.licdn.com/dms/image/v2/C5603AQFRNQI4suArCg/profile-displayphoto-shrink_100_100/profile-displayphoto-shrink_100_100/0/1611737763161?e=1788998400&v=beta&t=uhtnsrMEM7OBkFKDs2alU03xiKYFE_BxNfDJvqaWx6E,false,,2506,2026-08-25 00:00:00.000 +0530,,,,,,,,,,,,,,,,,2610,
Arun Kalra,Arun,Kalra,https://www.linkedin.com/in/arun-kalra-6878ba12,urn:li:member:44040775,arun-kalra-6878ba12,,,Greater Delhi Area,Greater Delhi Area,Self Employed - Mineral Exploration & Policy,Consulting Specialist,10+yoe_global,member_urn,,,,,,,,,,,1/2025,false,https://media.licdn.com/dms/image/v2/C4D03AQHWTDibDErg_A/profile-displayphoto-shrink_100_100/profile-displayphoto-shrink_100_100/0/1516480350773?e=1788998400&v=beta&t=KIIm9i8mEDRl_Zo7bHyZDUHjD_ji1WhnqGq1PsC7Nyg,false,,2784,2026-08-25 00:00:00.000 +0530,,,,,,,,,,,,,,,,,2437,
Sundeep Sehgal,Sundeep,Sehgal,https://www.linkedin.com/in/sundeepinfilegal,urn:li:member:6393542,sundeepinfilegal,South Delhi,Delhi,India,"South Delhi, Delhi, India",Infilegal Consultants,Founder,founders,member_urn,,,,,,,,,,"Infilegal Consultants is a Full Service Law Firm located at New Delhi, INDIA with experience in litigation, arbitration, family and property disputes.",10/2014,false,,false,,2844,2026-08-25 00:00:00.000 +0530,,,,,,,,,,17,28,,,,,,2004,
Ravinder Dhar,Ravinder,Dhar,https://www.linkedin.com/in/ravinder-dhar-673256a,urn:li:member:30472503,ravinder-dhar-673256a,Mumbai,Maharashtra,India,"Mumbai, Maharashtra, India",HDC (P) Ltd,Vice President,10+yoe_global,member_urn,,,,,,,,,,,,false,,false,,4013,2026-08-25 00:00:00.000 +0530,,,,,,,,,,,,,,,,,1932,
vipin kumar,vipin,kumar,https://www.linkedin.com/in/vipin-kumar-9425944a,urn:li:member:174626114,vipin-kumar-9425944a,Rishikesh,Uttarakhand,India,"Rishikesh, Uttarakhand, India",Airports Authority of India,Chief Security Officer,founders,member_urn,"Airports Authority of India (AAI) was constituted by an Act of Parliament and came into being on 1st April 1995 by merging erstwhile National Airports Authority and International Airports Authority of India. The merger brought into existence a single Organization entrusted with the responsibility of creating, upgrading, maintaining and managing Civil Aviation infrastructure both on the ground and air space in the country.AAI manages 126 airports, which include 11 international airports, 89 domestic airports and 26 civil enclaves at Defence airfields. AAI provides air navigation services over 2.8 million square nautical miles of airspace. During the year 2002-03, AAI at various airports handled about 5 lakhs aircraft movements (4 lakhs domestic and 1 lakh international);40 million passengers (26 million domestic and 14 million international) and 9 lakh tonnes of cargo (3 lakh domestic and 6 lakh international).",7919,1995,Airlines and Aviation,369580,https://in.linkedin.com/company/airportsauthorityofindia,"Delhi, India",Air Traffic Services,http://www.aai.aero,,6/2022,false,,false,"An Aviation Security Expert, Qualified Avsec courses from Regulatory Body i.e BCAS. Dealing with contingency Plans at Airport Looing after Security Related work since 2022. Expertise to deal with any kind of Threat Situation, Convene Various Committee at Airport level. Experience in Contract and procurement Procurement of various type of Govt Vehicles through GeM/DGSND Expertise in Disposal/Auction of Old and obsolete items through Govt Agencies Expertise in Contract management Expertise in SAP MM module Vendor evaluation, preparations of technical documents related to vehicles, ARFF, Air field Crash fire tender, Ambulances , Airport Equipments, PBT etc Expertise in preparing condemnation report of the govt vehicles considering depreciation. Almost 5 years experience of handling E & M workshop of Airport Expertise in procurement/service works/Bidding through GeM portal",2212,2026-08-25 00:00:00.000 +0530,,,,,,,,,,,,,,,,,49,
Saurav Kumar,Saurav,Kumar,https://www.linkedin.com/in/sauravkumar05,urn:li:member:79653819,sauravkumar05,,,Dhanbad-Ranchi Area,Dhanbad-Ranchi Area,Coal India Limited,Mine Manager,founders,member_urn,Notice - This is not an official page of Coal India Limited. We are in the process of taking it down. Thanks,8168,1975,Mining,574498,https://in.linkedin.com/company/coal-india-limited,"Kolkata, West Bengal, India",,,Management Supervision Control and Direction of Open - Pit Coal mines with Shovel- dumper combination.,2/2021,false,,false,"Saurav is having a diverse experience in the niche coal and metal industry of India and a work experience spanning the public and private behemoths of the industry. Worked as Mine Planner with Hindustan Zinc Limited, Vedanta Resources Plc and was rewarded by CEO of Hindustan Zinc Limited for his best practices in Mine Planning domain. In Coal India, presently working as Mines Manager and looking after production, blasting, safety, resource optimization, quality and dispatch, dump management, mine operating parameters and risk assessment, environmental monitoring and return etc.",2342,2026-08-25 00:00:00.000 +0530,,,,,,,,,,,,,,+919264122032,,,86,
AMOL J.,AMOL,J.,https://www.linkedin.com/in/jain-amol,urn:li:member:207009258,jain-amol,Bengaluru,Karnataka,India,"Bengaluru, Karnataka, India",Shell,Senior Consultant - Supply Chain Advanced Analytics,founders,member_urn,"Shell is a global group of energy and petrochemical companies, employing 96,000 people across 70+ countries. We serve around 1 million commercial and industrial customers, and around 33 million customers daily at our Shell-branded retail service stations. Our purpose is to power progress together by working with each other, our customers and our partners. #PoweringProgress",215864,,Oil and Gas,1271,https://www.linkedin.com/company/shell,"London, England, United Kingdom","Chemicals, Energy, and Oil and gas",http://www.shell.com,"- Led a cross functional squad of 10+ supply chain analysts, data scientists, data transformation experts, and data automation experts; focused on building global supply chain AI-led digital transformation by architecting a data transformation matrix and a Data Health ScoreCard, endorsed by GM and above, improving sustained data quality and data governance (Unity Catalogue and Collibra); unlocked actionable L0-L2 cost-avoidance and improvement KPIs across third-party spend by integrating Databricks Genie (GenAI). Conducted multiple webcasts for 1000+ SC professionals. - Architected spend strategy for $40B supply chain portfolio and drove creation of spend intelligence layer using Azure Databricks, Python, and Power BI, delivering a single source of truth for supply chain insights across portfolio and accelerating fact-based decision-making for procurement and category teams, winning Supply Chain VP Award. - Led company-wide AI adoption strategy; deployed multiple high impact agentic AI solutions across 1,500+ employees, standardizing 'AI-first' workflows focused on third party contract negotiation preparedness for front line teams resulting in high velocity operations across supply chain supported through long term strategy, winning the Supply Chain EVP Award. - Pioneered Power BI-based should-cost and benchmarking models to provide real-time cost competitiveness intelligence for negotiations, including auto-benchmarking of $10B in third-party spend, and won the Supply Chain VP Award 2023 for measurable impact and scalability. Enhanced with GenAI capabilities, using the same extensive database and architecture, 1500+ users can now benchmark labour rates for any contract by uploading Schedule V, enabling real time data driven negotiation intelligence, typically generating 10% reduction in vendor quote.",9/2025,false,,false,"I am a big believer that the most powerful solutions happen when you bridge the gap between technical complexity and real world business needs.Over the past decade, I have found that my sweet spot is helping organizations navigate digital transformation, not just by building AI and data frameworks, but by fostering the culture and collaboration that makes them actually work. Whether I am untangling supply chain challenges or scaling product portfolios, my goal is always the same : to turn complex data into clear, actionable intelligence that makes the organization more productive and agile.I am a lifelong learner at heart and thrive in environments where we can challenge the status-quo, simplify intricate workflows, and mentor teams to perform at their best with given resources.What I bring to the table:The ""Bridge-Builder"" Mindset : Connecting high level technical expertise with business strategy to drive agility and transparency.Simplification : My focus is on taking ""noise"" and turning it into clear, strategic intelligence.Cross-Functional Leadership : I enjoy leading teams that break down silos, ensuring everyone is aligned toward the same organizational goals.Adaptability : Whether it’s navigating global logistics disruptions or integrating new AI tools, I focus on building systems that adapt to the VUCA world rather than break.I champion and am passionate about mental health initiatives within and outside my team, and would urge people who are facing such challenges to reach out.I’m always happy to connect with others working at the intersection of tech, supply chain, and organizational strategy. Let’s talk about how we can make complex systems work better for everyone and solutions that have real impact are not just buzz words.",2964,2026-08-25 00:00:00.000 +0530,,,,,,,,,,,,,,,,,701,
Tazril Ali,Tazril,Ali,https://www.linkedin.com/in/tazril,urn:li:member:707111073,tazril,Bengaluru,Karnataka,India,"Bengaluru, Karnataka, India",Arintra,Senior Software Engineer,founders,member_urn,External link for Arintra,131,2020,Hospitals and Health Care,28843694,http://www.linkedin.com/company/arintra,"Austin, Texas, United States",,https://arintra.com,"At Arintra, I work on building AI-first systems to automate medical coding and healthcare workflows. Designing and building backend systems powering agentic AI solutions in healthcare Leading automation efforts that reduce manual workflows and improve operational efficiency Solving complex customer issues end-to-end, from debugging to deploying long-term fixes Working closely with founders and the US team to align product and engineering outcomes Contributing to a fast-moving startup environment with strong ownership across features and systems",8/2025,false,,false,"LLM search: Goto perplexity and search ""who is Tazril Ali"" About Me: I'm Tazril, a builder and problem-solver who's passionate about transforming eCommerce through technology. As Co-Founder and CTO at Ripples, I'm architecting the technical foundation of our post-checkout operating system for D2C brands. My journey through unicorns like CRED and Udaan has taught me to blend technical excellence with business acumen. I'm driven by creating systems that elegantly solve complex problems and scale effectively across different eCommerce ecosystems. Why Connect with Me: I value connecting with entrepreneurs, technical leaders, and industry pioneers who share a vision for next-generation commerce infrastructure. I'm particularly interested in exchanging ideas around technical strategy, engineering culture, and building at the intersection of technology and consumer brands. For those in D2C, I'm always eager to hear about your operational challenges and technology needs. Beyond Work: Away from the keyboard, I recharge by immersing myself in thriller, mystery, and horror content, creating playlists of RnB/soul/lo-fi music, and the occasional tactical challenge in Valorant. Reach out if you're building something interesting or want to discuss engineering leadership!",1442,2026-08-25 00:00:00.000 +0530,,,,,,,,,,,,,,,,,882,
Krushna Nagargoje,Krushna,Nagargoje,https://www.linkedin.com/in/krushnanagargoje,urn:li:member:1161405489,krushnanagargoje,Patna,Bihar,India,"Patna, Bihar, India",Arjuna Group,Owner and CEO,founders,member_urn,"Arjuna Group, founded by Krushna Nagargoje — who secured an impressive JEE Advanced All India Rank (AIR) 88 (CATEGORY RANK) — is committed to empowering students and professionals for career success. Building on this vision, we launched Arjuna Edutech, a dynamic software company delivering comprehensive technology solutions tailored to diverse business needs. Arjuna Edutech specializes in custom software development, mobile app development, web application development, AI and machine learning tools, database design and management, and cloud solutions. We provide end-to-end services including requirement analysis, UI/UX design, software architecture, development, quality assurance, deployment, and ongoing maintenance. Our expertise covers multiple platforms and technologies such as Android, iOS, Python, Java, JavaScript, React, Angular, Node.js, SQL, and NoSQL databases. We build scalable, secure, and user-friendly software products designed to improve operational efficiency and user experience. Key features of Arjuna Edutech’s offerings include: Agile development methodology ensuring timely delivery and adaptability Robust security measures protecting data and applications Scalable cloud-based architectures for flexible growth AI-powered automation tools to optimize workflows Responsive design ensuring seamless experience across devices Dedicated customer support and continuous software updates Under Krushna Nagargoje’s leadership, Arjuna Edutech combines innovative technology with industry best practices to drive digital transformation and business success. Our mission is to create reliable, high-performance software solutions that empower businesses and professionals to excel in today’s fast-paced digital world. Join Arjuna Group and Arjuna Edutech as we innovate, develop, and deliver technology that shapes the future.",8,2024,Software Development,106135711,http://www.linkedin.com/company/arjunagroup,"Beed, Maharashtra, India","Custom Software Development, Mobile App Development (Android & iOS), Web Application Development, AI & Machine Learning Solutions, Cloud Computing & Migration, Database Design & Management (SQL & NoSQL), UI/UX Design & Prototyping, Enterprise Software Solutions, E-commerce Development, API Development & Integration, Automation & Workflow Optimization, Cybersecurity & Data Protection, Software Testing & Quality Assurance, DevOps & Continuous Integration/Deployment (CI/CD), Blockchain Application Development, Internet of Things (IoT) Solutions, Big Data Analytics & Visualization, Technical Consulting & Strategy, Maintenance & Support Services, and Performance Optimization & Scalability",,,12/2024,false,,false,"JEE Advanced Category Rank: 88 (2023) | NIT Patna | CSE JEE Advanced Category Rank: 88 (2023) | Computer Science @ NIT Patna Passionate about Data Science, AI, and Semiconductor Technology ⚡ Founder and CEO – Arjuna Group",3240,2026-08-25 00:00:00.000 +0530,,,,,,,,,,17,28,,,,,,883,
Sourav Kumar Sinha,Sourav,Kumar Sinha,https://www.linkedin.com/in/souarvsinhaiitism,urn:li:member:695808991,souarvsinhaiitism,Bengaluru,Karnataka,India,"Bengaluru, Karnataka, India",Kaleidofin Private Limited,Product Manager 2,founders,member_urn,"Kaleidofin is a fintech platform committed to expanding access to finance for underserved communities by offering tailored, data-driven financial solutions. With a strong focus on informal and low-income segments, Kaleidofin partners with financial institutions to deliver scalable credit infrastructure, risk management tools, and customer-centric lending strategies. Its mission is to build a digital ecosystem that ensures finance for everyone, everywhere. We build inclusive debt capital markets across Africa and Asia. We work with mission-aligned originators such as SACCOs, MFIs, digital lenders, and climate-focused enterprises (e.g. EV, solar, agri-equipment providers) that extend credit to smallholder farmers, women entrepreneurs, and informal MSMEs. Our solutions including data-driven underwriting (ki-score), portfolio risk tools (ki-view), and structured capital vehicles/SPVs (ki-credit) are designed to help originators unlock scalable, affordable local currency financing.",135,2017,Financial Services,13370098,http://www.linkedin.com/company/kaleidofin,"Chennai, Tamil Nadu, India","risk management, fintech, technology, SDG Goals, Financial Inclusion, AI /ML expertise, Nano Enterprise Underwriting, Financial products for Informal Sector, Fintech Startup, and Relevant Credit for MSME",http://kaleidofin.com,"I lead product initiatives across lending, payments, no-code/low-code loan origination systems, collections, compliance, and AI-driven solutions. have grown AUM for retail to near zero to 700 cr in a year.",7/2026,false,,true,"Excited to know about my journey let me help you. 0-1 building phase of magic checkout in razorpay 0-1 Auto onboarding for merchants KYM at revolut for credit card and POS 0-1-10 Conversation AI chatbot and IVR for BFSI and fintech 0-1-10 AI agent for sales and customer support basically we builded like nugget for BFSI Build my own startup a super app for LAS with 7 teammates from Flipkart, stable money, sprinklr and uber raised seed backed by razorpay rize Now failed journey Failed to clear many VC firm interviews Failed to clear many product interviews Building in Stealth. You can reach out to me at info.souravsinha87@gmail.com .",2362,2026-08-25 00:00:00.000 +0530,,,,,,,,,,,,info.souravsinha87@gmail.com,,,,,1153,
Suman Choudhary,Suman,Choudhary,https://www.linkedin.com/in/suman-choudhary-466a3417,urn:li:member:59291790,suman-choudhary-466a3417,Bhagalpur,Bihar,India,"Bhagalpur, Bihar, India",Adani Power,Deputy General Manager,founders,member_urn,External link for Adani Power,7359,2006,Utilities,537485,http://www.linkedin.com/company/adani-power-limited,"Ahmedabad, Gujarat, India","Power Generation /Transmission, Merchant Power, Engineering Conglomerate, Solar Power, and EPC",https://www.adanipower.com/,"I played a pivotal role in leading the execution of ultra-supercritical thermal power projects at Adani Power, achieving significant milestones in project delivery. Directed the end-to-end installation and commissioning of a 1600 MW power plant, ensuring adherence to strict timelines. Enhanced execution efficiency by optimizing contractor billing and material utilization across multi-disciplinary teams. Maintained rigorous compliance with EHS and quality standards throughout all project phases, ensuring safety and reliability.",3/2022,true,,false,"HVDC and EHV substation Site Lead with 17+ years of installation, testing, and commissioning experience on high-voltage transmission and power generation EPC programs in India, including a ±800 kV / 6,000 MW HVDC terminal and 400 kV / 66 kV GIS and power transformer packages.My background spans both OEM-side site execution (GE T&D / GE Grid Solutions) and developer/EPC-side site leadership (Adani Power, Adani Transmission, POWERGRID), including direct site leadership on an international cross-border project in Bangladesh.Hands-on testing experience includes: Site Acceptance Testing (SAT) on HVDC, GIS, and protection relay systems Factory Acceptance Testing (FAT) on power transformers, GIS, communication equipment, and protection relaysCore strengths: GIS and power transformer erection, testing & commissioning Statutory Compliance Lead — regulatory approvals, CEA/PGCIL compliance, IEC-standard execution Contractor and subcontractor supervision on multi-site, multi-vendor programs HSE/EHS leadership, QA/QC Client and utility interface, including international stakeholder coordination.Open to relocation and international deployment.",2400,2026-08-25 00:00:00.000 +0530,,,,,,,,,,,,,,,,,850,
Aabhaas Gour,Aabhaas,Gour,https://www.linkedin.com/in/aabhaas-gour-9ab75816,urn:li:member:55608467,aabhaas-gour-9ab75816,,,Mumbai Metropolitan Region,Mumbai Metropolitan Region,Adani Welspun Exploration Limited,Deputy General Manager,10+yoe_global,member_urn,,,,,,,,,,,12/2025,false,https://media.licdn.com/dms/image/v2/D4D03AQFf-8fqh69EaA/profile-displayphoto-scale_400_400/B4DZxDbmYCJkAg-/0/1770657836641?e=1788998400&v=beta&t=dkrPDbGDxf2pwHs-pMaU9Bi6nVOcDC7rVFYELHBoGFw,false,,2971,2026-08-25 00:00:00.000 +0530,,,,,,,,,,,,,,,,,1502,
Shyam Jain,Shyam,Jain,https://www.linkedin.com/in/shyam-jain-0164b297,urn:li:member:344615058,shyam-jain-0164b297,Jaipur,Rajasthan,India,"Jaipur, Rajasthan, India",Ashok Leyland,Senior Manager,10+yoe_indian,member_urn,"Ashok Leyland vehicles have built a reputation for reliability and ruggedness. The 5,00,000 vehicles we have put on the roads have considerably eased the additional pressure placed on road transportation in independent India. In the populous Indian metros, four out of the five State Transport Undertaking (STU) buses come from Ashok Leyland. Some of them like the double-decker and vestibule buses are unique models from Ashok Leyland, tailor-made for high-density routes. The blueprint prepared for the future reflected the global ambitions of the company, captured in four words: Global Standards, Global Markets. This was at a time when liberalisation and globalisation were not yet in the air. Ashok Leyland embarked on a major product and process upgradation to match world-class standards of technology. In the journey towards global standards of quality, Ashok Leyland reached a major milestone in 1993 when it became the first in India's automobile history to win the ISO 9002 certification. The more comprehensive ISO 9001 certification came in 1994, QS 9000 in 1998 and ISO 14001 certification for all vehicle manufacturing units in 2002. It has also become the first Indian auto company to receive the latest ISO/TS 16949 Corporate Certification (in July 2006) which is specific to the auto industry.",26620,1948,Motor Vehicle Manufacturing,11986,http://www.linkedin.com/company/ashok-leyland,"Chennai, Tamil Nadu, India","Automobile, Manufacturing, and Technology Services & Consultancy",http://www.ashokleyland.com,,7/2011,false,https://media.licdn.com/dms/image/v2/C4E03AQHd3txSxvAamA/profile-displayphoto-shrink_100_100/profile-displayphoto-shrink_100_100/0/1516848513413?e=1788998400&v=beta&t=OBtmtXpqNvkp3seZDVEJMcTGzMK4j2N3n73UQEtt3MA,false,,1999,2026-08-25 00:00:00.000 +0530,,,,,,,,,,,,,,,,,886,
Venkat Bulusu,Venkat,Bulusu,https://www.linkedin.com/in/venkat-bulusu-68662ab8,urn:li:member:419590470,venkat-bulusu-68662ab8,Bengaluru,Karnataka,India,"Bengaluru, Karnataka, India",Walmart Global Tech India,Staff Software Engineer,founders,member_urn,"We’re a tech powerhouse that innovates for the world’s largest retailer - Walmart. Since our inception, we've been dedicated to bringing about customer delight and convenience, on a global scale. Our technology-first products and solutions cater to millions of customers' needs while saving them time and money. Ready to spark joy with the power of tech? Visit our website.",10934,,Software Development,9390173,https://in.linkedin.com/company/walmartglobaltechindia,"Bengaluru, Karnataka, India","Retail and eCommerce, Big Data and Analytics, Social, Mobile & Cloud, and Technology",https://tech.walmart.com/content/walmart-global-tech/en_us.html,,4/2026,false,,false,"I'm a backend engineer with 7+ years of experience designing and building scalable systems that power real-world impact. I’ve worked across search, caching, and high-throughput services—most recently leading initiatives in GenAI-driven search, semantic cache layers, and image-based search experiences. I enjoy solving tough engineering problems with clean architecture, thoughtful design, and a focus on performance and reliability. Whether it's building multi-tenant systems, streamlining data pipelines, or reducing infra costs through custom frameworks and autoscaling—I thrive at the intersection of innovation and scale.",2494,2026-08-25 00:00:00.000 +0530,,,,,,,,,,,,,,,,,323,
Raju Kumar Mishra,Raju Kumar,Mishra,https://www.linkedin.com/in/raju-kumar-mishra-40322a104,urn:li:member:442482627,raju-kumar-mishra-40322a104,Bengaluru,Karnataka,India,"Bengaluru, Karnataka, India",Altimetrik,Principal Engineer Data Science,founders,member_urn,"Altimetrik is an AI-native engineering company that builds systems to power the modern enterprise. Through ALTi AIOS™, its AI engineering operating system, and a partner ecosystem that includes OpenAI, Google Cloud, Anthropic, Snowflake, and Databricks, Altimetrik enables organizations to build, govern, and scale AI solutions for sustainable competitive advantage. Founded in 2012, Altimetrik has more than 10,000 practitioners worldwide and serves more than 200 active clients across BFSI, manufacturing, retail and CPG, automotive, healthcare, and life sciences. Constellation Research, Everest Group, and ISG have recognized its services, which have driven more than 1,750 outcomes. Learn more at altimetrik.com.",7096,2012,Artificial Intelligence,775402,https://www.linkedin.com/company/altimetrik,"Southfield, Michigan, United States","DevOps, Product Engineering, Platform Engineering, Data Engineering, Cloud, DevSecOps, Digital Business, Information Engineering, Cybersecurity, Cloud Engineering, Digital Transformation, Data and Analytics, AI, Artificial Intelligence, GenAI, and Platform Modernization",http://www.altimetrik.com,"> Conditional Continuous GAN and CVAE for synthetic edge case data generation >Monitoring Tomato Leaf Disease through Convolutional Neural Networks. > Sentiment analysis using ensemble of pre-trained GPT2, DistilledBERT, and ALBERT to get 96%accuracy and further extended it for text categorization to deep dive into sentiment analysis. > Created Ensemble of time series using BIdirectional LSTM, ConvLSTM, Encoder Decoder and Attention mechanism with 7%MAPE. > Created a shopper cluster using demographic data. Performed cluster profiling. Using created clusters, mapped customer group preferences for products depending on their demography. It helped management better understand customers and their tastes, leading to profit maximization. > Automated time series model creation and prediction pipeline for more than 600 manufacturer and flavor combinations (Accuracy of more than 85%to95% for time series). Extended it for more than 800 manufacturers and product combination state wise(Accuracy of more than 85% to 95% for time series) > Similar product analysis (Similar products can be used to market themselves and understand purchase behavior) > Using shapley values, created a tool to find out purchase drivers for sales > Finding the impact of different promotion types to identify optimized promotion strategy. Helped in identifying the promotions which work and reduce the cost of promotion by 10% > Created a Recommender system for the sales manager of a chemical company. The model consists of three components. ◦ Ensemble algorithm on IBCF and UBCF (Product recommendation for cross-selling) ◦ Content-based Algorithm ( For Up- Selling) ◦ Association analysis (Product recommendation for cross-selling) > Developed a time series model using XGBoost for a retail company. Hyperparameter optimization for the model was done and achieved 90% accuracy. > Written test cases using PyTest. Wrote test cases with code coverage of up to 95%.>",7/2021,false,,false,"Exploration of huge amount of data, understanding trends creating machine learning, deep learning and reinforcement learning models and sharing knowledge about same is my passion . Looking at different activities and forecasting future is what i like most. World of programming also intrigued me a lot. Because these are the tools which help you to get insight of the world through data or simulating a fictitious world or replicating the behavior of reality. How delighted we are when we replicate real world using codes and understand simplicity in complexity of the system and nature. I am available on topmate https://topmate.io/raju_mishra Following is my education. Education : . Bachelor of Technology (B.Tech) : Indian Institute of Technology Dhanbad. . Master of Technology (M. Tech) : Indian Institute of Science (IISc) Bangalore (Mototolla Medal). Publications Books : . Learning Functional Data Structures and Algorithms, Packt London . Functional Data Structures and Algorithms (Video Book), Packt London . Advanced Functional Data Structures and Algorithms (Video Book), Packt London . PySpark Recipes: A Problem-Solution Approach with PySpark2, Springer Apress . PySpark SQL Recipes: With HiveQL, Dataframe and Graphframes, Springer Apress Medals : Being best student got motorola medal of year 2010 in IISc Specialties: Hadoop , Sklearn, Pandas, Scipy, StatsModels, Time Series, Exploratory Data Analysis, PySPark, Spark, Big Data, Data analysis, Machine learning and data Mining, R programming, Rattle and R commander, Java J2ee, Python, Perl, MongoDB, Cassandra , C++ Matlab, GNU Octave, MPI (Message Passing Interface), VTK (Visualization Tool Kit) and many more.. Certifications : . Developer Certification for Apache Spark (O'Reilly School of Technology and DataBriks) certification number 1.1.0–0149 . Hortonworks Certified Apache Hadoop Java Developer ( Hortonworks ) Certificate Number :006- 000311 . Oracle Certified Associate for Java . Revolution R Enterprise Certified Specialist ( Revolution Analytics) Other Certifications : . Financial Risk Manager (FRM Part 1) By GRAP . CT3 Institute of actuaries of India Work Experience : . July 2006 to June 2008 : Tata Steel ( Manager Development and Services) . August 2010 to Dec 2013 : Oracle India Private Ltd ( Software Developer) . Jan 2014 to Present : External consultant and Corporate trainer for data analysis and Big Data - July 2021 to Present : Principal ML Engineer Altimetrik",2605,2026-08-25 00:00:00.000 +0530,,,,,,,,,,,,,,,,,389,
Rohit Kumar,Rohit,Kumar,https://www.linkedin.com/in/rohit-always-learning,urn:li:member:69689498,rohit-always-learning,Nagpur,Maharashtra,India,"Nagpur, Maharashtra, India",Lloyds Metals & Energy Ltd,Head (Acting) - CMP,founders,member_urn,"Creating an ecosystem where growth is inclusive and for everyone At our heart lies growth. Growth which reflects in our journey of over 50 years. From commissioning one of the oldest DRI plants in Maharashtra, to pioneering iron ore production in the state while uplifting the places we operate in. Growth which has become synonymous with our performance. Growth which reflects in our ambitious plans of becoming a world class steel producer. Growth which is not only for us but for the nation at large.",1787,1977,Mining,1827025,https://in.linkedin.com/company/lloyds-metals-and-energy,"Mumbai, Maharashtra, India",,https://www.lloyds.in/,,6/2026,false,,true,"With 21 years of experience in the mining industry and digital startups, Rohit combines deep domain knowledge with strong digital acumen. As an ex-founder, he has led cross-functional teams to develop and launch several successful digital solutions tailored for industrial and mining applications.Rohit is passionate about driving complex, technology-led transformation projects in mining. He leverages his unique blend of mining expertise and digital product leadership to deliver operational efficiency and measurable business outcomes.",2625,2026-08-25 00:00:00.000 +0530,,,,,,,,,,,,,,,,,189,
Yash Agarwal,Yash,Agarwal,https://www.linkedin.com/in/yash-agarwal-175376203,urn:li:member:869823593,yash-agarwal-175376203,Noida,Uttar Pradesh,India,"Noida, Uttar Pradesh, India",UKG,Software Engineer 2,founders,member_urn,"UKG is the Workforce Operating Platform that puts workforce understanding to work. With the world's largest collection of workforce insights, and people-first AI, our ability to reveal unseen ways to build trust, amplify productivity, and empower talent, is unmatched. It's this expertise that equips our customers with the intelligence to solve any challenge in any industry — because great organizations know their workforce is their competitive edge.",16343,,Software Development,67539665,https://www.linkedin.com/company/ukg,,"Human Resources Software, Workforce Management Software, Human Capital Management Software, Time and Payroll Software, AI for HR, and Workforce Trends",http://ukg.com,"1. Time Distribution Solution — Assembled compliance-configured rule engine ingesting raw time entries, fetching pay rates, and generating pay amounts for 1,000+ enterprise accounts, trimming execution time by 85% with zero compliance violations. 2. AI/LLM Systems (Google Vertex AI) — Conversational AI Platform replacing legacy knowledge graphs with config-driven flows (5x faster feature delivery); 5-layer LLM validation framework (Chain of Responsibility) eliminating invalid payload incidents in 1,000+ enterprise accounts; 3 Gen-AI agents handling 100K+ monthly operations (error-log monitoring, leave handling, profile creation); and code sync framework enabling context-aware suggestions across 15+ services.",12/2025,false,,false,"Software Engineer II at UKG with 2+ years of experience building scalable backend systems, distributed applications, and enterprise AI solutions across both startup and MNC environments. Experienced in designing workforce management and payroll platforms, event-driven microservices, and enterprise integrations serving large-scale business operations.Currently focused on building Agentic AI applications using Google Vertex AI, along with high-performance Java and Spring Boot services. Passionate about distributed systems, backend architecture, and solving complex engineering problems through scalable and reliable software.Strong technical expertise in Java, Spring Boot, Apache Kafka, Redis, PostgreSQL, C++, JavaScript, React, Node.js, and SQL. I enjoy building production-grade systems, exploring modern AI technologies, and continuously learning scalable system design.",2648,2026-08-25 00:00:00.000 +0530,,,,,,,,,,,,,,,,,753,
Aakash Bhattacherjee,Aakash,Bhattacherjee,https://www.linkedin.com/in/aakashbhattacherjee,urn:li:member:482028430,aakashbhattacherjee,Mumbai,Maharashtra,India,"Mumbai, Maharashtra, India",Asian Paints,Planning Manager,founders,member_urn,"They say home is where the heart is. Which is why, since 1942, we’ve been helping customers transform empty properties to homes by dressing them up in warm hues, pastel shades and cool colours, to create spaces that truly represent you. Asian Paints has a lot of identities. We have been India’s largest paint company for almost 50 years and are part of the top 10 decorative paint companies worldwide. We have operations in 14 countries, and manufacturing facilities in 27 global locations. Having subsidiaries in India and abroad, Asian Paints encompasses the best of Indian and global traits, homegrown and international qualities. Our subsidiaries are Berger International, Scib, Taubman, Apco, Ess Ess. We have joint ventures with PPG in automotive and industrial paints and Sleek International Modular Kitchens. With different strokes for all types of folks, we have paints ranging from luxury enamels to economic quality distemper in all shades imaginable. Despite our phenomenal growth in the paint segment, we didn’t just stop there. We expanded with our wallpaper range - Nilaya, wall stencils, wood finishes, adhesives and waterproofing solutions. We listened to our customers when they asked for hassle-free painting services and now provide end-to-end servicing in multiple cities. We constantly innovate with service offerings – from colour consultancy at home, online consultancy services, to providing inspiration centres through Colour stores. Our reputation often precedes us but we have never let that be our resting laurel. We constantly strive to push boundaries – not only by creating more sustainable ways of carrying out extensive community initiatives that touch the lives of people, but also through our operations. Our people are passionate, innovative and work with integrity. Our actions reflect these values and our businesses across the globe ensure they maintain the quality of work and standards of excellence we are known for.",27266,,Manufacturing,7185,http://www.linkedin.com/company/asian-paints,"Mumbai, Maharashtra, India",,http://www.asianpaints.com,,4/2024,true,,false,"Strategy and operations professional blending McKinsey-honed structured problem-solving with hands-on ownership of transformation and execution across a complex, multi-plant network. What pulls me most is the whole-business view: the strategic bets that decide where an organisation goes next, and the execution that makes them real. Today I own planning and strategy for Asian Paints' South India business, a four-plant network spanning five states. In practice, that means the calls that sit between strategy and execution: shaping a five-year regional growth view, deciding where products are made to optimise cost-to-serve, making margin-led portfolio choices, and driving cross-functional transformation programs alongside senior leadership. My orientation toward strategy was sharpened at McKinsey & Company, where I led customer-experience transformation for a leading Indian bank, turning ambiguous problems into C-suite-ready decisions through structured, top-down problem-solving. A strategy project in a CEO's office deepened how I think about high-stakes decision-making at the top of an organisation. My foundation was built at Tata Projects, in business development across complex industrial environments, space, nuclear, and power, where I learned stakeholder management, techno-commercial judgment, and how large capital projects are won and delivered. Beyond work, I'm a distance runner, and I follow macroeconomics, financial markets, and emerging technology closely, interests that quietly shape how I read a business. Core interests: Business Strategy | Business Transformation | Strategy & Operations | Program Management | Consulting | Manufacturing & Supply Chain",2607,2026-08-25 00:00:00.000 +0530,,,,,,,,,,,,,,,,,887,
Yuvraj Jagtap,Yuvraj,Jagtap,https://www.linkedin.com/in/yuvraj-jagtap,urn:li:member:618964511,yuvraj-jagtap,Hyderabad,Telangana,India,"Hyderabad, Telangana, India",Origin40 Fund,Investment Associate,founders,member_urn,"Origin40 Fund is an acquisition entrepreneurship vehicle focused on low-market buyouts in India. We acquire mid-sized businesses and step in as full-time operators to drive enduring growth. Our focus spans healthcare and technology. Backed by global investors managing over $10 billion, we bring a disciplined, long-term approach to succession and growth, transforming strong local companies into globally competitive enterprises. For more information contact us at info@origin40fund.com.",4,2025,Venture Capital and Private Equity Principals,108549257,http://www.linkedin.com/company/origin40fund,"Hyderabad, Telangana, India",,www.origin40fund.com,"Origin40 Fund is an acquisition platform focused exclusively on Healthcare and Technology businesses in India. We are acquisition entrepreneurs. We acquire mid-sized companies, step in as full-time operators, and partner with existing teams to scale them into global platforms. If you are a founder, banker, investor, or sector expert in Healthcare or Technology, please reach out to me on yuvraj@origin40fund.com",12/2025,true,,false,"I’ve spent the last few years trying to understand one thing: What truly changes the trajectory of organizations and individuals? I began at PwC India, working closely with operating businesses and observing how boardroom decisions translate into outcomes on the ground. At Fidelity International (Eight Roads), I moved closer to capital and saw how investment teams evaluate opportunities, debate uncertainty, and decide what is worth backing. Alongside my formal roles, I explored independent strategic work in education, which deepened my interest in how systems evolve, scale, and institutionalize over time. Today at Origin40 Fund, I focus on control investing in low- to mid-market healthcare and technology businesses, where ownership is not passive and alignment and governance can meaningfully influence long-term outcomes. I am always open to thoughtful conversations. If you are a founder, operator, banker, or sector expert in healthcare or technology, feel free to reach out at yuvraj@origin40fund.com",2668,2026-08-25 00:00:00.000 +0530,,,,,,,,,,,,yuvraj@origin40fund.com,yuvraj@origin40fund.com,,,,1265,
Sumati Shandilya,Sumati,Shandilya,https://www.linkedin.com/in/sumati-shandilya-9a0a093,urn:li:member:11463240,sumati-shandilya-9a0a093,Delhi,,India,"Delhi, India",Indian Railways,Inspector General Railway Protection Special Force,founders,member_urn,This is not an official page of Indian Railways.,33380,,Transportation/Trucking/Railroad,13434412,https://in.linkedin.com/company/indian-railways-new,"Delhi, India",,,,7/2023,false,,false,"Experienced Top level Security Manager with a demonstrated history of working in the transportation/trucking/railroad industry. Strong professional skilled in Operations Management, Manufacturing, Transportation, Leadership, and Contract Management.",2738,2026-08-25 00:00:00.000 +0530,,,,,,,,,,,,,,,,,160,
Hemanth Garlapati,Hemanth,Garlapati,https://www.linkedin.com/in/hemanth-garlapati-2a6a461b,urn:li:member:71259678,hemanth-garlapati-2a6a461b,Andhra Pradesh,,India,"Andhra Pradesh, India",Indian Oil Corporation Limited,Assistant Manager,10+yoe_indian,member_urn,The official handle of IndianOil. IndianOil is ranked 127th among the world's largest corporate in Fortune ‘Global 500' listing for the year 2025.,41541,1959,Oil and Gas,19147574,http://www.linkedin.com/company/indian-oil-corp-limited,"Delhi, India",,http://www.iocl.com/,,9/2015,false,,false,,3851,2026-08-25 00:00:00.000 +0530,,,,,,,,,,,,,,,,,1110,
LILY GOGOI,LILY,GOGOI,https://www.linkedin.com/in/lily-gogoi-74158651,urn:li:member:183566497,lily-gogoi-74158651,,,India,India,Coal India Limited,Deputy Manager,10+yoe_indian,member_urn,Notice - This is not an official page of Coal India Limited. We are in the process of taking it down. Thanks,8112,1975,Mining,574498,https://in.linkedin.com/company/coal-india-limited,"Kolkata, West Bengal, India",,,,7/2020,false,,false,,3854,2026-08-25 00:00:00.000 +0530,,,,,,,,,,,,,,,,,86,
Mohd Shazil Iqbal,Mohd Shazil,Iqbal,https://www.linkedin.com/in/mohd-shazil-iqbal-9889841a,urn:li:member:68105336,mohd-shazil-iqbal-9889841a,Lucknow,Uttar Pradesh,India,"Lucknow, Uttar Pradesh, India",PW (PhysicsWallah),Professor of Chemistry,founders,member_urn,"PhysicsWallah (PW), an Education company, was founded in 2020 by Alakh Pandey and Prateek Maheshwari. Headquartered in Noida, Uttar Pradesh, PW aims to democratize education through online, offline and hybrid platforms. Initially launched as a YouTube channel in 2014, PW now offers education to students through its YouTube channels in multiple vernacular languages. PW aims to create a hybrid education ecosystem in the country by establishing tech-enabled offline and hybrid centers in cities nationwide. PW’s offerings span various educational segments, including test preparation in multiple categories, a skilling vertical, higher education, and study abroad. Additionally, the company also has an Institute of Innovation (IOI) that provides residential job-ready programs. PW has raised funding from investors, including Hornbill Capital, Lightspeed Ventures, Westbridge and GSV Ventures.",33857,2016,Education,78087354,https://in.linkedin.com/company/physicswallah,"Sadar, Uttar Pradesh, India",,https://www.pw.live/,Senior Chemistry Faculty for JEE,3/2026,false,,false,B. Tech with MBA- IIT (ISM) Dhanbad MM CEO at OYO Rooms,2922,2026-08-25 00:00:00.000 +0530,,,,,,,,,,,,,,,,,240,
SUSHANT PANDEY,SUSHANT,PANDEY,https://www.linkedin.com/in/sushant-pandey,urn:li:member:520029051,sushant-pandey,Bengaluru,Karnataka,India,"Bengaluru, Karnataka, India",Talentica Software,Senior Software Engineer,founders,member_urn,"Talentica Software is an innovative product development company that helps startups and technology companies build their own products. We help technology companies transform their ideas into successful products by partnering in their roadmap from pre-funded startups to a profitable acquisition. We have successfully built core intellectual property for more than 200 customers so far. We have the deep technological expertise, proven track record and unique methodology to build products successfully. Our customers include some of the most innovative product companies across the USA, Europe and India.",744,2003,Software Development,56815,https://in.linkedin.com/company/talentica,"Pune City, Maharashtra, India","Software Product Development, Outsourced Product Development, Offshore Development Center, Web Application Development, Enterprise Application Development, Generative AI development, and AI development services",https://www.talentica.com,,6/2025,false,,false,"I’m a passionate Software Developer with 4+ years of hands-on experience building robust, scalable backend systems. Specializing in Java, Spring Boot, REST APIs, and Microservices, I take pride in designing and deploying enterprise-grade applications that drive real business value—especially in payment processing systems where reliability and performance are critical. At Virtusa, I’ve led the development of high-throughput microservices handling payments worth $40M+, modernized legacy applications with cutting-edge Java features, and implemented fault-tolerant systems that automatically detect and replay failed transactions. My technical toolbox includes: Java | Spring Boot | SQL | Kafka | Tibco EMS RESTful APIs | JUnit | CyberArk | Spring Security Docker | Kubernetes | OpenShift Beyond code, I’m an enthusiastic communicator, a problem-solver at heart, and someone who’s always eager to learn and innovate. I thrive in collaborative teams and love bringing clarity and structure to complex challenges. IIT (ISM) Dhanbad grad | Oracle Certified Associate | Public Speaker | History Buff Let’s connect if you're into clean code, scalable systems, or just love tech talk!",2934,2026-08-25 00:00:00.000 +0530,,,,,,,,,,,,,,,,,288,
Praful Gupta,Praful,Gupta,https://www.linkedin.com/in/praful-gupta-a77986171,urn:li:member:686207611,praful-gupta-a77986171,Noida,Uttar Pradesh,India,"Noida, Uttar Pradesh, India",Wronit Technocraft Pvt Ltd,Software Developer,founders,member_urn,"Wronit Technocraft Pvt Ltd | 408 followers on LinkedIn. Relax, We’re On It. | At Wronit, we believe that technology should empower businesses, not overwhelm them. As a full-service IT solutions company, we specialize in turning complex challenges into seamless solutions. Our mission is simple: to enable our clients to focus on what they do best while we handle the intricacies of their IT needs.",18,2024,IT Services and IT Consulting,104414901,https://www.linkedin.com/company/itswronit,"Bengaluru, Karnataka, India","Cloud Data Migration, Data Analytics, Data Analytics, Data Analytics, Data Analytics, Data Warehousing, ML And AI Solutions, RPA Services, and Generative AI",https://itswronit.com/,,12/2024,false,,false,"Full Stack / ReactDeveloperwith3.6yearsofexperiencebuilding scalable and production-grade web applications. Specialized in React.js, API-driven architecture, real-time data systems, and performance optimization. Proven ability to debug complex systems, improve application reliability, and deliver scalable user-facing platforms.",2931,2026-08-25 00:00:00.000 +0530,,,,,,,,,,,,,,,,,566,
Tushar Gupta,Tushar,Gupta,https://www.linkedin.com/in/tushar-gupta-2b65a9163,urn:li:member:655397994,tushar-gupta-2b65a9163,Gurugram,Haryana,India,"Gurugram, Haryana, India",DecisionTree Analytics & Services,Lead Data Analyst,founders,member_urn,External link for DecisionTree Analytics & Services,194,2013,Information Services,2897196,http://www.linkedin.com/company/decision-tree-analytics,"Gurugram, Haryana, India","Advanced Analytics, Artificial Intelligence (AI), Business Analytics, Customer Analytics, Churn Modelling, Data Analytics, Data Engineering, Data Science, E-Commerce Analytics, Forecasting, Generative AI, LLMs, Machine Learning, Marketing Analytics, Marketing Mix Modelling, Modern BI & Data Warehousing, Predictive Analytics, Supply Chain Analytics, and Upsell and Cross-Sell Propensity Modelling",https://www.decision-tree.com/?utm_source=linkedin&utm_campaign=visitwebsitebutton,,11/2025,false,,false,"Strategic and results-driven Data analyst with 5 year of experience in telecommunications and insurance. A visionary and creative thinker with strong analytical skills adept at conceptualizing solutions that align advanced analytics with business strategy to meet business objectives within acceptable levels of risk. Skilled in data analysis, data engineering and data driven consulting solutions. Equipped with excellent communication skills, work ethics, and an ability to work with teams. Skills- Sql, Tableau, Excel, Pyspark ,Python,Power Bi, knime, SAP HANA",2935,2026-08-25 00:00:00.000 +0530,,,,,,,,,,,,,,,,,978,
Rahul Sengar,Rahul,Sengar,https://www.linkedin.com/in/rahul-sengar-0b438824,urn:li:member:84533896,rahul-sengar-0b438824,Chhattisgarh,,India,"Chhattisgarh, India",NMDC Ltd,Assistant Manager,10+yoe_indian,member_urn,,,,,,,,,,"Work Area: Plant: Conveyor system, Gyratory and cone crushers, Scalping Screens, Apron Feeders etc. Services: Maintenance and repair of Heavy Earth Moving Equipments like dumpers, dozers, graders, Shovels, drills etc. · Supervised various conveyor belt changing works. · Designed some spare parts for the plant using Pro-E. · Monitored erection process of CAT dumpers. · Executing preventive and breakdown maintenance by leading a team of 45 people. · Perform supervisory duties such as recommending work assignments, approving leaves and completing performance evaluations. · Exposure to ISO 9001 and OHSAS guidelines and documentation. · Coordinating with different departments and preparing reports, presentations as required. · Working as shift in-charge in all three shifts (rotating) and responsible for healthy operation of plant ensuring optimum safety and production. PROGRAMS ATTENDED Executive Development Program (EDP), Administrative Staff College of India (ASCI",8/2010,false,,false,,3878,2026-08-25 00:00:00.000 +0530,,,,,,,,,,,,,,,,,2228,
Santashil Mondal,Santashil,Mondal,https://www.linkedin.com/in/santashil-mondal-028b6a28,urn:li:member:98430368,santashil-mondal-028b6a28,West Bengal,,India,"West Bengal, India",Coal India Limited,Assistant Manager,10+yoe_indian,member_urn,Notice - This is not an official page of Coal India Limited. We are in the process of taking it down. Thanks,8112,1975,Mining,574498,https://in.linkedin.com/company/coal-india-limited,"Kolkata, West Bengal, India",,,,7/2012,false,,false,,3879,2026-08-25 00:00:00.000 +0530,,,,,,,,,,,,,,,,,86,
Ashish Srivastava,Ashish,Srivastava,https://www.linkedin.com/in/ashish-srivastava-98a648125,urn:li:member:518166394,ashish-srivastava-98a648125,Delhi,,India,"Delhi, India",TeamLease Edtech,Project Manager,founders,member_urn,"TeamLease Edtech | 111,363 followers on LinkedIn. Making India Employable | TeamLease EdTech ( formerly known as Schoolguru Eduserve) is India’s leading learning solutions company providing comprehensive services across Universities and Corporates. We have an exclusive partnership with 40 of India’s largest Universities across 16 Indian states, we train 3.5 Lakh students on our platform through 9 Indian languages, work with 500 corporates in their upskilling/skilling initiatives and manage over 200 degree, diploma, certificate programs.",667,2012,Education Management,2396988,https://www.linkedin.com/school/teamlease-edtech/,"Mumbai, Maharashtra, India","Large Pool of Academicians, Countrywide Studio Network, Student Service Excellence, App-based Mobile Learning, Online Program Management, Multi-Lingual Capability, Employment Linked Skilling Program, Apprenticeships, and Placement Assistance",https://www.teamleaseedtech.com/,"Multi-Stakeholder Coordination – Partnered with Jamia Hamdard officials, CCS University leadership to align governance, strengthen academic delivery, and ensure seamless student support across institutions. Data-Driven Decision Making – Monitored KPIs (attendance, completion, query resolution) to drive a 15% improvement in student satisfaction and evidence-based operational enhancements. Budgeting & Resource Allocation – Optimized resource utilization, reducing operational costs by 10% while scaling student support services to meet growing demand. Process & Quality Management – Implemented clarity and accountability frameworks across teams, achieving 100% audit compliance and reinforcing transparency in program operations. Cross-Functional Collaboration – Partnered with admissions, IT, faculty, and learner communities to deliver seamless program operations, ensuring high retention and satisfaction. Academic Operations – Directed curriculum design, scheduling, and faculty coordination, aligning online delivery through LMS with institutional standards and student lifecycle needs. Student Support & Engagement – Enhanced student services through proactive query resolution, wellbeing initiatives, and retention strategies, maintaining >90% attendance and preparedness. Stakeholder Reporting – Produced KPI dashboards and strategic reports for senior management, enabling data-driven decision support and governance compliance.",4/2024,false,,false,"With a robust foundation of 16 years in the edtech, higher education, and training sectors, I currently spearhead a diverse range of UG, PG, and Diploma programs at the Center of Distance & Online Education, Jamia Hamdard University. My journey has been driven by a steadfast commitment to excellence in project and program management, academic planning, course design and development, as well as e-learning content creation. As a subject matter expert in operations and supply chain management, I bring a unique blend of technical acumen and strategic foresight to the table. My academic credentials include an M.Tech in Industrial Engineering and Management from IIT ISM Dhanbad and a B.Tech from CSJM University, equipping me with a deep understanding of the technical and managerial aspects of the industry. As I look to the future, my goal is to ascend to higher echelons within the edtech and education sector, leveraging my experience to foster innovation and transformative learning experiences.",2972,2026-08-25 00:00:00.000 +0530,,,,,,,,,,,,,,,,,826,
Prof. HITESH JOSHI,Prof. HITESH,JOSHI,https://www.linkedin.com/in/profhiteshjoshi,urn:li:member:202007489,profhiteshjoshi,Jamnagar,Gujarat,India,"Jamnagar, Gujarat, India","Ministry of Education - Dubai, UAE",Physics Teacher,founders,member_urn,"Recognizing a constant need for progress, the UAE has sought to implement and monitor high quality education standards by undertaking new policies, programs and initiatives. Throughout the Middle East, educational advancement is often impeded by insufficient focus on the English language, inadequate provision of technology as well as modern techniques of instruction and methodology. Stressing the importance of “modern curricula with assorted and non-monotonous means of training and evaluation”, the Emirates launched ambitious campaigns to develop each of these areas. At its foundation, lies the necessary funding, which in 2010 was earmarked at 7.5 billion Dirhams, as well as increased teacher training. Through its Teachers of the 21st Century and a two hundred million dirham share of this budget, the UAE hopes to train 10,000 public school teachers within the next five years, while also pursuing its scheduled goal of reaching 90% Emiratisation of its staff by 2021.",5834,1971,Government Administration,895917,http://www.linkedin.com/company/moeuaeofficial,"Dubai, Dubai, United Arab Emirates","K12 Education, Professional Development, Emiratisation, and Education Technology",http://www.moe.gov.ae/,"A committed, compassionate, and lifelong learner seeking a platform to educate and inspire the youth of the 21st century through innovative, student-centered teaching. Passionate about adopting new methodologies and instructional techniques to continually grow as an educator and make a meaningful impact on students' academic and personal development. A committed and most caring ever-time Learner cum Tr, equipped with Ph.D. (p) from IIT, M.Sc., M.Phil., B.Ed., PGDHE, DCO, CIG, … and @ 27+ years’ experience at Schools and Colleges – Universities, looking for a suitable job and ready to relocate. I would like to teach and develop youth in a motivational way; and to engage with new methodologies.",1/2019,false,,false,"Career Objective A committed, compassionate, and lifelong learner seeking a platform to educate and inspire the youth of the 21st century through innovative, student-centered teaching. Passionate about adopting new methodologies and instructional techniques to continually grow as an educator and make a meaningful impact on students' academic and personal development. Experience Summary- A committed and most caring ever-time Learner cum Tr, equipped with Ph.D. (p) from IIT, M.Sc., M.Phil., B.Ed., PGDHE, DCO, CIG, … and @ 27+ years’ experience at Schools and Colleges – Universities, looking for a suitable job and ready to relocate. I would like to teach and develop youth in a motivational way; and to engage with new methodologies. About 2 decades’ years’ experience in teaching field as a TGT PCM (4 yrs) – PGT Physics (5 yrs) – Principal (2 yrs) at school level and since 9 yrs as Assistant Professor at college campuses in reputed organizations of India. Thus far I have published 4 papers – 2 in Scopus Indexed International Journals and 2 in National Journals. I have taken active participation in nearly 18 National, International level Conferences and Workshops conducted by well reputed organizations like wise IITs, NITs and Microsoft. I have been successfully conducted several events as a coordinator in National Level Technical Tech-fest, Inter National Conference at Institute level as well as University level too. Nearly 36 certificates for actively participated in different co-curricular activities – Science Quiz, Science Fair, Competitive Examination …etc.Academic Summary My academic qualification is M.Sc. (Physics-Electronics), M.Phil. (Nanotechnology), B.Ed. (Mathematics-Science), B.Sc. (Physics). And more, I am selected as a Part Time Research Scholar for the Ph.D. program in of Indian Institute of Technology (ISM), Dhanbad on the research topic entitled, “Theoretical study of hydromagnetic fluid flow problems with heat transfer” in September 2016. In consort with I have some professional and technical qualification are DCO (Diploma in Computers in Office Management), CIG (Certificate in Guidance), PGDHE (Post Graduate Diploma in Higher Education) from IGNOU – Delhi, PCB Designing & Fabrication Course from Sau. Uni., SEIT, MDIS&GE, …etc. I had been awarded as The Best Caring Teacher in 2006 and The Most Motivational Teacher in 2007 at Bhulka Vihar School - Surat (Guj)h. joshi+91 9427708642",2973,2026-08-25 00:00:00.000 +0530,,,,,,,,,,,,,,,,,1205,
avnish kumar,avnish,kumar,https://www.linkedin.com/in/avnish-kumar-08792610,urn:li:member:38123239,avnish-kumar-08792610,Patna,Bihar,India,"Patna, Bihar, India",Tata Steel,Manager,10+yoe_indian,member_urn,,,,,,,,,,"Sales Manager ,Industrial By-products Management Division",7/2012,false,,false,,3881,2026-08-25 00:00:00.000 +0530,,,,,,,,,,,,,,,,,2557,
Anshu Aman,Anshu,Aman,https://www.linkedin.com/in/anshu-aman-74638495,urn:li:member:338336550,anshu-aman-74638495,Ahmedabad,Gujarat,India,"Ahmedabad, Gujarat, India",ASK Private Wealth,Deputy Vice President,10+yoe_indian,member_urn,"Founded in 2007, ASK Private Wealth specializes Wealth Advisory and Family Office solutions for Ultra High Net Worth individuals and families. We serve over 3,500 Ultra High Net Worth and High Net Worth families, including 150 Fortune 500 families. With decades of experience across market & economic cycles and proven track record of money management, we help clients invest wisely and ensure smooth inter-generational transfer of wealth. About ASK Group: ASK Group is a renowned financial services group and a leading industry player in asset and wealth management, catering to some of the most affluent families in India. Started in 1983, we're known for our strong research-based investment management, asset management, private equity, wealth advisory and multi-family office businesses. ASK Group is a portfolio company of Blackstone, world's largest global alternative asset manager. For more details, please visit our website. clientservices@askwealthadvisors.com SEBI registered entity and registration: https://bit.ly/3OGLtLW",190,,Financial Services,96395921,http://www.linkedin.com/company/ask-private-wealth,"Mumbai, Maharashtra, India",,https://www.askfinancials.com/ask-wealth-advisors,,3/2026,false,https://media.licdn.com/dms/image/v2/D5603AQHSHN-YDqjLfg/profile-displayphoto-scale_200_200/B56Zyt0PRRJMAY-/0/1772442680689?e=1788998400&v=beta&t=fXhaRYRUCLdKCYGLd04yYeTIJ8ewV5NWWoY5-xrNALA,false,12 Years of experience working at Private Wealth Outfit. Handling & maintaining Relationship with HNI & Ultra HNI Clients.Managing Wealth and offering Cross Border Wealth Solution to NRI's.Offering solution for Wealth Creation across Asset Classes in INR & USD Denomination.Helping Resident to build Overseas Global Portfolio.,713,2026-08-25 00:00:00.000 +0530,,,,,,,,,,,,,,,,,888,
Abhishek Shiva Raghava,Abhishek,Shiva Raghava,https://www.linkedin.com/in/abhishek-shiva-raghava-11ba6b23a,urn:li:member:999950567,abhishek-shiva-raghava-11ba6b23a,Bengaluru,Karnataka,India,"Bengaluru, Karnataka, India",Attentioun,Co-Founder,founders,member_urn,"We are at the breakout moment in history where creators have the power to build businesses at scale through their creativity. Attentioun helps knowledge creators, coaches, professionals create interactive newsletters-blogs & earn more from their top 100, 1000, 10K and more readers/fans. The goal is to change the way knowledge is published, consumed, and monetized on the web.",1,2019,"Technology, Information and Internet",68353377,http://www.linkedin.com/company/attentioun,"Bengaluru, Karnataka, India",,,"Creating a platform for writers to earn from multiple revenue streams, build communities, superfan base.",3/2020,false,,false,"Love to build architecture of new products using cutting edge technologies especially targeting fintech, iot, computer vision and Data heavy applications. Passion for learning and implementing new tech, extreme love towards handling, analyzing and forecasting stuff based on huge data.",1819,2026-08-25 00:00:00.000 +0530,,,,,,,,,,17,28,,,,,,889,
Akash V.,Akash,V.,https://www.linkedin.com/in/akashv001,urn:li:member:364533179,akashv001,New Delhi,Delhi,India,"New Delhi, Delhi, India",UNIEXAMS EDUCATION SERVICES PVT LTD,CEO & Managing Director,founders,member_urn,,,,,,,,,,FACULTY and Current Affairs Division HEAD Recruitment HEAD of Technical Department IIT/NEET Division opening SOON,3/2025,false,,false,"1) AI/ML/DATA Engineer 2) Master of Science in Machine Learning/Artificial Intelligence from Liverpool John Moores University 3) Executive Diploma in Machine Learning/Artificial Intelligence & Specialization in GenAI + MLOps - IIIT Bangalore 4) Entrepreneur @ UNIEXAMS EDUCATION SERVICES PVT LTD5) Cracked UPSC CSE Prelims 2022 and 2023 - in Top 1% (General category)6) IIT ISM DHANBAD (2013- 2017) - B.Tech (General Category)A results-driven professional with a B.Tech in Mineral & Metallurgical Engineering and a MINOR in Computer Science & Engineering from IIT (ISM) Dhanbad and an Executive Diploma and Specialization in Artificial Intelligence & Machine Learning from IIIT Bangalore, along with a Master’s in AI/ML from Liverpool John Moores University, UK.With a strong foundation in AI, Machine Learning, and Data Engineering, I bring an interdisciplinary approach that blends engineering principles, data-driven insights, and computational intelligence to solve complex problems.An entrepreneur and founder of UNI EXAM IAS (UNIEXAMS Education Services Pvt. Ltd.), I have demonstrated leadership, innovation, and strategic management in the EdTech sector. I am also actively engaged in real estate ventures, showcasing business acumen and an understanding of market dynamics.A two-time UPSC Civil Services Preliminary qualifier, I embody analytical rigor, perseverance, and a commitment to continuous learning. Passionate about leveraging technology, data, and innovation to drive meaningful impact across diverse industries",2993,2026-08-25 00:00:00.000 +0530,,,,,,,,,,,,,,,,,2616,
SANJUKTA SOME,SANJUKTA,SOME,https://www.linkedin.com/in/sanjuktasome,urn:li:member:801501761,sanjuktasome,Bengaluru,Karnataka,India,"Bengaluru, Karnataka, India",Aurigene Pharmaceutical Services Limited,Scientist,6-10yoe_global_indian,member_urn,"Aurigene Pharmaceutical Services is leading contract research, development, and manufacturing organization (CDMO). Built on the legacy of accelerating innovation and backed by a vast experience in drug discovery and development our mission is to relentlessly work for the success of our clients and to build long term relationships through a holistic approach to accelerate the journey of a molecule from laboratory to market. By providing access to our resources, knowledge and experience, we create success for our clients and ultimately patients. We offer integrated and standalone services for medicinal chemistry, biology, preclinical services, DMPK studies, development and manufacturing for clinical phase I-III programs, regulatory submission batches and commercial manufacturing. A differentiating factor is the integrated API and formulations service that spans from key starting material, advanced intermediates, APIs to finished products such as oral solids, sterile products, nasal solutions etc. Our development services in India are complemented by cGMP commercial manufacturing facilities in the UK, Mexico, USA and India. For more details, you can write to us at contactapsl@aurigeneservices.com For our community guidelines on LinkedIn, please visit: https://www.drreddys.com/cms/cms/sites/default/files/2024-08/Community_Guidelines_-_LinkedIn.pdf",1135,,Pharmaceutical Manufacturing,3769836,http://www.linkedin.com/company/aurigenepharmaceuticalservices,"Bengaluru, Karnataka, India","HPAPIs, Activated mPEGS, Steroids, Formulation Services (pre-formulation, DS + DP), Drug Development, biologics, Peptide, Oligonucleotides, Targeted Protein Degradation, DNA Encoded Libraries, Drug discovery, AI-assisted drug discovery, In vitro biology, DMPK, In vivo pharmacology, Microbiology, Toxicology, Custom library synthesis, Early phase development, Flow chemistry, mAbs, Bispecifics, Recombinant proteins, monoclonal antibodies, T cell redirectors, immuno-fusion molecules, Cytokines, cell line development, CGPM manufacturing, dosage formulations, solid orals, liquid orals, topical dosage , injectible formulations, ophthalmic dosage, otic dosage, nasal dosage, crystallization, polymorphism, CDMO services, CRO services, non-GMP pilot facility, and Analytical method development",http://www.aurigeneservices.com/,,6/2023,false,https://media.licdn.com/dms/image/v2/D5603AQGOeVu7l9SJHA/profile-displayphoto-shrink_100_100/profile-displayphoto-shrink_100_100/0/1705643450819?e=1788998400&v=beta&t=T5xwOzNL3838EPrXkIov-9MMTLn1jPv2b10wp-3tf7E,false,,2869,2026-08-25 00:00:00.000 +0530,,,,,,,,,,,,,,,,,890,
Dr. Saigeeta Priyadarshini,Dr. Saigeeta,Priyadarshini,https://www.linkedin.com/in/dr-saigeeta-priyadarshini-39804239,urn:li:member:134456228,dr-saigeeta-priyadarshini-39804239,Noida,Uttar Pradesh,India,"Noida, Uttar Pradesh, India",Autodesk,Partner Success Manager,10+yoe_global,member_urn,"Autodesk is changing how the world is designed and made. Our technology spans architecture, engineering, construction, product design, manufacturing, and media and entertainment. We empower innovators everywhere to solve challenges, big and small. From greener buildings to smarter products and more mesmerizing blockbusters, Autodesk software helps our customers design and make a better world for all. Over 100 million people use Autodesk software, like AutoCAD, Revit, Maya, 3ds Max, Fusion, SketchBook, and more, to unlock their creativity and solve important design, business, and environmental challenges. Our software runs on both personal computers and mobile devices. It taps the infinite computing power of the cloud to help teams around the world collaborate, design, simulate, and fabricate their ideas in 3D. We provide exceptional compensation and benefit packages, and we’d love for you to join us. We’re proud to be an equal opportunity employer, and we consider all qualiﬁed applicants without regard to race, gender, disability, veteran status, or other protected category. To see our culture in action, check out #AutodeskLife. We are headquartered in the San Francisco Bay Area and have over 10,000 employees worldwide.",15331,,Software Development,1879,http://www.linkedin.com/company/autodesk,"San Francisco, California, United States","3D Design Software and Technology, Digital Prototyping, Sustainable Design Software, Media & Entertainment, Consumer Software, PLM, Cloud, and Mobile",http://www.autodesk.com,,4/2025,false,https://media.licdn.com/dms/image/v2/D5603AQFtZ72B7uK1xQ/profile-displayphoto-shrink_100_100/profile-displayphoto-shrink_100_100/0/1706516535627?e=1788998400&v=beta&t=Pw2Fk4o6dcumSCpo66svI_tQLIWw07VYpiuBQu0l_3M,false,"I have a rich experience in the academic as well as in CAD industry, which I have spent for teaching mechanical engineering core subjects and providing training on AEC platform in reputed corporate sectors like CPWD, NTPC, HUDCO etc. Also I have handled many freelancing assignments in BIM for creating and altering of plan, elevation and render it in Photoshop.",968,2026-08-25 00:00:00.000 +0530,,,,,,,,,,,,,,,,,891,
Lokesh Choudhary,Lokesh,Choudhary,https://www.linkedin.com/in/lokeshai,urn:li:member:765237440,lokeshai,Jaipur,Rajasthan,India,"Jaipur, Rajasthan, India",Safe Diet Aid LLC,Chief Executive Officer,founders,member_urn,,,,,,,,,,,1/2024,false,,false,"I’m an entrepreneur and builder focused on the intersection of AI, content, and systems automation. Over the past few years, I’ve launched and scaled multiple AI-focused newsletters, now reaching tens of thousands of subscribers worldwide. My work centers on curating the latest tools, trends, and breakthroughs in artificial intelligence, and delivering them in a way that’s actionable for innovators, founders, and professionals. Alongside content, I design and manage AI agent systems and automation workflows that streamline operations and enhance productivity. I actively participate in AI hackathons and community initiatives, staying close to the edge of what’s possible with new technologies. What drives me is building audiences, creating high-quality products, and applying AI in ways that deliver real-world impact. Always open to conversations around AI media, automation, and growth opportunities.",3001,2026-08-25 00:00:00.000 +0530,,,,,,,,,,,,,,,,,2391,
Km Jyoti,Km,Jyoti,https://www.linkedin.com/in/km-jyoti-822501295,urn:li:member:1198626650,km-jyoti-822501295,New Delhi,Delhi,India,"New Delhi, Delhi, India",Avibay India,HR Manager,6-10yoe_global_indian,member_urn,"AS9120B, ISO 9001:2015, AVIATION SUPPLIER ASSOCIATION MEMBER, AUTHORISED DISTRIBUTERS-MOMENTIVE, AUTHORISED DISTRIBUTERS-ALGLAS, AUTHORISED DISTRIBUTERS-AERO SOLUTIONS , AUTHORISED DISTRIBUTER-MEGNALUBE, STOCKIEST.",6,2019,Airlines and Aviation,100755594,http://www.linkedin.com/company/avibay-india,"Delhi, India",,www.avibay.com,,6/2023,false,https://media.licdn.com/dms/image/v2/D4D03AQE-4xGkaSryiw/profile-displayphoto-shrink_100_100/profile-displayphoto-shrink_100_100/0/1696768098631?e=1788998400&v=beta&t=0njfQ21fEUmNWK6q5plGIGRvH75VIpJ3za9nCIOWt0A,false,,2929,2026-08-25 00:00:00.000 +0530,,,,,,,,,,,,,,,,,892,
Ankur Gupta,Ankur,Gupta,https://www.linkedin.com/in/ankur-gupta-11171423,urn:li:member:82391197,ankur-gupta-11171423,Gurgaon,Haryana,India,"Gurgaon, Haryana, India",Axtria - Ingenious Insights,Associate Director,10+yoe_global,member_urn,"Axtria is a global provider of award-winning cloud software and data analytics to the Life Sciences industry. Axtria’s solutions are used to digitally transform the entire product commercialization process, driving sales growth, and improving healthcare outcomes for patients. Our focus is on delivering solutions that help customers complete the journey from Data-to-Insights-to-Action and get superior returns from their sales and marketing investments. With a footprint in more than 75 countries, Axtria is proud to be a certified Great Place To Work(C). To learn more, visit https:/www.axtria.com/",3643,2010,Software Development,789643,http://www.linkedin.com/company/axtria,"Berkeley Heights, New Jersey, United States","Consulting, Data Analytics, Pharmaceutical, Insurance, Big Data, Commercial Operations, Incentive Compensation Management, Sales Operations Management, Sales Planning, Commercial Analytics, Pharma Analytics, Cloud Data Management, Cloud MDM, Cloud BI, Self Service BI, Artificial Intelligence, Machine Learning, Health services, Predictive Analytics, Sales Analytics, Marketing Analytics, Life Sciences, Risk Analytics, Revenue Analytics, Customer Management, and Pharmaceuticals",https://www.axtria.com,,4/2022,false,https://media.licdn.com/dms/image/v2/C5103AQEdOAqNSb8XbQ/profile-displayphoto-shrink_100_100/profile-displayphoto-shrink_100_100/0/1566128164937?e=1788998400&v=beta&t=GvZZ7DyQaqO_-JiqKuwGD7DJEqWJBBgpEdcmKF0qqI8,false,"Data Scientist having 12+ years of extensive experience in Business Analytics and Decision Sciences in Retail (Customer Lifecycle, Customer Loyalty, Personalization & Measurement, Segmentation, Propensity Model Development, Churn Model Development, Custom Insights, CRM); Pharmaceutical, Banking and Insurance domains. Key Skills: SQL, SAS, SPSS, Python MS Office – Excel / VBA, PowerPoint Statistics – Statistical Model (Linear, Logistic), Predictive modeling, Cluster Analysis, Factor Analysis, Machine Learning: Unsupervised - Clustering, Supervised - Tree based models: Decision Tree, Random Forest",809,2026-09-01 21:00:56.853 +0530,,,,,,,,,,,,ankur.gupta@dunnhumby.com,ankur.gupta@dunnhumby.com,,,,893,
Parag Gupta,Parag,Gupta,https://www.linkedin.com/in/parag-gupta88,urn:li:member:157385014,parag-gupta88,Mumbai,Maharashtra,India,"Mumbai, Maharashtra, India",Gandhar Oil Refinery India Ltd,AGM - Strategy & Business Development,founders,member_urn,India's leading company for speciality oils and lubricants.,367,1992,Oil and Gas,8162763,https://in.linkedin.com/company/gandhar-oil-refinery-india-ltd,"Mumbai, Maharashtra, India","FMCG, Speciality Oils, Automotive Oils, Industrial Oils, Transformer Oils, Hydraulic Oils, Pharmaceuticals, Cosmetics, Personal Care, Chemicals, and White Oils",http://gandharoil.com,"Own strategic support to senior leadership for planning, governance, and investment decision-making for a newly formed division Developed a 5-year strategic roadmap for the Construction, Mining, Fleet & Ports division Built divisional KPIs, dashboards, MIS, and governance frameworks for leadership reviews Prepared MD-level strategy decks, investment notes, and business review presentations Conducted market research, competitive benchmarking, and financial assessments for growth initiatives Coordinated execution with R&D, Finance, Supply Chain, Technical, and Sales teams Evaluated new growth opportunities including EV Fluids and supported leadership decision-making",4/2025,false,,false,"I am a Strategy and Business Operations professional with 13+ years of experience working closely with CXO leadership on strategic planning, board presentations, business analytics, governance, and cross-functional execution. My roles have largely been office-based and leadership-facing, involving: Supporting MDs, Business Heads, and CXOs with strategy decks, CEO briefs, and investment notes Building dashboards, MIS, and governance frameworks for performance tracking Driving digital transformation initiatives including CRM and analytics platforms Structuring and supporting strategic partnerships and special projects Acting as a bridge between leadership and cross-functional teams to ensure aligned execution I am known for converting complex data and ambiguity into structured insights that enable confident leadership decisions. With an IIT engineering foundation and an MBA from MDI Gurgaon, I bring structured thinking, strong communication, and hands-on execution capability.",3008,2026-08-25 00:00:00.000 +0530,,,,,,,,,,,,,,,,,132,
satyabrat rath,satyabrat,rath,https://www.linkedin.com/in/satyabrat-rath-064a5220,urn:li:member:74259148,satyabrat-rath-064a5220,Bastar division,,India,"Bastar division, India",NMDC Limited,Manager,10+yoe_indian,member_urn,A Navratna PSU of GOI. The largest iron ore producer of India.,1055,,Mining,864464,https://in.linkedin.com/company/nmdc-limited,"Hyderabad, Telangana, India",,http://www.nmdc.co.in,,1/2004,false,,false,,3882,2026-08-25 00:00:00.000 +0530,,,,,,,,,,,,,,,,,222,
Shubham Garg,Shubham,Garg,https://www.linkedin.com/in/shubham-garg-87119ba2,urn:li:member:364745749,shubham-garg-87119ba2,Noida,Uttar Pradesh,India,"Noida, Uttar Pradesh, India",Axtria - Ingenious Insights,Associate Director,6-10yoe_global_indian,member_urn,"Axtria is a global provider of award-winning cloud software and data analytics to the Life Sciences industry. Axtria’s solutions are used to digitally transform the entire product commercialization process, driving sales growth, and improving healthcare outcomes for patients. Our focus is on delivering solutions that help customers complete the journey from Data-to-Insights-to-Action and get superior returns from their sales and marketing investments. With a footprint in more than 75 countries, Axtria is proud to be a certified Great Place To Work(C). To learn more, visit https:/www.axtria.com/",3643,2010,Software Development,789643,http://www.linkedin.com/company/axtria,"Berkeley Heights, New Jersey, United States","Consulting, Data Analytics, Pharmaceutical, Insurance, Big Data, Commercial Operations, Incentive Compensation Management, Sales Operations Management, Sales Planning, Commercial Analytics, Pharma Analytics, Cloud Data Management, Cloud MDM, Cloud BI, Self Service BI, Artificial Intelligence, Machine Learning, Health services, Predictive Analytics, Sales Analytics, Marketing Analytics, Life Sciences, Risk Analytics, Revenue Analytics, Customer Management, and Pharmaceuticals",https://www.axtria.com,,5/2026,false,https://media.licdn.com/dms/image/v2/D5603AQGtapXHhUottA/profile-displayphoto-shrink_100_100/B56ZcAW6TtH4AU-/0/1748057697522?e=1788998400&v=beta&t=HVevU1TmMmLcZkFOtmvOS-dGC5p8Oq7W7uhWWkEQKOM,false,"As Associate Director at Axtria - Ingenious Insights, I contribute to advancing cutting-edge solutions with over six years of experience in data science and AI. My work focuses on leveraging skills in Generative AI, Recommender Systems, and Scikit-Learn to address complex business challenges and deliver impactful results. Committed to innovation, I actively engage in the exploration of emerging AI technologies to empower organizations through transformative solutions. At Axtria, I collaborate with teams to implement scalable AI frameworks, enabling growth and efficiency in diverse domains.",171,2026-09-01 21:00:56.853 +0530,,,,,,,,,,,,shubham.garg@capgemini.com,shubham.garg@techmahindra.com,,,,893,
Aashis Khetawat,Aashis,Khetawat,https://www.linkedin.com/in/aashis-khetawat-4913b531,urn:li:member:111465325,aashis-khetawat-4913b531,Kolkata,West Bengal,India,"Kolkata, West Bengal, India",Axxela,VP,10+yoe_indian,member_urn,External link for Axxela,335,,Research Services,31230738,http://www.linkedin.com/company/axxela-research-and-analytics,"Kolkata, West Bengal, India",,http://www.axxela.in,,2/2024,false,https://media.licdn.com/dms/image/v2/D4D03AQFRmTyrPp_KdQ/profile-displayphoto-shrink_200_200/B4DZbPh.aLGwAY-/0/1747238512770?e=1788998400&v=beta&t=CCv-LmgirdgIAs3pULNNebQjSLJq93jz5AQO0Z8Gm4Y,false,,1064,2026-09-01 21:00:56.853 +0530,,,,,,,,,,,,catch.aashis@gmail.com,,,,,894,
Kamlesh Meghwal,Kamlesh,Meghwal,https://www.linkedin.com/in/kkmeghwal,urn:li:member:87416150,kkmeghwal,Bengaluru,Karnataka,India,"Bengaluru, Karnataka, India",GrowthSchool,Head of Engineering,founders,member_urn,"GrowthSchool | 102,788 followers on LinkedIn. Become the top 1% professional by learning from the best in the industry | Become the top 1% professional in your industry by learning directly from the top experts doing the job that you want to do tomorrow.",292,2021,E-learning,70013224,https://www.linkedin.com/school/growthschoolio/,"Bengaluru, Karnataka, India",,https://growthschool.io/industry/marketing,"At GrowthSchool, we partner with the top 1% of instructors to create high-impact cohort-based courses on personal and professional growth for learners all over the world Contributions: Eliminated outsourced dependencies by bringing the entire technology stack in-house. Redesigned the system architecture to align with industry best practices. Migrated the containerised infrastructure from a reserved system to an auto-scaled solution (ECS) to improve scalability, efficiency, and cost-effectiveness. Implemented a standardised queue system (SQS) to manage data payloads more efficiently. Deployed a data warehouse (Redshift) to optimise the management of lead funnels. Integrated Stripe for international payments, ensuring seamless global transactions. Enhanced database throughput via auto-cleanup ETL pipelines (Gateway/Lambda/Glue), archiving (Glaciers), indexing, sharding, and various performance tuning techniques. Added database autoscaling using Aurora setup Strengthened security with the implementation of advanced security measures (WAF/Cloudflare). Migrated services from AWS to GCP to optimise costs and streamline operations. Tech: NodeJS/Go, ReactJS, Flutter, AWS/GCP, ECS, SQS, SES, RDS, Aurora, Redshift/BigQuery (Warehouse)",8/2023,false,,false,"Kamlesh did his graduation from IIT(ISM) Dhanbad in 2013. Since then Kamlesh has been working with early-age startups. Kamlesh was fortunate to be the founding member of multiple startups in domains such as CIAM, AdTech, B2B, B2C, B2BC, Artificial Intelligence, and Blockchain. Kamlesh wears multiple hats and has diverse experience working on numerous tech stacks. Kamlesh had excellent experience with server-side(such as C#, Java, NodeJS, Golang), client-side(Vanilla, KnockoutJS, AngularJS 1, ReactJS), database(SQL Server, Postgres, MySQL, MongoDB, Redis, LevelDB). Kamlesh also holds good exposure to SEO and helped multiple startups ramp up their SERP. Kamlesh also mentors multiple startups across the globe and has made quite a few investments as well.",3010,2026-08-25 00:00:00.000 +0530,,,,,,,,,,,,,,,,,791,
Kush Mistry,Kush,Mistry,https://www.linkedin.com/in/2707-kush-milkesh-mistry,urn:li:member:1116731316,2707-kush-milkesh-mistry,Vadodara,Gujarat,India,"Vadodara, Gujarat, India",Bada Business Pvt. Ltd.,Business Advisor,founders,member_urn,"Dr. Vivek Bindra is an internationally recognized Motivational Speaker, Leadership Consultant, and Business Coach. His YouTube channel is World’s No. 1 Most Subscribed YouTube Channel in terms of Entrepreneurship & Leadership Development with more than 22.5 M+ subscribers globally. He is the Founder & CEO of Bada Business Pvt. Ltd. An ed-tech company that aims to Empower Indian Entrepreneurs, Solopreneurs, and Wannapreneurs (students) to transform their businesses and careers. Dr. Vivek Bindra, CEO, and founder of Bada Business is one of the World`s Greatest Influencers, an International Motivational Speaker, Leadership Consultant, Corporate trainer & Inspirational Business coach who has created 11 World Records including 9 Guinness World Records for the largest webinars on distinct topics. A monk-turned-entrepreneur, he has been awarded Honorary Ph.D. Degree, Doctor of Philosophy. He is a trusted advisor to around 1,500+ corporates and keeps on inspiring millions of people across the country. He has been instrumental in providing CEO coaching to over 100 Top CEOs in the country. Helping MSME Business owners Grow 10x with our Leadership Funnel Program For Collaboration collab@badabusiness.com 9560278611",9234,2019,Education Administration Programs,10054110,http://www.linkedin.com/company/badabusiness,"Delhi, India","EdTech, Enabling Entrepreneurs, and Business Consulting",https://official.badabusiness.com/lfp-linkdin,,9/2025,false,,false,,3940,2026-08-25 00:00:00.000 +0530,,,,,,,,,,,,,,+917984399849,,,896,
reena kumari,reena,kumari,https://www.linkedin.com/in/reena-kumari-5b6a2816,urn:li:member:56292186,reena-kumari-5b6a2816,Dhanbad,Jharkhand,India,"Dhanbad, Jharkhand, India","ISM, DHANBAD",JRF,10+yoe_indian,member_urn,,,,,,,,,,,7/2011,false,,false,,3883,2026-08-25 00:00:00.000 +0530,,,,,,,,,,,,,,,,,2030,
Gyanendra Bharti,Gyanendra,Bharti,https://www.linkedin.com/in/gyanendra-bharti,urn:li:member:730020829,gyanendra-bharti,Gurgaon,Haryana,India,"Gurgaon, Haryana, India",Badho,Co-founder & Business Head,founders,member_urn,"Badho is building a smarter commerce ecosystem for India’s FMCG and commodity trade. Badho helps brands connect with buyers across India, while continuing to work alongside existing trade channels. Through Badho platform, brands can list their catalogue, receive orders from buyers, manage fulfilment from their existing warehouse or supply location, and build additional demand across markets without disturbing their current distribution network. Our platform brings together brands, retailers, resellers, institutions, business buyers, and other wholesale-like buyers in one digital ecosystem. From product discovery and order generation to pickup coordination, delivery support, tracking, buyer communication, and settlement, Badho enables a cleaner and more transparent way for brands to move products across markets. For brands, Badho opens access to new-age wholesale demand beyond conventional retail channels. For buyers, it creates a simpler way to discover and source products directly from trusted brands and sellers. Badho also powers logistics support through Badho Delivery, helping distributors manage deliveries with greater reliability, tracking visibility, and operational control. At Badho, we believe India’s traditional trade does not need to be replaced; it needs smarter infrastructure. We are building the technology, marketplace access, and fulfilment layer that helps brands expand faster, buyers source better, and trade moves with more visibility, trust, and efficiency.",81,2023,Software Development,83044135,http://www.linkedin.com/company/badho,"Gurugram, Haryana, India","Retail, FMCG, General Trade, and Consumer Goods",www.badho.in?utm_source=linkedIn&utm_medium=company+page,,2/2023,false,,false,,3659,2026-08-25 00:00:00.000 +0530,,,,,,,,,,17,28,,,,,,897,
SMPS ELECTRIC (Team of IIT Alumini),SMPS ELECTRIC,(Team of IIT Alumini),https://www.linkedin.com/in/smpselectric,urn:li:member:916284331,smpselectric,Bhubaneswar,Odisha,India,"Bhubaneswar, Odisha, India",SMPS ELECTRIC CONTROL PVT LTD,Chief Executive Officer,founders,member_urn,,,,,,,,,,,1/2021,false,,false,"At SMPS ELECTRIC CONTROL PVT LTD, our team has been advancing the field of power electronics since. I started my carrier with industrial power electrics and drives, design, an u manufacturing since 2007. With a PhD focused on microgrid applications, I have steered the company's innovation in a stable switched mode power supplies (SMPS), contributing to critical installation efficiencies. Our mission to deliver robust and sustainable electric control solutions is grounded in a strong academic foundation and a passion for real-world applications. Through collaboration and dedication, we aim to remain at the forefront of electrical innovation, harnessing the power of microgrids to meet the evolving demands of the industry.",3017,2026-08-25 00:00:00.000 +0530,,,,,,,,,,,,,,,,,2481,
Rishi Singhal,Rishi,Singhal,https://www.linkedin.com/in/rishisinghal92,urn:li:member:101735204,rishisinghal92,Gurugram,Haryana,India,"Gurugram, Haryana, India",Badho,Co-Founder & CEO,founders,member_urn,"Badho is building a smarter commerce ecosystem for India’s FMCG and commodity trade. Badho helps brands connect with buyers across India, while continuing to work alongside existing trade channels. Through Badho platform, brands can list their catalogue, receive orders from buyers, manage fulfilment from their existing warehouse or supply location, and build additional demand across markets without disturbing their current distribution network. Our platform brings together brands, retailers, resellers, institutions, business buyers, and other wholesale-like buyers in one digital ecosystem. From product discovery and order generation to pickup coordination, delivery support, tracking, buyer communication, and settlement, Badho enables a cleaner and more transparent way for brands to move products across markets. For brands, Badho opens access to new-age wholesale demand beyond conventional retail channels. For buyers, it creates a simpler way to discover and source products directly from trusted brands and sellers. Badho also powers logistics support through Badho Delivery, helping distributors manage deliveries with greater reliability, tracking visibility, and operational control. At Badho, we believe India’s traditional trade does not need to be replaced; it needs smarter infrastructure. We are building the technology, marketplace access, and fulfilment layer that helps brands expand faster, buyers source better, and trade moves with more visibility, trust, and efficiency.",81,2023,Software Development,83044135,http://www.linkedin.com/company/badho,"Gurugram, Haryana, India","Retail, FMCG, General Trade, and Consumer Goods",www.badho.in?utm_source=linkedIn&utm_medium=company+page,,3/2023,false,,false,Do it with passion or why do it all.,1392,2026-08-25 00:00:00.000 +0530,,,,,,,,"919837173227, 919968714989",,17,28,,,,,,897,
Naveen Ranjan,Naveen,Ranjan,https://www.linkedin.com/in/naveenranjan,urn:li:member:20175627,naveenranjan,Bengaluru,Karnataka,India,"Bengaluru, Karnataka, India",Sparkflows,"Executive Vice President of Sales (AMEA; Asia Pacific, Middle East & Africa)",founders,member_urn,"Sparkflows provides Self-Serve Data Science Platform for AI+Gen AI Our Vision: Become the best integrated self-service platform for citizen data analysts and scientist to derive insights from data across the enterprise in a seamless end-to-end experience. *Business Problems Sparkflows is Going After:* -- 1/ Data is growing at an accelerated rate and silos of data are emerging. Secondly, the growing options for compute clusters that support different types of workloads, makes it hard for organizations to understand and leveraging the most optimal compute to power data-driven decisions across the enterprise. 2/ Building data applications has a steep learning curve and the proliferation of fast evolving platforms and tools at different altitudes of the technology stack, requires users to develop several new skills and makes it challenging to solve for the business needs in a seamless manner and further slows down the journey of an organization towards becoming data-driven. 3/ Customers are trying to move fast at various levels of the organization and adopting various technologies without fully understanding the incompatibilities and only solve for a part of the E2E user journey. This further complicates the E2E user journey, forcing more integrations and drastically delaying time to value. *Sparkflows Offering: A self-serve data analytics platform called Fire Insights* -- 1/ A drag and drop workflow designer to minimize coding to create an E2E data application. 2/ A large number of connectors and processors to connect with diverse data sources, understand schema, prep and blend data, train and manage ML models. 3/ With native integrations to enable push-down analytics to Snowflake, Databricks and AWS Glue etc. Sparkflows’ enables users to execute data applications on the most appropriate compute cluster or on customers' choice of compute.",37,2016,Software Development,7960649,https://www.linkedin.com/company/sparkflows,"San Jose, California, United States","Apache Spark, Hadoop, Kafka, Data Pipelines, Streaming, Workflows, machine learning, Self-Serve Big Data, Big Data Analytics, Big Data Engineering, Data Science, Citizen Data Science, and Generative AI",https://www.sparkflows.ai,"Sparkflows provides ""Self Service Enterprise AI platform"", which can be used by Analyst, Data Scientist and Data Engineer. It accelerates big data analytics and build ML models 10x to 20x faster.",2/2016,false,,false,"Naveen is a highly motivated seasoned IT professional with extensive experience in leading and delivering projects and products keeping focus on customer experience and quality. Specialties: Managing Offshore Development Centre (ODC), Global Operations / Delivery management, Team building and mentoring, Capability building, Data Analytics, Machine Learning, Data Architecture & Risk Management.",3028,2026-08-25 00:00:00.000 +0530,,,,,,,,,,,,,,,,,718,
Shubhi T.,Shubhi,T.,https://www.linkedin.com/in/shubhitiw2001,urn:li:member:783257629,shubhitiw2001,Uttar Pradesh,,India,"Uttar Pradesh, India",Bajaj Auto Ltd,Graduate Engineering Trainee,founders,member_urn,"A journey that began 75 years ago in a corner of India and has since traversed the world over. Uniting people from across countries, cultures, and customs over the years with a multitude of different dreams, there's power in an idea. An idea that gave rise to brands that stood the test of time, with partnerships it inspired, and the people who made it all happen. One idea that sparked a legacy - this is the story of Bajaj Auto. “Do what you think is best, but be the best in what you do.” - Kamalnayan Bajaj These words embody the spirit of Bajaj Auto. From 1945 to today, from “Hamara Bajaj” to “The World’s Favourite Indian”- the most loved motorcycle brand in almost 80 countries, Bajaj Auto carries its rich legacy and unconventional thinking, with a penchant for staunch differentiation. This philosophy has helped us be No.1 or No.2 in over 20 countries with industry-leading EBITDA of ~20%. Some statistics that reflect our strength: A Zero Debt 5.5 Billion Dollar Company World’s largest three-wheeler and third-largest two-wheeler manufacturer India’s Number 1 motorcycle exporter – 2 out of every 3 motorcycles exported are Bajaj The largest exporter of Branded Goods – exporting over half of India’s two and three-wheelers Over 33% of revenue from International markets with 15+ million motorcycles sold With powerful brands, our spectrum ranges from Boxer in Africa to KTM in Europe, from Rouser in Latin America to Pulsar in India, our versatility is evident. International alliances with KTM, Husqvarna, and Triumph have ensured that our horizons are broadened. A pioneer in motorcycle technology, our R&D is world-class with talent from all corners of the globe with TPM being the prime mover of productivity for the last 25+ years. From lean manufacturing, we have now moved to lean engineering & lean marketing, which has led to globally competitive fixed costs. With ever-expanding plans to win over the world, the sun truly never sets on a Bajaj Motorcycle.",21575,1945,Manufacturing,11807,http://www.linkedin.com/company/bajaj-auto-ltd,"Pimpri Chinchwad, Maharashtra, India","Profitability, Sales & Marketing, Lean Manufacturing, Innovation, Sharp Brands, World Class R&D, Pulsar, Avenger, Dominar, V, Boxer, Qute, RE, Discover, Platina, CT 100, KTM, Husqvarna, Chetak, Global, and International Business",www.bajajauto.com,,7/2023,false,,false,"Hello, This is Shubhi. I am a versatile and calm individual with a passion for continuous learning. As a quick learner, I thrive on exploring new challenges and opportunities. In my free time, I indulge in my love for sports, particularly football and badminton, which keeps me active and engaged. Besides sports, I have a hobby of reading books and articles that broaden my horizons. My academic journey has given me valuable experience in team leadership. As a dedicated person with a proactive approach, I am always open to take on new responsibilities and contribute to the success of any project or organization I am a part of. I am open to connecting with like-minded individuals who share a passion for growth, teamwork, and making a positive impact in the world. Let's connect and explore new possibilities together!",1386,2026-08-25 00:00:00.000 +0530,,,,,,,,,,,,,,,,,898,
Abhishek Pathak,Abhishek,Pathak,https://www.linkedin.com/in/abhishek-pathak-1369597,urn:li:member:23260794,abhishek-pathak-1369597,Pune District,Maharashtra,India,"Pune District, Maharashtra, India",Bajaj Finserv,Sr Business Head - Merchant Acquiring,10+yoe_indian,member_urn,"Founded in April 2007, Bajaj Finserv is the financial arm of the Bajaj group. We believe in a simple philosophy to never settle for good and go for great. This reflects in our extensive product portfolio that spans across 3 broad categories- lending, insurance and wealth advisory. With 24 products spread across 12 product lines, we're one of the fastest growing and most diversified NBFCs in India. Our footprint spans the length and breadth of India.",72915,2007,Financial Services,1092003,http://www.linkedin.com/company/bajaj-finserv-lending,"Pune City, Maharashtra, India","Lending, Wealth Management, Insurance, and Deposits",http://www.bajajfinserv.in,,10/2025,true,https://media.licdn.com/dms/image/v2/D4D03AQFVkvWNPtI0YA/profile-displayphoto-scale_200_200/B4DZkEHh7OGsAY-/0/1756710709682?e=1788998400&v=beta&t=SOV76WsQHzgODABPZ8foqo3PfmZlBigTj_U1hTRQ4Jg,false,"Leading the payments acquiring division at Bajaj Finserv, my focus is on spearheading strategic growth and nurturing key relationships. With a robust background in fintech and a knack for identifying market opportunities, my team has successfully expanded our digital payments footprint. At the core of my professional ethos lies a commitment to customer satisfaction and driving revenue through innovative business development strategies. My expertise in CRM and key account management is complemented by a passion for building and scaling high-performing teams.",1294,2026-09-01 21:00:56.853 +0530,,,,,,,,,,,,aby.pathak@gmail.com,,,,,899,
Dr.Rajib Mohapatra,Dr.Rajib,Mohapatra,https://www.linkedin.com/in/dr-rajib-mohapatra-1bb44824,urn:li:member:84699935,dr-rajib-mohapatra-1bb44824,Jaleswar,Odisha,India,"Jaleswar, Odisha, India",Balasore Alloys Limited,President,10+yoe_indian,member_urn,External link for Balasore Alloys Limited,640,1984,Metal Ore Mining,2019815,http://www.linkedin.com/company/balasore-alloys-limited,"Remuna, Odisha, India","Ferro Alloys Manufacturing, High Carbon Ferro Chrome, Stainless Steel Raw Materials, Ferrochrome Export, Sustainable Metal Production, Steel Industry Supplier, and Indian Ferro Alloys Leader",http://www.balasorealloys.com,"Production Planning, Knowledge Management & Business Excellence",1/2025,false,https://media.licdn.com/dms/image/v2/C4D03AQH6_cjZaPYXNQ/profile-displayphoto-shrink_100_100/profile-displayphoto-shrink_100_100/0/1517074889974?e=1788998400&v=beta&t=eTEOOFnGKBqFE6y-gjIlLULs0VqUX9ADB-bfZ-CGlcw,false,"Highly experienced in Industrial Engineering, Re-Engineering, Value Engineering, Value Analysis and Strategy. More than 28 years experience in Business Excellence, strategic planning ,Operational Planning and Excellence, Strategic Cost Reduction initiatives etc. As a Six Sigma Master Black belt , handled many complicated operational issues of the organisation in Ferro Alloys Manufacturing , Chromite ore mining and ore beneficiation Process. Experienced in Budgeting, Costing and Variance Analysis. Loss Cost Matrix",1018,2026-08-25 00:00:00.000 +0530,,,,,,,,,,,,,,,,,900,
SANJAY DUBEY,SANJAY,DUBEY,https://www.linkedin.com/in/sanjay-dubey-58361a331,urn:li:member:1401958323,sanjay-dubey-58361a331,Varanasi,Uttar Pradesh,India,"Varanasi, Uttar Pradesh, India",Bank of Baroda,Chief Manager,10+yoe_indian,member_urn,"Founded in 1908 by Maharaja Sir Sayaji Rao Gaekwad III, Bank of Baroda is a top notch Public Sector Bank with a business of around Rs.10 trillion and network of 8100+ branches of which 105 overseas branches / offices are located in 17 countries excluding India spanning across Europe, US, Africa, Asia and Australia. Our mission is to be a top ranking National Bank of International Standards committed to augmenting stakeholders' value through concern, care and competence. Nurturing enduring relationships with all its stakeholders since 1908 is a reflection of Bank’s commitment to fuelling inclusive growth, fulfilling entrepreneurial dreams and meeting aspirations of generations around the globe. To make Banking experience more engaging and convenient, Bank has constantly reinvented its host of products, services, providing effective service to our customers through its 25000+ touch points including Branches, ATMs, E-lobbies, Special Mortgage Stores, SME Loan Factories, Agri. Loan Factories and Corporate Financial Services. Customer Centricity’ and ‘Growth with quality’ have been the driving philosophy of Bank of Baroda yielding rich dividends to all its stakeholders year after year, besides meeting ever growing aspirations of its customers. Social Media Policy: https://bit.ly/BOBSMP",36025,,Banking,162635,http://www.linkedin.com/company/bankofbaroda,"Mumbai, Maharashtra, India","Wholesale Banking, SME Banking, Retail Banking, Rural/Agri Banking, Wealth Management, Merchant Banking, and Personal Banking",https://bankofbaroda.bank.in,,6/2025,false,https://media.licdn.com/dms/image/v2/D5603AQFv6r_pE4O1dw/profile-displayphoto-shrink_100_100/profile-displayphoto-shrink_100_100/0/1730307404264?e=1788998400&v=beta&t=2PjTPZ9cJYWvPvhf76rqmItFGqXeGgS46XrxTUVYDqQ,false,,1956,2026-08-25 00:00:00.000 +0530,,,,,,,,,,,,,,,,,902,
Praveen Kumar,Praveen,Kumar,https://www.linkedin.com/in/praveen-kumar-37692319,urn:li:member:64992330,praveen-kumar-37692319,Dhanbad,Jharkhand,India,"Dhanbad, Jharkhand, India",Bank of India,Assistant Manager,10+yoe_indian,member_urn,"Welcome to Bank of India's official LinkedIn page! Join us & stay tuned to learn about our products, exciting offers & latest happenings. Bank of India was founded on 7th September, 1906 by a group of eminent business professionals from Mumbai. The Bank was under private ownership and control till July 1969 when it was nationalized along with 13 other banks. Beginning with one office in Mumbai, with a paid-up capital of Rs.50 lakh and 50 employees, the Bank has made a rapid growth over the years and blossomed into a mighty institution with a strong national presence and sizable international operations. In business volume, the Bank occupies a premier position among the nationalized banks. The Bank has over 5100 branches in India spread over all states/ union territories including specialized branches. These branches are controlled through 68 Zonal Offices and 12 NBG Offices. There are 23 foreign branches, 4 foreign subsidiaries, 1 representative office and 1 joint venture abroad.",17012,1906,Banking,80751496,http://www.linkedin.com/company/bankofindiaofficial,"Mumbai, Maharashtra, India",,https://bankofindia.bank.in/,,7/2013,false,,false,,3798,2026-08-25 00:00:00.000 +0530,,,,,,,,,,,,,,,,,903,
Sanjay Kumar Singh,Sanjay,Kumar Singh,https://www.linkedin.com/in/sanjay-kumar-singh-a2b2a329,urn:li:member:99249155,sanjay-kumar-singh-a2b2a329,West Bengal,,India,"West Bengal, India",BCCL,Technical Director,10+yoe_global,member_urn,"BCCL specializes in consultancy, coaching and training programs tailored for operational staff and middle management. All with emphasis on the practical and ‘to the point’- oriented approach. For the standing program for logistics training , BCCL co-operates as an accredited partner with OTM – Belgian Shippers’ Council, sector funds Vibam, Vormetal, OBMB, Limob, IPV, Ivoc, Cobot, Fondsen voor Vorming Chemische Nijverheid and Logos. We select and agree with you the relevant training modules to meet the needs of your business. BCCL stands for direct and open communication. New and unique: - Online testing about 'Incoterms 2010' - Online training 'Incoterms 2010' Information? Karine Van Hoegaerden: +32 9 282 98 44 or +32 477 222 367 Email: karine@bccl.be",644,1997,"Transportation, Logistics, Supply Chain and Storage",5181262,http://www.linkedin.com/company/bccl,"Ghent, Flemish Region, Belgium",,http://www.bccl.be/bccl.html,,2/2022,false,,false,Retired From Director Technical BCCL Worked as General Manager Amrapali á 20Mty Area Worked as General Manager S P Mines Area Have worked as General Manager of Rajmahal Area 17MT OCP Have worked as Head of Contract Management Cell at Corporate Office Have worked in Project Planning Dept at Corporate Office,1588,2026-08-25 00:00:00.000 +0530,,,,,,,,,,,,,,,,,904,
Satyesha Simha,Satyesha,Simha,https://www.linkedin.com/in/satyesha-simha-bb543018,urn:li:member:60778937,satyesha-simha-bb543018,Bengaluru,Karnataka,India,"Bengaluru, Karnataka, India",BEML LIMITED,Chief General Manager,6-10yoe_global_indian,member_urn,,1104,,Government Administration,1598271,http://www.linkedin.com/company/beml-limited,,,,"Chief General Manager (Marketing), Incharge for Equipment Sales, Spare Parts sales and Service operation - Head of Marketing. Business - ₹ 1500 Cr per annum. Manpower - 1200 Executives reporting to include CGMs, GMs, DGMs, AGMs etc.",7/2018,false,https://media.licdn.com/dms/image/v2/D5603AQHulxIoGKFVYw/profile-displayphoto-shrink_100_100/profile-displayphoto-shrink_100_100/0/1683954624859?e=1788998400&v=beta&t=I79qo8qnf8V3GVCjVAfY6hNH90K--LJTpt9GitEYfr8,false,"Since 02.07.2018 working at BEML Ltd. as Chief General Manager ( Marketing ) in Mining and Construction business vertical, In-charge for Business turnover of approximately INR 1550 Crores per annum from 12 Regional Offices, 15 District Offices and 8 Activity Centers spread across India. Business elements - Sales of Equipment, Spare Parts and Service and upkeep of equipment mainly in domestic Mining Sector. Reporting to Director ( Mining and Construction ).",64,2026-08-25 00:00:00.000 +0530,,,,,,,,,,,,,,,,,905,
Ashutosh Kumar,Ashutosh,Kumar,https://www.linkedin.com/in/ashutoshkumar0547,urn:li:member:246587286,ashutoshkumar0547,Bengaluru,Karnataka,India,"Bengaluru, Karnataka, India",BBY India,Data Visualization Designer,founders,member_urn,"Best Buy™ India is a vibrant hub of tech talent, where we're driving innovation and accelerated business outcomes for Best Buy, our customers, employees and partners every day. Our inclusive culture empowers you to learn, grow, collaborate and make a real impact. Best Buy is North America's No. 1 tech specialty retailer, with approximately $42 billion in annual revenue and 85,000 employees worldwide. Our purpose is to enrich lives through technology, and we do that by helping personalize and humanize technology for millions of customers in our stores, online and in their homes. We're solving real human needs and helping serve our customers, employees, and partners in new ways every day. All employees at Best Buy™ India work for BBY Services India LLP, which is owned and operated by subsidiaries of Best Buy Co. Inc.",281,,Retail,104403242,http://www.linkedin.com/company/best-buy-india,"Bengaluru, Karnataka, India",,https://bit.ly/best-buy-india-,,2/2025,false,,false,"Analytical and detail-oriented Data Analyst with a strong background in Business Intelligence (BI) development, skilled at transforming complex datasets into actionable insights. Adept at crafting impactful data stories that drive strategic decision-making and enhance customer satisfaction. Proven ability to design and deliver robust dashboards, reports, and data models using leading BI tools, ensuring accuracy, efficiency, and clarity. Recognized for bridging the gap between data and business needs by delivering solutions that not only meet technical requirements but also empower stakeholders to make informed, customer-focused decisions. Excellent team-player and a good team lead.",2016,2026-08-25 00:00:00.000 +0530,,,,,,,,,,,,,,,,,906,
Avinash Pratap Meena,Avinash Pratap,Meena,https://www.linkedin.com/in/avinash-pratap-meena-447353a2,urn:li:member:365146039,avinash-pratap-meena-447353a2,Dhanbad,Jharkhand,India,"Dhanbad, Jharkhand, India",kartavya,Volunteer,10+yoe_indian,member_urn,,,,,,,,,,,,false,,false,,3885,2026-08-25 00:00:00.000 +0530,,,,,,,,,,,,,,,,,2063,
Ashok Singh,Ashok,Singh,https://www.linkedin.com/in/ashok-singh-9a11a59,urn:li:member:27340105,ashok-singh-9a11a59,Bokaro,Jharkhand,India,"Bokaro, Jharkhand, India",Coal india limited,Chief General Manager,10+yoe_indian,member_urn,,,,,,,,,,,9/1976,false,,false,,3886,2026-08-25 00:00:00.000 +0530,,,,,,,,,,,,,,,,,1684,
Shashi Yadav,Shashi,Yadav,https://www.linkedin.com/in/shashi-yadav-3198ba4a,urn:li:member:175423557,shashi-yadav-3198ba4a,,,Greater Delhi Area,Greater Delhi Area,Independent Professional,Senior Projects Leader | Industrial & Clean Energy Assets,founders,member_urn,,,,,,,,,,Exploring senior projects leadership opportunities in manufacturing and clean-energy sectors.,1/2026,false,,false,"Senior projects leader with 15+ years of experience delivering large-scale industrial, manufacturing, and clean-energy assets across India. Proven expertise in end-to-end project delivery, including feasibility inputs, EPC coordination, capex planning and control (₹210+ Cr), statutory and safety compliance, construction, commissioning, and handover to operations. Strong experience in manufacturing plant setup and expansion, multi-disciplinary engineering integration (civil, PEB, MEP, utilities, process), and contractor governance across capital-intensive projects. Known for ensuring predictable execution, compliance-by-design, and strong control over cost, schedule, and quality. Currently exploring senior projects leadership roles where scale-up execution, operational readiness, and disciplined project governance are critical.",3049,2026-08-25 00:00:00.000 +0530,,,,,,,,+919036191787,,,,,,+919036191787,,,1975,
Manu Gupt,Manu,Gupt,https://www.linkedin.com/in/manugupt,urn:li:member:18868813,manugupt,,,Greater Delhi Area,Greater Delhi Area,Betterway,Co-Founder,founders,member_urn,"Betterway is an outcome-driven, science-backed healthcare for chronic health & lifestyle disorders. We are a full stack solution, owning patient success. Our treatment is deeply rooted in the Ayurvedic science of holistic and natural approach of healing.",64,2023,Health and Human Services,96690348,http://www.linkedin.com/company/betterwayco,"Gurugram, Haryana, India",,thebetterway.co,Betterway is an outcome-driven healthcare for chronic lifestyle disorders.,7/2023,true,,false,"Building BetterWay! BetterWay is a consumer healthcare platform, that solves the need for outcome-driven, Lifestyle disorders through evidence-based Ayurved + professional-tech-driven healthcare, at an accessible price and locally available to Urban Indians. In the past, I have been building Offline to Online full-stack platforms. As a founding core leader of Lenskart & Urban Company, built-&-scaled the Demand, the Business & the Brand with deep consumer love, dominant in a highly unorganized market, on self-sustainable unit economics. Please join us at betterpeople@thebettterway.co",3347,2026-08-25 00:00:00.000 +0530,,,,,,,,447455410285,,17,28,betterpeople@thebettterway.co,betterpeople@thebettterway.co,,,,907,
Abhishek Kumar,Abhishek,Kumar,https://www.linkedin.com/in/abhishek-kumar-980724a6,urn:li:member:378025584,abhishek-kumar-980724a6,West Bengal,,India,"West Bengal, India",Coal India Limited,Deputy Manager(E&M),founders,member_urn,Notice - This is not an official page of Coal India Limited. We are in the process of taking it down. Thanks,8168,1975,Mining,574498,https://in.linkedin.com/company/coal-india-limited,"Kolkata, West Bengal, India",,,Looking after maintenance of Electrical and Mechanical Equipments,1/2024,false,,false,Founder of an NGO “Nurturing Buds”,3045,2026-08-25 00:00:00.000 +0530,,,,,,,,,,,,,,,,,86,
Jai Jalan,Jai,Jalan,https://www.linkedin.com/in/jai-jalan-better-marketing,urn:li:member:1311835180,jai-jalan-better-marketing,Jaipur,Rajasthan,India,"Jaipur, Rajasthan, India",Better Marketing,Founder,founders,member_urn,,,,,105398868,http://www.linkedin.com/company/bettrmktg,,,,,1/2024,true,,false,"If you’ve scrolled down till here, I have already intrigued you and you know about me enough. Let’s make this part about you. Are you also tired of Software that’s just code and not currency? A Clutch Study conducted in 2022 says 42% businesses are dissatisfied with the Software solutions they have. Because those Software Products are: Clunky Useless Confusing Which means, they: Bleed resources Frustrate users Stifle growth But I believe your Software product should not be a burden, but a solid foundation that: Fuels your business Doesn't break in future Drives user engagement Makes lives of your team and users easier And that’s where I come in. A 15+ years experienced Software Engineer who’s not just an IITian with fancy credentials but a passionate problem solver. I code not for you but for your market, your users and to solve their real-world problems. And here's how I have helped other Small/Mid level enterprises like you: - Raised a Dental Support organization over $120Mn revenue - Drew a solar installation business to over $100Mn revenue - Helped a home mortgage company to become a unicorn - Helped a Ranch management software to be acquired My clients say I am better than 99% others because: I don’t build for paychecks, I build for impact I am an entrepreneur myself and speak your language I write code that works not just looks good on slide deck And, if you want your Software Product to be solid as rock, I am your person. Book a 1:1 call and let’s talk how we can make it happen for your business.",3415,2026-08-25 00:00:00.000 +0530,,,,,,,,,,17,28,,,,,,908,
Sanjay Kumar Singh,Sanjay Kumar,Singh,https://www.linkedin.com/in/sanjay-kumar-singh-89369239,urn:li:member:136053615,sanjay-kumar-singh-89369239,Surguja,Chhattisgarh,India,"Surguja, Chhattisgarh, India",BHARAT COKING COAL LIMITED,Director Technical BCCL,10+yoe_indian,member_urn,External link for BHARAT COKING COAL LIMITED,416,,Mining,8107054,http://www.linkedin.com/company/bharat-coking-coal-limited,"Baliapur, Jharkhand, India",,http://www.bccl.gov.in,,10/2023,false,https://media.licdn.com/dms/image/v2/C4D03AQHWD_BM6tLC0g/profile-displayphoto-shrink_100_100/profile-displayphoto-shrink_100_100/0/1645374293180?e=1788998400&v=beta&t=X_yQZINARzbn1AFAdiuM1RXhULQUnDEwsUBiBzMbb9U,false,"IIT (ISM) graduate professional offering over 29 years of experience in Leadership Role. Currently Managing Coal Cluster with operating mine of 15 MTPA coal & 100 MTPA overall material handling, 2 wash plant and 79KM Rail Infrastructure. Setting up of 3 Green Field Projects- 2 Project for RRVUL (Parsa Coal Block 5 million Ton Capacity, Kante Extension 9 million Ton Capacity) , 1 Project for CGSPDL (Gidhmuri Paturia Million ton Capacity) Expertise in Government Liaison and statutory approvals. Expertise in nation and International Mining and environmental Laws. Provided leadership to Corporate Social Activities around the leasehold area. Good experience of overturning the downturn business to profitable. Good team Building ability. Internal and external stakeholder management: key communities, statutory bodies, employee representatives, academicians and industry leaders",1041,2026-08-25 00:00:00.000 +0530,,,,,,,,,,,,,,,,,909,
Harendra. Mishra,Harendra.,Mishra,https://www.linkedin.com/in/harendra-mishra-0a96ba134,urn:li:member:551159553,harendra-mishra-0a96ba134,Dhanbad,Jharkhand,India,"Dhanbad, Jharkhand, India",BHARAT COKING COAL LIMITED,General Manager - Eastern Washery Zone (EWZ),10+yoe_indian,member_urn,External link for BHARAT COKING COAL LIMITED,416,,Mining,8107054,http://www.linkedin.com/company/bharat-coking-coal-limited,"Baliapur, Jharkhand, India",,http://www.bccl.gov.in,,8/2020,false,https://media.licdn.com/dms/image/v2/C4D03AQFPwULjfJST1A/profile-displayphoto-shrink_100_100/profile-displayphoto-shrink_100_100/0/1517250639833?e=1788998400&v=beta&t=ERnuefPHdwJznSH84vxrPdCSyGyRReOxzjYBDhfHIzU,false,"Experienced professional with a demonstrated history of working in the mining & metals industry. Skilled in Project Management, Operations Management, People Management, Customer Service, Engineering, and Strategic Planning. Strong entrepreneurship professional with a Master’s Degree focused in Mineral Processing from the Indian Institute of Technology (Indian School of Mines), Dhanbad.",1042,2026-08-25 00:00:00.000 +0530,,,,,,,,,,,,,,,,,909,
Jayendra Singh,Jayendra,Singh,https://www.linkedin.com/in/jayendra-singh-ba02234b,urn:li:member:176719080,jayendra-singh-ba02234b,Thane,Maharashtra,India,"Thane, Maharashtra, India",Pipeline Infrastructure Limited,Chief General Manager,10+yoe_indian,member_urn,External link for Pipeline Infrastructure Limited,334,2019,Oil and Gas,31132238,http://www.linkedin.com/company/pipeline-infrastructure-limited,"Mumbai, Maharashtra, India","Natural Gas, Natural Gas Transportation, Pipeline, City Gas Distribution, Refineries, Fertilizers, Petrochemicals, Power, and Liquid Hydrocarbon",http://www.pipelineinfra.com,,4/2025,false,,false,,3891,2026-08-25 00:00:00.000 +0530,,,,,,,,,,,,,,,,,1279,
Sachin Saxena,Sachin,Saxena,https://www.linkedin.com/in/sachin-saxena-84775b78,urn:li:member:276576247,sachin-saxena-84775b78,Raipur,Chhattisgarh,India,"Raipur, Chhattisgarh, India",TMC Mineral Resources Pvt Ltd,Executive Director,10+yoe_indian,member_urn,Technoblast Mining Corporation,76,,Mining,76209987,https://in.linkedin.com/company/tmc-mineral-resources-pvt-ltd,"Raipur, Chhattisgarh, India",,http://www.tmcmining.com/,,11/2015,false,,false,,3892,2026-08-25 00:00:00.000 +0530,,,,,,,,,,,,,,,,,301,
Shrikant Singh,Shrikant,Singh,https://www.linkedin.com/in/shrikant-singh-55b197a2,urn:li:member:364738391,shrikant-singh-55b197a2,Ghaziabad,Uttar Pradesh,India,"Ghaziabad, Uttar Pradesh, India",Bharat Electronics,Deputy Manager,10+yoe_global,member_urn,"Bharat Electronics Limited (BEL) was established at Bangalore, India, by the Government of India under the Ministry of Defence in 1954 to meet the specialised electronic needs of the Indian defence services. Over the years, it has grown into a multi-product, multi-technology, multi-unit company serving the needs of customers in diverse fields in India and abroad. R&D engineers are engaged in the development of new products, cutting edge technology modules, subsystem, processes & components in the following major areas:- - Radars - Sonars & Naval Systems - Communications - Command Control Systems - Electronic Warfare Systems & Avionics - Tank and Opto-electronics - Broadcast, Satcom & Telecom - Other products & systems - Components",3775,,Defense and Space Manufacturing,12266,http://www.linkedin.com/company/bharat-electronics,,"Quality, Technology, and Innovation",http://bel-india.com,,4/2015,false,https://media.licdn.com/dms/image/v2/D5603AQEhTyAWr0RPnQ/profile-displayphoto-shrink_100_100/profile-displayphoto-shrink_100_100/0/1705502685909?e=1788998400&v=beta&t=fvabDjSfitLQeh0CHzqo_d-ROZ6j0MlZSVoDlF2sfnQ,false,,1509,2026-08-25 00:00:00.000 +0530,,,,,,,,,,,,,,,,,910,
Vikas Vikas,Vikas,Vikas,https://www.linkedin.com/in/vikas-vikas-054566399,urn:li:member:1640684224,vikas-vikas-054566399,Mumbai,Maharashtra,India,"Mumbai, Maharashtra, India",Bharat PetroResources Limited,Chief Executive Officer,founders,member_urn,"Bharat Petroleum Corporation Ltd. entered the upstream petroleum sector in 2003 with an aim to provide partial supply security of crude and hedging of price risks and to become a vertically integrated oil company. A wholly owned subsidiary company of Bharat Petroleum, by the name Bharat PetroResources Limited (BPRL) was incorporated in October 2006. BPRL was set up with the objective of carrying out Exploration and Production activities considering the need for a focused approach in Exploration and Production activities and implementation of investment plans of Bharat Petroleum at a faster pace.",38,2003,Oil and Gas,7987967,http://www.linkedin.com/company/bharat-petroresources-limited,"Mumbai, Maharashtra, India",Upstream Petroleum Company and E&P Operator,https://bharatpetroresources.in/,,,false,,false,,3613,2026-08-25 00:00:00.000 +0530,,,,,,,,,,,,,,,,,912,
Shashi Raj,Shashi,Raj,https://www.linkedin.com/in/shashi-raj-360ab959,urn:li:member:208765368,shashi-raj-360ab959,Nalanda,Bihar,India,"Nalanda, Bihar, India",Bihar State Power Holding Company Limited,IT Manager,6-10yoe_global_indian,member_urn,"Bihar State Power Holding Company Limited (or BSPHCL), also known as erstwhile Bihar State Electricity Board (or BSEB) is a state-owned electricity regulation board operating within the state of Bihar in India. Bihar State Electricity Board (BSEB) was established in 1958 as a statutory corporation under the Electricity (Supply) Act, 1948.",388,1958,"Appliances, Electrical, and Electronics Manufacturing",5531754,http://www.linkedin.com/company/bihar-state-power-holding-company-limited,"Patna, Bihar, India",,http://bsphcl.bih.nic.in,,9/2016,false,,false,,3672,2026-08-25 00:00:00.000 +0530,,,,,,,,,,,,,,,,,913,
Shailendra Trivedi,Shailendra,Trivedi,https://www.linkedin.com/in/shailendratrivedi,urn:li:member:25852942,shailendratrivedi,,,Greater Delhi Area,Greater Delhi Area,Bill Gosling Outsourcing,Director of Financial Planning and Analysis,10+yoe_global,member_urn,"- Bill Gosling Outsourcing is your —powered by AI innovation, proprietary technology, and 70+ years of trusted expertise. We help enterprises scale smarter, execute faster, and focus on their most ambitious strategic goals. Across Banking & Financial Services, Utilities, Automotive, Insurance, and Consumer Services, we deliver outcome-based solutions—spanning Accounts Receivable Management, Customer Experience, and Sales & Acquisition—that blend human expertise with AI precision. Our adaptive ecosystem—featuring Auto-QA, AI Training, Real-Time Agent Assist, and Omnichannel Communications—drives measurable ROI, compliance, and customer experience excellence. With a global team of ,+ across , the , the , and , Bill Gosling Outsourcing combines . We don’t just support operations—we become a that helps businesses unlock growth, resilience, and long-term success. Turning customer experience into business impact. Partner with us: www.billgosling.com",3371,1955,Outsourcing and Offshoring Consulting,10587047,http://www.linkedin.com/company/bill-gosling-outsourcing,"Barrie, Ontario, Canada","Accounts Receivable Management , Customer Service, Sales and Acquisition, AI-Powered Auto-QA, Quality Assurance, Real-Time AI Assist, Voice Technology (Accent Translation and Noise Cancellation), Predictive Analytics, Data Intelligence, Automation and Workflow Optimization, Workforce Engagement and Learning Solutions, and Compliance and Risk Management",https://www.billgosling.com/,,4/2023,false,https://media.licdn.com/dms/image/v2/D4D03AQHqYdriQyDYPQ/profile-displayphoto-shrink_100_100/profile-displayphoto-shrink_100_100/0/1709181991396?e=1788998400&v=beta&t=xy68dQ856CQRDZffQ_p5W1BIWnQNfsVD3E8hfI0RwzI,false,"With a solid foundation in financial planning and a certified Six Sigma Black Belt, my role at Bill Gosling Outsourcing leverages analytical prowess and process excellence to optimize financial strategies. My tenure at BGO & MattsenKumar LLC as AVP and Director has honed my expertise in using Microsoft Excel for complex analysis. At the heart of my professional journey is a commitment to fostering team learning and performance. Crafting an environment that cultivates growth, our team thrives on solving problems and driving results that underscore our dedication to business excellence.",1106,2026-08-25 00:00:00.000 +0530,,,,,,,,,,,,,,,,,914,
Bhupendra Singh Chaudhary,Bhupendra Singh,Chaudhary,https://www.linkedin.com/in/bhupendra-singh-chaudhary-295b721b8,urn:li:member:850905617,bhupendra-singh-chaudhary-295b721b8,Chhindwara,Madhya Pradesh,India,"Chhindwara, Madhya Pradesh, India",Birla Corporation Ltd.,Senior Vice President,6-10yoe_global_indian,member_urn,External link for Birla Corporation Ltd.,1576,,Chemical Manufacturing,574588,http://www.linkedin.com/company/birla-corporation-ltd.,India,,http://www.birlacorporation.com,,5/2017,false,https://media.licdn.com/dms/image/v2/C5603AQHAaLn9U-Eyqg/profile-displayphoto-shrink_100_100/profile-displayphoto-shrink_100_100/0/1601734830944?e=1788998400&v=beta&t=6JyBUjrdLQ6zkCBvMDxmJDNFmhcvlmi8z2ByJiWFGX4,false,,2547,2026-08-25 00:00:00.000 +0530,,,,,,,,,,,,,,,,,915,
GATTANNAGARI RAVI KUMAR,GATTANNAGARI,RAVI KUMAR,https://www.linkedin.com/in/gattannagari-ravi-kumar-311a9379,urn:li:member:280377085,gattannagari-ravi-kumar-311a9379,Belagavi,Karnataka,India,"Belagavi, Karnataka, India",Canara Bank,Manager,6-10yoe_global_indian,member_urn,"Widely known for customer centricity, Canara Bank was founded by Shri Ammembal Subba Rao Pai, a great visionary and philanthropist, in July 1906, at Mangalore, then a small port in Karnataka. The Bank has gone through the various phases of its growth trajectory over hundred years of its existence. Growth of Canara Bank was phenomenal, especially after nationalization in the year 1969, attaining the status of a national level player in terms of geographical reach and clientele segments. Eighties was characterized by business diversification for the Bank. In June 2006, the Bank completed a century of operation in the Indian banking industry. The eventful journey of the Bank was strewn with many memorable milestones. Today, Canara Bank occupies a premier position in the comity of Indian banks. With an unbroken record of profits since its inception, Canara Bank has several firsts to its credit.",24612,1906,Banking,23740,https://in.linkedin.com/company/canara-bank,,,https://canarabank.bank.in/,,10/2017,false,https://media.licdn.com/dms/image/v2/C4E03AQEg-WhREa6pWw/profile-displayphoto-shrink_100_100/profile-displayphoto-shrink_100_100/0/1516694088329?e=1788998400&v=beta&t=cP6YJyhpIiZ3m8K3dti_eL5UyllDacfTV2-aBoafdD8,false,,2976,2026-08-25 00:00:00.000 +0530,,,,,,,,,,,,,,,,,75,
Sanjay Chakraborty,Sanjay,Chakraborty,https://www.linkedin.com/in/sanjay-chakraborty-4a55138,urn:li:member:25158653,sanjay-chakraborty-4a55138,Mumbai,Maharashtra,India,"Mumbai, Maharashtra, India",Adani Realty,Chief Digital Officer (CDO),founders,member_urn,"Your dream life lies beyond the carpet area of what you believe is possible. Adani Realty is one of the youngest arms of India's top infrastructure and development conglomerate - Adani Group. With a commitment to getting India on par with the most advanced countries around the world, we have begun development in our most promising cities; integrating the finest design aesthetics with cutting-edge construction technology. As part of the Adani Group, we have a legacy of Trust and Excellence we live up to; a fact that has driven us to achieve a lot in a relatively short period of time. The company till now has developed close to 22.5 million sq. ft. and has close to 35.1 million sq. ft of real estate space under development which includes residential, commercial, and social club projects across Ahmedabad, Mumbai, Pune & Gurugram. Our aim is to revolutionize real estate; keeping in mind the varied aspirations and lifestyles of new-age India. Our vision is perfectly encapsulated in our philosophy of The Good Life; in which we have conceptualized lifestyles inspired by your biggest dreams and closest relationships. Where you can live closer to the people that matter and all the things that make you happy. Where home spells languid bliss, and workplaces inspire confidence and productivity.",1361,,Real Estate,9456822,http://www.linkedin.com/company/adani-realty,"Mumbai, Maharashtra, India",,https://www.adanirealty.com,,4/2024,false,,false,"I am an Enterprise Transformation Executive with more than 25 years of experience leading business, operational, digital and technology transformation across Infrastructure, Natural Resources, Oil & Gas, Cement and Technology sectors.Throughout my career I have partnered with executive leadership teams to transform complex business by integrating strategy, technology, operational excellence, data, AI and process innovation into measurable business outcomes My experience spans leadership roles across large scale organizations including Adani, Cairn Oil & Gas, Reliance, TCSAs former CTO of Adani Natural Resources and currently leading digital, AI and transformation initiatives with Adani Realty and Navbharat Mega Developer Private Limited, the redevelopment business transforming Dharavi, I have driven large scale enterprise scale programs acrossDigital TransformationEnterprise AI, Agentic AI, LLMs, SLMS,Construction project excellence, Operational Excellence, Business ExcellenceRevenue growth and customer transformationCost Optimization and productivity improvementProject Control and Schedule OptimizationQuality and Safety excellenceData & Analytics strategyEnterprise Platforms and technology modernizationChange Management and Leadership Development",3064,2026-08-25 00:00:00.000 +0530,,,,,,,,,,,,,,,,,851,
Baroruchi Mishra,Baroruchi,Mishra,https://www.linkedin.com/in/baroruchi-mishra-9b933326,urn:li:member:90394845,baroruchi-mishra-9b933326,,,India,India,Hindustan Oil Exploration Company Limited (HOEC),MD & CEO,founders,member_urn,"India's First Private Oil and Gas Company !! Transforming through Talent and Technology HOEC was incorporated in 1983 under the visionary leadership of Late Shri. H.T. Parekh who foresaw the need for private participation in the Indian Oil & Gas sector. As one of the pioneer private players in the Indian E&P sector, HOEC holds a portfolio consists of 9 Oil & Gas blocks of Discovered Resources and 1 Exploratory block, with a diverse geographical footprint in 4 out of 7 producing basins in India. Highlights: 40+ years of Oil and Gas exploration, development and production 10 Producing and Discovered Fields 380+ Sq. Kms. Total Acreage 6600+ BOEPD Gross Production",483,1983,Oil and Gas,478924,http://www.linkedin.com/company/hindustan-oil-exploration-company,"Chennai, Tamil Nadu, India",,http://www.hoec.com,,4/2026,false,,false,"A techno-commercial leader with 35 years of experience in the O&G, Energy Transition and Digitalization. Strong in integrative skills, having led exceptional outcomes in Project delivery, Operations management, Discipline Engineering, and Front-end Development. Thought leader, Chartered Manager, and a strong consulting professional with an ability to drive capital efficiency in mega projects ( CCS, Hydrogen, Bio-fuels, LNG - onshore and floating, Petrochemicals and Refining). Extensive Project delivery experience in JV settings. Expertise to drive the transition to new energies and set up de-carbonization projects both as brown-field and green-field opportunities. Has a passion for providing visible safety leadership. Strong venture setup capabilities; can put large teams together and drive best-in-class performance. Strongly believes in and enables performance through people. Firm believer in the benefits of Diversity, Equity and Inclusiveness; actively contributed as a member of the DEnI Action Committee of Shell's Project and Engineering Organization. B-Tech in Petroleum Engineering from Indian Institute of Technology ( ISM) and Business Administration from Chartered Management Institute, UK. Qualified for the Indian Civil Services in 1992 and was allotted a Group ""A"" position in the Indian Civil Services. Did not join the service; chose to pursue a professional career in the energy industry instead. Author - Versified all the 18 chapters of Bhagawad Gita as rhyming verses in English. Published as ""Rhythm of Life - A Poetic Rendition of the Bhagawad Gita"".",3072,2026-08-25 00:00:00.000 +0530,,,,,,,,,,,,,,,,,1091,
Mayank Mehra,Mayank,Mehra,https://www.linkedin.com/in/mayank-mehra,urn:li:member:22882317,mayank-mehra,,,Greater Hyderabad Area,Greater Hyderabad Area,Yeedu,Chief Product Officer,founders,member_urn,"Yeedu is a comprehensive SaaS platform, designed to provide cost-optimized infrastructure for Apache Spark workloads across multi-cloud providers. With Yeedu, organizations can easily deploy, manage, and optimize their Apache Spark infrastructure, regardless of which cloud provider they choose. This allows them to focus on their core business functions while Yeedu takes care of the technical aspects of their Apache Spark workloads.",29,2024,Software Development,102729419,https://www.linkedin.com/company/yeedu,United States,,https://www.yeedu.io/,"Leading Yeedu's product vision and roadmap to revolutionize cost reduction for enterprise data platforms. Our innovative solution helps companies slash their data platform bills by up to 60% without migrations, code changes, or metered billing.",4/2025,false,,false,"9+ years experience in the technology industry in diverse roles including product management, product development, marketing and software engineering.",3077,2026-08-25 00:00:00.000 +0530,,,,,,,,,,,,,,,,,775,
Akash Prabhakar,Akash,Prabhakar,https://www.linkedin.com/in/akash-prabhakar-15213071,urn:li:member:254119886,akash-prabhakar-15213071,Lucknow,Uttar Pradesh,India,"Lucknow, Uttar Pradesh, India",Birla Opus,Senior Product Manager - Luxury,founders,member_urn,"We offer a wide range of 145+ products and 1200+ SKUs across water-based paints, enamels, wood finishes, designer finishes, waterproofing solutions, and textures. The products offered range across varied consumer segments – economy, premium, luxury, and institutional clients. We're inspiring people to create their masterpieces with 2,300+ tintable shades, including 216 iconic Indian shades. We do not stop there! We provide the industry's first direct painting service - PaintCraft. Our promises are backed by six strategically located, fully automated, and state-of-the-art manufacturing plants that will take a quantum leap of 40% in addition to current industry capacity. Transform your world into a ‘Magnum Opus’ with the best-in-class Birla Opus Paints! Duniya ko Rang Do with 145+ products and 2300+ shades from Birla Opus, crafted to paint the home you love",3700,,Chemical Manufacturing,99948820,http://www.linkedin.com/company/birlaopus,,,www.birlaopus.com,,10/2025,false,,false,,3985,2026-08-25 00:00:00.000 +0530,,,,,,,,,,,,,,,,,916,
Abhishek kumar,Abhishek,kumar,https://www.linkedin.com/in/abhishek-kumar-44681144,urn:li:member:157284918,abhishek-kumar-44681144,Dhanbad,Jharkhand,India,"Dhanbad, Jharkhand, India",Sheoraut’s India Pvt Ltd,Chief Executive Officer,founders,member_urn,,,,,,,,,,"Our company is in to exports of rice (Basmati and non basmati) to middle east and South east Asian countries such as Indonesia, Malaysia, Singapore etc.",9/2022,false,,false,"I am a supply chain professional since 2014 ,worked with Hindustan zinc ltd from 2014 to 2018 as an export logistics manager then i was associated with transworld global logistics as a business development partner from 2018 to 2019. In 2020 a group of engineers founded kisan buggy which is an agriculture start up in which i am a founder handling marketing, logistics operations and business development. I have completed my B.tech in mineral processing from IIT (ISM) Dhanbad.",3081,2026-08-25 00:00:00.000 +0530,,,,,,,,,,,,,,,,,2450,
Vivek Kumar,Vivek,Kumar,https://www.linkedin.com/in/vivek-kumar-586a50215,urn:li:member:913317942,vivek-kumar-586a50215,Kolkata,West Bengal,India,"Kolkata, West Bengal, India",Bandhan Bank,Team member @ Founder's Office,founders,member_urn,"Started as a universal bank on August 23, 2015, Bandhan Bank is one of India’s fastest-growing private sector banks. Bandhan Bank has always been committed to financial inclusion and aims to serve the underserved. Guided by the principle of ‘Aapka Bhala, Sabki Bhalai,’ the Bank is dedicated not only to serving its customers but also to making a positive difference in people’s lives. They actively aim to bridge the gap for those who may not have had easy access to conventional banking services. Its focus is on providing a variety of world-class banking products and a comprehensive 360-degree service proposition, including loans, deposit accounts, internet and mobile banking, and ATM services, across India, primarily to semi-urban and rural customers. Presently, Bandhan Bank has 6,350 banking outlets pan-India. The Bank has mobilised deposits of ₹1,66,344 crore and its total advances stand at ₹1,54,233 crore taking the total business to ₹3,20,577 crore as on March 31, 2026. The Bank has a team of more than 75,000 employees on roll. Bandhan Bank is driven by a constant desire to serve better.",36074,,Banking,13188808,http://www.linkedin.com/company/bandhanbank,"Rajarhat, West Bengal, India",Banking and Financial Services,https://bandhan.bank.in/,"Project Title: Strategic Optimization of eNACH Workflow to Accelerate Market Readiness in Home Loan Services Identified a critical bottleneck in the customer onboarding process—eNACH registration delays extending up to 14 days. Collaborated with senior leadership to craft and execute a high-impact GTM strategy that digitized and streamlined the mandate registration flow. Reduced activation time to under 24 hours, directly enhancing speed-to-market, customer acquisition, and revenue realization. Led cross-functional alignment between product, operations, and compliance to ensure scalability and regulatory adherence. This initiative positioned the bank’s home loan offering as a more agile, market-responsive product, reinforcing competitive differentiation and operational excellence. C.P.A. Implementation in Housing Finance & Retail Asset Centres Led the pilot and subsequent rollout of Central Processing Agency (C.P.A.) across 25 housing finance locations and Retail Asset Centres. Achieved a 20-25% boost in efficiency, streamlining workflows, reducing processing delays, and enhancing loan processing speed, driving operational improvements and stronger business performance in both segments. Leadership Dashboards for Performance Monitoring Developed strategic dashboards for senior leadership, consolidating key performance metrics for real-time decision-making. Improved operational transparency, data accuracy, and helped track KPIs critical to business growth and efficiency. 3-Year Strategic IT Project Management Managed a portfolio of strategic IT projects aligned with the bank’s 3-year transformation roadmap. Ensured seamless integration, stakeholder alignment, and consistent delivery of technology initiatives supporting business scalability and digital growth. Cross-Functional Project Monitoring & Execution Monitored cross-departmental initiatives across IT, Projects & Premises, ensuring on-time execution and milestone achievement",5/2023,true,,false,"Bandhan Bank’s Founder's Office has been the focal point of recent contributions, where work has centered on streamlining eNACH workflows to reduce activation times from 14 days to under 24 hours. This initiative enhanced the home loan division's market readiness, customer acquisition, and revenue realization while ensuring compliance and operational scalability. Collaboration with senior leadership and cross-functional teams underscored the critical role of strategic alignment in achieving these outcomes. With an MBA from IIM Amritsar and an MTech from IIT (ISM) Dhanbad, academic rigor complements a strong foundation in strategy and business analysis. Previous experience at Union Bank of India highlighted the ability to evaluate operational inefficiencies and propose actionable recommendations, further solidifying a commitment to data-driven problem-solving and customer-centric solutions.",3086,2026-08-25 00:00:00.000 +0530,,,,,,,,,,,,,,,,,901,
Ravi Bohra,Ravi,Bohra,https://www.linkedin.com/in/ravi-bohra-41a586211,urn:li:member:900202198,ravi-bohra-41a586211,Mumbai,Maharashtra,India,"Mumbai, Maharashtra, India",Board Infinity,Founder's Office,founders,member_urn,"Board Infinity is Asia’s #1 career-first Learning & Development (L&D) ecosystem for higher education. Founded in 2017, we are on a mission to bridge the gap between education and industry by equipping students and early professionals with real-world skills, expert mentorship, and AI-powered career tools to help them succeed in today’s competitive job market. As an outcome-driven platform, we connect career aspirants with 2000+ top industry experts and deliver personalized career journeys that span awareness, planning, upskilling, and placement readiness. We’ve partnered with 100+ institutions, including IIMs, IITs, and NIRF-ranked colleges, to design and implement impactful, industry-relevant programs that enhance employability. We are also a proud Global Coursera Partner, with a rapidly growing learner base of 300,000+ students. In the last academic year alone, we facilitated skill and career growth for 30,000+ learners, across roles in software development, data science, sales, and marketing. Board Infinity has been recognized by CII as the Best Skill-Building Company and approved by NCVET as a Credit Granting Body, reinforcing our role as a trusted partner for institutions and learners alike. We’re not just another edtech company — we’re shaping how India learns, upskills, and works.",271,,E-Learning Providers,13357691,http://www.linkedin.com/company/board-infinity,"Navi Mumbai, Maharashtra, India","Career Coaching, Management Training, Placement Opportunities, Career Discovery, Personalized coaching, Recruitment, Online Training, and Online Courses",http://www.boardinfinity.com/,- Leading the Content Division of Board Infinity. - Leading the Coursera Partnership having 200+ courses on Coursera Platform along with 450k+ learners,5/2025,false,,false,"I currently work in the Founder's Office at Board Infinity, driving strategic initiatives and operational excellence to bridge the gap between education and employability. My career is defined by a commitment to scaling high-growth verticals and managing complex operations. Prior to this, I worked with Choice International, where I focused on strategic alliances and government advisory projects. My deep expertise in the EdTech sector comes from leading category growth at PhysicsWallah and StudyIQ Education, where I oversaw end-to-end academic operations—from faculty hiring and course design to revenue strategy for State PSC and UPSC segments. An alumnus of IIT (ISM) Dhanbad, I bring a rigorous analytical approach to problem-solving, honed through diverse experiences ranging from political consulting at I-PAC to building educational products from scratch.",3220,2026-08-25 00:00:00.000 +0530,,,,,,,,,,17,28,,,,,,919,
Shivanshu Gupta,Shivanshu,Gupta,https://www.linkedin.com/in/shivanshu-gupta-63360a154,urn:li:member:622595847,shivanshu-gupta-63360a154,Dhanbad,Jharkhand,India,"Dhanbad, Jharkhand, India",Bolt Blazers,Co-Founder,founders,member_urn,"BoltBlazers helps startups and businesses grow fast with smart digital solutions. We build high-performance websites, apps, AI automation, chatbots, CRM dashboards, and marketing systems that drive results. From launch to scale — we turn your ideas into action. Services: Web & App Dev | AI Automation | CRM & Dashboards | SEO & Ads | E-commerce | API Integrations Let’s build bold. Let’s build fast. ⚡ boltblazers.com | hello@boltblazers.com",3,,Software Development,105938218,http://www.linkedin.com/company/boltblazers,"Hyderabad, Telangana, India",,boltblazers.com,,1/2025,false,,false,,3601,2026-08-25 00:00:00.000 +0530,,,,,,,,,,,,,,,,,920,
Vibhor Garg,Vibhor,Garg,https://www.linkedin.com/in/vibhor-garg,urn:li:member:163726185,vibhor-garg,Delhi,,India,"Delhi, India",BONANZA INTERACTIVE LLP,Founder and Director,founders,member_urn,External link for Bonanza Interactive,30,2017,Computer Games,13578965,http://www.linkedin.com/company/bonanza-interactive-llp,"Noida, Uttar Pradesh, India",,https://www.bonanzainteractive.com/,"A far-sighted individual with excellent business development skills and hands-on experience in directing the activities, specially slot game design and game mathematics. Willing to take industry creative and technical skills to the next-generation of interactive gaming. Excellent knowledge of supporting the company’s strategic alliances and participating in marketing strategies.",10/2017,false,,false,"A far-sighted individual with excellent business development skills and hands-on experience in directing the activities, specially slot game design and game mathematics. Willing to take industry creative and technical skills to the next-generation of interactive gaming. Excellent knowledge of supporting the company’s strategic alliances and participating in marketing strategies.",3138,2026-08-25 00:00:00.000 +0530,,,,,,,,,,17,28,,,,,,921,
Shivam Gupta,Shivam,Gupta,https://www.linkedin.com/in/shivam-gupta-2b5762197,urn:li:member:775239977,shivam-gupta-2b5762197,Dhanbad,Jharkhand,India,"Dhanbad, Jharkhand, India",Student,iitian,6-10yoe_global_indian,member_urn,"Hogeschool voor de Kunsten Utrecht, afdeling Kunst en Economie, richting Visual Arts & Design management en eigen specialisatie Architectuur.",61740,,Education Management,1109716,https://www.linkedin.com/company/student_14,Netherlands,,http://www.hku.nl,,1/2019,false,https://media.licdn.com/dms/image/v2/C5103AQFF5i8krDn4dw/profile-displayphoto-shrink_100_100/profile-displayphoto-shrink_100_100/0/1573579654414?e=1788998400&v=beta&t=Wqnu70Elw7j8wclh-ofKQQ-COWbFttDjxyQjnSEy0sc,false,,2977,2026-08-25 00:00:00.000 +0530,,,,,,,,,,,,,,,,,727,
Manish Garg,Manish,Garg,https://www.linkedin.com/in/manish-kumar-garg,urn:li:member:187783805,manish-kumar-garg,Noida,Uttar Pradesh,India,"Noida, Uttar Pradesh, India",Bosscoder School of Technology,Co-Founder,founders,member_urn,,,,Education,110203309,http://www.linkedin.com/company/bosscoder-school-of-technology,"Bengaluru, Karnataka, India",,,,11/2025,true,,false,"I’ve spent most of my career working at the intersection of AI, Machine Learning, and scalable systems, building technology that solves real-world problems, not just research prototypes.My journey has taken me from working alongside Andy Rubin on next-generation operating systems to contributing to Samsung Bixby’s speech recognition platform, now used by millions worldwide. Over the years, I’ve worked on deep learning models, AI infrastructure, and intelligent systems deployed at scale.Those experiences taught me that great engineers aren’t built through theory alone. They grow through strong fundamentals, practical problem-solving, mentorship, and exposure to real-world systems.That belief led me to co-found Bosscoder Academy with a simple mission: bridge the gap between traditional education and what modern tech companies actually need.At Bosscoder, I focus on helping engineers build meaningful careers in AI/ML, Data Engineering, and top-tier software engineering through industry-relevant curriculum, structured mentorship, and outcome-driven training.I’m deeply passionate about AI, scalable systems, and building learning ecosystems that create long-term career growth.",3427,2026-08-25 00:00:00.000 +0530,,,,,,,,+918083368851,,17,28,,,+918083368851,,,922,
Ravi Kant Gaman,Ravi Kant,Gaman,https://www.linkedin.com/in/ravi-kant-gaman-00179b16a,urn:li:member:676779841,ravi-kant-gaman-00179b16a,Kaithal,Haryana,India,"Kaithal, Haryana, India",Bharat Petroleum Corporation Limited,Assistant Manager,6-10yoe_global_indian,member_urn,"Fortune Global 500 Company, Bharat Petroleum is the second largest Indian Oil Marketing Company and one of the premier integrated energy companies in India, engaged in refining of crude oil and marketing of petroleum products, with a significant presence in the upstream and downstream sectors of the oil and gas industry. The company attained the coveted Maharatna status, joining the elite club of companies having greater operational & financial autonomy. Bharat Petroleum’s Refineries at Mumbai & Kochi and Bina at Madhya Pradesh have a combined refining capacity of around 35.3 MMTPA. Its marketing infrastructure includes a network of installations, depots, energy stations, aviation service stations and LPG distributors. Its distribution network comprises over 20,000 Energy Stations, over 6,200 LPG distributorships, 733 Lubes distributorships, and 123 POL storage locations, 54 LPG Bottling Plants, 60 Aviation Service Stations, 4 Lube blending plants and 4 cross-country pipelines. Bharat Petroleum is integrating its strategy, investments, environmental and social ambitions to move towards a sustainable planet. The company has chalked out the plan to offer electric vehicle charging stations at around 7000 energy stations over next 5 years. With a focus on sustainable solutions, the company is developing a vibrant ecosystem and a road-map to become a Net Zero Energy Company by 2040, in Scope 1 and Scope 2 emissions. Bharat Petroleum has been partnering communities by supporting innumerable initiatives connected primarily in the areas of education, water conservation, skill development, health, community development, capacity building and employee volunteering. With ‘Energising Lives’ as its core purpose, Bharat Petroleum’s vision is to be the most admired global energy company leveraging talent, innovation & technology.",22548,1976,Oil and Gas,14911,http://www.linkedin.com/company/bpcl,"Mumbai, Maharashtra, India",,http://www.bharatpetroleum.in,,6/2017,false,https://media.licdn.com/dms/image/v2/D4D03AQEm8pU-Kug7ow/profile-displayphoto-shrink_100_100/profile-displayphoto-shrink_100_100/0/1671104173405?e=1788998400&v=beta&t=73157MQEzSFxF7HN1VjE1sBXmewnB845Pvrju9zAibk,false,Great experience,191,2026-08-25 00:00:00.000 +0530,,,,,,,,,,,,,,,,,923,
Kapil Sanodia,Kapil,Sanodia,https://www.linkedin.com/in/kapil-sanodia-56036120,urn:li:member:72537048,kapil-sanodia-56036120,Delhi,Delhi,India,"Delhi, Delhi, India",Bharat Petroleum Corporation Limited,Manager OEM (Lubes),10+yoe_indian,member_urn,"Fortune Global 500 Company, Bharat Petroleum is the second largest Indian Oil Marketing Company and one of the premier integrated energy companies in India, engaged in refining of crude oil and marketing of petroleum products, with a significant presence in the upstream and downstream sectors of the oil and gas industry. The company attained the coveted Maharatna status, joining the elite club of companies having greater operational & financial autonomy. Bharat Petroleum’s Refineries at Mumbai & Kochi and Bina at Madhya Pradesh have a combined refining capacity of around 35.3 MMTPA. Its marketing infrastructure includes a network of installations, depots, energy stations, aviation service stations and LPG distributors. Its distribution network comprises over 20,000 Energy Stations, over 6,200 LPG distributorships, 733 Lubes distributorships, and 123 POL storage locations, 54 LPG Bottling Plants, 60 Aviation Service Stations, 4 Lube blending plants and 4 cross-country pipelines. Bharat Petroleum is integrating its strategy, investments, environmental and social ambitions to move towards a sustainable planet. The company has chalked out the plan to offer electric vehicle charging stations at around 7000 energy stations over next 5 years. With a focus on sustainable solutions, the company is developing a vibrant ecosystem and a road-map to become a Net Zero Energy Company by 2040, in Scope 1 and Scope 2 emissions. Bharat Petroleum has been partnering communities by supporting innumerable initiatives connected primarily in the areas of education, water conservation, skill development, health, community development, capacity building and employee volunteering. With ‘Energising Lives’ as its core purpose, Bharat Petroleum’s vision is to be the most admired global energy company leveraging talent, innovation & technology.",22548,1976,Oil and Gas,14911,http://www.linkedin.com/company/bpcl,"Mumbai, Maharashtra, India",,http://www.bharatpetroleum.in,OEM Manager – Lubricants | Driving OEM Partnerships & Lubricant Business Growth across Automotive & Industrial Sectors in India!,5/2026,false,https://media.licdn.com/dms/image/v2/D5603AQGo2xdweXe1rw/profile-displayphoto-scale_400_400/B56Z9HoYwCG4Ag-/0/1783613198034?e=1788998400&v=beta&t=TPkqtByLGaLaBqwlrNFVya5sRxnu5aoFZR5tDMq9MwI,false,"I am an IIT (ISM) Dhanbad graduate and an engineering professional with over 10 years of experience spanning automotive manufacturing, industrial lubricants, B2B business development, and OEM partnerships.I began my career with Hero MotoCorp, where I developed a strong foundation in manufacturing and maintenance engineering, gaining first-hand insight into OEM operations and customer expectations.At BPCL MAK Lubricants, I have progressed through multiple leadership roles across the Eastern, Western, and now Northern regions of India. As an Area Manager, I led B2B lubricant business across diverse industries, including automotive, engineering, power, steel, railways, sugar, and manufacturing. Working across different markets has given me a deep understanding of regional business dynamics, channel management, customer engagement, and strategic account development.Currently, as Manager – OEM Lubes Business, I am focused on building long-term partnerships with automotive and industrial OEMs by delivering technically advanced lubrication solutions, creating value across the equipment lifecycle, and supporting customers’ productivity and sustainability goals.I believe the best business outcomes are achieved by combining engineering expertise with commercial acumen. My approach is built on understanding customer challenges, developing solution-oriented strategies, and fostering relationships based on trust and long-term value creation.Core Competencies OEM Business Development & Strategic Partnerships Key Account Management Industrial & Automotive Lubrication Solutions B2B Sales & Business Growth Technical Solution Selling Commercial Strategy & Negotiation Cross-functional Leadership Market Development Across India Customer-Centric Business TransformationI am passionate about collaborating with OEMs, manufacturing leaders, and industry professionals to drive innovation, operational excellence, and sustainable business growth.",684,2026-09-01 21:00:56.853 +0530,,,,,,,,,,,,kapil.sanodia@gmail.com,,,,,923,
Prof Dr Rakesh Kumar Khandal,Prof Dr Rakesh Kumar,Khandal,https://www.linkedin.com/in/prof-dr-rakesh-kumar-khandal-0b169743,urn:li:member:153977029,prof-dr-rakesh-kumar-khandal-0b169743,North Delhi,Delhi,India,"North Delhi, Delhi, India",Premier Green Innovations Pvt Ltd,Director Technology and Innovations,founders,member_urn,,,,,,,,,,"Focus on projects from concepts to their implementation for adding renewable chemicals to the product portfolio of this esteemed organisation led by dynamic leader Mr Vikas Gupta and Mr Navjeet S Sobti ji. Creating chemicals from waste will be the key result area. For making Indian chemical industry self-reliant, it is essential that carbon capture technologies are adopted here at a fast pace so that CO2 to fuel and to specialty chemicals become the regular feature to achieve targets of EBP 20% with net zero goals! I shall dedicate my expertise and experience to contribute towards bringing growth of the company n in turn for nation building!",10/2024,false,,false,"Brief Profile of Prof. Dr. R.K. Khandal Prof Dr R K Khandal is with Premier Green Innovations Pvt Ltd as Director Technology and Innovations, Delhi. He has Is former President, R&D and Business Development at India Glycols Limited, a well renowned and one of its kind company in the world. Former Vice Chancellor Uttar Pradesh Technical University, Lucknow and Former Director Shri Ram Institute for Industrial Research, Delhi. Unanimously elected President of WAITRO; World Association of Ind. & Tech. Orgnization; a UN body; 2010-‘12 & 2012-‘14 Expert member of High level Committees of Govt. of India: Min. Science & Technology Min. Child & Women Welfare Min of Food Processing ​Industries RAC of CSIR, DRDO Guided 34 PhDs. 15 International Patents.150 research papers in peer reviewed journals, Five books; plus two edited. Notable Awards: i. INSME (International award for innovation) ii. R.N. Bangur Memorial award for novel technologies iii. R.G. Deshpande award for Radiation processing iiii. U.P. Ratna Award, 2014 v. Rajasthan Samman Award, 2015 vi. Meri Dilli award, 2010 vii. Srishti awards for green technologies viii. Amity Academic Excellence award ix. AMAR UJALA Excellence Award of Outstanding Academician x. Life time achievement award by World Environment Congress in Food Science xi. Eminent Engineers Award by Institutions of Engineers, India xii. Academic Excellence Award from Engineering Watch, India xiii. FICCI Innovation award, 2015 xiv. Guru Vashisth Award, 2018 Growth Path: Born on September 6, 1957. Started career in 1982, as a lecturer in Indian School of Mines, Dhanbad at a very young age 1985, joined as a Group leader in a UNIDO project of Govt. of India. Post Doctoral research` ~ 1 year in England and 2 years in France. 1991-93: Manager, ICI Specialty chemicals 1993-01: India Glycols Limited as General Manager, Kashipur. 2001-12: Director, Shriram Institute for Industrial Research, Delhi. 2012–15: Vice Chancellor, Uttar Pradesh Technical University, Lucknow. 2015-March 31, 2023, President, R&D and Business Development, India Glycols Limited, Noida. 2024 Chancellor, SDGI Global University Ghaziabad. Prof. Khandal is chief mentor of Dr K N Modi Foundation. Since Oct. 2024, he is Director Technology n Innovations with Premier Green Innovations Pvt Ltd, Delhi.",3093,2026-08-25 00:00:00.000 +0530,,,,,,,,,,,,,,,,,2312,
Manorama mohapatra,Manorama,mohapatra,https://www.linkedin.com/in/manorama-mohapatra-88938540,urn:li:member:144249513,manorama-mohapatra-88938540,Nagpur,Maharashtra,India,"Nagpur, Maharashtra, India",Mineral Exploration Corporation Ltd.,Manager(Geology),10+yoe_indian,member_urn,,,,,,,,,,,7/2010,false,,false,,3893,2026-08-25 00:00:00.000 +0530,,,,,,,,,,,,,,,,,2156,
Nirmal Pratap Singh,Nirmal Pratap,Singh,https://www.linkedin.com/in/nirmal-pratap-singh-199a996b,urn:li:member:250527429,nirmal-pratap-singh-199a996b,New Delhi,Delhi,India,"New Delhi, Delhi, India",Bharat Petroleum Corporation Limited,Assistant Manager,6-10yoe_global_indian,member_urn,"Fortune Global 500 Company, Bharat Petroleum is the second largest Indian Oil Marketing Company and one of the premier integrated energy companies in India, engaged in refining of crude oil and marketing of petroleum products, with a significant presence in the upstream and downstream sectors of the oil and gas industry. The company attained the coveted Maharatna status, joining the elite club of companies having greater operational & financial autonomy. Bharat Petroleum’s Refineries at Mumbai & Kochi and Bina at Madhya Pradesh have a combined refining capacity of around 35.3 MMTPA. Its marketing infrastructure includes a network of installations, depots, energy stations, aviation service stations and LPG distributors. Its distribution network comprises over 20,000 Energy Stations, over 6,200 LPG distributorships, 733 Lubes distributorships, and 123 POL storage locations, 54 LPG Bottling Plants, 60 Aviation Service Stations, 4 Lube blending plants and 4 cross-country pipelines. Bharat Petroleum is integrating its strategy, investments, environmental and social ambitions to move towards a sustainable planet. The company has chalked out the plan to offer electric vehicle charging stations at around 7000 energy stations over next 5 years. With a focus on sustainable solutions, the company is developing a vibrant ecosystem and a road-map to become a Net Zero Energy Company by 2040, in Scope 1 and Scope 2 emissions. Bharat Petroleum has been partnering communities by supporting innumerable initiatives connected primarily in the areas of education, water conservation, skill development, health, community development, capacity building and employee volunteering. With ‘Energising Lives’ as its core purpose, Bharat Petroleum’s vision is to be the most admired global energy company leveraging talent, innovation & technology.",22548,1976,Oil and Gas,14911,http://www.linkedin.com/company/bpcl,"Mumbai, Maharashtra, India",,http://www.bharatpetroleum.in,"Specialize in Health, Safety, and Environment (HSE) management. Focused on implementing safety standards, conducting safety audits, and managing plant security. Effectively executed Integrated Management Systems, adhering to ISO 14001, ISO 45001, and ISO 50001 standards, emphasizing dedication to operational excellence and sustainability. In addition to my HSE expertise, I have a strong background in Production, Planning, Plant Maintenance, Procurement, Process Safety, Project Management, People Management & Supply Chain Management.",5/2017,false,,false,"With a solid foundation in Mechanical Engineering from the Indian Institute of Technology (Indian School of Mines), Dhanbad, my tenure at Bharat Petroleum Corporation Limited as an Assistant Manager honed my skills in Health, Safety, and Environment (HSE) management. My core competencies lie in implementing rigorous safety standards, conducting stringent safety audits, and ensuring robust plant security, while also navigating the complexities of Integrated Management Systems in compliance with ISO 14001, ISO 45001, and ISO 50001 standards. During my recent role at Bharat Petroleum, our team emphasized operational excellence and sustainability, ensuring adherence to best practices in Production, Planning, Plant Maintenance, and Procurement. With a focus on Process Safety and Project Management, I've been instrumental in aligning our efforts with the organization's culture of safety and efficiency. Bringing diverse perspectives, I've consistently worked to foster an environment where each team member contributes to our collective success in Supply Chain Management and People Management.",2734,2026-08-25 00:00:00.000 +0530,,,,,,,,,,,,,,,,,923,
Nishantajit Choudhury,Nishantajit,Choudhury,https://www.linkedin.com/in/nishantajit-choudhury-856557215,urn:li:member:912086274,nishantajit-choudhury-856557215,Surat,Gujarat,India,"Surat, Gujarat, India",Bharat Petroleum Corporation Limited,Retail Marketing Manager,founders,member_urn,"Fortune Global 500 Company, Bharat Petroleum is the second largest Indian Oil Marketing Company and one of the premier integrated energy companies in India, engaged in refining of crude oil and marketing of petroleum products, with a significant presence in the upstream and downstream sectors of the oil and gas industry. The company attained the coveted Maharatna status, joining the elite club of companies having greater operational & financial autonomy. Bharat Petroleum’s Refineries at Mumbai & Kochi and Bina at Madhya Pradesh have a combined refining capacity of around 35.3 MMTPA. Its marketing infrastructure includes a network of installations, depots, energy stations, aviation service stations and LPG distributors. Its distribution network comprises over 20,000 Energy Stations, over 6,200 LPG distributorships, 733 Lubes distributorships, and 123 POL storage locations, 54 LPG Bottling Plants, 60 Aviation Service Stations, 4 Lube blending plants and 4 cross-country pipelines. Bharat Petroleum is integrating its strategy, investments, environmental and social ambitions to move towards a sustainable planet. The company has chalked out the plan to offer electric vehicle charging stations at around 7000 energy stations over next 5 years. With a focus on sustainable solutions, the company is developing a vibrant ecosystem and a road-map to become a Net Zero Energy Company by 2040, in Scope 1 and Scope 2 emissions. Bharat Petroleum has been partnering communities by supporting innumerable initiatives connected primarily in the areas of education, water conservation, skill development, health, community development, capacity building and employee volunteering. With ‘Energising Lives’ as its core purpose, Bharat Petroleum’s vision is to be the most admired global energy company leveraging talent, innovation & technology.",22548,1976,Oil and Gas,14911,http://www.linkedin.com/company/bpcl,"Mumbai, Maharashtra, India",,http://www.bharatpetroleum.in,,4/2024,false,,false,,4056,2026-08-25 00:00:00.000 +0530,,,,,,,,,,,,,,,,,923,
Kumar Rajvardhan,Kumar,Rajvardhan,https://www.linkedin.com/in/kumar-rajvardhan-679939255,urn:li:member:1056370557,kumar-rajvardhan-679939255,Chennai,Tamil Nadu,India,"Chennai, Tamil Nadu, India",Bharat Petroleum Corporation Limited,Territory Manager,10+yoe_indian,member_urn,"Fortune Global 500 Company, Bharat Petroleum is the second largest Indian Oil Marketing Company and one of the premier integrated energy companies in India, engaged in refining of crude oil and marketing of petroleum products, with a significant presence in the upstream and downstream sectors of the oil and gas industry. The company attained the coveted Maharatna status, joining the elite club of companies having greater operational & financial autonomy. Bharat Petroleum’s Refineries at Mumbai & Kochi and Bina at Madhya Pradesh have a combined refining capacity of around 35.3 MMTPA. Its marketing infrastructure includes a network of installations, depots, energy stations, aviation service stations and LPG distributors. Its distribution network comprises over 20,000 Energy Stations, over 6,200 LPG distributorships, 733 Lubes distributorships, and 123 POL storage locations, 54 LPG Bottling Plants, 60 Aviation Service Stations, 4 Lube blending plants and 4 cross-country pipelines. Bharat Petroleum is integrating its strategy, investments, environmental and social ambitions to move towards a sustainable planet. The company has chalked out the plan to offer electric vehicle charging stations at around 7000 energy stations over next 5 years. With a focus on sustainable solutions, the company is developing a vibrant ecosystem and a road-map to become a Net Zero Energy Company by 2040, in Scope 1 and Scope 2 emissions. Bharat Petroleum has been partnering communities by supporting innumerable initiatives connected primarily in the areas of education, water conservation, skill development, health, community development, capacity building and employee volunteering. With ‘Energising Lives’ as its core purpose, Bharat Petroleum’s vision is to be the most admired global energy company leveraging talent, innovation & technology.",22548,1976,Oil and Gas,14911,http://www.linkedin.com/company/bpcl,"Mumbai, Maharashtra, India",,http://www.bharatpetroleum.in,Territory Manager Chennai,4/2025,false,,false,,3855,2026-08-25 00:00:00.000 +0530,,,,,,,,,,,,,,,,,923,
Himanshu Lokwal,Himanshu,Lokwal,https://www.linkedin.com/in/himanshu-lokwal-5a6040129,urn:li:member:528602958,himanshu-lokwal-5a6040129,Kendujhar,Odisha,India,"Kendujhar, Odisha, India",Bharat Petroleum Corporation Limited,Territory Engineering Manager,6-10yoe_global_indian,member_urn,"Fortune Global 500 Company, Bharat Petroleum is the second largest Indian Oil Marketing Company and one of the premier integrated energy companies in India, engaged in refining of crude oil and marketing of petroleum products, with a significant presence in the upstream and downstream sectors of the oil and gas industry. The company attained the coveted Maharatna status, joining the elite club of companies having greater operational & financial autonomy. Bharat Petroleum’s Refineries at Mumbai & Kochi and Bina at Madhya Pradesh have a combined refining capacity of around 35.3 MMTPA. Its marketing infrastructure includes a network of installations, depots, energy stations, aviation service stations and LPG distributors. Its distribution network comprises over 20,000 Energy Stations, over 6,200 LPG distributorships, 733 Lubes distributorships, and 123 POL storage locations, 54 LPG Bottling Plants, 60 Aviation Service Stations, 4 Lube blending plants and 4 cross-country pipelines. Bharat Petroleum is integrating its strategy, investments, environmental and social ambitions to move towards a sustainable planet. The company has chalked out the plan to offer electric vehicle charging stations at around 7000 energy stations over next 5 years. With a focus on sustainable solutions, the company is developing a vibrant ecosystem and a road-map to become a Net Zero Energy Company by 2040, in Scope 1 and Scope 2 emissions. Bharat Petroleum has been partnering communities by supporting innumerable initiatives connected primarily in the areas of education, water conservation, skill development, health, community development, capacity building and employee volunteering. With ‘Energising Lives’ as its core purpose, Bharat Petroleum’s vision is to be the most admired global energy company leveraging talent, innovation & technology.",22548,1976,Oil and Gas,14911,http://www.linkedin.com/company/bpcl,"Mumbai, Maharashtra, India",,http://www.bharatpetroleum.in,,4/2026,false,https://media.licdn.com/dms/image/v2/D5603AQGUyj9th07uJw/profile-displayphoto-shrink_100_100/profile-displayphoto-shrink_100_100/0/1729686051174?e=1788998400&v=beta&t=KE5E6xHMM9BDoGV6A3zcd-J0aX7tiVLbAsdo2-Dej1Y,false,Knows Retail Operations & Engineering in oil marketing companies.,190,2026-08-25 00:00:00.000 +0530,,,,,,,,,,,,,,,,,923,
Anurag Kasaudhan,Anurag,Kasaudhan,https://www.linkedin.com/in/anurag-kasaudhan-23603167,urn:li:member:235957002,anurag-kasaudhan-23603167,Kolhapur,Maharashtra,India,"Kolhapur, Maharashtra, India",Innovative public school borwade,HOD Mathematics,founders,member_urn,,,,,,,,,,,6/2019,false,,false,HOD of mathematics at Innovative public school borwade maharastra,3249,2026-08-25 00:00:00.000 +0530,,,,,,,,,,,,,,,,,2013,
Abhishek Kumar,Abhishek,Kumar,https://www.linkedin.com/in/abhiak99,urn:li:member:825735586,abhiak99,Bengaluru,Karnataka,India,"Bengaluru, Karnataka, India",Breach Arc,Co-Founder,founders,member_urn,,5,,IT Services and IT Consulting,106718172,http://www.linkedin.com/company/breach-arc,,,https://www.breacharc.com,,3/2026,false,,false,"As a cybersecurity professional with a passion for offensive security, I specialize in penetration testing and red teaming operations. I hold the OSCP certification and have experience with a wide range of cybersecurity tools and techniques, including BeEF, Burpsuite, Metasploit, Nessus, hydra, Reponder, impacket, Empire, ZAP, lin/winPEAS, and starkiller. I am proficient in several programming languages, including C++, JavaScript, and Python, and have extensive experience with Bash scripting. My expertise in web application attacks, Active Directory pentesting, buffer overflow attacks, SQL injection, privilege escalation, port redirection, client-side attacks, and pivoting allows me to identify and exploit vulnerabilities in complex systems. In addition to my technical skills, I have a deep understanding of databases, including MongoDB and MySQL. I am committed to staying current with the latest developments in cybersecurity, and I am always looking for new challenges and opportunities to learn and grow.",3051,2026-08-25 00:00:00.000 +0530,,,,,,,,,,17,28,,,,,,925,
Paras Agarwal,Paras,Agarwal,https://www.linkedin.com/in/paras-agarwal-454259246,urn:li:member:1021824064,paras-agarwal-454259246,Ranchi,Jharkhand,India,"Ranchi, Jharkhand, India",BROTHERS ACADEMY RANCHI,Founder Director,founders,member_urn,"Once, A young guy built a nice car. All the critics gathered to see it functioning. First everybody said ""It will not start"", But it STARTED. Then all said "" IT will not run "", But it RAN Like a CHEETAH. Then All The critics Thought for a moment and said "" Now It Won’t Stop. It’s Too Fast "" . All I need to say is that: ""WE HAVE JUST STARTED"" . According to scientists, a bumblebee's body is too heavy and its wing span too small. Aerodynamically, a bumblebee cannot fly. But the bumblebee doesn't know that and it flies. . When we started Brother’s Academy 10 years ago, we had just one vision - We will keep giving our best. And just like we have always said “ This is just the beginning, The best from us is yet to come “ This year we celebrated 10 Glorious Years of Brother’s Academy. We are really thankful to all our students, their parents, our associates, our Faculty & Staff members, our supporters & well wishers and everyone. Whatever we are today, is because of the endless love and gratitude shown by our students and well wishers. Whatever we do or say, won’t be enough to justify the love and gratitude we have received from everyone. Cheers #10YearsBA",28,2011,Professional Training and Coaching,82479950,http://www.linkedin.com/company/brothers-academy-ranchi,"Ranchi, Jharkhand, India","IIT, JEE, NEET, NTSE, OLYMPIADS, ENGINEERING, MEDICAL, and COACHING RANCHI",www.brothersacademy.co.in,"Once, A young guy built a nice car. All the critics gathered to see it functioning. First everybody said ""It will not start"", But it STARTED. Then all said "" IT will not run "", But it RAN Like a CHEETAH. Then All The critics Thought for a moment and said "" Now It Won’t Stop. It’s Too Fast "" . All I need to say is that: ""WE HAVE JUST STARTED"" . According to scientists, a bumblebee's body is too heavy and its wing span too small. Aerodynamically, a bumblebee cannot fly. But the bumblebee doesn't know that and it flies. . When we started Brother’s Academy 10 years ago, we had just one vision - We will keep giving our best. And just like we have always said “ This is just the beginning, The best from us is yet to come “ This year we celebrated 10 Glorious Years of Brother’s Academy. We are really thankful to all our students, their parents, our associates, our Faculty & Staff members, our supporters & well wishers and everyone. Whatever we are today, is because of the endless love and gratitude shown by our students and well wishers. Whatever we do or say, won’t be enough to justify the love and gratitude we have received from everyone. Cheers #10YearsBA",12/2011,false,,false,"Paras Agarwal | IITan | Education Entrepreneur | Founder & Director, Brother’s Academy Paras Agarwal is an IIT graduate and education entrepreneur, known as the Founder & Director of Brother’s Academy Education Pvt. Ltd. and other group companies, a trusted name in IIT-JEE and Medical entrance coaching. With a strong foundation in Physics, he combines academic rigor with scalable systems to deliver consistent student outcomes. Over the years, he has personally mentored 10,000+ students, helping them gain admission to leading engineering and medical institutions across India. His approach blends conceptual clarity, disciplined execution, and student motivation—creating measurable academic results. As a young entrepreneur, Paras has built Brother’s Academy into a results-driven, value-based organization recognized for integrity, transparency, and excellence. The institute has been honored multiple times by Tax Authorities as among the Honest Taxpayers of Jharkhand, reflecting strong ethical governance. Driven by a vision to professionalize and modernize competitive education, Paras Agarwal continues to scale impact through quality teaching, strong teams, and long-term value creation.",2359,2026-08-25 00:00:00.000 +0530,,,,,,,,,,17,28,,,,,,928,
Pipas Ray,Pipas,Ray,https://www.linkedin.com/in/pipasray,urn:li:member:126995911,pipasray,Bengaluru,Karnataka,India,"Bengaluru, Karnataka, India",BrowserStack,Principal Product Manager,6-10yoe_global_indian,member_urn,"BrowserStack is the world’s leading software testing platform, powered by AI and trusted by over 50,000 teams, including Amazon, Microsoft, and NVIDIA, to deliver quality software at speed. With a community of over 9 million registered developers and testers, we power 3 million+ tests every day across 21 global data centers. Our platform provides instant access to 30,000+ real devices and browsers, eliminating the need for in-house test infrastructure. BrowserStack supports the entire testing lifecycle with scalable solutions for functional, visual, performance, and accessibility testing, alongside powerful test management and debugging tools. With AI Agents built into key workflows, teams can debug faster, automate smarter, and release with confidence.",1799,2011,Software Development,2553488,http://www.linkedin.com/company/browserstack,"Dublin 12, County Dublin, Ireland","Mobile testing, Web testing, Cross-browser testing, Cloud infrastructure, Real Devices, Functional testing, Responsive testing, Manual tests, Automation, Selenium, Javascript unit testing, Appium, Espresso, XCUITest, Quality Assurance, Debugging, Continuous Integration, Continuous Delivery, DevOps, AI-powered testing, Accessibility Testing, and Visual Testing",http://www.browserstack.com,Building AI agents for Test Automation,12/2024,false,https://media.licdn.com/dms/image/v2/D5603AQGgCK0oJ8pPDw/profile-displayphoto-shrink_100_100/profile-displayphoto-shrink_100_100/0/1706818446229?e=1788998400&v=beta&t=gCPjPufRHveXyUIGWiAtXgOtglpOy2sEFrbdPj3jlSE,false,,2792,2026-08-25 00:00:00.000 +0530,,,,,,,,,,,,,,,,,929,
SHASHI KUMAR SAIN,SHASHI KUMAR,SAIN,https://www.linkedin.com/in/shashi-kumar-sain-b0366277,urn:li:member:273346995,shashi-kumar-sain-b0366277,Alwar,Rajasthan,India,"Alwar, Rajasthan, India",Bharat Sanchar Nigam Limited,JTO,6-10yoe_global_indian,member_urn,"A Govt of India Undertaking Engaged in providing Land Line, Mobile, Broad band service throughout India. Has the presence in all the Cellular Area PAN India except Delhi and Mumbai. Came into existence on Ist Oct'2000 after the DOT operations was converted in Bharat Sanchar Nigam Limited",34030,,Telecommunications,10320,http://www.linkedin.com/company/bsnl,India,,https://onlinecareer360.com/,,1/2018,false,https://media.licdn.com/dms/image/v2/C4E03AQFSWUq2iK2e2Q/profile-displayphoto-shrink_100_100/profile-displayphoto-shrink_100_100/0/1516623924193?e=1788998400&v=beta&t=e2TRrnP9Ve7-Co-o7Sg3pnWUX_HRsTYaKLN1zx6LC1I,false,,2945,2026-08-25 00:00:00.000 +0530,,,,,,,,,,,,,,,,,930,
Hardik Dhawan,Hardik,Dhawan,https://www.linkedin.com/in/hardik1908,urn:li:member:761333060,hardik1908,Hisar,Haryana,India,"Hisar, Haryana, India",Cairn Oil and Gas,GET,6-10yoe_global_indian,member_urn,External link for Cairn Oil and Gas,3308,,Oil and Gas,2540932,http://www.linkedin.com/company/cairn-india-ltd,"Gurugram, Haryana, India","Exploration and Production, Oil and Gas, Offshore, Onshore, and Midstream",http://www.cairnindia.com,Graduate Engineer Trainee in Petroleum engineering Department at Offshore SBU,8/2022,false,https://media.licdn.com/dms/image/v2/C5603AQHGkUcnMSmHRQ/profile-displayphoto-shrink_100_100/profile-displayphoto-shrink_100_100/0/1650931474726?e=1788998400&v=beta&t=dzy7_u7YO4TAUDiGdFLiKJOizpzoDZQr5TcpnPojLuE,false,"Learning and analysing about the production & drilling operations at the offshore assets of Vedanta Cairn Oil and Gas limited. A petroleum engineer by background, interested in Product Management and Data Analytics.",78,2026-08-25 00:00:00.000 +0530,,,,,,,,,,,,,,,,,931,
Avinash Kumar,Avinash,Kumar,https://www.linkedin.com/in/avinash-kumar-07495626,urn:li:member:91933144,avinash-kumar-07495626,Gurgaon,Haryana,India,"Gurgaon, Haryana, India",Cairn Oil and Gas,Director- Enhanced Oil Recovery Project,10+yoe_indian,member_urn,External link for Cairn Oil and Gas,3308,,Oil and Gas,2540932,http://www.linkedin.com/company/cairn-india-ltd,"Gurugram, Haryana, India","Exploration and Production, Oil and Gas, Offshore, Onshore, and Midstream",http://www.cairnindia.com,Expansion Projects FID of techno-commercially challenging projects,1/2025,false,,false,,3912,2026-08-25 00:00:00.000 +0530,,,,,,,,,,,,,,,,,931,
Rahul Guha,Rahul,Guha,https://www.linkedin.com/in/rahul-guha-20237034,urn:li:member:120331298,rahul-guha-20237034,Udaipur,Rajasthan,India,"Udaipur, Rajasthan, India",Directorate General of Mines Safety,Dy.Director General,10+yoe_indian,member_urn,,,,,,,,,,,9/2004,false,,false,,3894,2026-08-25 00:00:00.000 +0530,,,,,,,,,,,,,,,,,1766,
Snigdh Katiyar,Snigdh,Katiyar,https://www.linkedin.com/in/snigdh-katiyar-1878a3186,urn:li:member:736755511,snigdh-katiyar-1878a3186,,,Greater Bengaluru Area,Greater Bengaluru Area,HomeRun,Marketing Manager,founders,member_urn,"HomeRun is India's fastest-growing building materials platform — delivering cement, wires, paints, hardware and more to construction sites across Bangalore in under 60 minutes. We're backed by Titan Capital, Sparrow Capital, Sorin Investments and building the supply chain and tech stack that India's ₹13L Cr construction industry has never had. We're hiring across product, engineering, growth, category and ops — come build something that outlasts you. Write to us at hiring@home-run.co",23,2024,Retail,107528057,https://in.linkedin.com/company/thehomerunapp,"Bengaluru, Karnataka, India",,https://home-run.co/,,3/2026,false,,false,"Building products from 0 1 with a strong bias toward execution. Experience across AI automation, growth, and operations in high-impact environments.",3105,2026-08-25 00:00:00.000 +0530,,,,,,,,,,,,,,,,,295,
Vishal Ranjan,Vishal,Ranjan,https://www.linkedin.com/in/vishal-ranjan-oilngas,urn:li:member:312553188,vishal-ranjan-oilngas,Gurgaon,Haryana,India,"Gurgaon, Haryana, India",Cairn Oil and Gas,Head - Wells & Drilling - West Coast Offshore Business Unit,10+yoe_indian,member_urn,External link for Cairn Oil and Gas,3308,,Oil and Gas,2540932,http://www.linkedin.com/company/cairn-india-ltd,"Gurugram, Haryana, India","Exploration and Production, Oil and Gas, Offshore, Onshore, and Midstream",http://www.cairnindia.com,"Infill Well Campaign - Well Construction - Plan/Approval to execution, Full Cycle. Well Intervention, New Technology & Workover for Decline Management Well Integrity",4/2025,false,https://media.licdn.com/dms/image/v2/D5603AQF35WB1G82rEQ/profile-displayphoto-shrink_100_100/profile-displayphoto-shrink_100_100/0/1725554057616?e=1788998400&v=beta&t=M6Y1corCIEMeGhYmVPNZGtdzKX1Ko3B2zUgxJ-UEA80,false,,1552,2026-08-25 00:00:00.000 +0530,,,,,,,,,,,,,,,,,931,
Biswanath Ghosh,Biswanath,Ghosh,https://www.linkedin.com/in/biswanath-ghosh-5924671,urn:li:member:4118654,biswanath-ghosh-5924671,Gurgaon,Haryana,India,"Gurgaon, Haryana, India",Cairn Oil and Gas,Director - Technical Excellence & Growth,10+yoe_indian,member_urn,External link for Cairn Oil and Gas,3308,,Oil and Gas,2540932,http://www.linkedin.com/company/cairn-india-ltd,"Gurugram, Haryana, India","Exploration and Production, Oil and Gas, Offshore, Onshore, and Midstream",http://www.cairnindia.com,"Leading the Center of Excellence at Cairn Oil and Gas with the focus on driving strategic initiatives for business development and growth. Drive commitment to technical excellence and operational efficiency by leveraging technology, digital innovations, robust portfolio analysis, governance, systematic benchmarking, and fostering collaborations and partnerships across the E&P value chain.",2/2026,false,https://media.licdn.com/dms/image/v2/C5103AQEAoaAWIzvlvw/profile-displayphoto-shrink_100_100/profile-displayphoto-shrink_100_100/0/1516271648739?e=1788998400&v=beta&t=l3Zi-qj4K_ogyZ98wZH9G3aDIJs5sVuXo-EBC6-OFL4,false,"-Dynamic explorationist with more than 25 years of experience in the oil and gas E&P industry -Experiance of leading the large exploration and appraisal campaign of one of the largest portfolio of >50 blocks across 12 basins in India. -Experienced on working in multi-national and joint venture environment and teams in India, UK and South Africa with strong emphasis in maintaining QHSE standards. -Core experience in leading both exploration and development projects with multi disciplinary subsurface teams. -Working experience pans over international and global new ventures projects with experience on different basin types and petroleum systems. -Have successfully led and executed projects in Krishna Godavari Basin, Deepwater Offshore India, Barmer Basin in Rajasthan Onshore West of India and Ravva Oil and Gas field and Palar Basin, Offshore East Coast, India Mannar Basin deep-water offshore Sri Lanka and Orange Basin South Africa and other new ventures efforts in frontier basins around the world, -Main areas of interest and skill base are in Exploration Project Management, Execution and Operations, Prospect Portfolio Evaluation & management, Prospect maturation through multidisciplinary workflows, Geoscientific data interpretation (including 3D seismic visualization techniques and multi-attribute classification and AVO analysis for reservoir characterization). -Well conversant with several industry standard G&G and Petro-tech technology and digital applications . -Aspirations of leading an organization by constantly adding value and leading a multi-disciplinary subsurface, exploration and development team, using new technology and objective workflows. Specialties: Main areas of interest and skill base are in Exploration Project Management, Prospect evaluation and resource estimation, 3D seismic interpretation using 3D visualisation techniques and multi-attribute classification and rock physics analysis for reservoir characterization.",1191,2026-09-01 21:00:56.853 +0530,,,,,,,,,,,,biswanath.ghosh@cairnindia.com,biswanath.ghosh@cairnindia.com,,,,931,
Gouse Mohammed,Gouse,Mohammed,https://www.linkedin.com/in/gouse-mohammed-90b2b58,urn:li:member:24623579,gouse-mohammed-90b2b58,Bengaluru,Karnataka,India,"Bengaluru, Karnataka, India",Cairn Oil and Gas,"Lead, Drilling Engineering & Campaign Delivery",founders,member_urn,External link for Cairn Oil and Gas,3308,,Oil and Gas,2540932,http://www.linkedin.com/company/cairn-india-ltd,"Gurugram, Haryana, India","Exploration and Production, Oil and Gas, Offshore, Onshore, and Midstream",http://www.cairnindia.com,"Accountable for delivery of a $100MM multi-rig drilling campaign (3 active rigs) executing ~40 wells annually. Full ownership across planning, design, contracting strategy, execution oversight, performance optimization and HSSE governance. Delivered ~30% cost reduction through operational practice optimization, technology deployment and structured contractor performance management. Responsible for budget control, well integrity assurance, risk management and cross-functional alignment with subsurface, production and commercial stakeholders.",7/2024,true,,false,"Senior Wells Delivery leader with ~19 years of international operator experience across Shell and Cairn, currently accountable for a >$100MM multi-rig drilling portfolio delivering ~40 wells annually.Full lifecycle ownership across planning, design, contracting, execution, budget governance and HSSE performance, with a strong focus on safe, predictable and value-driven well delivery.Proven track record of achieving ~30% cost reduction through operational optimization, selective technology integration, and structured contractor performance management.Experienced across HPHT, ERD, highly sour and complex well environments in Europe, the Middle East and Asia, with strong cross-functional integration across subsurface, production and commercial teams.My approach is centered on understanding the full well delivery system — identifying inefficiencies, simplifying execution, and driving performance improvements that create measurable operational and economic impact.",1667,2026-08-25 00:00:00.000 +0530,,,,,,,,,,,,,,,,,931,
Sebabrata Sarkar,Sebabrata,Sarkar,https://www.linkedin.com/in/sebabrata-sarkar,urn:li:member:271060543,sebabrata-sarkar,Bengaluru,Karnataka,India,"Bengaluru, Karnataka, India",Cairn Oil and Gas,Principal Exploration Geophysicist,10+yoe_indian,member_urn,External link for Cairn Oil and Gas,3308,,Oil and Gas,2540932,http://www.linkedin.com/company/cairn-india-ltd,"Gurugram, Haryana, India","Exploration and Production, Oil and Gas, Offshore, Onshore, and Midstream",http://www.cairnindia.com,,12/2024,true,https://media.licdn.com/dms/image/v2/D5603AQHafWATmfaFqA/profile-displayphoto-shrink_100_100/profile-displayphoto-shrink_100_100/0/1678226075640?e=1788998400&v=beta&t=SaO215DZuVMEcxyxwhUvsZLqH_O7HepX0pasznXGryY,false,"As a strategic and driven leader with extensive global experience within worldwide major oil and energy markets, I optimize reserves management by providing oil and gas upstream insights and offering knowledge assets, analysis, and expert advisory. I am known for my innovative mindset and the ability to take a fresh approach, which has resulted in integrating numerous developments, such as seismic stratigraphic framework building, well calibration, and imaging processing projects to ensure appropriate imaging of sub-salt plays. Being a geophysicist, seismic interpreter, and interpretation geophysicist, I play an integral role in delineating oil and gas reservoirs using geophysical measurements to sustain production. Seeing a project from beginning to end, overcoming obstacles, and growing global teams is what gets me out of bed in the morning. I strive to provide value as a company resource, and have consistently achieved recognitions and promotional opportunities. A few of my career highlights include: Ensured accurate structural and seismic stratigraphic framework building, well-calibrated Seismic records, and precise geologic input by analyzing imaging of sub-salt using depth imaging processing. Delineated key structural provinces, performed geo-body extraction, and supported organized learning of gravity and magnetic features to apply in basin depocenter delineation while steering Seismic Attribute Analysis. Enhanced interpretation efficiency while applying machine learning for seismic and fault interpretation and executing attribute analysis to perform automation, providing related outcomes of analysis for modeling purposes. Open to Relocation.",1193,2026-08-25 00:00:00.000 +0530,,,,,,,,,,,,,,,,,931,
Shailendra Jetley,Shailendra,Jetley,https://www.linkedin.com/in/shailendra-jetley-32880058,urn:li:member:205038032,shailendra-jetley-32880058,,,Greater Delhi Area,Greater Delhi Area,Cairn Oil and Gas,Director - RJ North,10+yoe_indian,member_urn,External link for Cairn Oil and Gas,3308,,Oil and Gas,2540932,http://www.linkedin.com/company/cairn-india-ltd,"Gurugram, Haryana, India","Exploration and Production, Oil and Gas, Offshore, Onshore, and Midstream",http://www.cairnindia.com,"Delivered RRR >1 with ~150 MMBOE reserves addition on a ~USD 370M annual CAPEX program, by integrating exploration, tight oil development, and ASP/polymer EOR execution across 5 reservoirs (~52,000 BOEPD). Reduced asset OPEX by ~15% vs. budget on a USD 430M cost base, by restructuring rig contracts, renegotiating oilfield service agreements, and transitioning to a partner-led (O&M) operating model. Sustained EBITDA >USD 350M by governing capital deployment through JV Management Committee and EXCOM-level approvals, while leading digital drilling efficiency and plant uptime improvement programs.",7/2025,false,https://media.licdn.com/dms/image/v2/D4D03AQGjxiva7_U3Tg/profile-displayphoto-shrink_100_100/profile-displayphoto-shrink_100_100/0/1677513185154?e=1788998400&v=beta&t=DjXI6V0Aw4q-b4rYGAQY8Yd1WhxBwQjWvGMeZlVIKBI,false,"Leading a ~50,000 BOEPD upstream asset with >USD 350M EBITDA accountability — across drilling, subsurface, EOR, and full P&L.26+ years across Vedanta–Cairn and ONGC (Mumbai High, Krishna–Godavari), spanning onshore marginal fields, offshore platforms, HPHT wells, tight gas development, and large-scale ASP/polymer flooding. Currently Director – Rajasthan North, steering one of India's largest onshore EOR programs alongside tight oil development and a ~USD 370M annual CAPEX program.Track record: Grew small-field oil production from ~1,500 to ~5,000 BOPD — phased development of 20+ marginal fields Expanded gas production from ~40 to ~180 MMSCFD — 70+ tight gas wells across 3 years Cut OPEX from ~$9/bbl to ~$7/bbl (~22%) — contracting restructure + production system optimisation Delivered RRR >1 with ~150 MMBOE addition while managing a >3,000-person operating ecosystem Achieved ~15% cost savings vs. budget across a USD 300–400M annual CAPEX programTechnical depth: drilling & completions · hydraulic fracturing · ASP/EOR design · well intervention & integrity · FDP & reserves management · reservoir surveillance · artificial lift (ESP, gas lift) · digital oilfield analytics · JV/PSC governance",1189,2026-08-25 00:00:00.000 +0530,,,,,,,,,,,,,,,,,931,
Ashish Ranjan,Ashish,Ranjan,https://www.linkedin.com/in/ashish-ranjan-18922a9,urn:li:member:27430521,ashish-ranjan-18922a9,Gurgaon,Haryana,India,"Gurgaon, Haryana, India",Cairn Vedanta Oil and Gas,"Business Unit Director, Deepwater",10+yoe_indian,member_urn,External link for Cairn Oil and Gas,3308,,Oil and Gas,2540932,http://www.linkedin.com/company/cairn-india-ltd,"Gurugram, Haryana, India","Exploration and Production, Oil and Gas, Offshore, Onshore, and Midstream",http://www.cairnindia.com,,7/2026,false,https://media.licdn.com/dms/image/v2/D5603AQEHxONg6uTLpw/profile-displayphoto-shrink_200_200/B56ZWFgW5NHoAk-/0/1741701608619?e=1788998400&v=beta&t=0bSuxMGw0M3zQyhmbahlybYYowjub-HMYeFVjBQQ7gc,false,"Experience in the fields of Well Completion/Well Service / Well Integrity / Production Optimisation and Well Engineering for both onshore and offshore assets. Currently working as Head CBOS with Cairn Oil and Gas Ltd, India. My job responsibilities including optimising field production, maturing development and exploration prospects and drilling of new wells. Previously worked in Kuwait Oil Company India Pvt Limited as a Drilling & Workover Engineer and Reliance Industries Limited as Subsea Drilling and Well completions Engineer.",1190,2026-09-01 21:00:56.853 +0530,,,,,,,,,,,,"ashish.ranjan@cairnindia.com, ashishism@gmail.com",ashish.ranjan@cairnindia.com,,,,931,
Ajay Singh,Ajay,Singh,https://www.linkedin.com/in/ajay-singh-25183856,urn:li:member:199141981,ajay-singh-25183856,Hisar,Haryana,India,"Hisar, Haryana, India",Aakash Institute,Physics Faculty,founders,member_urn,,,,,,,,,,,11/2016,false,,false,I am a Physics Teacher at Aakash Institute. Both teaching and Physics are something I am very passionate about. I love working hard to make myself better so that my students always get the best that I can give them. I know I am not the perfect teacher and I am always trying to become better at what I do.,3112,2026-08-25 00:00:00.000 +0530,,,,,,,,,,,,,,,,,1487,
BP SINGH,BP,SINGH,https://www.linkedin.com/in/bp-singh-46297556,urn:li:member:199468874,bp-singh-46297556,North Delhi,Delhi,India,"North Delhi, Delhi, India",Delhi Electricity Regulatory Commission,MEMBER,founders,member_urn,,,,,,,,,,"Its a Quasi Judicial Post. It involves determination of Cost of power by State owned Generation companies, the Tariff to be charged by DISCOMS and dispute resolution. ENGINEER BY PROFESSION Over 39 yrs of experience in Indian Energy Sector in all key elements of total value chain i.e Power Project Planning & Implementation; Fuel sourcing & logistics, Coal Mining and Oil & Gas Exploration.",5/2014,false,,false,"Experienced Specialist with a demonstrated history of working in the government administration industry. Skilled in Negotiation, Gas, Petroleum, Analytical Skills, and Power Plants. Strong professional with a Certificate Course - Influence & Negotiation Strategies focused in Negotiation Skills from Stanford University Graduate School of Business.",3118,2026-08-25 00:00:00.000 +0530,,,,,,,,,,,,,,,,,1737,
Rishabh Kumar,Rishabh,Kumar,https://www.linkedin.com/in/rishabh-kumar-9245b514a,urn:li:member:604650988,rishabh-kumar-9245b514a,Patna,Bihar,India,"Patna, Bihar, India",Turbulence IIT Dhanbad,executor,6-10yoe_global_indian,member_urn,"National level Annual Tech-Fest of Department of Chemical Engineering at Indian Institute of Technology, Dhanbad. Turbulence 2017 was the maiden tech-fest hosted under the banner of Indian Institute of Chemical Engineers (IIChE) and garned visiting participants from 5 colleges in India, as well local participants from the institute.",2,2016,Education Administration Programs,13259550,https://il.linkedin.com/company/turbulence-iit-dhanbad,,,http://www.turbulenceiitdhn.com,,1/2017,false,https://media.licdn.com/dms/image/v2/C5603AQExoIEtLZls9Q/profile-displayphoto-shrink_100_100/profile-displayphoto-shrink_100_100/0/1517845871675?e=1788998400&v=beta&t=j-thCq8SrafsZEdUgDcLtseM6DW234tO6SwT9tiAtkU,false,,2978,2026-08-25 00:00:00.000 +0530,,,,,,,,,,,,,,,,,33,
ANANT KUMAR,ANANT,KUMAR,https://www.linkedin.com/in/anantkumarsharma,urn:li:member:238770529,anantkumarsharma,New Delhi,Delhi,India,"New Delhi, Delhi, India",Ethera,Generalist - Founder Office,founders,member_urn,"At Ethera, we believe diamonds should be worn without rules. No waiting for occasions. No asking for permission. We create fine lab-grown diamond jewelry that’s beautiful, ethical, and easy to own. Every piece is designed to feel effortless, whether it’s for a celebration or just because you felt like it. Here's Ethera's promise :- 1. 80% Buyback 2. IGI Certified Diamonds 3. 100% Exchange 4. Hallmarked Gold 5. Free shipping & Insurance Our first experience store is now open in Ghaziabad, with Bangalore and NCR coming soon. Visit our first store, in Ghaziabad - https://g.co/kgs/8LkdAtz Like it. Own it. That’s the Ethera way.",26,,Retail Luxury Goods and Jewelry,105605502,https://www.linkedin.com/company/etheradiamonds,,,https://etheradiamonds.com/,,8/2026,true,,true,"I build the operating systems that help businesses scale — from strategy to execution. With 3+ years of experience at Navi Fintech and Tata Steel, and an MBA from XLRI Jamshedpur, I have led cross-functional programs, managed P&L, and partnered with senior leaders to drive measurable outcomes.At Navi Fintech, I serve as Associate Manager with a dual mandate — City HR across 3 geographies (UP/Bihar, Delhi, Haryana/Punjab/Uttarakhand) and City CEO for Chandigarh & Lucknow — overseeing 100+ employees and ₹28 Cr in POS. I have built performance governance frameworks, led workforce planning, driven compliance, and improved team productivity through scalable operating processes.At Tata Steel, I led mine planning and long-term business strategy for the Jharia division, managed regulatory approvals for 8 mines, coordinated with 5+ departments and external stakeholders, and delivered a process innovation (Green Barricading) that reduced costs by 24% and erection time by 67%.Core strengths: Program Management | Strategy & Operations | Business Planning | Chief of Staff Functions | Growth Strategy | Category Management | P&L Ownership | OKR & Performance Frameworks | Stakeholder Management | Financial Modelling | Process Improvement | HR Analytics | Cross-functional LeadershipCurrently open to roles in: Program Management | Chief of Staff / Founder's Office | Strategy & Operations | Growth Manager | Category Manager — preferably at high-growth startups or transformation-focused organizations.",3117,2026-08-25 00:00:00.000 +0530,,,,,,,,,,,,,,,,,494,
Jit Varish Tiwari,Jit Varish,Tiwari,https://www.linkedin.com/in/jitvarish,urn:li:member:61003705,jitvarish,Gurugram,Haryana,India,"Gurugram, Haryana, India",Care Insurance,Head of Engineering,10+yoe_indian,member_urn,"Care Health Insurance is a specialised health insurer offering products in the retail segment for Health Insurance, Top-up Coverage, Personal Accident, Maternity, International Travel Insurance and Critical Illness along with Group Health Insurance and Group Personal Accident Insurance for Corporates, Micro Insurance Products for the Rural Market and a Comprehensive Set of Wellness Services. With its operating philosophy being based on the principal tenet of ‘consumer-centricity’, the company has consistently invested in the effective application of technology to deliver excellence in customer servicing, product innovation and value-for-money services. Apart from numerous awards since inception, more recently Care Health Insurance was conferred the ‘Overall Achievement Award’ (SAHI category) at the ASSOCHAM 16 th Global Insurance Summit & Awards; ‘Smart Insurer’ and ‘Sales Champion’ awards in Health Insurance category at the 11 th ET Now Insurance Summit & Awards 2024; ‘Claims Service Leader for the Year’ & ‘Best Health Insurance Company in Rural Sector’ awards at the India Insurance Summit & Awards 2024, and ‘Best Health Insurance Plan – Care Plus’ at the Global Financial Planner’s Summit 2024.",2855,2012,Insurance,69401961,http://www.linkedin.com/company/care-health-insurance,"Gurugram, Haryana, India",,https://www.careinsurance.com,"Drive the exploration, prototyping, and adoption of next-generation technologies. Influence the company future AI strategy and shape emerging technologies. AI/ML, Generative AI (Gen AI), Large Language Models (LLMs), Vector Databases, AI Search, Agentic AI, Automation. Defining and executing the enterprise technology vision and roadmap, ensuring alignment with long-term business objectives, market dynamics, and customer needs. Leading digital transformation at scale, including cloud adoption strategy, legacy system decommissioning, and integration of modern architectures like event-driven and microservices frameworks. Establishing enterprise-wide engineering standards, architecture governance, and code quality benchmarks to drive operational efficiency, scalability, and maintainability. Building strategic partnerships and vendor ecosystems, including global technology alliances, fintech regulators, cloud providers (AWS/GCP), and open banking platforms. Orchestrating large-scale technology transformation programs, involving multi-geography coordination, regulatory compliance, information security (ISO, PCI-DSS), and performance SLAs. Leading enterprise architecture decisions, ensuring secure, modular, and extensible platforms that support rapid product evolution and integration with third-party services. Owning technology budgeting, cost optimization, and ROI analysis, including cloud cost governance, build vs. buy evaluations, and infrastructure investment planning. Setting up robust metrics and performance dashboards, using KPIs, OKRs, and engineering analytics to measure innovation, delivery efficiency, quality, and platform health. Advising the executive board and CXOs on strategic technology investments, risk management, compliance mandates, and long-term capability development to support growth and scale.",12/2022,false,,false,"#Passionate about leveraging cutting-edge AI technologies to drive innovation in software development, I specialize in implementing AI-Driven Life Cycle (AIDLC) strategies. Skilled in utilizing modern AI tools like Cursor, ChatGPT, and Copilot, I enhance productivity, streamline development workflows, and deliver high-quality solutions. By integrating these advanced tools, I enable teams to collaborate effectively, automate routine tasks, and stay ahead in an ever-evolving tech landscape. # Innovative, Hands-On, Result Driven Technology Professional with 20+ years experience # Passionate about Ideation, Business Analysis, Sales, Presales, Developing Products, Building & Motivating Teams, Start-ups Expertise # Strong strategic and long-range planning abilities; skilled in setting product and technology strategies in Ecommerce, Banking, Payments, Mobile, Finance, Travel, B2C and B2B environments. # Interacted with CXO level executives in determining program roadmaps, transformation opportunities and software development process redesign. # 110+ Project Implementation, Managed team up to 100+ people # Expertise in Platform Migration, Research & Innovation towards new technology and architecture # Research on various Open Source Tools and its customization, integration with other application for cost cutting and Product Performance # Agile coach to engineering teams with true polyglot expertise. # Many roles: CTO, Head of Engineering, Delivery Manager, Release Manager, Solution Architect, etc. # Experience working with cross-functional teams across multiple countries and locations. Traveled to different locations in the U.S.A., Germany, Slovenia, Bulgaria, Czech Republic Team - Believes in Human Values at a workplace to provide a conducive environment - Maintaining strong relationship with Team Member - Motivating individual team member to achieve their best Specialties Serial Startup & Entrepreneurship, Leadership, Product Development",1535,2026-08-25 00:00:00.000 +0530,,,,,,,,,,,,,,,,,932,
shobhit agarwal,shobhit,agarwal,https://www.linkedin.com/in/shobhit-agarwal-054a4445,urn:li:member:160835392,shobhit-agarwal-054a4445,,,Greater Bengaluru Area,Greater Bengaluru Area,Cashfree Payments,Director of Engineering,10+yoe_indian,member_urn,"At Cashfree Payments, we’re not just shaping the future of payments - we’re moving fast to help scale businesses of all sizes at different stages of their growth journeys. Founded in 2015, we process transactions worth $80B annually and are trusted by more than 800,000 businesses. Authorised by the Reserve Bank of India, we are one of the first entities to receive critical licences like PA-PG, PA-CB and PPI in the sector. We enable seamless collections, payouts, identity verification, and fraud detection. We are backed by Silicon Valley investor Y Combinator, Apis Partners, KRAFTON Inc, State Bank of India (SBI), and were incubated by PayPal.",919,2015,Financial Services,13183020,http://www.linkedin.com/company/cashfree,"Bengaluru, Karnataka, India","Payment Gateway, Invoicing, IMPS, NEFT, RTGS, Internet Banking, UPI, Escrow Account, API Banking, payouts, fintech, Y combinator, startups, Entrepreneur, innovation, payments, online business, upi autopay, growth, Technology, and Marketplace Settlements",http://www.cashfree.com,,3/2022,false,https://media.licdn.com/dms/image/v2/C5603AQGf22BRoXRNCA/profile-displayphoto-shrink_100_100/profile-displayphoto-shrink_100_100/0/1647331769196?e=1788998400&v=beta&t=eVQmZ6DYUY2zqG2Rq1k_eG9wbLhRisyhFNmDGwkowPw,false,"I’ve spent the last 18+ years building and scaling engineering teams across fintech and consumer product companies. Most of my recent work has been in regulated, high-availability environments where uptime and customer trust are critical.Over the years, I’ve led product, platform, and reliability engineering groups, working closely with product and business leaders to turn growth goals into scalable systems and disciplined execution. I care about building strong engineering foundations with clear ownership, operational maturity, and a culture that balances speed with reliability.In the past few years, I’ve also focused on applying AI in practical ways across engineering workflows. From automation and failure analysis to improving internal productivity, the goal has been simple, help teams move faster without compromising stability.I’m particularly interested in scaling engineering organizations that combine innovation with operational discipline, and in building teams that deliver measurable business impact.",1228,2026-08-25 00:00:00.000 +0530,,,,,,,,,,,,,,,,,933,
Rohan Bindal,Rohan,Bindal,https://www.linkedin.com/in/rohanbindal,urn:li:member:254981013,rohanbindal,Noida,Uttar Pradesh,India,"Noida, Uttar Pradesh, India",Cashfree Payments,Director,6-10yoe_global_indian,member_urn,"At Cashfree Payments, we’re not just shaping the future of payments - we’re moving fast to help scale businesses of all sizes at different stages of their growth journeys. Founded in 2015, we process transactions worth $80B annually and are trusted by more than 800,000 businesses. Authorised by the Reserve Bank of India, we are one of the first entities to receive critical licences like PA-PG, PA-CB and PPI in the sector. We enable seamless collections, payouts, identity verification, and fraud detection. We are backed by Silicon Valley investor Y Combinator, Apis Partners, KRAFTON Inc, State Bank of India (SBI), and were incubated by PayPal.",919,2015,Financial Services,13183020,http://www.linkedin.com/company/cashfree,"Bengaluru, Karnataka, India","Payment Gateway, Invoicing, IMPS, NEFT, RTGS, Internet Banking, UPI, Escrow Account, API Banking, payouts, fintech, Y combinator, startups, Entrepreneur, innovation, payments, online business, upi autopay, growth, Technology, and Marketplace Settlements",http://www.cashfree.com,,4/2026,false,https://media.licdn.com/dms/image/v2/C4D03AQFlgQHC7LewQw/profile-displayphoto-shrink_100_100/profile-displayphoto-shrink_100_100/0/1652597182817?e=1788998400&v=beta&t=b9ax-MK4b20WTIlgAQG1h9in9AVbQJhX85UIeBx5FtQ,false,"With over six years of experience in payment solutions and financial services, currently serving as Director at Cashfree Payments, contributing to regulatory compliance and merchant onboarding. Focusing on creating seamless payment experiences and ensuring adherence to industry standards. Known for leading big teams, enabling operational efficiencies, and fostering collaboration, that align with the mission of driving innovation in financial technology. Dedicated to leveraging expertise in compliance to empower teams and enhance customer trust, ultimately driving larger business goals",288,2026-08-25 00:00:00.000 +0530,,,,,,,,,,,,,,,,,933,
Dhanesh Pal Singh Jadaun,Dhanesh Pal,Singh Jadaun,https://www.linkedin.com/in/dhanesh-pal-singh-jadaun-12622bb8,urn:li:member:418596078,dhanesh-pal-singh-jadaun-12622bb8,Gurgaon,Haryana,India,"Gurgaon, Haryana, India",Cashify,Director,10+yoe_indian,member_urn,India’s first and largest end-to-end smartphone solution provider. - Use our buying guide to purchase the smartphone that’s best suited for you. - Buy the trendiest high quality mobile accessories that give you the edge. - Get your smartphone repaired at the most affordable prices by our super-skilled technical team. - Shop from our wide range of refurbished smartphones at exciting prices and 6 months warranty. - Sell your used smartphone right from your doorstep and get instant cash on the spot. Get in touch with us for everything mobile and find services at zero hassles.,2123,2009,Consumer Services,455379,http://www.linkedin.com/company/cashify,"Gurugram, Haryana, India",Recommerce and Consumer Internet,http://www.cashify.in,Head of Procurement & Supply Chain Department,4/2024,false,https://media.licdn.com/dms/image/v2/D5603AQFhEbZlzskv6Q/profile-displayphoto-shrink_800_800/B56ZSzA5YkGoAk-/0/1738170145292?e=1788998400&v=beta&t=Y8QIzbOzgPAHyweG4SsXsUneThhEbK9gQHrmsUGthbY,false,"With a strategic eye on every detail, I turn complex processes into seamless, efficient systems.",1123,2026-08-25 00:00:00.000 +0530,,,,,,,,,,,,,,,,,934,
Vijay Yadav,Vijay,Yadav,https://www.linkedin.com/in/vijay-yadav-2a0a0b110,urn:li:member:468321240,vijay-yadav-2a0a0b110,Gurugram,Haryana,India,"Gurugram, Haryana, India",Casual Monks,Founder,founders,member_urn,"Casual Monks isn’t just a travel brand — it’s a journey back to Ekaant, the sacred silence within. Through mountains, rivers, stillness, and tribe, we create experiences that gently return you to yourself. We don’t sell trips. We offer Silence through Courage, Stillness, Honesty, Resonance, Presence, and Belonging — through mindful adventures, meditation, sound, nature, and raw human connection. Our child brand, Furry Monks, extends this spirit to our four-legged companions — curating soulful, pet-friendly journeys across the Himalayas for humans and their dogs to experience freedom, together.",1,2022,Travel Arrangements,107308106,http://www.linkedin.com/company/casual-monks,"Manali, Himachal Pradesh, India",,www.casualmonks.in,"As the founder of Casual Monks and Furry Monks, I’ve built a purpose-driven travel ecosystem rooted in nature, community, and conscious exploration. Casual Monks curates transformative travel experiences across Himachal and Ladakh — from hidden villages to remote treks, immersive slow living, riverside cottages, and soul-enriching adventures that blend mindfulness, movement, and deep connection with the land. Furry Monks, India’s first pet-friendly travel community in the mountains, was born out of my belief that travel should include every member of the family — even the furry ones. We organize curated pet-inclusive getaways, forest hikes, riverside stays, and community-building trips where humans and pets reconnect with nature and each other. My role spans end-to-end experience design, community building, creative storytelling, operations, and a hands-on approach to hosting and facilitating travel that transforms",11/2022,false,,false,"I began my professional journey as a Software Engineer, building tech products and understanding systems thinking at its core. Early on, I felt a deep drive to contribute meaningfully to education, which led me to start my first entrepreneurial venture — Careerpedia, an ed-tech platform designed to help students make informed career choices. This venture organically transitioned into teaching and mentoring, where I found purpose in simplifying complex ideas and building trust with learners. I later joined an emerging ed-tech startup as Content Head, leading curriculum strategy and product content. This path eventually took me to BYJU’S, where I worked as a Content Manager, managing teams, scaling content operations, and refining learning experiences for millions. In search of deeper alignment with nature, freedom, and community, I left the corporate world to build something more personal and meaningful. I moved to the Himalayas and founded Casual Monks — a slow-travel collective curating offbeat, mindful experiences across Himachal and Ladakh. Soon after, I launched Furry Monks, India’s pioneering pet-friendly travel community in the mountains. Today, I work full-time on building purposeful travel ecosystems — blending conscious tourism, wilderness exploration, and pet-friendly adventures — while staying rooted in storytelling, community, and creativity.",3116,2026-08-25 00:00:00.000 +0530,,,,,,,,,,17,28,,,,,,935,
Mahesh Khicher,Mahesh,Khicher,https://www.linkedin.com/in/mahesh-khicher-40247215,urn:li:member:51906242,mahesh-khicher-40247215,New Delhi,Delhi,India,"New Delhi, Delhi, India",Central Electricity Regulatory Commission (CERC),Assistant Chief (Economics),founders,member_urn,"The Commission intends to promote competition, efficiency and economy in bulk power markets, improve the quality of supply, promote investments and advise government on the removal of institutional barriers to bridge the demand supply gap.",75,1998,Government Administration,34210170,http://www.linkedin.com/company/central-electricity-regulatory-commission%c3%aa-cerc-,"Delhi, India",,http://www.cercind.gov.in,,6/2025,false,,false,,3780,2026-08-25 00:00:00.000 +0530,,,,,,,,,,,,,,,,,938,
Vipul Kumar IPS PhD,Vipul,Kumar IPS PhD,https://www.linkedin.com/in/vipulkumar,urn:li:member:11504205,vipulkumar,Bengaluru,Karnataka,India,"Bengaluru, Karnataka, India",Central Reserve Police Force (CRPF),IGP,10+yoe_indian,member_urn,"The Central Reserve Police Force (CRPF) is a central armed police force in India under the Ministry of Home Affairs. The CRPF assists states and Union Territories in maintaining law and order and internal security. It is composed of the Central Reserve Police Force (Regular) and Central Reserve Police Force (Auxiliary). It was established on 27 July 1939 as Crown Representative's Police with the objective of providing security to the British Crown Representatives in India. The force was later renamed as the Central Reserve Police Force by an Act of Parliament in 1949. The CRPF played a major role in the Parliamentary elections of September 1999.[3] The Central Reserve Police Force (CRPF) is the largest paramilitary force in India, comprising 247 battalions and exceeding a total strength of 301,376 personnel as of 2019.[4] CRPF officers are also deployed in United Nations missions.",1010,1939,Government Administration,106094362,http://www.linkedin.com/company/central-reserve-police-force,"Delhi, Delhi, India",,https://crpf.gov.in/,,4/2024,false,https://media.licdn.com/dms/image/v2/D5603AQEXq8bV0J_ZzA/profile-displayphoto-scale_400_400/B56ZzemBm4JYAg-/0/1773261059696?e=1788998400&v=beta&t=zkt4Ge8EBfpH8_KhGCwVZlHjG1uwfDwWwFKQagQ_Cgo,false,,1873,2026-08-25 00:00:00.000 +0530,,,,,,,,,,,,,,,,,939,
Deepanker Gupta,Deepanker,Gupta,https://www.linkedin.com/in/deepankergupta,urn:li:member:107385342,deepankergupta,Gurugram,Haryana,India,"Gurugram, Haryana, India",CEOFactory.vc,Founding Partner,founders,member_urn,"Imagine having a partner who is as committed to your business as you are. That's who we are! We're all about turning your business dreams into reality. Whether you're an established business looking to scale up or a startup aiming to disrupt the market, we've got your back. We don’t just give advice—we make things happen. We roll up our sleeves and execute hands-on to drive real tangible growth.",7,2023,Business Consulting and Services,98238837,http://www.linkedin.com/company/ceofactory,"Gurgaon, Haryana, India",,https://www.ceofactory.vc/,Helping Startup's and SME's !!,8/2023,false,,false,"I’m a startup operator at heart and a business growth partner by choice. As Founding Partner at CEOFactory.vc, I work closely with startup founders and SME leaders to scale with speed—through sharp strategy and relentless execution. We don’t just consult—we co-build. From go-to-market and performance marketing to fundraising and org design, we help turn business goals into tangible growth. How I got here: I started my journey working with large corporates, where I learned the art of structured thinking, process-driven execution, and managing high-stakes deliverables. That foundation gave me an edge when I transitioned into the dynamic world of startups. Over the years, I’ve led and built businesses from zero to scale, solving real-world challenges across product, growth, and leadership. Whether it's helping a digital first brand build a pan-India offline sales team, unlocking new revenue channels for brands, or digitally transforming a traditional business to reduce cost by up to 30%, I’ve lived the founder journey multiple times—sometimes as a partner, sometimes as a fire-fighter. What I bring to the table: A cross-industry lens blending startup agility with corporate discipline A bias for action—because advice without execution is just theory A deep understanding of the founder mindset, having walked that path myself CEOFactory.vc focuses on: Startup & SME Growth Strategy Sales & GTM Execution Digital & Performance Marketing Supply chain Optimisation Digital Transformation Investor Readiness Culture Building & best HR Practices I love working with: Founders looking to break plateaus SMEs ready to systemize & scale Investors seeking execution-led consulting for their portfolio Let's connect if you're building something exciting—or facing growth challenges and want an execution partner who gets it.",3180,2026-08-25 00:00:00.000 +0530,,,,,,,,,,17,28,,,,,,941,
Capt Deepak Maharana,Capt Deepak,Maharana,https://www.linkedin.com/in/capt-deepak-maharana-1b215513,urn:li:member:45151190,capt-deepak-maharana-1b215513,Bhubaneswar,Odisha,India,"Bhubaneswar, Odisha, India",Maithan Ispat Limited,Chief Security Officer,founders,member_urn,,,,,,,,,,"Liaising with local police, SP Office, administration, public offices, and Collectorate for operational compliance and issue resolution. Supervising plant security, including personnel deployment, patrolling, duty allocation, and CCTV monitoring. Scrutinizing purchase orders, monitoring raw material deliveries, dispatch vehicles, and non-hazardous waste distribution for compliance. Managing plant vehicle operations, including logistics, VIP security entourage, and duty assignments. Conducting regular audits and preparing detailed reports on security, logistics, and material handling. Developing and implementing emergency response plans and conducting training sessions for preparedness. Optimizing CCTV siting and ensuring effective use of technology for surveillance and communication.",3/2024,false,,false,"I am a results-driven Ex-Army Officer with a passion for Corporate Affairs, Government Liaison, and Security Management. With a diverse background and a proven track record of success, I am committed to driving Organizational excellence and fostering collaborative relationships between Public and Private Sectors. In the ever-evolving business landscape, Corporate Affairs plays a crucial role in shaping a Company's image, reputation, and strategic objectives. Throughout my career, I have been dedicated to devising and executing innovative communication strategies that effectively engage stakeholders, customers, and employees. I take pride in building strong brand narratives, managing crisis communications, and enhancing corporate social responsibility initiatives to create a positive impact on Society. My expertise in Government Liaison allows me to forge meaningful partnerships with key decision-makers, regulatory bodies, and policymakers. By fostering open dialogue and advocating for the interests of the organization, I have successfully facilitated regulatory compliance and secured valuable opportunities for growth. Security is paramount in safeguarding an organization's assets, reputation, and people. With a sharp focus on risk assessment and proactive measures, I have implemented robust Security Management strategies that protect against potential threats while maintaining a safe and productive work environment. My approach involves leveraging cutting-edge technologies, conducting comprehensive audits, and instilling a culture of security awareness among employees. Through my career, I have had the privilege of collaborating with diverse teams across industries, fostering a deep understanding of the unique challenges and opportunities each sector presents. My leadership style emphasizes teamwork, transparency, and continuous improvement, enabling me to drive organizational change and achieve sustainable results. If you are looking for a seasoned professional with a strong commitment to Corporate Affairs, Government Liaison, and Security Management, I welcome the opportunity to connect and explore how we can collaborate to achieve your strategic goals. Let's connect and embark on a journey of meaningful impact together.",3132,2026-08-25 00:00:00.000 +0530,,,,,,,,,,,,,,,,,2127,
Shwetank Singh,Shwetank,Singh,https://www.linkedin.com/in/shwetanksingh0703,urn:li:member:20033235,shwetanksingh0703,Mumbai,Maharashtra,India,"Mumbai, Maharashtra, India",Chalet Hotels Limited,MD & CEO,10+yoe_indian,member_urn,"Chalet Hotels Limited (CHL), part of K Raheja Corp, is an owner, developer, asset manager and operator of high-end hotels and resorts in India, comprising of 11 operating hotels & resorts with 3,389 keys across globally recognized hospitality brands including JW Marriott, The Westin and Novotel, to name a few. Additionally, the company has ~1,200 rooms under development. Chalet is augmenting its commercial real estate portfolio from the current size 2.4 million square feet to 3.3 million square feet. Chalet Hotels’ enhanced sustainability performance is reflected in the latest Dow Jones Sustainability Index with an overall score of 57 (CSA Score Date: 16/02/2024). It is also the first hospitality company across the globe to commit to the three key Climate Group initiatives - RE100, EP100 and EV100.",257,1986,Hospitality,8805657,http://www.linkedin.com/company/chalet-hotels-limited,"Mumbai, Maharashtra, India",Hotel Management,http://www.chalethotels.com,,2/2026,false,https://media.licdn.com/dms/image/v2/D5603AQEjCpQcqvfilw/profile-displayphoto-shrink_100_100/profile-displayphoto-shrink_100_100/0/1727181985901?e=1788998400&v=beta&t=yOsW8gXHj_XXqrgBZ9tVpOhPvMz4ZZiJ-xcZdhuZVi0,false,"Experienced professional with a demonstrated history of working in the hospitality industry including Acquisitions, Operations and Asset Management both in India and International Markets. Strong consulting professional skilled in Strategy, Business Processes, Negotiation, Operations Management, Sales and Public Relations",1296,2026-08-25 00:00:00.000 +0530,,,,,,,,,,,,,,,,,943,
Vivek Misra,Vivek,Misra,https://www.linkedin.com/in/vivekmisraindia,urn:li:member:56828244,vivekmisraindia,Pune Division,Maharashtra,India,"Pune Division, Maharashtra, India",Chambal Fertilisers and Chemicals Limited,Vice President and Business Head (TAN),10+yoe_indian,member_urn,External link for Chambal Fertilisers and Chemicals Limited,1718,1985,Chemical Manufacturing,221675,http://www.linkedin.com/company/chambalsocial,"Delhi, India","Fertilisers, Crop Protection, Speciality Nutrients, Agrochemicals, Crop Nutrients, Micronutirents, Sustainability, ESG, Employee Friendly, and Growth Oriented",http://www.chambalfertilisers.com,,1/2025,false,https://media.licdn.com/dms/image/v2/C5103AQG_JgQeyzfsMw/profile-displayphoto-shrink_100_100/profile-displayphoto-shrink_100_100/0/1578500705346?e=1788998400&v=beta&t=cP_rf8RDi5RnPAce4LFBg4BRUX3YejCd8-pj9CkZGpE,false,,1549,2026-08-25 00:00:00.000 +0530,,,,,,,,,,,,,,,,,945,
Navneet Srivastava,Navneet,Srivastava,https://www.linkedin.com/in/navneet-srivastava-2532a844,urn:li:member:155990367,navneet-srivastava-2532a844,Naharlagun,Arunachal Pradesh,India,"Naharlagun, Arunachal Pradesh, India",Chandigarh Administration,Director Scienct Technology and Renewable Energy,10+yoe_global,member_urn,"Chandigarh Administration is a government administration company based out of Sarovar Path, Chandigarh, Chandigarh, India.",358,,Government Administration,8491198,http://www.linkedin.com/company/chandigarh-administration,"Chandigarh, Chandigarh, India",,http://www.chandigarh.gov.in,,12/2023,false,https://media.licdn.com/dms/image/v2/D5603AQFv0hoEKraw6g/profile-displayphoto-shrink_100_100/profile-displayphoto-shrink_100_100/0/1726799955877?e=1788998400&v=beta&t=22K7eCre8LjJqd-RqGwYuv0diLVirfF4dDUiTbXMvlI,false,"I am a person with a basic need of constantly doing something new,no matter how small it is. I prefer new challenges everyday. After juggling with around 3 PSU and Indian engineering services as my employer,I finally am happily settled in Indian Forest services. I believe that a great responsibility is on our shoulders to manage our natural resources in a manner that the very survival of our species is not threatened.",1203,2026-08-25 00:00:00.000 +0530,,,,,,,,,,,,,,,,,946,
Abhishek Kumar,Abhishek,Kumar,https://www.linkedin.com/in/abhishek-kumar-44aa1a27,urn:li:member:95092474,abhishek-kumar-44aa1a27,Jamshedpur,Jharkhand,India,"Jamshedpur, Jharkhand, India",National Metallurgical Laboratory,Scientist E (Principal Scientist),10+yoe_indian,member_urn,External link for National Metallurgical Laboratory,289,1950,Research Services,1245558,http://www.linkedin.com/company/national-metallurgical-laboratory,"Jamshedpur, Jharkhand, India","metallurgy, minerals, rare earth, materials, alloy development, material evaluation, waste management, and iron and steel making",http://www.nml.res.in,,10/2024,false,,false,,3895,2026-08-25 00:00:00.000 +0530,,,,,,,,,,,,,,,,,1225,
Maj.Amit Lal,Maj.Amit,Lal,https://www.linkedin.com/in/maj-amit-lal-b723bb6,urn:li:member:18911174,maj-amit-lal-b723bb6,Kolkata,West Bengal,India,"Kolkata, West Bengal, India",ALT Diagnostics Pvt Ltd,Country Head,founders,member_urn,,,,,,,,,,,10/2018,false,,false,"Indian Army Officer with long corporate career in HR, Administration and Security. Author of 'Jungoo- The making of a Soldier. Founder of E-CSD, an online shopping platform.",3141,2026-08-25 00:00:00.000 +0530,,,,,,,,,,,,,,,,,1533,
Sumit Kumar,Sumit,Kumar,https://www.linkedin.com/in/sumit-kumar-38302511,urn:li:member:38868435,sumit-kumar-38302511,Delhi,,India,"Delhi, India",Bureau of Indian Standards,Scientist- C (Deputy Director),10+yoe_indian,member_urn,,,,,,,,,,,8/2006,false,,false,,3897,2026-08-25 00:00:00.000 +0530,,,,,,,,,,,,,,,,,1114,
AKASH SRIVASTAVA,AKASH,SRIVASTAVA,https://www.linkedin.com/in/akashiit,urn:li:member:632485902,akashiit,,,Greater Bengaluru Area,Greater Bengaluru Area,Diligent,Senior Advisory Specialist | Product Management (Compliance) | Entities Implementation,founders,member_urn,"Diligent is the AI leader in governance, risk and compliance (GRC) SaaS solutions, helping more than 1 million users and 700,000 board members to clarify risk and elevate governance. The Diligent One Platform gives practitioners, the C-Suite and the board a consolidated view of their entire GRC practice so they can more effectively manage risk, build greater resilience and make better decisions, faster. Headquartered in New York, Diligent also has offices in Washington D.C., London, Galway, Budapest, Vancouver, Bengaluru, Munich, Singapore and Sydney. Discover why IDC calls Diligent a leader in 2025 GRC MarketScape at diligent.com. #LifeAtDiligent #ModernGovernance",3058,,Software Development,101105,https://www.linkedin.com/company/diligent-board-member-services,"New York, New York, United States","Governance, Analytics, Insights, Collaboration Solutions, Entity Management, Board Portal Solutions, GRC, Compliance, Audit, Risk, and ERM",http://www.diligent.com,"Compliance Product Management: Partnering directly with the Diligent Compliance Team to shape the strategy, feature lifecycle, and roadmaps for Compliance workflows. Translating intricate regulatory requirements and corporate governance frameworks into actionable user stories and product specifications. Cross-Functional Collaboration: Working alongside compliance domain experts, engineers, and product stakeholders to scale case management tools, compliance features, and risk workflows within the Diligent One Platform. Entities Implementation & SSO Integration: Leading the end-to-end technical software configuration and secure Single Sign-On (SSO) integrations for corporate entity modules, ensuring seamless data mapping and access control for enterprise clients. Product Backlog & UAT Delivery: Acting as a vital link between global enterprise accounts and developer squads to oversee User Acceptance Testing (UAT), troubleshoot integration bottlenecks, and directly feed client insights back into the core compliance product backlog. SaaS Delivery Management: Directing the software delivery lifecycle for high-value compliance and entity management implementations, tracking project scopes and technical milestones to guarantee flawless execution and adoption.",5/2026,false,,false,"Technical Project Manager & ESG Implementation Lead Technical Program Manager with 5+ years of experience deploying complex SaaS solutions for global enterprise clients.I specialize in bridging the gap between technical teams and business stakeholders, ensuring that requirements gathering, software configurations, UAT, and data migrations are delivered on time and within scope.Core Value Proposition:ICT Project Delivery: Managing full SDLC and end-to-end implementation lifecycles for SaaS platforms across the APAC region.Tech & Data: Leveraging an M.Tech in AI and B.Tech in CS to manage solution architecture, technical requirements, and developer workflows.ESG Expertise: Deep subject matter expertise in GRI, TCFD, CDP, and Carbon Accounting, allowing me to lead specialized implementation projects.Open to Opportunities: I am available for Technical Delivery and Implementation leadership roles across the APAC region (India, Australia, New Zealand).",3151,2026-08-25 00:00:00.000 +0530,,,,,,,,,,,,,,,,,480,
Muralidhar Naik,Muralidhar,Naik,https://www.linkedin.com/in/muralidhar-naik-ba9498a9,urn:li:member:386389425,muralidhar-naik-ba9498a9,Odisha,,India,"Odisha, India",Coal India Africana Limitada,General Manager (Geology),10+yoe_indian,member_urn,"COAL INDIA LIMITED, (CENTRAL MINE PLANNING AND DESIGN INSTITUTE LIMITED) | 2,321 followers on LinkedIn. Coal exploration",322,,Government Relations Services,1183762,https://www.linkedin.com/school/coal-india-limited-central-mine-planning-and-design-institute-limited-/,"Bhubaneswar, Odisha, India",,https://www.cmpdi.co.in/,,3/2014,false,,false,,3896,2026-08-25 00:00:00.000 +0530,,,,,,,,,,,,,,,,,788,
Sudeep Kumar,Sudeep,Kumar,https://www.linkedin.com/in/sudeep-kumar-70982717,urn:li:member:58778937,sudeep-kumar-70982717,Noida,Uttar Pradesh,India,"Noida, Uttar Pradesh, India",BOLD,Module Lead- Data Analytics,founders,member_urn,"Since 2005, BOLD has established itself as a job seeker’s ally. Our goal is simple: We Transform Work Lives. We provide online products, tools, guidance, and support to help job seekers make their jobs, careers, and workplaces better. BOLD’s more than 1,200 global team members in Engineering, Customer Engagement, Product, Marketing, Data Science, Design/UX, Research and Human Resources are passionate about helping people achieve their career dreams. Our team’s knowledge and expertise has resulted in award-winning AI-powered resume and cover letter builders, and job search tools that have empowered millions of job seekers in more than 180 countries to reach their professional goals. From our headquarters in Puerto Rico, with remote and hybrid offices in India, Poland, and U.S. we’re a global organization on a path to change the career industry as we know it.",1607,2005,Software Development,10490165,https://www.linkedin.com/company/boldlimited,,,http://bold.com/,"Built logistic regression models & Decision trees for advanced email segmentation, improving campaign open rates by 22% and paid conversions by 9%. Designed and launched a self-service A/B Test reporting tool (R, Python, Google Sheets), cutting analysis turnaround time by 70%. Implemented group sequential testing on company level, which helped to decrease the A/B testing time by 30% and led to an increase in revenue from A/B test by 25%. Analysed 25+ A/B tests across different user stages, achieving up to 30% uplift in conversion rate across the portfolio. Designed and automated a framework for weekly anomaly detection in business KPI (CVR, Regs Rate etc) using mathematical and statistical calculations. Led weekly business reviews for C-level stakeholders, influencing strategy across 3 global platforms with 30M+ monthly visits. Developed a real-time, hourly traffic monitoring system to detect anomalies or spikes in key business KPIs (visits, registrations, and subscriptions) using statistical methodologies. Automated revenue and KPI dashboards segmented by SEO/SEM, geo, device, and user segment, enabling $100M+ in targeted marketing investment. Diagnosed and resolved complex pixel firing and attribution issues, reducing lost-conversion reporting by 40% and ensuring compliant user tracking. Led SEM ad account optimization, restructuring campaign hierarchy and optimizing bidding price, which reduced average CPC by 18% and increased ROAS by 15%. Automated SEM keyword and negative keyword management using Python scripts, improving budget efficiency and reducing wasted ad spend by 22%. Mentored and upskilled a team of 4 analysts, driving adoption of standardized analytics best practices company-wide.",5/2024,false,,false,"Analytical and results-driven Lead Data Analyst/consultant with proven expertise in SQL, Python, statistics, marketing analytics, and ETL. Adept at designing scalable data solutions, implementing advanced tracking frameworks, and optimizing SEM campaigns for high-growth SaaS platforms. Experienced in leading cross-functional teams, driving business impact through actionable insights, and ensuring data quality across digital channels.",3155,2026-08-25 00:00:00.000 +0530,,,,,,,,,,,,,,,,,424,
Abhishek Singh,Abhishek,Singh,https://www.linkedin.com/in/abhisheksingh1705,urn:li:member:363584328,abhisheksingh1705,Hyderabad,Telangana,India,"Hyderabad, Telangana, India",Virtusa,Lead Consultant,founders,member_urn,"Virtusa is a global product and platform engineering services company that makes experiences better with technology. We help organizations grow faster, more profitably, and more sustainably by reimagining enterprises through domain-driven solutions. We combine strategy, design, and engineering, backed by unmatched expertise at the intersection of industry, business, and technology to generate real-world business impact for clients. Headquartered in Massachusetts with global delivery centers, Virtusa provides a broad range of services, solutions, and assets, including strategy and design, AI advisory and services, digital engineering, data and analytics, digital assurance, cloud and security, cx transformation and managed services across industries such as financial services, healthcare, communications, media, entertainment, travel, manufacturing, and technology.",18141,1996,IT Services and IT Consulting,5140,https://www.linkedin.com/company/virtusa,"Southborough, Massachusetts, United States","IT Consulting, Technology and Outsourcing Services, Application Maintenance, Development, Systems Integration, Digital Transformation, Digital Engineering, Cloud Transformation, Emerging Technology, Artificial Intelligence, Platform Engineering, and Product Engineering",http://www.virtusa.com,"1. Managed a cross-functional technology team to execute complex, large-scale data migration projects for major North American banking clients. 2. Implemented and championed Agile and Scrum frameworks across the development lifecycle to streamline project delivery and enhance team collaboration. 3. Tracked and optimized critical productivity metrics, consistently achieving high targets for sprint readiness, team velocity, and sprint commitment. 4. Facilitated core Scrum ceremonies, including sprint planning, daily stand-ups, and retrospectives. 5. Bridged the gap between business requirements and technical execution by effectively managing the project backlog and ensuring clear prioritization of data migration tasks. 6. Drove operational efficiency and predictable delivery timelines by closely monitoring sprint progress and mitigating technical risks early in the migration process.",5/2026,false,,true,"I am the Head of Product at Credence Rewards, where I build a world-class platform for loyalty management and gifting solutions for corporates and MSMEs. With a B.Tech. degree in Petroleum Engineering from IIT Dhanbad, I have a strong background in technical and analytical skills, which I leverage to launch and scale innovative products and operations in the FinTech, EdTech, and HRTech space. In my current role, I am responsible for generating 100 Cr of vouchers annually and handling GMV upwards of 50 Cr annually. I am also developing a single-point API for all kinds of gifting needs, enabling seamless integration and user experience. I have led teams and partnerships, managed budgets and financials, and delivered results in challenging and dynamic environments. I am passionate about creating value for customers and stakeholders, solving problems, and learning new things.",3158,2026-08-25 00:00:00.000 +0530,,,,,,,,,,,,,,,,,765,
Suryaprakash Gupta,Suryaprakash,Gupta,https://www.linkedin.com/in/spguptaiitismd,urn:li:member:572889727,spguptaiitismd,Varanasi,Uttar Pradesh,India,"Varanasi, Uttar Pradesh, India",SIGMA EDUCATION(AUnit of Sigma Edu Pvt.Ltd.),Founder Director & Chemistry H.O.D,founders,member_urn,,,,,,,,,,,3/2017,false,,false,"I want to achieve a dynamic and challenging career in the area of Electronics by contributing to my organization and at the same time enhance my knowledge, skills & techniques. I am a team player with Management qualities also willing to work hard for the growth of the organization",3156,2026-08-25 00:00:00.000 +0530,,,,,,,,,,,,,,,,,2463,
RAMASHANKAR PASWAN,RAMASHANKAR,PASWAN,https://www.linkedin.com/in/ramashankar-paswan-a03857a4,urn:li:member:372369891,ramashankar-paswan-a03857a4,Dhanbad,Jharkhand,India,"Dhanbad, Jharkhand, India",ism dhanbad,jrf,10+yoe_indian,member_urn,,,,,,,,,,,2/2013,false,,false,,3898,2026-08-25 00:00:00.000 +0530,,,,,,,,,,,,,,,,,2028,
Saikat Chatterjee,Saikat,Chatterjee,https://www.linkedin.com/in/saikat-chatterjee-b573b25,urn:li:member:15909619,saikat-chatterjee-b573b25,Ranchi,Jharkhand,India,"Ranchi, Jharkhand, India",COAL INDIA,SOM,10+yoe_indian,member_urn,,,,,73211,,,,,,11/1993,false,,false,,3899,2026-08-25 00:00:00.000 +0530,,,,,,,,,,,,,,,,,1683,
UMAKANTA BEHERA,UMAKANTA,BEHERA,https://www.linkedin.com/in/umakanta-behera-a644a658,urn:li:member:204261484,umakanta-behera-a644a658,Cuttack,Odisha,India,"Cuttack, Odisha, India","JINDAL STEEL AND POWER LIMITED,ANGUL",GET,10+yoe_indian,member_urn,,,,,,,,,,COAL BENEFICIATION,7/2012,false,,false,,3900,2026-08-25 00:00:00.000 +0530,,,,,,,,,,,,,,,,,2045,
Siddharth Sheelvant,Siddharth,Sheelvant,https://www.linkedin.com/in/siddharth-sheelvant,urn:li:member:1053842292,siddharth-sheelvant,Bengaluru,Karnataka,India,"Bengaluru, Karnataka, India",180 Degrees Consulting IIT(ISM),Strategic Advisor,founders,member_urn,,54,,Business Consulting and Services,108375933,https://www.linkedin.com/company/180-degrees-consulting-iit-ism,,,,,5/2026,false,,true,"""Execution is my product pitch.""I’m Siddharth Sheelvant. Currently, I'm an Analyst at Bain & Co., focusing on high-level market intelligence and corporate strategy.At my core, my skill set spans: Product & Systems Thinking: Scaled operational ecosystems to boost team productivity by 50% and led cross-functional efforts to integrate AI into GTM tools. Data-Driven Strategy: Engineered complex models to benchmark production economics for global energy markets and developed strategic POVs on Oil Supermajors and US Natural Gas. Cross-Functional Collaboration: Aligned engineering, sales, and marketing to resolve product issues, drive omni-channel user growth, and deliver executive-level strategy insights.I’ve designed, prototyped, and helped ship digital and physical products. From Figma mockups to user journeys to business decks, I enjoy the whole grind.Got some solid experience in product management, data science, and business strategy. I've built complex data exhibits, run growth initiatives, and worked hands-on, from pitch to product. Bet you didn’t know this - I can talk to you in English, Spanish, Hindi, Marathi, Kannada, Telugu, Tamil and Bengali. I genuinely enjoy conversations - cold calls, events, late-night brainstorms - all of it. Outside of work, I love to swim, hit the gym, and travel to new places.So, I thrive at the intersection of product, data, and strategy, especially in fast-paced environments where building from 0 to 1 is the norm.",3159,2026-08-25 00:00:00.000 +0530,,,,,,,,,,,,,,,,,373,
Diksha Bhatia,Diksha,Bhatia,https://www.linkedin.com/in/diksha-bhatia-b67660288,urn:li:member:1172124799,diksha-bhatia-b67660288,New Delhi,Delhi,India,"New Delhi, Delhi, India",180 Degrees Consulting IIT(ISM),Founding Member (Consulting Director),founders,member_urn,,54,,Business Consulting and Services,108375933,https://www.linkedin.com/company/180-degrees-consulting-iit-ism,,,,,8/2025,false,,false,"Welcome to my LinkedIn profile! An insatiable curiosity and a deep passion for learning drive me. My professional journey has been shaped by a relentless pursuit of knowledge and a commitment to excellence in everything I do. With a natural inclination towards management, I thrive in roles that allow me to organize and lead. I am known for my diligent work ethic and borderline workaholic tendencies, always striving to deliver my best and exceed expectations. My life's purpose is rooted in exploration—whether it's delving into new subjects, discovering innovative solutions, or venturing into uncharted territories. I embrace challenges as opportunities for growth and relish the excitement of exploring new ideas and perspectives. Let's connect and explore synergies! I am always open to new opportunities and collaborations that align with my passion for learning and management.",3160,2026-08-25 00:00:00.000 +0530,,,,,,,,,,,,,,,,,373,
Dr. Rajashree Banerjee,Dr. Rajashree,Banerjee,https://www.linkedin.com/in/dr-rajashree-banerjee-48b1b3163,urn:li:member:654413291,dr-rajashree-banerjee-48b1b3163,Kolkata,West Bengal,India,"Kolkata, West Bengal, India",Cheeky Scientist,Cheeky Scientist Associate,10+yoe_global,member_urn,External link for Cheeky Scientist,239,2013,Professional Training and Coaching,5300212,http://www.linkedin.com/company/cheeky-scientist,United States,"Career Consulting, Career Training, Career Development, PhD Networking, PhD Jobs, PhD Job, Alternative Careers, Careers Away From The Bench, Careers Outside of Academia, ScientistMBA, Nature Jobs, Transitioning Out Of Academia, Job Search, Career Transitions, PhD Careers, Science Careers, SciPhD, Industry Careers, Industry Jobs, BioCareers, PhD Chat, PhD Comics, Cheeky Scientist, Cheeky Scientist Association, MSL Careers, R&D Careers, and PhD Job Search",http://www.cheekyscientist.com,,12/2020,false,https://media.licdn.com/dms/image/v2/C4E03AQFrpr7E0mKt_Q/profile-displayphoto-shrink_100_100/profile-displayphoto-shrink_100_100/0/1599111894378?e=1788998400&v=beta&t=zFl2P53LA9vFBAfGNOjj3u6biQSTHTG1KxX8byPNf3I,false,"I am actively looking for industrial job opportunities right now. Skilled in Spectroscopy, UV/Vis Spectroscopy, Dynamic Light Scattering (DLS), Fluorescence Spectroscopy, HPLC, Gel Electrophoresis, MALDI tof and Polymerase Chain Reaction (PCR). Strong research professional with a Master's degree focused in Chemistry from Indian Institute of Technology (Indian School of Mines), Dhanbad.",1216,2026-08-25 00:00:00.000 +0530,,,,,,,,,,,,,,,,,947,
Anamitra Munsi,Anamitra,Munsi,https://www.linkedin.com/in/anamitra-munsi,urn:li:member:232029048,anamitra-munsi,,,Mumbai Metropolitan Region,Mumbai Metropolitan Region,hubergroup,General Manager- Global CEO's Office,founders,member_urn,"hubergroup is an international printing inks and chemicals specialist based in Germany with a history stretching back 260 years. In its two divisions, the company develops innovative, sustainable products and services to enable its customers to achieve first-class results. The Print Solutions Division produces inks, varnishes and printing auxiliaries for packaging, commercial and newspaper printing. The Chemicals Division produces specialty chemicals such as resins, laminating adhesives, pigments and additives at its plants in India. hubergroup employs around 3,000 people in almost 30 countries and generated annual sales of around €812 million in 2022.",1454,1765,Chemical Manufacturing,18043030,https://es.linkedin.com/company/hubergroup,"Kirchheim bei München, Bavaria, Germany","printing inks, coatings for printing applications, press chemicals, services, Sheetfed inks, flexo, flexible packaging, UV offset, offset y gravure",http://www.hubergroup.com,Strategy and Operations transformation,6/2026,false,,true,"Anamitra is working in the CEO's office, looking after Strategy and Transformation for the Hubergroup. He has previously worked as a Management Consultant at BCG, building profound experience in business strategy and optimization. He graduated from the Indian School of Business (ISB) in 2022 with dual majors in Strategy and Leadership and Marketing and was felicitated with the Dean's List and Torchbearer Awards.He studied Petroleum Engineering at IIT (ISM) Dhanbad and has worked in ONGC for 4.5 years as an Oil and Gas Production Engineer with strong expertise in supply chain management and Operations.",3172,2026-08-25 00:00:00.000 +0530,,,,,,,,,,,,,,,,,21,
Anuradha Sarangi,Anuradha,Sarangi,https://www.linkedin.com/in/anuradha-sarangi-5a52a64,urn:li:member:12660173,anuradha-sarangi-5a52a64,Bhubaneswar,Odisha,India,"Bhubaneswar, Odisha, India",CIEL HR,Senior Client Partner,10+yoe_indian,member_urn,External link for CIEL HR,2185,2015,Human Resources Services,10083363,http://www.linkedin.com/company/cielhr,"Bengaluru, Karnataka, India","Recruitment & Staffing, Managed Services Programs, Human Resources, Manpower Solutions, Talent Acquisition, RPO, Executive Hiring, NAPS, Professional Staffing, Assessment, Upskilling, Compliance, Talent Engagement, Talent Development, Learning Management System, Compliance, HR Advisory, IT Staffing, HRMS, and Payroll",https://www.cielhr.com,"CIEL HR Services (From the Founders of MaFoi). One of the top 10 staffing companies in India by SIA (APAC), has grown exponentially over the last 8 years from its inception to become the fastest growing HR Services company with a Geo spread of over 85 offices spread across 51 locations , CAGR of 121% , client base of 3,500+ companies with 27,000 deputees on rolls and over 40000 roles. Our key services are : 1. Executive Search: 2. Permanent Selection 3. RPO (Recruitment Process Outsourcing) 4. Staffing : General Staffing and Professional Staffing / IT Contracting 5. NAPS: National Apprenticeship Promotion Scheme (NAPS) 6. Assessment and Development Projects 7. Other services from Ma Foi Strategy & Consultancy : HR consulting services / Compliance/ Legal Services/Payrolling Services/ HRMS solution Happy to connect : anuradha.sarangi@cielhr.com",10/2023,false,https://media.licdn.com/dms/image/v2/C4D03AQFJH8ceitgWwQ/profile-displayphoto-shrink_100_100/profile-displayphoto-shrink_100_100/0/1640595565331?e=1788998400&v=beta&t=GDJyFutxk2lzgcTIXvCo96Inpe3AG0DJLPCp0lYlsnU,false,"IIT Dhanbad, IIM Kolkata I Speaks about new business development, sales strategy, market expansion, Competition Intelligence ""Proactive working"" and “creative thinking” is my mantra. A meritorious, first class with distinction student from Premier Institutes like Ravenshaw University, India School of Mines (IIT Dhanbad), and IIM Kolkata. These “temples of learning” along with a positive journey with esteemed organizations has shaped me into the person I am today and still in making a better one. I have 20 years of rich experience in New Business Development, Sales and Marketing, Strategic Business Growth, International Business, Market Expansion, Strategic Alliance, Account Management, Competitive Intelligence, and Successful Negotiation As a motivated leader, I have front lead major roles in global organizations like De Beers, Vale, Mitchell Energy, CRISIL, Frost and Sullivan, GMI Research, Televisory, Maier and Vidorno. Working with Top Management (Promoters, CEOs, and Board of Directors) of the organizations and always being a focal point of communication between cross-function teams in multiple geographies has shaped me as a strategic thinker and communicator. My clientele ranged from target geographies of US, Europe, APAC & MENA, and I have travelled extensively to countries around the world like Canada, South Africa, UAE, Singapore, Indonesia on various assignments. I am excited to partner with you in a mutually rewarding and fulfilling way. You can reach me by writing a short mail to anuradha.sarangi@gmail.com Or just give a call/ whatapp me on +91 99 1006 1830",837,2026-08-25 00:00:00.000 +0530,,,,,,,,,,,,anuradha.sarangi@gmail.com,,,,,948,
Vishal Kannaujiya,Vishal,Kannaujiya,https://www.linkedin.com/in/vishal-kannaujiya-818415320,urn:li:member:1362634580,vishal-kannaujiya-818415320,Gorakhpur,Uttar Pradesh,India,"Gorakhpur, Uttar Pradesh, India",CIIE IIT (ISM) Dhanbad Foundation,Entrepreneur,founders,member_urn,"Centre for Innovation, Incubation and Entrepreneurship (CIIE) is a Not-for-Profit Centre at Indian Institute of Technology (Indian School of Mines) Dhanbad. The centre is dedicated to promoting innovation and entrepreneurship within the institute and in society at large. Goal of CIIE is to promote start-ups and entrepreneurship as a viable career option and as means to making social and strategic impact. Mission of CIIE: To unleash entrepreneurial capacity and facilitate start-ups, with the hope that the new business entities will generate economic value and employment for the country as well as find practical business solutions to social and environmental challenges of current times. Providing support to existing or new startups/enterprises: CIIE will support in scaling up early-stage start-ups and facilitate converting business ideas into entrepreneurial ventures. To that end, CIIE aims to build and share resources including space and infrastructure, access to business support services, seed funds, mentoring and training programmes to enhance the skills of entrepreneurs. Fostering a culture of innovation and entrepreneurship: For entrepreneurship to be widely prevalent in society, it needs to become an important part of educational curriculum and be organically linked with innovation. CIIE will work towards fostering a culture of innovation among students and faculty of educational institutions by organising innovtive hackathons, tech-fests, ideation competition, startup bootcamps, entrepreneurial podcasts etc. These will encourage students and faculty to work on new ideas, which could later be converted to successful business ventures.",6,2016,Non-profit Organizations,72240610,http://www.linkedin.com/company/ciieiitismdhanbad,"Dhanbad, Jharkhand, India","Innovation hub, Entrepreneurship culture, Empowering Startups, Incubate Innovate Inspire, Section 8 Startups, Startup Growth Hub, Social Impact Incubator, Innovation For Change, Incubation For Impact, Build Better Businesses, Future Of Entrepreneurship, and Startup Ecosystem India",,,1/2026,false,,false,"I am a B.Tech student in Mathematics & Computing at IIT (ISM) Dhanbad with a passion for Artificial Intelligence, Machine Learning, and full stack development. As Tech & Operations Lead at AVARTYA, I work on building technology driven solutions that create meaningful social impact.My interests include Natural Language Processing, Computer Vision, and scalable software systems. I enjoy solving real world problems, learning emerging technologies, and collaborating on innovative projects. I am always open to opportunities where I can contribute, learn, and grow as a technology professional.",2076,2026-08-25 00:00:00.000 +0530,,,,,,,,,,,,,,,,,949,
Ratikesh Kumar Rajak,Ratikesh,Kumar Rajak,https://www.linkedin.com/in/ratikesh-kumar-rajak-802ba91ba,urn:li:member:856952642,ratikesh-kumar-rajak-802ba91ba,Jamshedpur,Jharkhand,India,"Jamshedpur, Jharkhand, India",Tata Steel,Manager Mechanical Maintenance - I Blast Furnace,founders,member_urn,"Tata Steel is one of the world’s most diversified integrated steel producers, with a capacity of 35 million tonnes per annum (MTPA) across India, the Netherlands, the UK, and Thailand. The World Economic Forum has recognised Tata Steel’s Jamshedpur, Kalinganagar and IJmuiden plants as Manufacturing Lighthouses. With over 76,000 employees worldwide, Tata Steel is a Great Place to Work®-certified organisation. In India, Tata Steel operates in Jamshedpur and Gamharia in Jharkhand, and in Kalinganagar (including Neelachal Ispat Nigam Limited) and Meramandali in Odisha, with an overall capacity of 26.6 MTPA. The Company has captive mining operations in India, including collieries in Jharia and West Bokaro, as well as iron ore mines in Noamundi, Katamati, Joda East, Khondbond, Vijaya II, and Koida. It also operates iron ore assets in Labrador and Northern Quebec, Canada. Tata Steel aims to achieve Net Zero emissions by 2045. The upcoming 0.75 MTPA electric arc furnace-based steelmaking facility in Ludhiana is the Company’s first low-emission plant in India. In the UK, Tata Steel is transitioning to a 3.2 MTPA EAF-based steelmaking route, following the decommissioning of its heavy-end assets in 2024. In 2025, the Government of the Netherlands and Tata Steel signed a non-binding Joint Letter of Intent for the first phase of the transition to low-emission steel production at IJmuiden. Focused on sustainability, innovation, agility, and fostering deep relationships with customers and communities, Tata Steel aspires to become the most respected and valuable metals and mining company globally.",58348,,Mining,166262,https://fr.linkedin.com/company/tatasteelltd,"Mumbai, Maharashtra, India","steelmaking, engineering, mining, steel products, steel solutions, steel research et engineering",https://www.tatasteel.com,,6/2025,false,,false,From a technical background I have gained experience in multiple domains over the year during my bachelor's degree. I have been a member of Students' Gymkhana of my institute as a senate member for two consecutive years and worked for improving the student life and administration of my institute. I was the member of filmmaking club of my institute. I also tried my hands on entrepreneurship through a marketing startup and worked closed to 1 year for it.I gained experience working as a summer intern at one of the biggest steel manufacturers of the world TATA Steel and got a pre placement offer from the same.,3188,2026-08-25 00:00:00.000 +0530,,,,,,,,,,,,,,,,,29,
Rohit Prasad,Rohit,Prasad,https://www.linkedin.com/in/rohit-prasad-94914a36,urn:li:member:125761737,rohit-prasad-94914a36,Jamshedpur,Jharkhand,India,"Jamshedpur, Jharkhand, India",Tata Steel,"Leadership Experience – HRM, Corporate Services, CEO Office, Stakeholder Management",founders,member_urn,"Tata Steel is one of the world’s most diversified integrated steel producers, with a capacity of 35 million tonnes per annum (MTPA) across India, the Netherlands, the UK, and Thailand. The World Economic Forum has recognised Tata Steel’s Jamshedpur, Kalinganagar and IJmuiden plants as Manufacturing Lighthouses. With over 76,000 employees worldwide, Tata Steel is a Great Place to Work®-certified organisation. In India, Tata Steel operates in Jamshedpur and Gamharia in Jharkhand, and in Kalinganagar (including Neelachal Ispat Nigam Limited) and Meramandali in Odisha, with an overall capacity of 26.6 MTPA. The Company has captive mining operations in India, including collieries in Jharia and West Bokaro, as well as iron ore mines in Noamundi, Katamati, Joda East, Khondbond, Vijaya II, and Koida. It also operates iron ore assets in Labrador and Northern Quebec, Canada. Tata Steel aims to achieve Net Zero emissions by 2045. The upcoming 0.75 MTPA electric arc furnace-based steelmaking facility in Ludhiana is the Company’s first low-emission plant in India. In the UK, Tata Steel is transitioning to a 3.2 MTPA EAF-based steelmaking route, following the decommissioning of its heavy-end assets in 2024. In 2025, the Government of the Netherlands and Tata Steel signed a non-binding Joint Letter of Intent for the first phase of the transition to low-emission steel production at IJmuiden. Focused on sustainability, innovation, agility, and fostering deep relationships with customers and communities, Tata Steel aspires to become the most respected and valuable metals and mining company globally.",58348,,Mining,166262,https://fr.linkedin.com/company/tatasteelltd,"Mumbai, Maharashtra, India","steelmaking, engineering, mining, steel products, steel solutions, steel research et engineering",https://www.tatasteel.com,"Progressive leadership experience across HRM, Corporate Services, Administration, CEO & MD Office, Industrial Relations, Stakeholder Management, Land Resource Management, R&R and strategic project enablement in large industrial and mining environments. Key Contributions # Led HRM and business partnering responsibilities across mining and enabling functions, including manpower planning, recruitment, performance management, talent development, employee welfare and industrial relations. # Managed administration and corporate services for large workforce ecosystems, including township services, guest houses, estate management, house allotment, travel, sports, statutory coordination and regulatory affairs. # Supported CEO & MD Office through business reviews, HRM reviews, corporate strategy coordination, MIS, leadership communication, digital transformation and project governance. # Drove culture-building initiatives through employee engagement, Employee Happiness Survey action plans, welfare meetings, leadership communication and participation forums. # Managed stakeholder relationships with government authorities, local administration, DGMS, Forest Department, elected representatives, community stakeholders, opinion leaders and internal leadership teams. # Supported land resource management, R&R, public hearing, FRA/Gram Sabha processes, government land transfer, encroachment management and mining expansion requirements. # Implemented HR digitization initiatives including attendance automation, online payroll, IRIS, HMS/MSB, talent pool software, SAP HR–IRIS integration and digital union management platforms. # Contributed to IR stability through union engagement, long-term settlements, cadre promotion schemes, grievance resolution, disciplinary processes and 7-day manning implementation. # Supported workforce productivity through reskilling, redeployment, Early Separation Scheme, outsourcing of non-core activities and employee productivity improvement projects.",9/2014,false,,false,"Senior HR and Corporate Services professional with nearly 15 years of progressive experience across Tata Steel and Vedanta Electrosteel/Electrosteel Steels, spanning Human Resource Management, Industrial Relations, Corporate Services, Administration, Stakeholder Management, Land Resource Management, Rehabilitation & Resettlement, Regulatory Affairs and senior leadership support.My experience covers steel plants, iron ore mines, coal mining operations and corporate centre environments. I have worked across large workforce ecosystems, unionized locations, government interfaces, community stakeholders, contractors and senior leadership teams.At Tata Steel, I have contributed across HRM, mines HR, CEO & MD Office, administration, corporate services and strategic project enablement. My work has involved workforce planning, performance management, talent development, employee engagement, culture transformation, HR digitization, statutory coordination, stakeholder management, land-related project support and business continuity initiatives.Earlier, at Electrosteel Steels, now Vedanta Electrosteel, I gained deep Industrial Relations experience during a greenfield integrated steel plant project, handling contract labour, statutory compliance, grievance management, domestic enquiries, land-losers’ employment, union interface and site-level IR stability.I am Passionate about building high-trust work cultures, strengthening employee engagement, managing complex stakeholder ecosystems and aligning people strategy with business priorities.",3187,2026-08-25 00:00:00.000 +0530,,,,,,,,,,,,,,,,,29,
Rajat Agarwal,Rajat,Agarwal,https://www.linkedin.com/in/rajatagarwal004,urn:li:member:315361124,rajatagarwal004,Bengaluru,Karnataka,India,"Bengaluru, Karnataka, India",Oracle,Software Engineer 2,founders,member_urn,"Oracle is a global leader in AI, delivering the cloud infrastructure, data, and applications that organizations across the world trust to successfully achieve business outcomes at scale. Oracle Cloud Infrastructure (OCI) provides fast, flexible, scalable AI infrastructure. With superior compute performance and network design, a comprehensive choice of AI services for developing and orchestrating agentic AI workflows at scale, and unrivaled data control, security, privacy, and governance, OCI is designed for AI workloads. It also gives customers the flexibility to run their workloads wherever they need by supporting public cloud, multicloud, hybrid cloud, sovereign, and on-premises deployments. The Oracle AI Database is the only database with AI natively built in everywhere. By bringing AI to where data lives, the Oracle AI Database delivers enterprise-grade AI securely, cost-effectively, and at scale. In-database machine learning and vector search enable AI models to run where data resides. Support for multi-modal data (structured, unstructured, graph, vector) enables richer AI use cases. The Oracle AI Data Platform enables organizations to build, deploy, and govern AI agents and applications on top of private, secure, and distributed enterprise data. This enables organizations to operationalize AI without compromising data security or control. Oracle Applications embed AI directly into business workflows and industry processes to ensure AI is delivered in context, where work happens. They include the only applications suite that brings AI to every aspect of a business, with AI-powered ERP, HCM, and CX applications, and the Oracle Health Suite which provides applications for managing the entire healthcare ecosystem. Oracle also provides industry-specific cloud application suites for more than two dozen industries and NetSuite, the world’s first cloud computing company. This LinkedIn page serves as Oracle’s official global company page.",208878,1977,IT Services and IT Consulting,1028,https://www.linkedin.com/company/oracle,"Austin, Texas, United States",,http://www.oracle.com,,7/2021,false,,false,"With over 5 years of experience in the IT industry, I've contributed to development projects using Java, Python, OCI, and AWS. I am skilled in Design Patterns, Object-Oriented Programming Principles, REST-API, Kubernetes, and Docker. Additionally, my leadership and problem-solving foster effective teamwork and collaboration.",3183,2026-08-25 00:00:00.000 +0530,,,,,,,,,,,,,,,,,648,
SHIVAM MISHRA,SHIVAM,MISHRA,https://www.linkedin.com/in/shivam-mishra-44a30a17,urn:li:member:57498106,shivam-mishra-44a30a17,Delhi,,India,"Delhi, India",Tata Steel,Sr Area Manager (North) Master Planning & Margin Management,founders,member_urn,"Tata Steel is one of the world’s most diversified integrated steel producers, with a capacity of 35 million tonnes per annum (MTPA) across India, the Netherlands, the UK, and Thailand. The World Economic Forum has recognised Tata Steel’s Jamshedpur, Kalinganagar and IJmuiden plants as Manufacturing Lighthouses. With over 76,000 employees worldwide, Tata Steel is a Great Place to Work®-certified organisation. In India, Tata Steel operates in Jamshedpur and Gamharia in Jharkhand, and in Kalinganagar (including Neelachal Ispat Nigam Limited) and Meramandali in Odisha, with an overall capacity of 26.6 MTPA. The Company has captive mining operations in India, including collieries in Jharia and West Bokaro, as well as iron ore mines in Noamundi, Katamati, Joda East, Khondbond, Vijaya II, and Koida. It also operates iron ore assets in Labrador and Northern Quebec, Canada. Tata Steel aims to achieve Net Zero emissions by 2045. The upcoming 0.75 MTPA electric arc furnace-based steelmaking facility in Ludhiana is the Company’s first low-emission plant in India. In the UK, Tata Steel is transitioning to a 3.2 MTPA EAF-based steelmaking route, following the decommissioning of its heavy-end assets in 2024. In 2025, the Government of the Netherlands and Tata Steel signed a non-binding Joint Letter of Intent for the first phase of the transition to low-emission steel production at IJmuiden. Focused on sustainability, innovation, agility, and fostering deep relationships with customers and communities, Tata Steel aspires to become the most respected and valuable metals and mining company globally.",58348,,Mining,166262,https://fr.linkedin.com/company/tatasteelltd,"Mumbai, Maharashtra, India","steelmaking, engineering, mining, steel products, steel solutions, steel research et engineering",https://www.tatasteel.com,"A) Margin and order Management Downstream CRM Flat B) Production and Scheduling for Downstream Steel products (Tubes, H&T) C) Margin maximization strategy which SKU's to make, where to target Customer/Segment, impact of Working Capital D) To achieve OSP/ABP compliance of Production/Dispatch Inline with Domestic and Export Sales plan",3/2021,false,,false,"With over 16+ years of experience at Tata Group, I have honed my skills in both commercial and technical profiles. I have a proven track record of successfully devising and executing strategies in areas such as organizational transformation, acquisitions, CEO's Assistant, Investor Relations, Master planning, mining operations, supply chain management, sales planning, and total quality management (TQM). I have a comprehensive understanding of the steel industry value chain, from raw material mining to downstream sales. I am highly competent in advanced data analytics, including the use of Tableau and Power BI for visualization, as well as AI/Machine Learning using Python. I am eager to bring my expertise and experience to a new challenge where I can continue to grow and make a meaningful impact.",3190,2026-08-25 00:00:00.000 +0530,,,,,,,,,,,,,,,,,29,
Arpit Sharma,Arpit,Sharma,https://www.linkedin.com/in/arpit-sharma-83675296,urn:li:member:342252330,arpit-sharma-83675296,Bengaluru,Karnataka,India,"Bengaluru, Karnataka, India",CIKI,Founder,founders,member_urn,"CiKi means content. And that is exactly what this company is about. We are a content creation company that helps youtubers in every domain of their work except research and shooting. This includes editing videos, designing thumbnails, managing the channel and much more. The present scenario: Every youtuber is a single person brand on the platform. But for most professional content creators, there is almost always a team that works in the background. And this team comprises of video editors, thumbnail designers, channel manager, channel producer, research assistants, videographers etc. The size of this team is entirely dependent on the type and scale of content that the creator produces. The problem: 1. Finding and retaining a video editor who understands your content creatively, is professional and dependable is very rare. 2. Managing a channel and maintaining continuous engagement with your community is time taking and sometimes takes a back seat which effects the performance of your channel more than you think it does. 3. Analysing the youtube dashboard and taking crucial decisions for your channel growth is imperative. And a lot of content creators are clueless about this. The solution: The solution to above problems is what our company offers. To explain it in brief: 1. You will get a single person contact who will be responsible for everything that you want to outsource in your channel. So no more managing a team. Just talk to the executive assigned to you. And leave the rest on us. 2. Professional creatives and editors work on your videos to deliver them on time and a quality better than you would expect. And that too at a reasonable price. 3. Our company will discuss your requirements/goals and make a customised plan specific for you. You can pick and choose the entirety of services you want to outsource. If you are a youtuber, and want to scale faster. Then give us a chance to help you on this.",1,2021,Entertainment Providers,74735937,http://www.linkedin.com/company/ciki,"Gurugram, Haryana, India","youtube, video editing, content, content creator, content creation, final cut pro, after effects, animations, thumbnails, and SEO",https://cikistudios.com/,"- CEO of a profitable, bootstrapped YouTube services company - Specializing in boosting viewership and engagement for client channels - Offering comprehensive support from video ideation to scripting, editing, thumbnails, analytics, and channel management - Clientale includes sudoCODE, Gaurav Sen, InterviewReady, Scaler, Code with Scaler, Francesco Ciulla and more",11/2021,false,,false,"Passionate about YouTube videos, startups, and EdTech Entrepreneur and CEO of a thriving YouTube services company, specializing in Youtube post production and engagement for clients like sudoCODE, Gaurav Sen, and Scaler. Co-founder of a tech-focused channel with 100k+ subscribers. Former Software Engineer with expertise in product development for startups like Townscript and Coviam. Post-graduate(Int. M.Tech) in Mathematics and Computing from IIT(ISM) Dhanbad",3432,2026-08-25 00:00:00.000 +0530,,,,,,,,,,17,28,,,,,,950,
Priyanshi Gangwar,Priyanshi,Gangwar,https://www.linkedin.com/in/priyanshi-gangwar-25a809214,urn:li:member:909745702,priyanshi-gangwar-25a809214,Bengaluru,Karnataka,India,"Bengaluru, Karnataka, India",Pintel,Product & Strategy - Founder's Office,founders,member_urn,"Team led by IIT Delhi, Whatfix and Google alumni, Pintel.ai is an AI-first data orchestration platform that powers GTM teams with clean, updated, and enriched data—including waterfall enrichment of contacts and phone numbers—and precision targeting of the right accounts and prospects.",23,,Software Development,99026286,https://www.linkedin.com/company/pintelai,"San Francisco, California, United States",,https://www.pintel.ai/,,12/2024,true,,false,"Priyanshi Gangwar is an engineering graduate from the Indian Institute of Technology (ISM) Dhanbad. She currently works in the Founder's Office at Pintel.AI, where she has been part of the 0-1 journey, focusing on GTM strategy, driving adoption across client accounts, and delivering measurable business outcomes. With experience spanning AI-first startups and industrial conglomerates, she operates at the intersection of strategy and execution, from defining use cases to seeing them through to impact.",3195,2026-08-25 00:00:00.000 +0530,,,,,,,,,,,,,,,,,656,
Sanjay Kumar,Sanjay,Kumar,https://www.linkedin.com/in/sanjay-kumar-b086a4135,urn:li:member:554115896,sanjay-kumar-b086a4135,Nagpur,Maharashtra,India,"Nagpur, Maharashtra, India",CIL,Chief Manager,6-10yoe_global_indian,member_urn,"CIL provides high quality sheet metal fabricated enclosures and electro-mechanical assemblies to the Medical, Test & Measurement, Telecom and Industrial sectors.",373,,Industrial Machinery Manufacturing,873407,http://www.linkedin.com/company/cil_3,Ireland,,http://www.cilprecision.com,,4/2018,false,https://media.licdn.com/dms/image/v2/C4E03AQGXP_qxb0w0ag/profile-displayphoto-shrink_100_100/profile-displayphoto-shrink_100_100/0/1598793616876?e=1788998400&v=beta&t=yrlKH0l033i7mVJl3iYxPlshPepXvR5Mkgmluv5zYRQ,false,,2927,2026-08-25 00:00:00.000 +0530,,,,,,,,,,,,,,,,,951,
Rajat Shubhra Ghoshal,Rajat Shubhra,Ghoshal,https://www.linkedin.com/in/rajat-shubhra-ghoshal-60705733,urn:li:member:116570023,rajat-shubhra-ghoshal-60705733,Thane,Maharashtra,India,"Thane, Maharashtra, India","CIRCOR International, Inc.",Director-Aftermarket Sales & Service,10+yoe_global,member_urn,"CIRCOR International is a global manufacturer specializing in highly engineered, complex, and severe environment products that serve long-term, high growth infrastructure markets, including oil and gas, power generation, industrial, and aerospace & defense. CIRCOR. Excellence in Flow Control.",1788,,Industrial Machinery Manufacturing,140581,http://www.linkedin.com/company/circor-international-inc-,"Burlington, Massachusetts, United States","Valves, Aerospace & Defense, Power Generation, Ball Valves, Control Valves, Regulators, Oil & Gas, Commercial Facilities, Institutional Facilities, Pumps, Industrial, Instrumentation, and Pipeline Pigging",http://www.circor.com,Leading a total team of 16 and managing a business volume of $13 Mn for India & Export.,4/2025,false,https://media.licdn.com/dms/image/v2/D4D03AQHJef-_3C65Eg/profile-displayphoto-shrink_100_100/profile-displayphoto-shrink_100_100/0/1729276221619?e=1788998400&v=beta&t=hEQZJZpsTynL15xthHGCxtrl8uBjYckMzwuDPACZTAg,false,"Result-oriented Business Leader with over 21 years of experience driving growth across the Automobile, Lubricants, and Industrial sectors.My career is built at the intersection of engineering precision and strategic business management, backed by a BE in Mechanical Engineering and an MBA in Marketing & Operations. I specialise in transforming business vision into sustainable financial success, consistently delivering on both top-line growth and bottom-line profitability.Core Expertise:Key Account Management & Business DevelopmentRetail Management & Aftermarket OperationsInternational Business ExpansionCross-functional Team Leadership & MentoringI thrive in high-stakes environments where I can lead high-performing teams, build enduring client relationships, and steer organisations toward their long-term growth objectives.Let’s connect to discuss leadership opportunities, strategic partnerships, or industry trends.",816,2026-08-25 00:00:00.000 +0530,,,,,,,,,,,,,,,,,952,
Shaurya Sharma,Shaurya,Sharma,https://www.linkedin.com/in/shaurya-sharma-705980157,urn:li:member:632449013,shaurya-sharma-705980157,,,Greater Delhi Area,Greater Delhi Area,Climitra,Co-Founder,founders,member_urn,"Climitra is a vertically integrated ecosystem for India's waste biomass revolution. We are building the platform and infrastructure for biomass-driven industrial decarbonization (especially hard-to-abate sectors like steel and cement) and carbon dioxide removal (CDR). Backed by InfoEdge Ventures, Theia Ventures, Momentum, and Stanford.",12,2025,Environmental Services,105584529,http://www.linkedin.com/company/climitra,"Delhi, India",,climitra.com,Climate tech with real and scalable impact!,4/2025,false,,false,,4043,2026-08-25 00:00:00.000 +0530,,,,,,,,,,17,28,,,,,,954,
Mukta Srivastava,Mukta,Srivastava,https://www.linkedin.com/in/muktasrivastava,urn:li:member:278104187,muktasrivastava,,,India,India,Coal India Limited,Deputy Manager,6-10yoe_global_indian,member_urn,,,,,53099232,http://www.linkedin.com/company/coal-india-limited-cil,,,,,3/2022,false,https://media.licdn.com/dms/image/v2/C5603AQHdqTVYUtKcQw/profile-displayphoto-shrink_100_100/profile-displayphoto-shrink_100_100/0/1654974135429?e=1788998400&v=beta&t=0sdGqRIwOwA4Ul5vZJ2RG97t6cUMl_o86qCVAKs3g5M,false,,2866,2026-08-25 00:00:00.000 +0530,,,,,,,,,,,,,,,,,956,
Satyam Baranwal,Satyam,Baranwal,https://www.linkedin.com/in/satyam-baranwal,urn:li:member:53090549,satyam-baranwal,Bengaluru South,Karnataka,India,"Bengaluru South, Karnataka, India",Codingal,Co-Founder & COO,founders,member_urn,"Codingal is the global leader in online AI and coding education for kids and teens aged 6–17 (Grades 1–12). Our mission is to inspire students to fall in love with AI & coding and become creators of the future — entrepreneurs, engineers, and scientists — by providing high-quality, accessible, and personalized computer science education. In many countries, top technical universities exist, but there’s a significant gap in K–12 programming education. Parents want their kids to start learning programming early, and that’s why they choose Codingal. We offer live, interactive classes with expert instructors from Computer Science backgrounds. Every student receives a personalized learning path tailored to their age and skill level. Our curriculum is STEM.org-accredited, aligned with the K–12 Computer Science Framework, and delivered in 1:1 and small-group formats — ensuring individual attention and engagement. Students learn by building real-world projects using popular tools and technologies like Scratch, Python, Roblox, Minecraft, MIT App Inventor, Thunkable, Pygame, HTML/CSS, JavaScript, website development, Java, Data Science, AP Computer Science content, and AI tools like ChatGPT and Machine Learning frameworks. Through this hands-on approach, students create apps, games, animations, and websites in a fun, engaging way that fosters problem-solving and creative skills. They also earn STEM.org certificates, providing them with credentials for the future. Beyond classes, students participate in global coding competitions, hackathons like HPE CodeWars, and online coding camps — further nurturing their creativity, confidence, and innovative spirit. With a 4.9/5 student rating and an NPS of 86, Codingal is trusted by over 1M registered students in 70+ countries. Backed by Y Combinator, Codingal combines the best of human instruction and AI-driven learning to inspire the next generation of tech leaders. Try a free lesson at www.codingal.com",740,2020,E-Learning Providers,65693289,http://www.linkedin.com/company/codingal,"Dover, Delaware, United States",coding for kids and Online coding classes for K12 kids,https://www.codingal.com/?utm_source=linkedin_page,"Codingal (www.codingal.com) is the global leader in online AI and coding education for kids & teens (Grades 1-12). Our mission is to help students fall in love with AI & coding and become creators of the future - entrepreneurs, engineers, and scientists by providing high-quality, accessible, and personalized computer science education. In many countries, top technical universities exist, but there’s a significant gap in K-12 programming education. Parents want their kids to start learning programming early, and that’s why they choose Codingal. We offer live, interactive classes with expert instructors from Computer Science backgrounds. All our instructors are rigorously vetted and trained to ensure a high-quality learning experience. Every student receives a personalized learning path tailored to their age and skill level. Our curriculum is STEM.org-accredited, aligned with the K–12 Computer Science Framework, and delivered in 1:1 and small-group formats, ensuring individual attention and engagement. Students learn by building real-world projects using popular tools and technologies like Scratch, Python, Roblox, Minecraft, MIT App Inventor, Thunkable, Pygame, HTML/CSS, JavaScript, website development, Java, Data Science, AP Computer Science content, and AI tools like ChatGPT and Machine Learning frameworks. Through this hands-on approach, students create apps, games, animations, and websites in a fun, engaging way that fosters problem-solving and creative skills. Beyond classes, students participate in global coding competitions, hackathons like HPE CodeWars, and online coding camps, further nurturing their creativity, confidence, and innovative spirit. With a 4.9/5 student rating and NPS of 86, Codingal is trusted by over 1 million registered students in 70+ countries. Backed by Y Combinator, Rebright Partners, & leading tech investors, Codingal combines the best of human instruction and AI-driven learning to inspire the next generation of tech leaders.",9/2020,true,,false,"Satyam Baranwal is the Co-Founder of Codingal (www.codingal.com), an ed-tech company backed by leading investors like YCombinator, Rebright partners, java capital, GSF, etc. Codingal is on a mission to build world’s largest online school to teach coding, robotics & AI to school kids. He has professional experience of over 16 years. He is an IIT, Dhanbad alumnus, and has helped to start one of the largest private-sector coal mines of India belonging to Reliance Power from scratch. He has been teaching school kids since his school days and even during college days he focussed on providing quality education as well as computer literacy programmes to school kids via various NGOs. He has been involved in building multiple ed-tech companies for the last 10 years and has deep experience of using technology to scale Operations and Business Development across businesses.",3002,2026-08-25 00:00:00.000 +0530,,,,,,,,,,17,28,,,,,,957,
Ayush Khare,Ayush,Khare,https://www.linkedin.com/in/ayush-khare-700bbb97,urn:li:member:346373424,ayush-khare-700bbb97,Bengaluru,Karnataka,India,"Bengaluru, Karnataka, India",CoinDCX,Engineering Manager,6-10yoe_global_indian,member_urn,"Established in 2018, CoinDCX is the preferred crypto exchange in India, but also an instrumental player in building the broader Web3 ecosystem. Trusted by over 2 crore registered users. Our mission is simple: to provide easy access to Web3 experiences and democratize investments in virtual digital assets. We prioritize user safety and security, strictly adhering to KYC and AML guidelines. In our commitment to quality, we employ a stringent 7M Framework for the listing of crypto projects, ensuring users access only the safest virtual digital assets. CoinDCX has partnered with Okto for India to launch a secure multi-chain DeFi app that offers a keyless, self-custody wallet . It aims to simplify the world of decentralized finance (DeFi) by providing a secure, user-friendly, and innovative solution for managing virtual digital assets. Through CoinDCX Ventures, we've invested in over 15 innovative Web3 projects, reinforcing our dedication to the Web3 ecosystem. Our flagship educational initiative, #NamasteWeb3, empowers Indians with web3 knowledge, preparing them for the future of virtual digital assets. CoinDCX's vision and potential have gained the confidence of global investors, including Pantera, Steadview Capital, Kingsway, Polychain Capital, B Capital Group, Bain Capital Ventures, Cadenza, Draper Dragon, Republic, Kindred, and Coinbase Ventures. At CoinDCX, we're leading India towards the decentralized future of Web3 with an unwavering commitment to safety, simplicity, and education.",915,2018,Financial Services,28154426,http://www.linkedin.com/company/coindcx,"Mumbai, Maharashtra, India","cryptocurrency, blockchain, digital assets, cryptocurrency exchange, bitcoin, xrp, usd, usdc, usdt, eth, crytpo trading india, crypto updates, p2p, wallets, and 250+ Markets",http://coindcx.com/,,6/2026,false,https://media.licdn.com/dms/image/v2/C4E03AQGAiCvPur76WQ/profile-displayphoto-shrink_100_100/profile-displayphoto-shrink_100_100/0/1516863641875?e=1788998400&v=beta&t=WHawIJ1qgVFUsMKaElq67MH4ba8rpLDqQa3d-LHaTws,true,"Engineering Manager driving platform-scale systems and AI-led innovation in fintech. Experience leading multi-pod teams, building high-reliability systems, and delivering business impact through scalable architecture, automation, and cross-functional leadership across payments and banking workflows.",393,2026-09-01 21:00:56.853 +0530,,,,,,,,,,,,ayush.khare@novopay.in,ayush.khare@novopay.in,,,,958,
Rajul Dwivedi,Rajul,Dwivedi,https://www.linkedin.com/in/rajul-dwivedi-9a3387267,urn:li:member:1096782027,rajul-dwivedi-9a3387267,Dhanbad,Jharkhand,India,"Dhanbad, Jharkhand, India",ConnectNinja,Co-Founder,founders,member_urn,"At ConnectNinja, we blend technical precision with creativity to help brands thrive in the digital world. We bring together expertise in Web Development, Graphic Design, Video Editing, and CAD delivering thoughtful, data-driven solutions that work across industries and audiences. Our team isn't just about execution we're strategic partners in your brand journey. Whether it’s building a seamless website, designing scroll-stopping visuals, editing videos that captivate, or engineering detailed CAD projects, we do it with purpose and personality. Let's create something meaningful, measurable, and made to scale. Message us to get started",1,2025,Marketing Services,105988998,http://www.linkedin.com/company/connectninjafoundation-cnf,"Bhopal, Madhya Pradesh, India","Website building , Content Creation, Graphic Designing , Video Editing, and Analytics and Report",,,7/2024,false,,false,"Ph.D. (Pursuing) in Geotechnical & Mining Engineering from Indian Institute of Technology (IIT) Dhanbad, complemented by an ongoing PGDM (QSCM) from NICMAR University. Holds an M.Tech. in Geotechnical & Geoenvironmental Engineering from National Institute of Technology Jalandhar and a B.E. in Civil Engineering from University Institute of Technology RGPV.A technically driven and industry-oriented professional with 2+ years of experience as a Project Coordinator and Planning Engineer, specializing in project planning, scheduling, resource optimization, and execution monitoring within infrastructure and engineering projects. Proficient in applying project management tools and methodologies to ensure timely delivery, cost control, and quality compliance.Possesses hands-on experience as a Junior Research Scientist at CSIR-Central Institute of Mining and Fuel Research, with exposure to data-driven analysis, geotechnical investigation, and research-based problem solving. Demonstrates strong capabilities in project lifecycle management, stakeholder coordination, contract understanding, and cross-functional collaboration.Brings an entrepreneurial mindset with co-founding experience, combined with a strong inclination toward integrating technical expertise with business strategy, planning, and execution excellence. Passionate about delivering data-driven, efficient, and high-impact project solutions aligned with industry standards.",3238,2026-08-25 00:00:00.000 +0530,,,,,,,,,,17,28,,,,,,960,
Anmol Shaha,Anmol,Shaha,https://www.linkedin.com/in/anmolshaha,urn:li:member:533403463,anmolshaha,Bengaluru,Karnataka,India,"Bengaluru, Karnataka, India",Covesto,Co-Founder,founders,member_urn,"Simplifying stock market trading for India Covesto is a platform for Indian stock market traders who want to trade smarter and profit more. We connect you with SEBI-registered experts who provide transparent, real-time trade advice. What we offer: -Real-Time Trade Calls: Instant, actionable recommendations from SEBI-registered advisors. -Portfolio Reviews: Personalized advice to improve your portfolio’s performance. -Webinars and Courses: Learn trading strategies directly from market experts. -More Services: Access research reports, market insights, and tools to enhance your trading. Why Covesto? All advice comes from verified SEBI-registered experts. Check past performances, choose the right expert, and trade with a single tap. Whether you're a beginner or experienced trader, Covesto helps you trade better and grow your wealth. Start trading smarter today with Covesto. Visit: www.covesto.in",5,2022,Financial Services,80426696,http://www.linkedin.com/company/covesto-in,"Bengaluru, Karnataka, India","investing, stocks, stock market, trading, stock selection, indian stocks, SEBI Registered RA, FnO, Nifty, Bank Nifty, Index Options, Stock trading, option trading, Stock market trader, scalping, Zerodha, Swing trading, BTST, NSE, and Sensex",https://www.covesto.in/,,10/2021,false,,false,A highly curious individual with an entrepreneurial zeal. Democratizing stock market trading in India through Covesto. (www.covesto.in) Covesto is a social trading and investing platform cum marketplace where users can connect and share trades with each other. The users can create their investment profiles based on their performance in the markets. This helps the users build credibility and gain followers. Actively recruiting developers to expand Covesto's tech team. Feel free to ping!,3228,2026-08-25 00:00:00.000 +0530,,,,,,,,,,17,28,,,,,,961,
Abhinav Garg,Abhinav,Garg,https://www.linkedin.com/in/abhinavgarg01,urn:li:member:569683467,abhinavgarg01,Bengaluru,Karnataka,India,"Bengaluru, Karnataka, India",CraftAI,Co-founder and COO,founders,member_urn,External link for CraftAI,7,2025,Financial Services,108091466,http://www.linkedin.com/company/craftaihq,"Bengaluru, Karnataka, India",,https://www.craftaihq.com,,7/2025,true,,false,"Strategic and data-driven product leader with 3+ years of experience scaling growth and product initiatives at high-velocity startups like Pixis AI. I’ve led cross-functional teams to 2x DAUs, improved client engagement by 50%, and built core growth infrastructure from the ground up — from GTM strategies to PLG pipelines. I thrive at the intersection of product, growth, and business ops — using first principles, experimentation, and sharp stakeholder management to drive measurable impact. ⚙️ At Pixis, I helped scale mid-market adoption using AI-based automation, chat-first insights, and daily analytics tools. I’ve shipped products that manage $10M+ in ad spend, re-engineered agency workflows, and created performance systems used by the leadership team. Now, I’m building in the AI space — combining my enthusiasm for artificial intelligence with hands-on experience to create tools that transform how teams operate. If you’re working on something AI-driven, let’s connect.",1399,2026-08-25 00:00:00.000 +0530,,,,,,,,,,17,28,,,,,,962,
Abhishek Reddy Gujjala,Abhishek Reddy,Gujjala,https://www.linkedin.com/in/abhishekreddygujjala,urn:li:member:461455431,abhishekreddygujjala,Bengaluru,Karnataka,India,"Bengaluru, Karnataka, India",Criador Labs,Co-Founder and CEO,founders,member_urn,"Criador Labs is an award winning multidisciplinary product design and innovation firm that brings revolutionary ideas to life, helping clients through the difficulties and challenges of innovation, and delivering efficient, effective, and long-lasting success. From its inception, Criador Labs has utilized the best new-age technologies for its clients, completing over 100+ client projects, producing over 50+ prototypes, and 10+ product manufacturings. Criador Labs serves ambitious start-ups to Fortune 500 clients in the healthcare, consumer, and commercial industries, delivering innovation through multi-functional expertise in research, technology, design, engineering, and manufacturing. To Learn more about us visit https://www.criadorlabs.com",16,2015,Design Services,13685119,http://www.linkedin.com/company/criador-labs,"Bengaluru, Karnataka, India","Product Design, Industrial Design, Prototype, DesignResearch, and Technology",https://www.criadorlabs.com,"At Criador Labs, our team's vision has been to support you from the Idea stage to manufacturing. Over the past eight years, we've expanded our service offerings from design to full-spectrum engineering, software, prototyping, and manufacturing. Our agile approach has significantly streamlined product development timelines, ensuring our clients receive innovative solutions swiftly. Our dedication to excellence is reflected in Criador Labs' ISO13485 certification, a testament to our commitment to the rigorous standards of medical device development. With a focus on consumer products and medical devices, we're not just creating products but fostering an ecosystem of innovation and quality.",11/2016,true,,false,"Ideas don’t change the world.Products do. I help businesses turn ideas into market‑ready products.As Co‑Founder & CEO of Criador Labs — an ISO 13485‑certified Product Development & Design Studio with offices in Bangalore and Austin, Texas — I work with startups and Fortune 500 companies to deliver end‑to‑end product development solutions.Our expertise covers the full cycle of product innovation:1. Product Design & Industrial Design2. UI/UX & Brand Identity Design3. Mechanical, Electronics & Software Engineering4. Rapid Prototyping & Functional Testing5. Manufacturing Consultancy & Scale‑UpWe’ve successfully executed 100+ projects across MedTech, IoT, Consumer Electronics, Renewable Energy, and Home Appliances — creating products that are user‑centered, engineered for performance, and built to scale.If you’re looking for a partner in product development, design, and prototyping who can take your idea from concept to market, let’s connect.",3437,2026-08-25 00:00:00.000 +0530,,,,,,,,,,17,28,,,,,,963,
Md Saqib,Md,Saqib,https://www.linkedin.com/in/isaqib,urn:li:member:233854044,isaqib,Bengaluru,Karnataka,India,"Bengaluru, Karnataka, India",MakeMyTrip,Senior Software Engineer - II,founders,member_urn,"With our three powerhouse brands—MakeMyTrip, Goibibo, and Redbus—we are proud pioneers of online travel in India. We empower millions of travelers with easy and instant travel solutions, offering a wide range of services, including flights, hotels, homestays, holiday packages, cabs, buses, and trains. Our recent expansions include successful corporate travel solutions, a travel suite for agents, and our entry into the Gulf market with tailored flight and hotel offerings. Launched in 2005 as India’s first online travel portal, MakeMyTrip revolutionized travel planning with user-friendly platforms and value-driven pricing. This innovation led to our NASDAQ listing in 2010, making us the first Indian travel company to achieve this milestone. Our commitment to excellence extends to our people, earning us recognition as one of India’s ‘Top 10 Best Companies to Work For’ for four consecutive years (2010-2013). In 2016, we were named the Best E-commerce Company by the Great Place to Work Institute. Today, with millions of online visitors and an offline presence of 60+ stores, MakeMyTrip continues to redefine travel by connecting people and places, one journey at a time.",7529,2000,"Technology, Information and Internet",35113,https://in.linkedin.com/company/makemytrip.com,"Gurugram, Haryana, India","Travel, Domestic & International Air Tickets, Domestic & International Hotel Bookings, Bus tickets across India, Train tickets across India, B2B & Affiliate Services, and Domestic & International Holiday Packages",https://careers.makemytrip.com/,,6/2025,false,,false,competitive programming | data structure | algorithm,3209,2026-08-25 00:00:00.000 +0530,,,,,,,,,,,,,,,,,197,
Vidyasagar Diyavath,Vidyasagar,Diyavath,https://www.linkedin.com/in/dvidyasagar,urn:li:member:473254673,dvidyasagar,Bengaluru,Karnataka,India,"Bengaluru, Karnataka, India",Criador Labs,Co-Founder,founders,member_urn,"Criador Labs is an award winning multidisciplinary product design and innovation firm that brings revolutionary ideas to life, helping clients through the difficulties and challenges of innovation, and delivering efficient, effective, and long-lasting success. From its inception, Criador Labs has utilized the best new-age technologies for its clients, completing over 100+ client projects, producing over 50+ prototypes, and 10+ product manufacturings. Criador Labs serves ambitious start-ups to Fortune 500 clients in the healthcare, consumer, and commercial industries, delivering innovation through multi-functional expertise in research, technology, design, engineering, and manufacturing. To Learn more about us visit https://www.criadorlabs.com",16,2015,Design Services,13685119,http://www.linkedin.com/company/criador-labs,"Bengaluru, Karnataka, India","Product Design, Industrial Design, Prototype, DesignResearch, and Technology",https://www.criadorlabs.com,"As Co-Founder, I lead hardware design, engineering, and manufacturing delivery for startups and enterprises turning early concepts into production-ready products. I head a team spanning industrial design, electronics/embedded engineering, prototyping, and DFM/DFA — and personally drive the manufacturing strategy that takes client products from prototype to scaled production. Led delivery of 100+ client projects and 50+ shipped products across MedTech, consumer electronics, wearables, and IoT Built and lead Criador Labs' ISO 13485–aligned MedTech development process Own manufacturing partner selection, vendor management, and DFM strategy for client programs Direct cross-functional teams across design, engineering, and quality/operations",5/2023,true,,false,"I lead hardware product development at Criador Labs, helping founders and enterprises go from first sketch to a manufacturable, market-ready product. My team and I have delivered 100+ projects and shipped 50+ products across MedTech, consumer devices, wearables, IoT, and D2C appliances — solving the hardest part of hardware: making it manufacturable, reliable, and cost-realistic. As founder, I lead teams across: ⚙️ Industrial design & engineering Prototyping and DFM/DFA Manufacturing setup & vendor management Cost and supply chain realism ISO 13485–aligned MedTech development If you're a founder or enterprise team building a hardware or MedTech product and need a partner to take you from concept to production — let's talk.Let’s connect.vidyasagar@criadorlabs.com www.criadorlabs.com",3436,2026-08-25 00:00:00.000 +0530,,,,,,,,,,17,28,connect.vidyasagar@criadorlabs.com,connect.vidyasagar@criadorlabs.com,,,,963,
Prof. Debadutta Mohanty,Prof. Debadutta,Mohanty,https://www.linkedin.com/in/prof-debadutta-mohanty-934b9835,urn:li:member:125364280,prof-debadutta-mohanty-934b9835,Dhanbad,Jharkhand,India,"Dhanbad, Jharkhand, India",CSIR - CENTRAL INSTITUTE OF MINING AND FUEL RESEARCH,Chief Scientist / Scientist-G,10+yoe_indian,member_urn,"CSIR-CENTRAL INSTITUTE OF MINING AND FUEL RESEARCH (CIMFR), DHANBAD, a constituent laboratory under the aegis of Council of Scientific and Industrial Research (CSIR), New Delhi aims to provide R&D inputs for the entire coal-energy chain encompassing exploration, mining and utilization. The laboratory also strives to develop mineral based industries to reach the targeted production for country’s energy security and growth with high standards of safety, economy and cleaner environment. In view of the National Missions recently declared by the Government of India, CIMFR has re-aligned its vision, missions and policies and also redefined targets for shortand long terms. This would promote rapid sustainable national techno-economic growth with equal emphasis on self-sustenance. CSIR-CIMFR is located in the town of Dhanbad, known as coal capital of India of Jharkhand state of India. It is strategically situated in the Damodar basin of Eastern part of the country which is endowed with rich coal deposits and hosts several large mineral based industries.",202,1946,Research Services,96879709,http://www.linkedin.com/company/csir-central-institute-of-mining-and-fuel-research,"Dhanbad, Jharkhand, India",R&D,https://cimfr.nic.in/,,4/2026,false,https://media.licdn.com/dms/image/v2/D4D03AQEjPhhMPv1uog/profile-displayphoto-shrink_100_100/profile-displayphoto-shrink_100_100/0/1665990989817?e=1788998400&v=beta&t=VPjgF9vlmIaxtMNKn3crO_7Pzts90avbp7PkdRYENsQ,false,,1760,2026-08-25 00:00:00.000 +0530,,,,,,,,,,,,,,,,,965,
Rahul S.,Rahul,S.,https://www.linkedin.com/in/rahul-s-81544a1a8,urn:li:member:813284369,rahul-s-81544a1a8,Delhi,Delhi,India,"Delhi, Delhi, India",Adobe,Software Developer,10+yoe_global,member_urn,"Adobe empowers everyone, everywhere to imagine, create, and bring any digital experience to life. From creators and students to small businesses, global enterprises, and nonprofit organizations — customers choose Adobe products to ideate, collaborate, be more productive, drive business growth, and build remarkable experiences.",42878,1982,Software Development,1480,https://www.linkedin.com/company/adobe,"San Jose, California, United States","Software, Creative Cloud, Digital Marketing, Web Experience Management, Digital Media, Creative Suite, Digital Publishing, Photoshop, Online Analytics, Illustrator, Touch Apps, Acrobat, Mobile Apps, Social Marketing, Web Marketing, and Social Measurement",http://www.adobe.com,,3/2016,false,,false,,3901,2026-08-25 00:00:00.000 +0530,,,,,,,,,,,,,,,,,382,
Aman Patel,Aman,Patel,https://www.linkedin.com/in/ap-7a44bb110,urn:li:member:467057068,ap-7a44bb110,Bengaluru,Karnataka,India,"Bengaluru, Karnataka, India",Cuemath,Director - Data & BizOps,6-10yoe_global_indian,member_urn,"Founded in 2013 by Manan Khurma, Cuemath is an ed tech company focused on math learning for K-12 students. Our mission is to make the world’s children great at math, and create invincible problem-solvers who will go on to solve humanity's greatest problems. We're gearing up for a phase of growth and are looking for passionate folks who will help Cuemath nurture #1BillionMathMinds. Our proprietary tech platform, empathetic and customer-centric workforce, and dedicated teachers teaching the Cuemath way are integral to our success and growth plans. Our award-winning curriculum has been developed by experts from Harvard, Stanford, Cambridge and IIT. The Cuemath way has found resonance all over the world - our students come from over 70 countries and we are backed by marquee investors such as Alpha Wave, Sequoia, Lightrock, Manta Ray and Capital G. Our culture is built on six fundamental values - the pursuit of excellence, empathy, versatility, passion, integrity and fun. We believe in openness, meritocracy and fostering an environment that helps you build your best self.",2501,,E-Learning Providers,2731718,http://www.linkedin.com/company/cuemath,"Bengaluru South, Karnataka, India","Education, Tutoring, Math, Learning, Mathematics, and Curriculum",https://cuemath.link/li-home,,4/2025,false,https://media.licdn.com/dms/image/v2/D4D03AQHKSjU5jcStpw/profile-displayphoto-shrink_100_100/profile-displayphoto-shrink_100_100/0/1725917508309?e=1788998400&v=beta&t=J02AMMoS4FMvw-JuFb6Rvs2aDA469rN7elNVLFyxH8s,false,"With a background spanning the full spectrum of development in the food delivery, fintech, and EdTech industries, I bring expertise in SQL, Python, Power BI, Datastudio, and Excel. My proficiency extends to crafting frameworks and dashboards for comprehensive data analysis. Moreover, my adeptness in strategy implementation and analysis ensures that I consistently deliver tangible outcomes aligned with organizational objectives.",283,2026-08-25 00:00:00.000 +0530,,,,,,,,,,,,,,,,,966,
Aditya Dalmia,Aditya,Dalmia,https://www.linkedin.com/in/aditya-dalmia-ba656a17,urn:li:member:58121262,aditya-dalmia-ba656a17,Kolkata,West Bengal,India,"Kolkata, West Bengal, India",CVMR Corporation,Project Director,10+yoe_global,member_urn,"CVMR® is a privately held, metal refining technology provider that is also engaged in mining and refining of its own mineral resources in 18 different countries. The company was established in 1986, with its head office and R & D Centre in Toronto, Canada. CVMR® is a world leader in metal powder production used in 3D printing, Metal Injection Molding (MIM), super alloys, complex net shapes, electronics, rechargeable batteries, manufacture of aerospace and automotive parts, medical instruments, pharmaceuticals and dietary supplements. In producing these products, CVMR® uses its proprietary technologies and refining processes based on what is known as “vapour metallurgy.” The company’s name and trademark, CVMR®, is an acronym derived from its principal refining processes, “Chemical Vapour Metal Refining.” This LinkedIn profile is the only official profile for CVMR Corporation and all rights are reserved by CVMR Corporation for the content published on this page.",15,,Mining,79016096,http://www.linkedin.com/company/cvmrcorporation,"North York, Ontario, Canada","refining, nickel, iron, powder, and carbonyl",http://cvmr.ca,,10/2023,false,https://media.licdn.com/dms/image/v2/C5103AQFtf88nKeNXAw/profile-displayphoto-shrink_100_100/profile-displayphoto-shrink_100_100/0/1581854867884?e=1788998400&v=beta&t=iuCL3CNv4IO33zGLnBpiAC8TirXWyjgMBRkCkwPt3xs,false,"Aditya Dalmia is the Project Director for CVMR Corporation in Toronto, overseeing project management and business development for metal refineries in India. With extensive experience in metallurgical test work and process engineering, Aditya excels in both project execution and proposal development. His expertise encompasses plant commissioning, optimization studies, and process audits. Additionally, he is skilled in marketing and business development for equipment, projects, and services. Aditya’s technological proficiency includes comminution, physical separation (gravity and magnetic), froth flotation, classification, and solid & liquid separation.",962,2026-09-01 21:00:56.853 +0530,,,,,,,,,,,,aditya_dalmia19@yahoo.co.in,aditya_dalmia19@yahoo.co.in,,,,968,
Varun Varshney,Varun,Varshney,https://www.linkedin.com/in/varun-varshney-498741350,urn:li:member:1470931316,varun-varshney-498741350,Gurugram,Haryana,India,"Gurugram, Haryana, India",CypherEdge Technologies,CTO and Co-Founder,founders,member_urn,"We focus on delivering seamless user experiences, robust architectures, and innovative designs that help businesses thrive in a competitive market. Whether you're starting from scratch or looking to upgrade your existing digital presence, CypherEdge is here to bring your vision to life with precision and excellence.",5,2023,IT Services and IT Consulting,106156657,http://www.linkedin.com/company/cypheredge-technologies-pvt-ltd,"Gurugram, Haryana, India",AI and ML,cypheredge.in,"Define and execute the company’s long-term technology roadmap. Align technology initiatives with business objectives to drive growth and innovation. Identify emerging technologies that provide a competitive advantage. Build, lead, and mentor high-performing engineering and IT teams. Foster a culture of innovation, collaboration, and continuous learning. Ensure smooth communication between technical and non-technical teams. Oversee IT operations, ensuring reliability, security, and efficiency. Drive cloud adoption, automation, and modern infrastructure practices. Manage cybersecurity risks and data privacy compliance.",8/2024,false,,false,,3715,2026-08-25 00:00:00.000 +0530,,,,,,,,,,17,28,,,,,,969,
Kumar S.,Kumar,S.,https://www.linkedin.com/in/kumar-subrat-iitkgpvgsomscm,urn:li:member:579146913,kumar-subrat-iitkgpvgsomscm,,,Greater Kolkata Area,Greater Kolkata Area,IIT Kharagpur - Vinod Gupta School of Management,"Doctoral Scholar at VGSOM, IIT Kharagpur",6-10yoe_global_indian,member_urn,"IIT Kharagpur - Vinod Gupta School of Management | 9,061 followers on LinkedIn. NIRF(MHRD) - Ranked 12th best B-School, amidst the lush greenery of Kharagpur stands the centre of managerial excellence | The Vinod Gupta School of Management is one of the premier business schools in India committed to fostering excellence in management, innovation and entrepreneurship for business, government and society. VGSoM was established in 1993 with a $2-million endowment from a distinguished alumnus of IIT Kharagpur, Mr.Vinod Gupta, matched by liberal support from the Government of India. Over the years, VGSoM has proven its mettle consistently by providing future business leaders with the ability to understand and leverage the advantages of technology for managing successful businesses in this knowledge-driven era.",106,1993,Education Administration Programs,3316298,https://www.linkedin.com/school/iitkgp-vgsom/,"Kharagpur, West Bengal, India",First Management School to be setup in an IIT system. and Imparting quality education in the field of management since two decades.,https://som.iitkgp.ac.in/,"#Developing a Metaheuristics model to minimize last-mile logistics inefficiencies; Using fuzzy methods for analyzing the last-mile logistics. GPA-8.6 #TA for Logistics Management. Some of the course projects completed were 1. Timely and cost-effective distribution of finished goods from industrial facilities to customers. 2.The problem of inventory replenishment of multiple products supplied by external suppliers to fulfill the constant demands. 3. Analysis and Prediction of Delivery Performance for E-Commerce Industry. 4. A demand planning approach that incorporates realistic market demand into the planning process and a strategy to maximize demand fulfillment. 5. Vehicle Routing problem for Optimization of Middle-mile logistics from a cost perspective. 6. Time Optimization in bus movement for Public Transport. 7. Designing a supply chain network to deliver the required service at the lowest possible cost is complicated based on a single level of thinking and judgment. 8. Selecting the optimum location for logistics facilities. #TA for Quantitative Techniques. Some of the course projects completed were 1. Optimization of Workers in a Rolling Mill using LPP. 2. Optimization of Selection of Plant Location using LPP. 3. Improving the profitability of small-scale furniture manufacturing enterprises using a linear programming model. 4. An Optimal Solution for a Real Transportation Problem by using R Code. 5. Class Scheduling using (0,1)- Integer Linear Programming Method. 6. Minimization of Cost incurred in Transportation of Soft Drink Bottles and Transshipment of Recycled Bottles using LPP.",1/2021,false,,false,"Hello, Readers! I am a Doctoral scholar at VGSOM, IIT Kharagpur, working in supply chain analytics and data analytics. I have an M.Tech in Industrial Engineering and Management from IIT (ISM), Dhanbad, and B.Tech in Mechanical engineering from BITS, Dhanbad. Before beginning my Ph.D. program at VGSOM, IIT Kharagpur, I worked for NSPIRA Management Services Private Limited for 3 years and 7 months. Before that, I was a Project Intern at Tata Steel's Productivity Services Department in Jamshedpur, where I worked on projects such as reorganization studies of Green and BrownField projects, System Redesign, Business Process Re-Engineering, Manpower Planning, Fleet Assessment, Improvement Projects, MIS, and so on. I enjoy learning new stuff. My research interests in supply chain management and logistics management include optimization and data science, particularly Deep Learning, Machine Learning, and Artificial Intelligence. My areas of expertise include Python programming, data science, machine learning, and metaheuristic optimization. I am familiar with Mathematical Optimization and Metaheuristics: Linear Programming (LP) Mixed-Integer Linear Programming (MILP) Nonlinear Programming (NLP) Mixed-Integer Linear Programming (MINLP) Genetic Algorithm (GA) Multi-Objective Optimization Problems with NSGA-II Particle Swarm (PSO) Constraint Programming (CP) Second-Order Cone Programming (SCOP) Nonconvex Quadratic Programming (QP) Simulated Annealing (SA) Tabu Search The following tools are used for the above optimization and metaheuristics. CPLEX, Gurobi, GLPK, CBC, IPOPT, Couenne, SCIP",2984,2026-08-25 00:00:00.000 +0530,,,,,,,,,,,,,,,,,797,
Vivek Rao,Vivek,Rao,https://www.linkedin.com/in/vivek-rao-5782a8255,urn:li:member:1054772012,vivek-rao-5782a8255,Rewari,Haryana,India,"Rewari, Haryana, India",D2VR,Founder,founders,member_urn,"At D2VR, we transform ideas into immersive 3D experiences. Specializing in high-quality 3D animations, game assets, models, and environments, we bring creativity, precision, and innovation to every project. Whether you're developing a cutting-edge game, a stunning animated feature, or a realistic virtual environment, we’re here to help you bring your vision to life. Our services include: 3D Animations: Dynamic visuals that captivate and engage audiences. Game Assets: Ready-to-use models tailored for modern game engines. 3D Modeling: Detailed and optimized designs for various industries. Environments: Lifelike and immersive worlds for gaming, AR/VR, and beyond. With a passion for storytelling and design, we cater to clients across industries like gaming, entertainment, architecture, and more. Whether you're a solo creator or a large studio, we adapt to your unique needs, ensuring every project exceeds expectations. Let’s create something extraordinary together. Get in touch with us today to discuss how we can bring your ideas to life!",1,,Animation and Post-production,105631861,http://www.linkedin.com/company/d2vr,"Delhi, Delhi, India",3d animation,https://dream2vreality.wixstudio.io/portfolio,,1/2025,false,,false,"Pursuing an Integrated Master of Technology in Applied Geophysics at IIT (ISM) Dhanbad. Currently serving as a Founder since January 2025, contributing to creative projects with a focus on 3D design and innovative visual content. Active as a 3D Designer at the Animation and Game Design Club for over two years, and previously worked as a 3D Modeler, including a role at Vidharth Marketing. Skilled in VFX, CGI, and texture artistry, blending academic knowledge with creative expertise to craft visually engaging designs and animations.",1669,2026-08-25 00:00:00.000 +0530,,,,,,,,,,17,28,,,,,,970,
Rahul Kedia,Rahul,Kedia,https://www.linkedin.com/in/rahul-kedia-3a6533173,urn:li:member:691074414,rahul-kedia-3a6533173,Bengaluru,Karnataka,India,"Bengaluru, Karnataka, India",Dailoqa,Data Science Consultant,founders,member_urn,"Dailoqa is an agentic AI-native engineering company, combining deep financial services expertise with advanced AI engineering. Our team includes experienced global financial services leaders that have led and transformed financial institutions, AI engineers, and academic researchers, ensuring our solutions are both cutting-edge and commercially grounded. We power revenue growth through smarter customer acquisition and deeper retention, drive enterprise-wide cost efficiency with workforce productivity, and convert regulatory compliance from a burden into a competitive edge through predictive risk and compliance intelligence. Our principle is simple: start with business problems, not technology. We co-develop solutions with compliance and explainability built in, and scale them in whichever model fits the client: in-house build, co-development, or deployment on our Broccoli™ platform.",114,2024,Business Consulting and Services,105982261,http://www.linkedin.com/company/dailoqa,"London, England, United Kingdom","generative AI, management consulting, data science & analytics, machine learning, behavioural science, Retail & Institutional Banking, Capital Market, Risk and Regulations, Asset & Wealth Mgnt, and Advanced Analytics & Forecasting",https://www.dailoqa.com/,,6/2025,false,,false,,3968,2026-08-25 00:00:00.000 +0530,,,,,,,,,,,,,,,,,971,
Preet Jain,Preet,Jain,https://www.linkedin.com/in/preet-jain-672b313a,urn:li:member:140157302,preet-jain-672b313a,Ahmedabad,Gujarat,India,"Ahmedabad, Gujarat, India",ALLEN,Faculty & Center head at Allen Maninagar,10+yoe_global,member_urn,,,,,,,,,,,,false,https://media.licdn.com/dms/image/v2/D4E03AQEgqbQ4BiwQ0A/profile-displayphoto-scale_100_100/B4EZzDBshTJkAg-/0/1772798529466?e=1788998400&v=beta&t=LwcRLvzgeLb3Q6VZ_yO-KPs6t1doyPyJWwDx3q6-akA,false,,3982,2026-09-01 17:03:38.642 +0530,Co-founder at Mentora,,,,,,,,,,,,,,,,1527,
Akhil Ruttala,Akhil,Ruttala,https://www.linkedin.com/in/akhil-ruttala,urn:li:member:413798524,akhil-ruttala,,,India,India,Amazon,Product Manager,founders,member_urn,,760446,,Software Development,1586,https://www.linkedin.com/company/amazon,,,,,2/2026,true,,false,,3890,2026-08-25 00:00:00.000 +0530,,,,,,,,,,,,,,,,,392,
Dev Narayanan S,Dev Narayanan,S,https://www.linkedin.com/in/devnarayanan-s,urn:li:member:416892122,devnarayanan-s,Bengaluru,Karnataka,India,"Bengaluru, Karnataka, India",Daloopa,L4 Senior Machine Learning Engineer,founders,member_urn,"Delivering trusted financial data across 5,500+ global tickers that powers AI agents, LLMs, and leading financial institutions worldwide. Analysts at the top investment firms use our workflow solutions to save valuable time and accelerate their decision making. We also provide the core AI data infrastructure that underpins the best financial agents and are the partner of choice for the leading global AI companies, including OpenAI, Anthropic and Perplexity. Get in touch at hello@daloopa.com.",498,,Software Development,18978813,http://www.linkedin.com/company/daloopa,"New York, New York, United States",,https://www.daloopa.com,,8/2025,false,,false,"Data Scientist employing machine learning, deep learning, and statistical techniques to generate insights from data. Specialize in executing quick-turnaround projects using advanced, scalable analytical solutions.",2818,2026-08-25 00:00:00.000 +0530,,,,,,,,,,,,,,,,,972,
Ashish Chaudhary,Ashish,Chaudhary,https://www.linkedin.com/in/ashish-chaudhary-15a19188,urn:li:member:310979734,ashish-chaudhary-15a19188,,,Greater Delhi Area,Greater Delhi Area,Allison Off-Highway Drive & Motion Systems,Manager,6-10yoe_global_indian,member_urn,External link for Allison Off-Highway Drive & Motion Systems,745,,Industrial Machinery Manufacturing,93230711,http://www.linkedin.com/company/dana-off-highway,"Indianapolis, Indiana, United States","Off-Highway Driveline and Motion Technologies, Software and Controls, Gearing Technology, Electrification and Hybrid, and Aftermarket Products",allisonoffhighway.com,Manager - Procurement (Forgings & Machining)at Allison Off-Highway Graziano Transmissioni,3/2026,false,https://media.licdn.com/dms/image/v2/D4D03AQF5HdbTRJoeAw/profile-displayphoto-shrink_100_100/profile-displayphoto-shrink_100_100/0/1674291224140?e=1788998400&v=beta&t=czNSl1-AZMLFTNCnJWMDFjz2e_46vRCS9RQOPnn5fD4,false,Vendor Development and Procurement Manager at Hero Motors,42,2026-08-25 00:00:00.000 +0530,,,,,,,,,,,,,,,,,974,
Narahari Pradhan,Narahari,Pradhan,https://www.linkedin.com/in/narahari-pradhan-089532a,urn:li:member:31169769,narahari-pradhan-089532a,Odisha,,India,"Odisha, India",Dangote Industries Limited,Deputy Director (Projects - Mining & Geology),10+yoe_global,member_urn,Driving Africa’s economic growth through industrial excellence and empowering lives.,11372,1978,Consumer Goods,803928,http://www.linkedin.com/company/dangotegroup,"Lagos, Lagos State, Nigeria","Cement - Manufacturing / Importing, Sugar - Manufacturing & Refining, Salt - Refining, Pasta - Manufacturing, Poly Products - Manufacturing, Logistics - Port Management & Haulage, Real Estate, Dangote Foundation, Fertiliser Manufacturing, Oil & Gas, Petroleum Refinery, and Petrochemical Plant",https://linkbio.co/dangotegroup,Looking after all the continuing and upcoming Mining related Projects,4/2023,false,https://media.licdn.com/dms/image/v2/C4E03AQG7nVwIP674IQ/profile-displayphoto-shrink_100_100/profile-displayphoto-shrink_100_100/0/1618930335142?e=1788998400&v=beta&t=Dibq3IikkojXP25Y-LrlrDmuzyNv8g1V9Yh_uSqqhOs,false,,1608,2026-08-25 00:00:00.000 +0530,,,,,,,,,,,,,,,,,975,
Kumar Gaurav,Kumar,Gaurav,https://www.linkedin.com/in/kumargaurav2596,urn:li:member:330879790,kumargaurav2596,Bengaluru,Karnataka,India,"Bengaluru, Karnataka, India",Waterdip AI,CTO & Co-Founder,founders,member_urn,"Datachecks is a data migration copilot, built for teams handling high-stakes data change. We help data engineering teams, system integrators, and audit leads validate complex data migrations — faster, with less effort, and complete traceability. No scripts. No rigid rule engines. Just agentic, intelligent validation that adapts to your data structures, business logic, and transformation flows. -Validate migrations across any stack — Oracle, Snowflake, BigQuery, Databricks, and more. -Reduce manual QA by 90%, cut validation cycles by 3x, and hit migration milestones on time. -Built for cloud modernization, core banking migrations, ERP shifts, and large-scale data consolidations. When migrations involve thousands of tables, billions of rows, and high business impact — Datachecks makes Data Migration simpler, faster, and audit-ready. Agentic Data Migration for every transformation milestone. Visit: datachecks.io",10,2024,Software Development,47671404,http://www.linkedin.com/company/datachecks-dcs,"New York, New York, United States","Data Validation, reconciliation testing, data testing, data monitoring, data migration testing, data governance, data migration, data modernization, test data management, data transformation, data discovery, and data reconciliation",https://www.datachecks.io/,,3/2021,false,,false,"Data Scientist with experience in delivering production-ready machine learning solutions in the field of Computer Vision, NLP, Enterprise Search, and statistical modeling.Extensive experience developing AI-powered Enterprise Search Enginee (ElasticSearch), Ranking Algorithms including but not limited to LTR, Recommendation & Personalization system deployed on the scale for platforms with millions of active users.Experience managing a team of 15 people in a startup environment, building a reverse image search platform for India's fortune company.Experience working with modern ML Ops pipeline (GCP AI Platform and Kubeflow) for rapid prototyping, training, scheduling, and deployment of Machine Learning Algorithms.",2651,2026-08-25 00:00:00.000 +0530,,,,,,,,,,17,28,,,,,,976,
Aishwarya Singh,Aishwarya,Singh,https://www.linkedin.com/in/aish0593,urn:li:member:388487318,aish0593,Dhanbad,Jharkhand,India,"Dhanbad, Jharkhand, India",Dhansar Engineering Co. Pvt. Ltd.,Human Resources Manager,6-10yoe_global_indian,member_urn,"Dhansar Engineering Company Pvt. Ltd. popularly known, as ""DECO"". is a premier engineering and mining company. The Company is mainly into site levelling, excavation, evacuation, surface mining, drilling & blasting, transportation of ‘overburden’ and ore. In the past few years, DECO has undergone rapid changes with activities compounding throughout the country and overseas.",189,1955,Mining,13402414,http://www.linkedin.com/company/decopl,"Dhanbad, Jharkhand, India","Site Leveling, Excavation, Surface mining, Drilling & Blasting, Transportation of ‘Overburden’ and Ore",http://www.decopl.com,,10/2017,false,https://media.licdn.com/dms/image/v2/C4E03AQEG7lhlOQs0Og/profile-displayphoto-shrink_100_100/profile-displayphoto-shrink_100_100/0/1622403128281?e=1788998400&v=beta&t=ghOSj-bR1SQQ2V_BHSQK0UZgy4A6HiVzMgHfXpdaI6k,false,"As a Human Resources Manager at Dhansar Engineering Co. Pvt. Ltd., I leverage my MBA degree in Human Resources and Marketing and my seven years of work experience in the field to attract, retain, and develop the best talent for the company. I am responsible for managing the entire employee lifecycle, from recruitment and onboarding to performance and rewards. I also design and implement employee engagement initiatives, talent management programs, and learning and development opportunities that align with the company's vision, mission, and values. Prior to joining Dhansar Engineering in 2017, I worked as a Human Resources Executive at Big Bazaar - Future Retail, where I gained valuable insights and skills in the retail sector, such as handling employee grievances, conducting exit interviews, and ensuring compliance with labor laws and regulations. I am passionate about creating a positive and inclusive work culture that fosters collaboration, innovation, and growth. I am proficient in English and Hindi, and I have acquired multiple skills, such as recruiting, employee engagement, talent management, and communication. I am always eager to learn new things and expand my knowledge and expertise in the field of human resources.",94,2026-08-25 00:00:00.000 +0530,,,,,,,,,,,,,,,,,979,
Jayanta Bhattacharya,Jayanta,Bhattacharya,https://www.linkedin.com/in/jayanta-bhattacharya-6b858a17,urn:li:member:58162028,jayanta-bhattacharya-6b858a17,Kharagpur,,India,"Kharagpur, India",Sabuj Tech Private Limited,Managing Director,founders,member_urn,External link for Sabuj Tech Private Limited,2,2024,Manufacturing,108180051,http://www.linkedin.com/company/sabuj-tech-private-limited,"Kharagpur-II, West Bengal, India",,www.novogreentech.com,,3/2024,false,,false,"Dr. Jayanta Bhattacharya has been a professor in the Department of Mining Engineering, Indian Institute of Technology, Kharagpur , India. He was also the Founding Head of the School of Environmental Science and Engineering at IIT Kharagpur. He was also a Visiting Professor to WASM,Curtin University, Australia, a visiting scientist in Japan, Germany and South Korea. He started his research in the area of mining equipment reliability engineering. He also carried on working the environmental engineering and management aspects of mining. Prof. Bhattacharya is a famous scientist in the area of environmental technology and engineering. He is a pioneer in the development of Green Graphene and Green Graphene composites for use in paints, tires, textiles, jute, animal feed, and as an anti-microbial agent in toilet disinfection.. His works are published in the premier journals of environmental and wastewater engineering (https://scholar.google.com/citations?user=7L8e1pQAAAAJ&hl=en ). He is one of the few top-cited scientists in the world from both the mining and environmental engineering scientific community. A number of his researches have been conducted into successful products in the market ( for details please see: myzelence.com). He has worked on new green materials required for environmental remediation like silver nanoparticle reactants, biochar and metal-organic framework adsorbents,anti-corrosive agents, and photocatalysis. Some of the research has led to the development of successful new products in the market. Prof.Bhattacharya teaches risk and reliability engineering, petroleum and mineral trade and safety and environmental law. He advises on environmental clearance, land acquisition, rehabilitation and resettlement of people. He works as a consultant to a number of organizations on pollution and environmental governance matters. He has more than 250 papers in various national and international journals and published 10 books that are read all over the world. He is the Editor-in-Chief of three journals: Journal of Mines Metals and Fuels, Mineral Metal Energy Oil Gas Aggregate, Indian Journal of Power and River Valley Development ( look into https://informaticsglobal.com/ ). He is also the founder-director of two startups, Zelence Industries Private Limited ( www.myzelence.com ) and Sabuj Tech Private Limited. He has been a one-time member of EAC-1 of MOEF at Delhi and two consequent term member of SEAC, West Bengal. He is one of the foremost authorities in the country regarding environmental clearance, land acquisition, and forest clearances.",3237,2026-08-25 00:00:00.000 +0530,,,,,,,,,,,,,,,,,1335,
Saurabh S.R.Sahay,Saurabh,S.R.Sahay,https://www.linkedin.com/in/saurabh-s-r-sahay-986590a3,urn:li:member:368708214,saurabh-s-r-sahay-986590a3,,,India,India,Deepak Fertilisers And Petrochemicals Corp. Ltd.,Executive Vice President,10+yoe_indian,member_urn,"Deepak Fertilisers and Petrochemicals Corporation Limited (DFPCL) is one of the largest manufacturers of chemicals in India. With a strong presence in Industrial Chemicals, Crop Nutrition and Technical Ammonium Nitrate (mining chemicals), the Company supports critical sectors of the economy namely pharmaceutical, agriculture, mining and infrastructure. Our Employee Value Proposition “We Listen, We Care, and We Don’t Give Up Till We Deliver,” inspires us to work together as “One Team with One Dream.” We are a Listening organisation, deeply listening to our colleagues, customers and to all our stakeholders…..to understand not just their words but their deeper needs. We listen because we deeply Care. We strive not to let go of our efforts till the end outcome is Delivered.",2486,1979,Chemical Manufacturing,471485,http://www.linkedin.com/company/deepak-fertilisers-&-petrochemicals-corp.-ltd.,"Pune City, Maharashtra, India","Industrial Chemicals, Fertilisers, and Ammonium Nitrate",http://www.dfpcl.com,,4/2009,false,,false,,3840,2026-08-25 00:00:00.000 +0530,,,,,,,,,,,,,,,,,980,
Reshav Dey,Reshav,Dey,https://www.linkedin.com/in/reshav-dey-3b741bb1,urn:li:member:398171515,reshav-dey-3b741bb1,Kolkata,West Bengal,India,"Kolkata, West Bengal, India",Deepak Fertilisers And Petrochemicals Corp. Ltd.,Senior Manager Human Resources (Lead L&D),founders,member_urn,"Deepak Fertilisers and Petrochemicals Corporation Limited (DFPCL) is one of the largest manufacturers of chemicals in India. With a strong presence in Industrial Chemicals, Crop Nutrition and Technical Ammonium Nitrate (mining chemicals), the Company supports critical sectors of the economy namely pharmaceutical, agriculture, mining and infrastructure. Our Employee Value Proposition “We Listen, We Care, and We Don’t Give Up Till We Deliver,” inspires us to work together as “One Team with One Dream.” We are a Listening organisation, deeply listening to our colleagues, customers and to all our stakeholders…..to understand not just their words but their deeper needs. We listen because we deeply Care. We strive not to let go of our efforts till the end outcome is Delivered.",2486,1979,Chemical Manufacturing,471485,http://www.linkedin.com/company/deepak-fertilisers-&-petrochemicals-corp.-ltd.,"Pune City, Maharashtra, India","Industrial Chemicals, Fertilisers, and Ammonium Nitrate",http://www.dfpcl.com,,6/2023,false,,false,,3997,2026-08-25 00:00:00.000 +0530,,,,,,,,,,,,,,,,,980,
Dr. Bharti kumari sharma,Dr. Bharti kumari,sharma,https://www.linkedin.com/in/dr-bharti-kumari-sharma-b9560854,urn:li:member:192611489,dr-bharti-kumari-sharma-b9560854,Dhanbad,Jharkhand,India,"Dhanbad, Jharkhand, India","Nims institute of Engg and Technology ( NIET),",Head of Department- DoC&FT,founders,member_urn,,,,,,,,,,"DoC&FT is umbrella of Deptt of Chemical Engg, Petroleum Engg, Food Technology, Agriculture Engg and Dairy Engg",10/2022,false,,false,"In awe with the extraordinary world of minuscle... Called Nanotechnology. Trying to explore its various applicative aspect like wastewater remediation, nanosensing.. Also trying to enhance it's performance by utilising it as catalyst by integrating it with various advanced oxidation processes. Till now I have just touched a very small area of nanoparticles called metal nanoparticle esp nanoscale zerovalent iron...",3250,2026-08-25 00:00:00.000 +0530,,,,,,,,,,,,,,,,,2220,
Rajeev Sinha,Rajeev,Sinha,https://www.linkedin.com/in/rajeev-sinha-b046a653,urn:li:member:189829300,rajeev-sinha-b046a653,Mumbai,Maharashtra,India,"Mumbai, Maharashtra, India",Deep Industries Limited,Chief Operating Officer,10+yoe_indian,member_urn,External link for Deep Industries Limited,868,,Oil and Gas,2334410,http://www.linkedin.com/company/deep-industries-limited,"Ahmedabad, Gujarat, India",,http://www.deepindustries.com,,7/2026,true,https://media.licdn.com/dms/image/v2/C5103AQF-XwOKp_ngcA/profile-displayphoto-shrink_100_100/profile-displayphoto-shrink_100_100/0/1571276147802?e=1788998400&v=beta&t=44SujCg4ruwwEzjQIvf61zAj-7sdEZiW9K7WwboemdM,true,"Experienced professional with a demonstrated history of accomplishments in the oil & energy sector. Skilled in Oil & Gas Production, Operations Management, Project Development & Management, Integrated Asset Management and Strategic Business Planning. Strong E&P professional with a Bachelor of Technology (B.Tech.) in Petroleum Engineering from Indian Institute of Technology, Dhanbad.",1209,2026-08-25 00:00:00.000 +0530,,,,,,,,,,,,,,,,,981,
Sagorika Mallick,Sagorika,Mallick,https://www.linkedin.com/in/sagorika-mallick-0a848389,urn:li:member:314694848,sagorika-mallick-0a848389,Bengaluru,Karnataka,India,"Bengaluru, Karnataka, India",Accenture Strategy & Consulting,Business Consultant,founders,member_urn,"Accenture Strategy combines deep industry expertise, advanced analytics capabilities and human-led design methodologies that enable clients to act with speed and confidence.",6635,,Business Consulting and Services,88415878,https://www.linkedin.com/company/accenture-strategy-and-consulting,"Chicago, Illinois, United States",,http://www.accenture.com/accenturestrategy,,12/2025,false,,false,"Sagorika Mallick is currently working as a Management consultant in Accenture Strategy in Energy Domain with 5 years of combined consulting and Industry experience. She deals with clients solving business problems like cost budgeting, project management and scheduling, Digital transformation etc . She has done her MBA from Faculty of Management Studies, Delhi. She has 3 years of experience in Oil and Gas Industry as an Environmental Engineer responsible for preparing various dashboards for cost optimization, Greenhouse gas emission reduction planning and Implementation, Water pollution management, and also dealing with stakeholders. She has advanced knowledge of excel, SAP and Power BI. She has completed her graduation in 2018 from IIT ISM Dhanbad in Environmental Engineering. She is passionate about Singing, Writing and Dramatics.",3258,2026-08-25 00:00:00.000 +0530,,,,,,,,,,,,,,,,,376,
Kaiwan Elavia,Kaiwan,Elavia,https://www.linkedin.com/in/kaiwan-elavia-56196126,urn:li:member:91945945,kaiwan-elavia-56196126,Mumbai,Maharashtra,India,"Mumbai, Maharashtra, India",HERE,Senior Spatial Data Specialist/Scrum Master,founders,member_urn,,,,,,,,,,"- Facilitated daily standup meetings, sprint planning meetings, sprint reviews, and retrospectives for multiple development teams. - Collaborated with product owners and stakeholders to ensure successful delivery of projects. -Analyzed development team processes and implemented improvement initiatives to optimize team performance. - Facilitated daily meetings, sprint reviews, and retrospectives for cross-functional teams of up to 10 members. - Proactively identified and removed impediments that hindered team progress. - Developed and maintained a team backlog according to product requirements. - Coached team members to ensure their understanding of Scrum principles and practices. - Facilitated project planning and estimation sessions for multiple teams. - Collaborated with stakeholders to ensure project requirements were understood and met.",10/2018,false,,false,"I am an experienced professional with a strong background in facilitating Scrums and applying LEAN methodologies to drive efficiency and achieve project targets. With a focus on innovation, I continuously generate ideas to improve existing processes and methods. Throughout my career, I have successfully facilitated daily standup meetings, sprint planning meetings, sprint reviews, and retrospectives for multiple cross-functional development teams. By collaborating closely with product owners and stakeholders, I ensure the successful delivery of projects. I analyze development team processes, identify improvement opportunities, and implement initiatives to optimize team performance. In my current role at HERE, I have been instrumental in driving the adoption of agile practices and fostering a culture of continuous improvement. By proactively identifying and removing impediments, I am skilled at developing and maintaining team backlogs according to product requirements, ensuring alignment and clarity. Through effective coaching and guidance, I have helped teams enhance their productivity and embrace agile methodologies. Prior to my current role, I served as an Associate Director-GIS Specialist, where I provided leadership and direction to ensure the successful completion of tasks and projects. By establishing and maintaining productive working relationships with internal and external stakeholders, I facilitated seamless collaboration and achieved project milestones. I prepared detailed reports on project progress and status, presenting them to upper management for informed decision-making. In addition to my professional experience, I have a strong academic background. I hold a Certified ScrumMaster® certification from Scrum Alliance, which validates my expertise in agile facilitation. I also completed a Master of Business Administration (MBA) in Management Information Systems from Welingkar Institute of Management, further enhancing my strategic and analytical skills. Furthermore, I possess strong communication skills that enable effective collaboration with diverse teams and stakeholders. If you're seeking a dedicated and versatile professional with expertise in Scrum methodologies, spatial data analysis, and a passion for driving innovation and project success, I invite you to connect. Let's discuss how my skills and experience can contribute to your organization's growth and success.",3255,2026-08-25 00:00:00.000 +0530,,,,,,,,,,,,,,,,,1936,
Mohd Ashraf,Mohd,Ashraf,https://www.linkedin.com/in/mohd-ashraf-b6912023a,urn:li:member:997610625,mohd-ashraf-b6912023a,Kolhapur,Maharashtra,India,"Kolhapur, Maharashtra, India",Kota’s Institute Of Excellence,CEO of Kota’s Institute of Excellence,founders,member_urn,,,,,,,,,,,1/2024,false,,false,"There is a fountain of youth: it is your mind, your talents, the creativity you bring to your life and the lives of people you love. When you learn to tap this source, you will truly have defeated age.",3256,2026-08-25 00:00:00.000 +0530,,,,,,,,,,,,,,,,,2078,
Aditya Kishore,Aditya,Kishore,https://www.linkedin.com/in/aditya-kishore-45b58423a,urn:li:member:998736263,aditya-kishore-45b58423a,West Bengal,,India,"West Bengal, India","IISCO Steel Plant (Burnpur,Asansol, West Bengal, India)",Materials Manager,founders,member_urn,,,,,,,,,,"Responsible for overseeing all aspects of supply chain management, procurement, and material management within IISCO Steel Plant (Having annual production capacity of 2.5 Million Tonne hot metal), Steel Authority of India Limited, ensuring timely availability of critical materials and efficient resource utilization. Currently, looking after Procurement Activities of Refractory Materials. Managed end-to-end procurement processes for Mechanical and Electrical equipment and spares, Refractory Materials, Rolls, Consumables and Medicines, ensuring uninterrupted operations across diverse plant departments. Spearheaded purchase order finalization, contract negotiation, and vendor management, achieving a consistent average annual order value exceeding average Rs. 100 crores for 13 years. (Annual order value exceeded Rs. 250 Crores, while in Refractory and Rolls purchase) Directed refractory stores management, optimizing inventory control, facilitating timely GRN creation and expediting supplier payments to maintain seamless material flow. Oversaw e-procurement initiatives, leveraging platforms like GeM, SRM, SAP-ERP, and EPS to enhance transparency, reduce costs, and streamline procurement cycles. Orchestrated a critical rolls procurement case valued at Rs. 247 crores, ensuring timely delivery of essential components for steel production. Cultivated strong relationships with user departments, planning cell, stores, inspection, and finance teams, fostering effective communication and collaboration for efficient order processing and material delivery. Successfully got audited the Purchase Section for ISO-9001:2015 certified Material Management Department. Managed a team of operators, supervisors, and contractors, fostering operational efficiency and minimizing downtime, timely regularization of supplies and disposal of non-moving items in stores.",6/2011,false,,false,"With over 14 years of experience, I currently serve as Assistant General Manager at Steel Authority of India Limited, managing procurement operations for an integrated steel plant with an annual production capacity of 2.5 million tonnes of hot metal. My focus lies in overseeing end-to-end commercial strategies for diverse materials, including mechanical equipment, refractory materials, consumables, and more, ensuring streamlined processes and cost-effective solutions. I have successfully facilitated over 150 international consignments, collaborating with global stakeholders for procurement, shipment, and clearance. My expertise in vendor development and evaluation is complemented by a commitment to optimizing supply chain operations, enabling efficient procurement practices that support organizational goals.",3257,2026-08-25 00:00:00.000 +0530,,,,,,,,,,,,,,,,,1962,
Sumit Singh,Sumit,Singh,https://www.linkedin.com/in/sumitsingh53,urn:li:member:350742447,sumitsingh53,Bengaluru,Karnataka,India,"Bengaluru, Karnataka, India",Department of Telecommunications ( DOT ),Assistant Director General,6-10yoe_global_indian,member_urn,"Department of Telecommunications, Ministry of Communications, Government of India",867,1965,Telecommunications,6350534,http://www.linkedin.com/company/department-of-telecommunications-dot-,"New Delhi, Delhi, India",,http://www.dot.gov.in,"At NCCS: (Oct-2024-Present) Security Certification Division At DGT HQ (Sep-2022 to Oct-2024): Managing regulatory compliance related matters pertaining to telecom licensees including compliance related to NSDTS and MTCTE.. Digitalization and simplification of procedures for promoting Ease of Doing Business. Website Development, Contract Management.",8/2022,false,https://media.licdn.com/dms/image/v2/D5603AQG6ZTG148EPFQ/profile-displayphoto-scale_100_100/B56ZnJuaTRHcAc-/0/1760026018317?e=1788998400&v=beta&t=QXnPtlCM4QOosXM4oBZ3qqHAKrt1nvEHdc66p4MaAHQ,false,,2537,2026-08-25 00:00:00.000 +0530,,,,,,,,,,,,,,,,,982,
Sahiil Tomar,Sahiil,Tomar,https://www.linkedin.com/in/sahiltomar1,urn:li:member:896129137,sahiltomar1,Bengaluru,Karnataka,India,"Bengaluru, Karnataka, India",Device Doctor India,Business Analyst,founders,member_urn,"""We love Coding, Designing, and Practising New Technologies. Techsavie youngsters Met and formed a company having Mutual interests and understanding we are trying new Technologies and Methods. We offer Premium Services at amazing prices Don't You think that's Amazing We offer Services Like 1. WEB DEVELOPMENT 2. APP DEVELOPMENT 3. DIGITAL MARKETING And List of Services Goes ON For more Let's Connect Thanks For Coming Have a good day ahead """,14,2020,IT System Custom Software Development,85660128,http://www.linkedin.com/company/device-doctor-india,"Ladpura, Rajasthan, India","Website Development , Application Development , Software Development , Digital Marketing , and Graphic Designing",https://devicedoctorindia.in,"Supported execution of 5+ operational and reporting initiatives by coordinating deliverables, tracking KPIs, and maintaining project progress trackers across marketing and business operations workflows. Automated recurring MIS and KPI reporting processes using Excel, Power Query, and Power BI, reducing manual reporting effort by approximately 30% and improving reporting turnaround time. Developed and maintained 4+ executive-ready dashboards and business reports to track campaign performance, sales trends, operational metrics, and stakeholder deliverables. Analyzed multi-source business and operational datasets to identify reporting gaps, process inefficiencies, and performance trends, contributing to improved tracking accuracy and operational visibility. Collaborated with founder and cross-functional stakeholders to standardize reporting templates, streamline workflow tracking, and support data-driven decision-making across ongoing business initiatives.",3/2024,false,,false,"I’m a Business Analyst with 4+ years of experience driving process improvement, KPI tracking, and data-driven decision making across SaaS-based environments. I specialize in business requirement gathering (BRD), stakeholder management, KPI definition, and translating complex business problems into clear, structured functional requirements. I have worked extensively in Agile and Scrum frameworks, collaborating closely with product owners, development teams, data teams, sales, and operations to ensure sprint-level clarity, backlog prioritization, and smooth release execution. My experience includes facilitating requirement workshops, writing user stories with acceptance criteria, participating in sprint planning, grooming sessions, UAT coordination, and ensuring alignment between business and technical teams. My hands-on expertise includes Power BI and Tableau for dashboarding and reporting, along with MySQL, Advanced Excel, and Python for data analysis, ETL, and EDA. I’ve supported leadership and client stakeholders with actionable insights that led to a 40% productivity improvement and a 9% increase in NPS/CSAT. With exposure across ed-tech and energy domains, I bring a strong blend of analytical thinking, SaaS product understanding, Agile execution discipline, and stakeholder communication. I’m currently seeking Business Analyst opportunities where structured analysis, cross-functional collaboration, and execution excellence drive measurable business impact.",2822,2026-08-25 00:00:00.000 +0530,,,,,,,,,,,,,,,,,983,
Pawan K Rai,Pawan K,Rai,https://www.linkedin.com/in/pawan-k-rai-9047594b,urn:li:member:178035412,pawan-k-rai-9047594b,Noida,Uttar Pradesh,India,"Noida, Uttar Pradesh, India",Dedicated Freight Corridor Corporation of India Limited,Director (Project Planning),10+yoe_indian,member_urn,External link for Dedicated Freight Corridor Corporation of India Limited,304,2006,Rail Transportation,80800009,http://www.linkedin.com/company/dfccilindia,Greater Delhi Area,"Logistics, Freight, GCT, Railway Construction, and Rail Operation",https://dfccil.com/,,1/2026,false,https://media.licdn.com/dms/image/v2/D4D03AQHLyUsPQ1AHXA/profile-displayphoto-scale_200_200/B4DZp4RQUYIEAY-/0/1762954381538?e=1788998400&v=beta&t=tpyjzYzdToTV1jZbgwQeBbqqNRbfYYrbYfadQXUgKRA,false,,1742,2026-08-25 00:00:00.000 +0530,,,,,,,,,,,,,,,,,984,
Sheo Mishra,Sheo,Mishra,https://www.linkedin.com/in/sheo-mishra-5bab291b8,urn:li:member:850814494,sheo-mishra-5bab291b8,Bengaluru,Karnataka,India,"Bengaluru, Karnataka, India",DGM India,dgms,6-10yoe_global_indian,member_urn,"DGM, India's Leading Digital Ad Network, offers a suite of online marketing solutions that incorporate advanced technologies and marketing expertise. We have the distinction of working with blue chip clients across the globe for more than last 12 years to drive measurable results on the digital medium. DGM India works on proprietary technology platform- DAST [dgM Ad Serving Technology] that combines the latest ad serving technologies with advanced web analytics to maximize your advertising revenue. It is highly scalable and reliable device independent ad serving technology. Running on more than 50 servers, spread over 3 continents it is backed by high performance AMAZON CLOUD SERVICES. CloudFront, Amazon CDN services are used to deliver from the edge delivery of the creatives.",29,2007,"Technology, Information and Internet",217280,http://www.linkedin.com/company/dgm-india,"Gurugram, Haryana, India","Online Marketing, Affiliate Marketing, CPA Network, Search Marketing, Online Advertising, and PPC",http://www.dgm.in,,,false,,false,,3679,2026-08-25 00:00:00.000 +0530,,,,,,,,,,,,,,,,,985,
Dr .Gopal Dhawan,Dr .Gopal,Dhawan,https://www.linkedin.com/in/dr-gopal-dhawan-159b763a,urn:li:member:140248149,dr-gopal-dhawan-159b763a,Noida,Uttar Pradesh,India,"Noida, Uttar Pradesh, India",Dr Dhawan Academy of Geologists (DDAG Pvt Ltd),Founder & Chairman,founders,member_urn,"Dr. Dhawan Academy of Geologist ( DAG Pvt Ltd)has been established by Dr Gopal Dhawan, Former CMD, MECL & Executive Director ( Geo Tech ) , NHPC to provide a platform for learning for young geologists by the senior level experts . We organise training courses to cover the vast ambit of engineering geological and geotechnical aspects needing attention during various phases of project surveys /investigations, data collection ,designing and methodology of execution, global state of the art practices, etc. The Academy has chosen some of the finest faculty in the country who made their best efforts to introduce the participants with the nuances of ground conditions and realities for their better appreciation and evaluation for facilitating the construction of the infrastructure projects. The Academy of Geologists in its pursuit of continuing quest for knowledge and experience sharing will carry on organising such programs in future as well to disseminate knowledge among professionals.",7,2019,Professional Training and Coaching,28709749,http://www.linkedin.com/company/dhawanacademy,Greater Lucknow Area,"Geology, Training and Development, and Geology Training",http://www.dhawanacademy.com,,12/2019,false,,false,"45 years of professional experience in Engineering Geology & Mineral Exploration for Infrastructure Projects. Working on skill development of young Geologists . Formerly CMD , MECL & Executive Director ( Geo Tech ) NHPC. Founder & Chairman, Dr Dhawan Academy of Geologists ( DDAG Private Ltd) NTPC: Member Panel of Experts THDC: Member TAC & Member PoE for Vishnugad- Pipalkoti Hydro Power Project, Uttarakhand which is funded by World Bank. NHIDCL: Empanelled as Tunnel Expert. BGL : IEM at Bhagyanagar Gas Ltd Tractebel Engineering: Consultant Engineering Geology",3152,2026-08-25 00:00:00.000 +0530,,,,,,,,,,17,28,,,,,,986,
Malini M.,Malini,M.,https://www.linkedin.com/in/malini-m-6a446070,urn:li:member:251943388,malini-m-6a446070,,,India,India,Digital Aptech,Manager: Human Resource,10+yoe_indian,member_urn,"Digital Aptech Pvt. Ltd. (DAPL) founded in 2013, is a global expert in IT support and services and web application development. DAPL is a customer-centric IT solutions company focusing on quality, information security and customer-centricity. As a CMMI Level 3 company, we go beyond the standard processes and practices for project planning, risk mitigation and delivery. DAPL is also well-known for providing superior post-development support and maintenance to its clients. We let our work do the talking and this is exactly why brands across the globe prefer us to help elevate their businesses. Companies in countries like the US, UK, UAE and Australia choose our services over others. Want to know why? Visit our website to find out.",174,2013,IT Services and IT Consulting,3047414,http://www.linkedin.com/company/digital-aptech,"Rajarhat, West Bengal, India","wordpress, magento, html 5, drupal, Mobile Applications Development, Digital Marketing, UI/UX Design, IT Consulting, E-commerce Development, Frontend Development, Unity, Android, iOS, React Native, Node JS, PHP, Angular JS, React JS, staff , staff augmentation, and web development",https://www.digitalaptech.com/,,1/2022,false,,false,"Hi!! I am HR Professional holding experience from Software Industry IT and Non IT. Current Designation: Manager: Human Resource I have hands on experience in Generalist plus Recruitment role. I am currently hiring Software Developers/ Engineers/ Administration Executive / Managers etc. Current job Roles: - Recruitment - Payroll - Contributing to the company’s vision through quality, commitment, courtesy and teamwork. - To align the demand forecast with supply to achieve key performance objectives. - Managing end-to-end of the employee life cycle - on boarding, rehire, leave, promotion, exit. - Involved in every steps of Human Resource Management . Previous Experience: Senior IT Recruitment Specialist Client: PWC, IBM, Xerox etc. CareerNet Technologies, Bangalore Client: COGNIZANT Technologies Solutions. Experience: Hindustan Copper Limited Education: MBA HR and Marketing from Indian School of Mines- ISM Dhanbad (IIT Dhanbad) (Department of Management Studies) Summary: Staffing | Talent Acquisition | IT Recruiter | Headhunter | Professional Recruitment -Expertise in IT Recruitment (Middle, Senior and Top Level).. -Demonstrated success as an accomplished HR Consultant focusing on Talent Acquisition specializing in Technical Recruitment. -Highly effective in communicating, interviewing, and closing candidates for middle/senior/top level. -Excellent business acumen with strong interpersonal skills, both written and verbal. -Proven negotiation skills, possessing the ability to influence decision makers. -Maintained professionalism, personal integrity, a high commitment to achieve and exceed success, the ability to build and maintain a vast network of professional relationships. - Ability to source candidates from various job portals, referrals, networking and head hunting. - High potential to understand the requirements received from clients and meeting the targets. - Expertise in evaluating the candidate's communication skills, presentation and technical skills based on the requirements. -Involved in conducting initial interview of the candidates. -Recruiting candidates across geographies for all types of hierarchies.",1991,2026-08-25 00:00:00.000 +0530,,,,,,,,,,,,,,,,,987,
Suman Paul,Suman,Paul,https://www.linkedin.com/in/suman-paul-a176029a,urn:li:member:353844019,suman-paul-a176029a,Siliguri,West Bengal,India,"Siliguri, West Bengal, India",Dilip Buildcon Ltd.,Construction Manager,10+yoe_indian,member_urn,"DBL, one of the largest EPC groups of India, has enabled itself with powerful execution capability, proprietary fleet of 8700+ machinery and vehicles and its 27,000+ employees using cutting edge technology and innovation, to deliver best solution to clients. From humble beginnings in 1987 to a road focused EPC leader in 2017, DBL’s journey is characterized by hard work, respect for relationships, and a drive to excel in anything we take up. We have an excellent track record of timely completion of our projects. With the largest equipment and manpower base of any contractor in India, we have achieved excellence in executing road projects. DBL’s value-centric delivery, execution prowess and commitment to innovation have set the stage for the next phase of growth.",6150,1987,Construction,18365720,http://www.linkedin.com/company/dilipbuildconltd,"Bhopal, Madhya Pradesh, India","Construction, Infrastructure, Mining, Road Furniture, Road Construction, Bridges/Dam construction, Foundry, Fleet management, high volume excavation & earthwork, bulk material handling, Innovation, Backward Integration, EPC, Drone Monitoring, Soil Stabilization, and Sand manufacturing",http://www.dilipbuildcon.com,,9/2025,false,https://media.licdn.com/dms/image/v2/C4D03AQGqDl3Uv8PVPw/profile-displayphoto-shrink_100_100/profile-displayphoto-shrink_100_100/0/1527932320937?e=1788998400&v=beta&t=2URPHGmu-HO-BvTBfjyKdXeI9W4kgxyEnlh1VF6vL6M,false,,1903,2026-08-25 00:00:00.000 +0530,,,,,,,,,,,,,,,,,989,
Arvind Rajpurohit,Arvind,Rajpurohit,https://www.linkedin.com/in/arv002,urn:li:member:325572958,arv002,Delhi,,India,"Delhi, India",CityMall,Product,founders,member_urn,"CityMall is an e-commerce platform focused on 500 million new to internet users living in small cities, towns, and villages in India. Backed by top-tier VCs like General Catalyst, Elevation, Accel and Waterbridge, CityMall deals in Grocery, Packaged FMCG, Electronics and Fashion categories. So far e-commerce has primarily benefited residents of the top 8 metropolitan cities in India. Key reasons for this are lack of trust, lack of familiarity with browsing and transacting online, low average order values (which makes economic viability a challenge for the platforms), lack of credit in online channels (which neighbourhood stores offer). We at CityMall are trying to solve this problem for Bharat. CityMall is a highly efficient channel to serve these consumers through ""Community Leaders"". They are the ""Social"" & ""Geographical"" connectors between end consumers and CityMall. They help us in customer acquisition, localised sales & marketing to capture customers' share of wallet, and the last mile logistics in their communities, thus making the community-led model more suitable for small towns, cities, and villages. 80% of our consumers transact for the very first time on CityMall’s app. We are enabling thousands of people to start their small business without any investment. Founded by IIT Delhi and IIT Roorkee alumni with 8+ years of entrepreneurial experience, CityMall aims to create hundreds of thousands of such micro-entrepreneurs and empower them to create the go-to e-commerce platform for Bharat.",1668,2019,Internet Marketplace Platforms,14739374,https://in.linkedin.com/company/citymall91,"Gurgaon, Haryana, India",,http://citymall.live,,9/2019,false,,false,"Working as a ""Jack of all trades"" at CityMall !!! Building zero-to-one products at CityMall (VC-backed Series C-funded startup. Co-founded a startup LocalTV - a platform for Local news, Jobs, events, etc. Worked as a Business analyst in Ongrid and Sunsure Energy and as a software developer in Zomato. 2018 batch graduated from IIT(ISM), Dhanbad.",3273,2026-08-25 00:00:00.000 +0530,,,,,,,,,,,,,,,,,84,
Raghav Bahuguna,Raghav,Bahuguna,https://www.linkedin.com/in/raghav-bahuguna-43aa931b2,urn:li:member:832784302,raghav-bahuguna-43aa931b2,Dehradun,Uttarakhand,India,"Dehradun, Uttarakhand, India",Cairn Oil and Gas,Geophysicist,founders,member_urn,External link for Cairn Oil and Gas,3308,,Oil and Gas,2540932,http://www.linkedin.com/company/cairn-india-ltd,"Gurugram, Haryana, India","Exploration and Production, Oil and Gas, Offshore, Onshore, and Midstream",http://www.cairnindia.com,,3/2026,false,,false,"As a Research Fellow at IIT (ISM), our team focused on the structural interpretation and reservoir characterization of the WB_WN Block in India's Western Offshore Basin. We integrated seismic inversion techniques and well data, advancing the understanding of complex hydrocarbon reservoirs. Our work supported the development of exploration strategies in challenging environments, contributing to the field of applied geophysics. During my industrial training at ONGC, we honed skills in 3D seismic interpretation and well logging. This hands-on experience, coupled with my academic pursuits at IIT (ISM), has solidified my proficiency in analyzing subsurface data. I am excited about the opportunity to apply these competencies in a professional setting, driving innovation in geophysical exploration and contributing to sustainable energy solutions.",3271,2026-08-25 00:00:00.000 +0530,,,,,,,,,,,,,,,,,931,
M Satyamurty,M,Satyamurty,https://www.linkedin.com/in/m-satyamurty-96575139,urn:li:member:136217885,m-satyamurty-96575139,South Delhi,Delhi,India,"South Delhi, Delhi, India",Directorate General Of Mines Safety,Retired as Deputy Director General,10+yoe_global,member_urn,"Directorate General Of Mines Safety, Dgms In Short, Is The Indian Government Regulatory Agency For Safety In Mines And Oil-Fields.The Mission Of The Dgms Is To Continually Improve Safety And Health Standards, Practices And Performance In The Mining Indust",3,,,34207550,http://www.linkedin.com/company/directorate-general-of-mines-safety,"Dhanbad, Jharkhand, India",,http://www.dgms.in,,10/2018,false,https://media.licdn.com/dms/image/v2/C5603AQES-Auvn0w3Rw/profile-displayphoto-shrink_100_100/profile-displayphoto-shrink_100_100/0/1516826403696?e=1788998400&v=beta&t=AVIM4qMQlioaZcV8WvhvCc5f5Eb3sySPhGIwqlTqoJw,false,,1517,2026-08-25 00:00:00.000 +0530,,,,,,,,,,,,,,,,,990,
Dr Sagesh Kumar M.R.,Dr Sagesh Kumar,M.R.,https://www.linkedin.com/in/dr-sagesh-kumar-m-r-7703978,urn:li:member:24834180,dr-sagesh-kumar-m-r-7703978,Dhanbad,Jharkhand,India,"Dhanbad, Jharkhand, India",Directorate General Of Mines Safety (Dgms),Director,10+yoe_global,member_urn,"Official LinkedIn Page of the Directorate General of Mines Safety (DGMS) The Directorate General of Mines Safety (DGMS), under the Ministry of Labour & Employment, Government of India, is responsible for ensuring the occupational safety, health and welfare of persons employed in mining operations across the country. DGMS promotes safe, healthy and sustainable mining practices through inspections, enforcement of safety legislation, capacity building, awareness initiatives and stakeholder engagement.",89,1902,"Oil, Gas, and Mining",34210818,http://www.linkedin.com/company/directorate-general-of-mines-safety-dgms-,"Dhanbad, Jharkhand, India",,http://www.dgms.gov.in,,,false,,false,,3904,2026-08-25 00:00:00.000 +0530,,,,,,,,,,,,,,,,,991,
Shyam Mishra,Shyam,Mishra,https://www.linkedin.com/in/shyam-mishra-b606353a1,urn:li:member:1652814648,shyam-mishra-b606353a1,Dhanbad,Jharkhand,India,"Dhanbad, Jharkhand, India",Directorate General Of Mines Safety (Dgms),Director,10+yoe_global,member_urn,"Official LinkedIn Page of the Directorate General of Mines Safety (DGMS) The Directorate General of Mines Safety (DGMS), under the Ministry of Labour & Employment, Government of India, is responsible for ensuring the occupational safety, health and welfare of persons employed in mining operations across the country. DGMS promotes safe, healthy and sustainable mining practices through inspections, enforcement of safety legislation, capacity building, awareness initiatives and stakeholder engagement.",89,1902,"Oil, Gas, and Mining",34210818,http://www.linkedin.com/company/directorate-general-of-mines-safety-dgms-,"Dhanbad, Jharkhand, India",,http://www.dgms.gov.in,,6/2012,false,https://media.licdn.com/dms/image/v2/D5603AQEoB6ma68tOsw/profile-displayphoto-scale_200_200/B56Zs8olXpJ8Ac-/0/1766248833501?e=1788998400&v=beta&t=hwFR0as93eN9GvCdabtR5act_WkSLboEzyb0SU1-mio,false,,1543,2026-08-25 00:00:00.000 +0530,,,,,,,,,,,,,,,,,991,
Smriti Srivastava,Smriti,Srivastava,https://www.linkedin.com/in/smriti-srivastava-3282143a8,urn:li:member:1672676816,smriti-srivastava-3282143a8,Gurugram,Haryana,India,"Gurugram, Haryana, India",Discvrai,Director,10+yoe_indian,member_urn,"In today's world, we're drowning in data but often starving for genuine insight. Finding trustworthy, deep information quickly is a significant challenge, whether you're researching market trends, exploring complex technologies, or seeking to understand global events. Traditional search often leaves you scrolling through endless links, struggling to synthesize information. Introducing Discvr.ai (www.discvr.ai) – your intelligent search and research partner, built to cut through the noise. We go beyond surface-level results by combining powerful AI capabilities into a seamless platform: * AI Search Agent: Need quick answers? Our efficient general web search delivers relevant results fast. But Discvr.ai truly shines when you need to go deeper. * Specialized Deep Research: - US Equities: Leverage our AI agent for sophisticated analysis of US stocks and equities. Get insights on valuation metrics, comparative analysis against competitors, growth driver assessments, risk factor summaries, and recent performance impact – information crucial for informed decision-making, delivered concisely. * Interactive AI-Generated Articles: Explore a diverse and expanding library of research articles created by our AI across finance, technology, politics, and more. What makes them unique? You can ask clarifying questions directly within any article and receive immediate, context-aware answers from our AI. Click on key entities to explore them further. It's research that becomes a conversation, enabling true understanding. Stop searching, start understanding. Visit us and join the beta today: www.discvr.ai",10,,"Technology, Information and Internet",106472571,http://www.linkedin.com/company/discvrai,"Gurugram, Haryana, India",,https://www.discvr.ai,"Strategic Leader at the Intersection of Engineering, Education, and FinTech. I thrive where complex systems meet scalable solutions. As a Director at discvrAI, I oversee the synergy between operations, technology, and product development for our digital financial platform. My approach is rooted in the rigor of engineering and the clarity of an educator. My Background With a B.Tech in Chemical Engineering and an M.Tech in Environmental Science and Engineering, my foundation is built on analyzing intricate processes. This analytical mindset transitioned naturally into the world of FinTech, where I now lead discvrAI in creating seamless digital financial experiences. Academic & Technical Authorship Beyond the boardroom, I am a committed technical author and researcher. My publications and textbooks are currently integrated into the coursework of various engineering colleges, helping shape the next generation of engineers. My tenure as a faculty member at prestigious institutions like HBTI Kanpur and PSIT Kanpur allowed me to bridge the gap between theoretical research and practical application. Core Competencies: Strategic Operations: Scaling discvrAI’s digital footprint and operational efficiency. Product & Tech Roadmap: Aligning technical architecture with user-centric financial products. Technical Writing: Distilling complex engineering concepts into authoritative educational resources. Cross-Disciplinary Leadership: Leveraging a background in Environmental Science to drive sustainable, logic-driven business growth. I am always open to connecting with fellow innovators in the FinTech space, engineering researchers, or academic collaborators. Explore our platform: www.discvr.ai",11/2016,false,https://media.licdn.com/dms/image/v2/D4D03AQE_P5VxvNigPg/profile-displayphoto-scale_100_100/B4DZyQSf7vI8Ag-/0/1771947297326?e=1788998400&v=beta&t=I8BLpVsSrbFX9CXjiM-0y79VGdA_kFrrPiwJCpEaMKA,false,,1848,2026-08-25 00:00:00.000 +0530,,,,,,,,,,,,,,,,,993,
Abhinit Choudhary,Abhinit,Choudhary,https://www.linkedin.com/in/abhinitchoudhary,urn:li:member:65645483,abhinitchoudhary,Bengaluru,Karnataka,India,"Bengaluru, Karnataka, India",Disney+ Hotstar,Director of Product Management,10+yoe_indian,member_urn,External link for Disney+ Hotstar,1348,,Software Development,10288516,http://www.linkedin.com/company/disney-hotstar,"Mumbai, Maharashtra, India","Video on Demand, Live Streaming, Entertainment, Technology, and OTT",http://www.hotstar.com/,,7/2022,false,https://media.licdn.com/dms/image/v2/C4D03AQE-4qpcHnN3Vw/profile-displayphoto-shrink_100_100/profile-displayphoto-shrink_100_100/0/1516834429839?e=1788998400&v=beta&t=jvP1KGgBg7P2Hp24-_XA6X2oMmdHyOSuuWuJM7xdGIQ,false,"I am a seasoned product manager and software developer with a rich experience is both B2B and B2C organizations. I am adept at building customer-focused products, market research, product design and team management As a senior product manager at Ola, I oversee customer engagement products that shape user behaviour and smoothen demand on Ola platform. This, in turn, allows Ola to align supply to meet consistent demand and use a segmented delivery approach to serve our customers a superior experience. I also perform a cross-functional role where I help business team to boost their KPIs. With Media.net I have gained rich Ad-tech industry experience in building products for publishers to drive incremental revenue I have worn multiple hats in my career - product manager, strategist, marketer, programmer and technical content writer. As a result, my professional experience has afforded me with a well-rounded skill set, but my actual experience has taught me that my values boil down to the following: I am a multi-linguist of tech-driven businesses. I speak-geek, product, marketer, analytics and difficult client. Listening and understanding is half job done Ideas do not have values until executed. I am an executioner Failures teach you more than success. I am not afraid to make choices I am the calm one",1244,2026-09-01 21:00:56.853 +0530,,,,,,,,,,,,abhinit_choudhary2015@isb.edu,abhinit.c@media.net,,,,994,
Nitin Shekhar,Nitin,Shekhar,https://www.linkedin.com/in/nitin-shekhar,urn:li:member:1147493733,nitin-shekhar,Hauz Khas,Delhi,India,"Hauz Khas, Delhi, India",Ditto Insurance,Founder's Office Intern,founders,member_urn,Ditto simplifies insurance. You won't be comparing insurance. You'll be understanding it. Made by the people at Finshots,1342,2018,Financial Services,13737904,http://www.linkedin.com/company/ditto-insurance,"Bengaluru, Karnataka, India","Insurance, health insurance, and term insurance",https://ditto.sh/sfaiwv,,7/2026,true,,true,"Quantitative finance enthusiast skilled in developing market-neutral strategies and financial analytics solutions for global markets. Proven track record in engineering and back-testing 100+ alpha strategies using Python, C++, and the WorldQuant BRAIN API. Hands-on with option pricing models (Black-Scholes, Binomial Tree, Heston), real-time data integration, interactive data visualization, and API development. Thrive in fast-paced, collaborative environments—always eager to tackle complex quantitative challenges and drive impactful results. Open to connecting with professionals in various fields. Let’s build together.",1831,2026-08-25 00:00:00.000 +0530,,,,,,,,,,,,,,,,,995,
Ajay Veer Singh,Ajay Veer,Singh,https://www.linkedin.com/in/ajay-veer-singh-5485b5169,urn:li:member:673328072,ajay-veer-singh-5485b5169,Varanasi,Uttar Pradesh,India,"Varanasi, Uttar Pradesh, India",FOCUS Laying Foundation for IIT-JEE,Founder,founders,member_urn,,,,,,,,,,,,false,,false,,3416,2026-08-25 00:00:00.000 +0530,,,,,,,,,,17,28,,,,,,1835,
Harsh Anand Singh,Harsh Anand,Singh,https://www.linkedin.com/in/harsh-anand-singh-66a113210,urn:li:member:896070898,harsh-anand-singh-66a113210,Jaunpur,Uttar Pradesh,India,"Jaunpur, Uttar Pradesh, India",Amazon Web Services (AWS),Software Engineer,founders,member_urn,"Launched in 2006, Amazon Web Services (AWS) began exposing key infrastructure services to businesses in the form of web services -- now widely known as cloud computing. The ultimate benefit of cloud computing, and AWS, is the ability to leverage a new business model and turn capital infrastructure expenses into variable costs. Businesses no longer need to plan and procure servers and other IT resources weeks or months in advance. Using AWS, businesses can take advantage of Amazon's expertise and economies of scale to access resources when their business needs them, delivering results faster and at a lower cost. Today, Amazon Web Services provides a highly reliable, scalable, low-cost infrastructure platform in the cloud that powers hundreds of thousands of businesses in 190 countries around the world. With data center locations in the U.S., Europe, Singapore, and Japan, customers across all industries are taking advantage of our low cost, elastic, open and flexible, secure platform.",148509,2006,IT Services and IT Consulting,2382910,https://www.linkedin.com/company/amazon-web-services,"Duvall, Washington, United States",,http://aws.amazon.com,,10/2025,false,,false,"I am passionate about building scalable software and AI solutions that deliver measurable impact, from cutting search times to powering real‑time analytics. My unwavering commitment to turning data into decisions drives everything I do. In my internship at Dai‑ichi Life, I architected a full‑stack AI pipeline on Azure (RAG + GPT‑4) that slashed document‑search time by 40% and reduced deployment failures by 65%. For my thesis, I trained a U‑Net + ResNet‑50 model to detect Urban Heat Islands, hitting 86% IoU on Landsat‑8 data and delivering a Streamlit dashboard that city planners love. I’ve proven my problem‑solving mettle with top competitive programming ranks (Top 2% in Google Farewell Round, Codeforces Specialist). This competitive spirit and drive, coupled with my experience mentoring 100+ juniors at CODEtronics, make me a strong candidate for global software development, cloud engineering, and AI/ML opportunities. Let’s connect and see how we can innovate together!",3289,2026-08-25 00:00:00.000 +0530,,,,,,,,,,,,,,,,,393,
Dileep More,Dileep,More,https://www.linkedin.com/in/dileepmore,urn:li:member:261496403,dileepmore,Kolhapur,Maharashtra,India,"Kolhapur, Maharashtra, India",Korakari,Founder,founders,member_urn,"Manufacturer and exporter of handmade Leather Products. Leather Sandals- Authentic Kolhapuri Chappals, Leather Bags, Leather Belts, Leather Photo Frames, Leather Wallets. All the products are unique in nature and made in export quality leather.",2,2014,Apparel & Fashion,13596112,http://www.linkedin.com/company/divyam-leather-crafts,"Kolhapur, Maharashtra, India","Export Quality Leather, Unique Products, Handmade, Handcrafted, Kolhapuri Designs",http://www.korakari.com,"Dr. Dileep More is passionately working at the intersection of livelihood generation, women empowerment, and the revival of heritage crafts. Through his entrepreneurial venture, he is manufacturing handmade leather products— kolhapuri chappals that showcase the rich design legacy of traditional Kolhapuri craftsmanship. Beyond design and production, Dr. More plays a key role in strategic business decisions, focusing on expansion, collaborations, and partnerships to scale impact while preserving the cultural essence of the craft.",7/2014,false,,false,"Dr. Dileep More Ph.D. (IIT Bombay) | Ex-Faculty, IIM Calcutta | Founder - Divyam Leather Crafts (KORAKARI) | Bridging Heritage Craft & Global Markets About From the lecture halls of IIT Bombay and IIM Calcutta to the artisan workshops of Kolhapur, my journey is dedicated to solving complex challenges. Today, I am applying my academic rigor in Operations Research to a mission-driven enterprise: preserving India's iconic Kolhapuri chappals and empowering the artisans who make them. At Divyam Leather Crafts and our consumer brand KORAKARI, we have built a sustainable business model that does more than sell products. We are: Reviving a Heritage Craft: We are systematically preserving the legacy of Kolhapuri chappals by integrating modern quality standards and design, ensuring their relevance for the global consumer. Empowering Artisan Communities: We provide sustainable livelihoods, fair wages, and skill development, transforming traditional craftsmanship into a viable and respected career. Building a Scalable Brand: We are positioning KORAKARI as the global benchmark for authentic, high-quality Kolhapuris, leveraging efficient operations and strategic market access. We Are Seeking: I am actively building the next phase of growth and invite conversations with: Impact Investors & Partners who share our vision for scaling social impact alongside commercial success. Strategic Distributors & Retail Partners in domestic and international markets. Mission-Aligned Collaborators to expand our product lines and global footprint. Let's connect to discuss how we can build a sustainable future for heritage crafts, together. Email: dileep.more@korakari.com Contact: (+91) 7558581451 #ArtisanEmpowerment #HeritagePreservation #SocialEnterprise #ImpactInvesting #KolhapuriChappals #MadeInIndia",3222,2026-08-25 00:00:00.000 +0530,,,,,,,,,,17,28,dileep.more@korakari.com,dileep.more@korakari.com,,,,996,
Aniket Singh,Aniket,Singh,https://www.linkedin.com/in/aniket-singh-9a4860190,urn:li:member:754584460,aniket-singh-9a4860190,New Delhi,Delhi,India,"New Delhi, Delhi, India",Auditlo (formerly DocGen),Founder,founders,member_urn,"Auditlo is an intelligent compliance and governance platform that helps organizations streamline audits, manage risks, track regulatory requirements, and maintain continuous compliance. From policy management and employee awareness to vendor assessments, evidence collection, and audit readiness, Auditlo centralizes every aspect of your compliance program into a single, easy-to-use platform. Designed for growing businesses and enterprises alike, Auditlo reduces manual effort, improves visibility, and helps teams stay prepared for certifications such as ISO 27001, SOC 2, HIPAA, GDPR, and more.",5,2024,Software Development,106396010,http://www.linkedin.com/company/docgenai,"Gurugram, Haryana, India",,https://www.auditlo.com/,"At DocGen, We are building a tool that solves one of the most ignored yet painful problems in engineering teams — documentation. Most devs don’t like writing docs. It’s repetitive, time-consuming, and rarely prioritized. But when teams grow, the lack of documentation slows everything down: onboarding, collaboration, and overall team velocity. We created DocGen to fix that. It's an AI-powered tool that reads your codebase and generates smart, contextual documentation automatically — no manual effort required. Our focus areas: Identifying and validating the core problem through deep conversations with developers and engineering leaders. Designing product flows that feel natural to developers and integrate seamlessly into their workflows. Leading product strategy and roadmap to align with real team needs as they scale. Collaborating closely with our tech team to ensure the AI-generated docs are accurate, helpful, and human-readable. Driving early outreach, partnerships, and customer onboarding efforts. We’re helping teams save countless hours, reduce onboarding friction, and build a more resilient engineering culture — one codebase at a time.",1/2025,false,,true,"As a developer, I know firsthand how crucial good documentation is but also how much time it can take away from actual development. In fast-growing teams, documentation often becomes a bottleneck - it's time-consuming, boring, and something that always gets deprioritized. But without it, new hires struggle to get up to speed, and teams lose valuable productivity.That's why I Founded DocGen - an AI-driven tool that automatically generates clean, contextual documentation from your codebase. DocGen is built to help teams move faster and onboard new developers without the burden of manually writing docs.I’m passionate about using technology to solve real-world problems and improve the way development teams work. Whether you’re in a small startup or a growing enterprise, if you’re facing the challenge of scaling your team while keeping documentation up-to-date, I’d love to chat about how DocGen can help.",3223,2026-08-25 00:00:00.000 +0530,,,,,,,,,,17,28,,,,,,997,
Dipak Jha,Dipak,Jha,https://www.linkedin.com/in/dipak-jha-57529917,urn:li:member:57434345,dipak-jha-57529917,Dhanbad,Jharkhand,India,"Dhanbad, Jharkhand, India",Coal India Limited,Chief manager,founders,member_urn,,,,,,,,,,,11/1991,false,,false,"Corporate planning, information processing, Project implementation, time scheduling, profit & loss analysis, budgeting, budget preparation, budget shifting for priority works and profit maximization, priority ranking analysis, priority ranking of project, line and parallel operation of activities. Mining, Management, Engineering, Computer ant IT Responsibilities successfully carried. :Job of underground coal mines ventilation officer, Safety officer, Section Incharge, Pit Incharge, Coal Mine Manager, Open cast mine head of Bhowra north OCP outsourcing with 40 crore per year profit, Planning of large mine, underground and opencast mine planning, manpower planning, technical feasibility report, use of computers and information technology in mines, quality control, safety committee formation, execution and monitoring, accident analysis, mine environment monitoring, water and air analysis report, liasioning with DGMS, ISM, CMRI, CFRI, CIMFR, state government environment department. Land acquisition, estate department handling, liasoning of lease process etc. present responsibility includes safety management,production management,planning and operations management,estimates for project,work procedure,procurement of materials,field trials of safety equipments,purchase management,quality grade maintainance,stock management,inventory management etc. Preparation of mine plan,quality plan, blast plan, monsoon protection plan etc. Monitoring of production and productivity, Planning of day to day operations and manpower, Quality control , Blasting face selection, design of blast.. Controlled blasting for preventing final wall and reducing vibration, Coal Bed Methane Project, 5 Close Window Specialties: M Tech in computers from ISM Dhanbad as sponsored candidate from CIL",3293,2026-08-25 00:00:00.000 +0530,,,,,,,,,,,,,,,,,956,
Mohit Agarwal,Mohit,Agarwal,https://www.linkedin.com/in/mohit-agarwal-a405566,urn:li:member:19275600,mohit-agarwal-a405566,Mumbai,Maharashtra,India,"Mumbai, Maharashtra, India",Volo Health Insurance TPA Pvt Ltd,Chief Mentor,founders,member_urn,"Volo Health Insurance TPA Private Limited (IRDA License No.18) is a dedicated Third Party Administrator (TPA) licensed by the Insurance Regulatory & Development Authority (IRDA) on May 16, 2002. The company provides third party administration in healthcare services, which include designing medical plans, administering healthcare claims and providing managed healthcare services to the Insurance Companies and Corporations.",286,2002,Hospitals and Health Care,10387559,https://in.linkedin.com/company/volo-health-insurance-tpa-pvt-ltd,"Delhi, India",,http://www.volohealthtpa.com,,11/2021,true,,false,"Strategy, Sales, Building & Leading teams. Strongly believes that basic pillars of the business remain the same in any business. successfully built and led businesses in insurance broking, IT and consulting.",3295,2026-08-25 00:00:00.000 +0530,,,,,,,,,,,,,,,,,322,
Shashank,Shashank,,https://www.linkedin.com/in/shashankiimc,urn:li:member:160195415,shashankiimc,Mumbai,Maharashtra,India,"Mumbai, Maharashtra, India",DocPharma,Founder & CEO,founders,member_urn,"DocPharma is a groundbreaking B2B2C healthcare supply chain startup transforming medicines and wellness products reach to consumers. We empower e-pharmacies, insurance providers, D2C brands, hospitals, and healthcare professionals by creating a streamlined supply chain tailored specifically for the healthcare sector. DocPharma is dedicated to reshaping the healthcare supply chain, making it faster, efficient & more accessible to all. Visit our website to know more.",28,,"Transportation, Logistics, Supply Chain and Storage",102696165,http://www.linkedin.com/company/docpharmaindia,"Bengaluru South, Karnataka, India",,www.DocPharma.in,Chief executioner,8/2024,true,,false,"As a seasoned supply chain professional, I have a proven track record of leading teams and driving operational excellence in various industries. With over 10 years of experience, I have successfully managed end-to-end supply chain operations, from planning and execution to performance optimization and capacity management. I have also leveraged my Six Sigma and Lean Six Sigma certifications to implement process improvements and drive innovation. Currently, I am the Founder and CEO of DocPharma, where I apply my expertise in supply chain management to deliver high-quality pharmaceutical products to customers. Prior to this, I was an Associate Director at Flipkart and Shadowfax, where I oversaw the planning and execution of scale up, performance optimization, and capacity management for 1000+ last mile stations. I am passionate about creating value for businesses and customers through efficient and innovative supply chain solutions.",2981,2026-08-25 00:00:00.000 +0530,,,,,,,,,,17,28,,,,,,998,
Sagar Chauhan,Sagar,Chauhan,https://www.linkedin.com/in/sagar-chauhan-81b15a17,urn:li:member:57104663,sagar-chauhan-81b15a17,Gurgaon,Haryana,India,"Gurgaon, Haryana, India",DocPharma,Co-Founder and CPTO,founders,member_urn,"DocPharma is a groundbreaking B2B2C healthcare supply chain startup transforming medicines and wellness products reach to consumers. We empower e-pharmacies, insurance providers, D2C brands, hospitals, and healthcare professionals by creating a streamlined supply chain tailored specifically for the healthcare sector. DocPharma is dedicated to reshaping the healthcare supply chain, making it faster, efficient & more accessible to all. Visit our website to know more.",28,,"Transportation, Logistics, Supply Chain and Storage",102696165,http://www.linkedin.com/company/docpharmaindia,"Bengaluru South, Karnataka, India",,www.DocPharma.in,,3/2025,false,,false,"Sagar has a proven track record in the technology-driven services industry, specializing in launching innovative products from the ground up. Proficient in leadership, team building, engineering management, and technical architecture. Enthusiastic about transforming ideas into successful consumer and enterprise products.",3431,2026-08-25 00:00:00.000 +0530,,,,,,,,,,17,28,,,,,,998,
Kumar Ankit,Kumar,Ankit,https://www.linkedin.com/in/kumar-ankit-19217262,urn:li:member:221360510,kumar-ankit-19217262,Jharkhand,,India,"Jharkhand, India","DRDO, Ministry of Defence, Govt. of India",Scientist,6-10yoe_global_indian,member_urn,,2877,,Government Administration,30205475,http://www.linkedin.com/company/drdo-ministry-of-defence-govt-of-india,,,,,10/2020,false,https://media.licdn.com/dms/image/v2/C5603AQGiKjXmfxcMDg/profile-displayphoto-shrink_100_100/profile-displayphoto-shrink_100_100/0/1610801457359?e=1788998400&v=beta&t=Ei1MBt1G69xpTus5tWrS4PrH63NYSh8vPZXqa1USaSA,false,To be a part of organization where I can work in a team leading to the growth of the organization as well as enhance my knowledge.,43,2026-08-25 00:00:00.000 +0530,,,,,,,,,,,,,,,,,1001,
Kowshik Bokka,Kowshik,Bokka,https://www.linkedin.com/in/kowshikbokka,urn:li:member:525607642,kowshikbokka,Mumbai,Maharashtra,India,"Mumbai, Maharashtra, India",Drip Capital,Lead - Capital Markets,founders,member_urn,"Drip Capital is a financial technology company building modern infrastructure to make trade finance and B2B commerce easy and accessible for small businesses worldwide. Its AI native, predictive underwriting, and processing engine streamlines credit assessment and automates end-to-end transaction workflows. To date, Drip has facilitated more than $9 billion in cross-border trade for 11,000 businesses across 100+ countries. Working to close the $2.5 trillion global trade finance gap, Drip enables small and midsize businesses to trade with confidence across borders. The company has built a strong partner ecosystem—including leading capital providers such as Barclays, TD Bank, and the IFC, as well as logistics firms, insurance brokers, and B2B invoicing platforms — to expand distribution and impact. Drip is backed by global investors including Accel, Sequoia, Wing VC, Sumitomo Mitsui Banking Corporation, GMO Payments, TD Bank and Y Combinator.",409,2016,Financial Services,3879703,http://www.linkedin.com/company/dripcapital,"Palo Alto, California, United States","Invoice Factoring, Post Shipment Finance, Export Bill Discounting, Invoice Discounting, Working Capital Loan, business credit lines, Working Capital Solutions, Payable Financing, Receivable Financing, and Cash flow management",https://www.dripcapital.com,"Lead multiple ABS deals with Institutional investors (include US Banks, DFIs, European Banks) for private debt for a value of >$100M. Raised >$150M debt from multiple Family Offices,Wealth Mangers, HNIs through private debt instruments on/off Balance Sheet.",10/2023,false,,false,"At the Drip Capital's Capital Markets division, my role revolves around leading ABS deals, manging post closing and optimizing treasury operations. My academic foundation from the Indian Institute of Technology (Indian School of Mines) in Electrical and Electronics Engineering complements my strategic approach to managing a substantial portfolio and fostering strong investor relations. Our team has achieved significant milestones, including raising over $150M through private debt instruments and pioneering impact investments. With a focus on data analytics and machine learning, we've driven cost savings and efficiencies that resonate across the company. I am committed to pushing the boundaries of financial innovation and contributing to our collective success.",2271,2026-08-25 00:00:00.000 +0530,,,,,,,,,,,,,,,,,1003,
Saumya Pandey,Saumya,Pandey,https://www.linkedin.com/in/saumyapandey94,urn:li:member:311942040,saumyapandey94,,,India,India,Dr. Reddy's and Nestlé Health Science Limited,Chief of Staff,6-10yoe_global_indian,member_urn,,,,Pharmaceutical Manufacturing,104580656,http://www.linkedin.com/company/dr-reddy-s-and-nestl%c3%a9-health-science-limited,"Hyderabad, Telangana, India",,,,6/2026,false,https://media.licdn.com/dms/image/v2/D4D03AQH6KyaN2lwtRQ/profile-displayphoto-scale_200_200/B4DZnryzi_GwAc-/0/1760597588789?e=1788998400&v=beta&t=1JL2tIOvQrK81WFmk7amUaVQJLC4CFJWiUfKcH9mGsE,true,"Strong foundations in Mathematics and Computer Science from IIT and MBA from ISB underpin my expertise in strategy and digital solutions. Proven experience in end-to-end product management and strategic consulting, driving critical initiatives from vision to execution. Highly skilled in interpreting complex data for business solutions and orchestrating high-stakes cross-functional collaboration across diverse stakeholder groups.",255,2026-09-01 21:00:56.853 +0530,,,,,,,,,,,,saumya@ismdhanbad.ac.in,saumya@ismdhanbad.ac.in,,,,1004,
Batuk AT,Batuk,AT,https://www.linkedin.com/in/dbatuk,urn:li:member:1607831717,dbatuk,Navi Mumbai,Maharashtra,India,"Navi Mumbai, Maharashtra, India",DUST-A-SIDE HINCOL LTD,Product Manager,founders,member_urn,"’ , Welcome to -- , one of the world’s most successful suppliers of dust control solutions and dust suppression products. We also are industry leaders in the fields of road management for heavy haul roads and erosion control solutions. Our extensive range of proven products and services is designed to make workplaces safer and healthier for workers, more productive and efficient for our clients, more cost-effective and more environmentally sustainable. Operating globally for over four decades, we are currently based at more than 70 sites across five continents – Australia, Africa, North America, South America and Asia – offering our incomparable services to a wide range of industries, from mining and gas to ports and rail.",9,,Mining,107134557,http://www.linkedin.com/company/dust-a-side-hincol-ltd,,Dust Supression and Haul Road Management,https://dustasidehincol.in/,,8/2025,false,,false,"Sustainable (scalable, efficient, and eco-friendly) dust management systems, better air quality and safer workspaces.",2619,2026-08-25 00:00:00.000 +0530,,,,,,,,,,,,,,,,,1006,
"Bikram Mishra (People, Culture, Transformation)",Bikram Mishra,"(People, Culture, Transformation)",https://www.linkedin.com/in/bikrammishra,urn:li:member:7095444,bikrammishra,Chennai,Tamil Nadu,India,"Chennai, Tamil Nadu, India",Dvara KGFS,Chief Human Resources Officer,10+yoe_indian,member_urn,"Dvara Kshetriya Gramin Financial Services Private Limited (Dvara KGFS) is a leading non-banking financial company (NBFC) that operates in remote rural areas of India. Established in 2008, the company focuses on providing financial services to low-income households and small businesses. Dvara KGFS offers a range of financial products, including savings, credit, insurance, and investment services, and uses a customer-centric approach to serve the needs of its customers. The company has a presence in 10 states of India, with 390 branches and a workforce of over 2,800 employees. Dvara KGFS is committed to creating sustainable livelihoods and contributing to the socio-economic development of rural India.",1002,2011,Financial Services,6235296,http://www.linkedin.com/company/dvarakgfs,"Chennai, Tamil Nadu, India",,http://dvarakgfs.com,"Dvara KGFS uses a customer-centric, technology-enabled business strategy to provide products and services through a distinctive “Wealth Management” approach. A financial well-being report, which serves as a tool to assess the suitability of a customer’s chosen product, is created by gathering information on a household’s assets, liabilities, income, expenses, and financial goals. Key partner to the C-suite team to drive long term strategic planning, organisational development and creating future ready workplace. # Building an enabling and sustainable sales culture # Partnering with business to achieve growth plans # People Initiatives",1/2025,true,https://media.licdn.com/dms/image/v2/D5603AQHAEhChZCAR3A/profile-displayphoto-shrink_100_100/B56ZXNC5iTGQAU-/0/1742901845161?e=1788998400&v=beta&t=ullUEmGgRTeI6Y-2eYRgeVA6CTkvCVZ3N4BwsP-kZfo,false,"As a Chief Human Resource Officer with over 27+ years of experience in human resources and organizational development, I am deeply committed to cultivating workplace cultures that thrive on empathy, diversity, and continuous growth. My journey has taken me through various industries, where I've championed initiatives that align people strategies with business goals. I specialize in transforming HR functions into strategic partners within the business, ensuring that talent management, leadership development, and employee engagement are at the heart of every decision. My approach is people-first: I believe in empowering employees to unlock their full potential, which in turn drives organizational success. In my current role, I've implemented programs that have significantly improved employee retention rates and have been instrumental in our company being recognized as a 'Great Place to Work.' I am hands-on in driving change, from revamping performance management systems to fostering inclusive environments where every voice is heard. I am a lifelong learner of “being human” and advocate for professional development, actively participating in HR think tanks and leading workshops on the future of work. My passion lies in mentoring HR professionals and building teams that are resilient, adaptable, and aligned with the evolving needs of the business and its people. I hold an MBA in HR from VGSOM, IIT, Kharagpur, and a master's degree in M. Sc. Tech from IIT (ISM), Dhanbad. I am a certified Leadership Assessor and PMP Trainer, among other certifications.",1197,2026-09-01 21:00:56.853 +0530,,,,,,,,,,,,mishrabikram25@rediffmail.com,,,,,1007,
Deepak Chauhan,Deepak,Chauhan,https://www.linkedin.com/in/deepak-chauhan-68255524,urn:li:member:84964994,deepak-chauhan-68255524,Ahmedabad,Gujarat,India,"Ahmedabad, Gujarat, India",DyuLabs,Co-Founder,founders,member_urn,"Dyulabs is a technology-driven company delivering wireless IoT automation and monitoring solutions for solar energy, agriculture, smart infrastructure, and industrial applications. The company specializes in RF-based, low-dependency connectivity systems designed to perform reliably in remote and off-grid environments. Dyulabs focuses on simplifying operations, improving energy efficiency, and enabling sustainable resource management. A flagship solution from Dyulabs is aALoK, a wireless solar monitoring system that provides real-time insights into solar plant performance. Using long-range RF communication, aALoK eliminates the need for underground cabling and continuous internet connectivity. It offers instant alerts, proactive fault detection, and SCADA integration, allowing centralized monitoring, performance analytics, and optimized energy generation with easy deployment and low maintenance. Dyulabs’ product portfolio also includes Varun, a wireless water pump automation system for smart irrigation; Vayu, an intelligent lighting automation solution that reduces energy consumption in commercial spaces; SoilSense Pro, a soil moisture sensor supporting precision farming; and ASTI, a smart automation solution for residential and commercial spaces enabling seamless appliance control while enhancing convenience and energy efficiency. Our aim is to innovate for user experience while taking a step towards achieving the ""Net Zero"" target.",40,2020,"Technology, Information and Internet",88390075,http://www.linkedin.com/company/dyulabs,"Ahmedabad, Gujarat, India","RF, IoT, Automation, Efficiency , Sensors, Agriculture, Light Automation, Mining Automation, Solar Automation, SCADA, Solar Energy System, Solar Monitoring Solutions, Solar Energy, and Solar Monitoring",https://www.dyulabs.com/,"As Co-Founder at Dyulabs, I oversee operations, business growth, and strategic collaborations. I help transform real world industrial and consumer problems into reliable technology solutions that reduce carbon emissions, save electricity, and bring India closer to its Net Zero target.",3/2025,false,,false,"At Dyulabs, we build technology that solves real, on ground problems across solar energy, agriculture, and industrial safety. My primary focus is on developing Solar RMS and SCADA solutions that enable solar developers, EPCs, and asset owners to monitor performance, improve uptime, enhance safety, and make data-driven operational decisions. Beyond solar, Dyulabs is actively building solutions in other critical sectors: AgriTech – Varun: Smart pump controllers and farm automation solutions designed to optimize water usage, improve operational efficiency, and bring reliable automation to agricultural and rural environments. Mining Safety & Automation: Underground mining data and safety monitoring systems that provide real-time visibility, reduce operational risks, and enhance worker safety in challenging mining conditions. Across all verticals, our approach remains consistent—developing practical, scalable, and field-ready technology that improves efficiency, reduces risk, and delivers measurable impact. At Dyulabs, we focus on building products that are: * Human centric * Sustainable * Data driven Focused on safety, automation, and efficiency Our goal is to create technology that not only addresses today’s challenges in solar, agriculture, and mining, but also empowers industries and communities for the future through reliable automation and intelligent monitoring. If you share an interest in Solar RMS & SCADA, IoT, agri automation, mining safety, or industrial innovation, I’d be happy to connect.",3422,2026-08-25 00:00:00.000 +0530,,,,,,,,,,17,28,,,,,,1008,
ASHUTOSH RAMTEKE,ASHUTOSH,RAMTEKE,https://www.linkedin.com/in/ashutosh-ramteke-594b1381,urn:li:member:292404352,ashutosh-ramteke-594b1381,Delhi,,India,"Delhi, India",Revenue Department MP Govt,Naib Tehsildar & Executive Magistrate,founders,member_urn,,,,,,,,,,,6/2023,false,,false,"A leader and manager who wants to do something for the youth, society, India & entire World. I am an aspiring entrepreneur and a strong leader with a desire to work with business and institutions to help lower their overall energy costs in ways that will improve their financial performance.I am very passionate about social work as working in KARTVYA (a NGO,free education for all.I am exploring the skills of TEAM MANAGEMENT and PLANNING concerning environment and business. I'm a passionate,determined,self motivated, skilled,honest,football loving personality. From beginning,I have cracked JNV entrance exam(Jawahar Navodaya Vidyalaya) in class 5th and studied till 12th with high class faculties where students develops their personality in all manner,not only in studies as well as CCA(co-curricular actiities) and sports. I've cracked IIT JEE and studying in ASIA's most Reputed Earth Science University ""IIT Dhanbad"". My positive thinking attitude and motivation has always helped me keep moving together distinguishing me from mass of people. I'm very prompt in grasping new concepts which I consider is the biggest asset in becoming a successful engineer. I believe my aptitude and enthusiasm will help me successfully face the challenge.Lastly I commit myself for dedicated hard work to develop skills and acquire knowledge to make a meaningful contribution to the industry with strong emphasis on collaboration and team work. I strongly believe in ::: be EDUCATED, be UNITED and do STRUGGLE",3310,2026-08-25 00:00:00.000 +0530,,,,,,,,,,,,,,,,,2366,
Arun Kumar,Arun,Kumar,https://www.linkedin.com/in/arun-kumar-27441a27,urn:li:member:93599224,arun-kumar-27441a27,,,Greater Delhi Area,Greater Delhi Area,Amazon,SDE-2,founders,member_urn,,760446,,Software Development,1586,https://www.linkedin.com/company/amazon,,,,,3/2017,false,,false,"I am currently working as Senior Software Engineer at Aristocrat Technologies.Aristocrat is a casino gaming solution provider with headquarter in Sydney,Australia.",3317,2026-08-25 00:00:00.000 +0530,,,,,,,,,,,,,,,,,392,
Arya Datta,Arya,Datta,https://www.linkedin.com/in/arya-datta,urn:li:member:567693392,arya-datta,,,Greater Kolkata Area,Greater Kolkata Area,Eastern Kings Co.,Director,founders,member_urn,"An elite house of brands, where legacy and refinement reign supreme. We craft distinguished marques that enrich daily life with elegance, intent, and splendour. We uphold a noble standard in every endeavor and are committed to elevating everyday living.",3,2025,Personal Care Product Manufacturing,107058561,http://www.linkedin.com/company/eastern-kings-co,Greater Kolkata Area,,,Everything :),12/2024,false,,false,"Arya is an entrepreneur and a strategic business professional driving growth and innovation within startups, leveraging data-driven insights & AI to craft impactful strategies and optimizing operational performance. Arya's expertise lies in scaling businesses from 0 to 1, managing dynamic business verticals, and driving growth. In his role at Testbook.com, Arya successfully led the Instore Business Vertical, crafting data-driven strategies and executing a comprehensive go-to-market plan that propelled the channel from conception to profitability. His contribution got him Star Performer of the Quarter for Q3. Following this, Arya became the Business Growth and Strategy Manager at 5paisa. He drove strategic initiatives, growth, and client acquisition for the Refer & Earn channel. During his IIT days, he was the president of Entrepreneurship Cell, improving the entrepreneurial culture of the college and providing a platform for budding entrepreneurs. He also co-founded a B2B digital marketing startup during COVID. Currently, Arya is working on his new venture, in the D2C space.",3231,2026-08-25 00:00:00.000 +0530,,,,,,,,,,17,28,,,,,,1009,
ANKIT RATHORE,ANKIT,RATHORE,https://www.linkedin.com/in/ankit-rathore-10920416a,urn:li:member:675337113,ankit-rathore-10920416a,Lucknow,Uttar Pradesh,India,"Lucknow, Uttar Pradesh, India",PW (PhysicsWallah) Vidyapeeth,JEE ADVANCED MATHEMATICS FACULTY,founders,member_urn,,,,,,,,,,,4/2026,false,,false,"Co-Founder at Alpha Class (Silver Bells Public School), Completed my post graduation from IIT ISM Dhanbad.",3318,2026-08-25 00:00:00.000 +0530,,,,,,,,,,,,,,,,,2329,
Varun Ravula,Varun,Ravula,https://www.linkedin.com/in/varun-ravula-7170891a,urn:li:member:65874115,varun-ravula-7170891a,Bengaluru,Karnataka,India,"Bengaluru, Karnataka, India",EasyReplenish,Co-founder and Chief Product Officer,founders,member_urn,Maximise Profits with Data-Backed Inventory for Apparel/fashion brands Why EasyReplenish Minimise your stock-outs and excess stock Achieve 30% higher inventory sell-through Single source of truth for business and production planning teams,3,2022,Software Development,88044867,http://www.linkedin.com/company/easyreplenish,"Delhi Cantonment, Delhi, India",,https://www.easyreplenish.com,,10/2023,false,,false,"Cutting losses due to inventory stockouts and Overstocking for Omnichannel brands. What are we solving? 1. Ensuring 95% availability of Bestsellers. 2. Reduce the total inventory to be stocked at the warehouse by accurate sales trend analytics and forecasting. Experience - Inventory Planning Expert at Udaan, a B2B e-commerce company. Instrumental in inventory replenishment planning, product managed internal tools related to supply chain.",1398,2026-08-25 00:00:00.000 +0530,,,,,,,,918019891109,,17,28,,,,,,1010,
Dr. Binay Prakash Pandey,Dr. Binay Prakash,Pandey,https://www.linkedin.com/in/dr-binay-prakash-pandey-026629188,urn:li:member:742074078,dr-binay-prakash-pandey-026629188,Bengaluru,Karnataka,India,"Bengaluru, Karnataka, India",Ecomen Laboratories Pvt. Ltd.,Chief Executive Officer,founders,member_urn,"Ecomen Laboratories has over 27 years of experience in providing environmental consultancy services and is accredited by the Quality Council of India – National Accreditation Board for Education and Training (QCI – NABET). We carry out Environment Monitoring and EIA studies and assist in obtaining environmental clearances across various industrial sectors such as Mining, Thermal Plant, Cement, Building & Construction, Coal Washeries, Mineral Beneficiation and Asbestos Milling. Ecomen has a full-fledged Multilab, accredited by NABL under 1SO 17025, Department of Science & Technology, Government of India. We are also recognized, certified and accredited by the Ministry of Environment, Forest & Climate Change (MoEFCC), QMS (ISO 2001:2012), OHSAS (ISO 18001:2007) and the Uttar Pradesh Pollution Control Board. We have also been empaneled as Laboratory Services & Environment Consultancy with Odisha State Pollution Control Board. We are a team of highly talented professionals, who work in sync with clients to ensure that the defined assessment, survey or reporting is executed with a high level of efficiency. Our proficient team consists of Environmentalists, Functional Area Experts & Specialists, Policy makers, Geologists, Chemists, Engineers, Industrial hygienists, Technicians, Research Associates, Sociologists and others with expertise in various key areas including Mines, Environment, Social, Public Health & Sanitation, Forestry, Management. Ecomen has a proven successful track record of working with industry & institutions in executing multi-faceted projects funded by organizations such as the World Bank and the MoEFCC, amongst others. Ecomen Laboratories has received many awards including the EXCELLENCE AWARD by Institute of Economics Studies (IES), New Delhi and ‘CERTIFICATE OF EXCELLENCE’ by the World Bank.",78,,Environmental Services,68882345,http://www.linkedin.com/company/ecomen-mining,"Lucknow, Uttar Pradesh, India","Preparation of Mining Plans, Preparation of EIA & EMP Reports, Technical Assistance in Identification of Mineral Blocks, NoC/ Consent from Pollution Control Boards, Environmental Clearances from MoEFCC, Environmental Monitoring, Baseline Data Generation on Environmental Parameters & Analysis, Soil Monitoring, Plan for Reclamation, Afforestation & Land Restoration , Ground Water Survey, Water Balance Assessment & Geo-Hydrological Study , Water Management, Solid Waste Management, Rural Socio-Economic Survey, Designing & Installation of Pollution Control System, Thematic Mapping using Remote Sensing, GIS & GPS, Environmental Audit, Risk Assessment & Disaster Management Plan , and Preparing Land Use/Land Cover Maps using Digital Image Processing",http://www.ecomen.in/index.htm,,9/2020,false,,false,"With a demonstrated ability to organize, motivate and lead successful teams of mining engineers, geologists and environmental engineers, and liaising with state and central governmental officials, I aim to leverage my experience of over 27 years in the mining and metals industry to promote economically and environmentally sustainable mining practices.",3287,2026-08-25 00:00:00.000 +0530,,,,,,,,,,,,,,,,,1012,
"Apoorva Bajaj, CFA",Apoorva,"Bajaj, CFA",https://www.linkedin.com/in/apoorva-bajaj-iit-iim-cfa-edubuk,urn:li:member:752844952,apoorva-bajaj-iit-iim-cfa-edubuk,,,India,India,Edubuk,Co-Founder & CEO,founders,member_urn,"Edubuk is building the Neo-Ed Ecosystem — an AI + Blockchain powered education-to-employment infrastructure designed to create trusted credentials, future-ready skills, and transparent career opportunities at a global scale. The ecosystem connects students, universities, employers, training institutes, and governments through verifiable digital identities and intelligent career pathways. At the core of the ecosystem is TruCV, Edubuk’s flagship innovation that enables 100% verifiable and tamper-proof CVs recorded on the blockchain. Through integrations with DigiLocker and decentralized credential frameworks, users maintain ownership of their certificates, achievements, and professional records while enabling instant verification for employers and institutions worldwide. The ecosystem also includes CETA (Certified Emerging Technologies Analyst), Edubuk’s no-code skilling and assessment platform focused on AI, Blockchain, Data Analytics, Generative AI, and future technologies. CETA empowers students and professionals with industry-relevant practical skills while enabling institutions to deliver scalable future-tech education aligned with global workforce demands. TruJobs acts as the intelligent employment layer of the ecosystem, using AI-driven matching to connect verified talent with recruiters and enterprises. By combining trusted blockchain credentials with AI-powered profiling, TruJobs reduces hiring fraud, improves employability, and enables faster, more reliable recruitment decisions for organizations globally. Powering the ecosystem is the EBUK Token, designed to enable incentives, rewards, credential validation utilities, learning engagement, and ecosystem participation. EBUK Tokens support a sustainable digital economy where learners, educators, institutions, and employers can interact within a transparent and trusted Web3-enabled ecosystem. Neo-Ed Ecosystem represents Edubuk’s vision of transforming global education & employment through AI & Blockchain.",16,2019,Education,82553446,http://www.linkedin.com/company/edubuk-ai-web3,,,https://www.edubuk.com/,"Edubuk has created a Decentralized Application to Digitally Record & Verify Educational and Work-Experience Certificates on the Blockchain making it significantly cheaper and faster for Universities and Employers to conduct background verification process of Students and Employees. This d-App will serve the purpose of recording the certificates on the blockchain as NFTs and storing their metadata (who is it issued to, who is it issued by and what is the certificate about (public information can be displayed and private information can be hashed, shown only to requested and pre-approved parties: like employers and educational institutions). Those seeking admission to educational institutions or applying for jobs only need to share their Edubuk Profile Link, and their academic records and Professional records can be authenticated in seconds and transparently on the Blockchain. This will allow the institution/the university offering admission/scholarship, or the company offering job or internship to decide quickly and do away with background screening as it will be done instantly on the chain. Thereby this process will save lot of time and money that goes into just verifying the candidates and their credentials either for higher education decision or during hiring process. Hence, this has the potential and will make the process significantly faster and cheaper while being done transparently on the Blockchain. Training Emerging Technologies including AI, Blockchain, Data Analytics, Data Visualization, Cybersecurity, Cloud Computing, IoT, IoB, Robotics and Drones. We have created globally award winning products (recognized and awarded from MIT, Harvard, IIT, IIM, G20 Global Winner, The Dubai Expo, among others. Products received grants from Polygon Blockchain DAO and from Concordium Blockchain).",1/2023,false,,false,"As a Co-Founder & CEO of Edubuk, I am passionate about driving innovation at the intersection of Technology (AI, Gen AI, Blockchain, Data Analytics), Finance, and Education. At Edubuk, my team and I are transforming the academic and professional credentials verification landscape by leveraging cutting-edge technologies like AI and blockchain. Our products, such as eSeal and CETA (Certified Emerging Technologies Analyst), are designed to revolutionize how credentials are verified and how emerging technologies are taught. This journey has led us to secure significant pre-seed funding, global recognition from G20 Conference, MIT, Harvard, CNBC, CNN, Forbes, Dubai Expo, Layer 1 Blockchains and partnerships with leading academic institutions and corporations, globally. Before founding Edubuk, I had the privilege of working at some of the world’s leading financial institutions, including Goldman Sachs, JP Morgan, and DE Shaw. These experiences allowed me to develop deep expertise in financial analysis, strategic planning, and the valuation of public and private companies. As a Lead Investment Analyst at hedge funds, I created comprehensive financial models for equity and bond investments across sectors like Oil & Gas, Aerospace, Industrials, Mining & Steel. A topper and Gold Medallist in my MBA course from IIM Kozhikode, I have excelled as Summa-Cum-Laude throughout my academic career. I was also the Branch Topper in my B.Tech program at IIT (ISM) Dhanbad. Additionally, I am a CFA Charterholder, having cleared all three levels on the first attempt, which has equipped me with a strong foundation in finance. I am also a sought-after trainer in Emerging Technologies like AI, Blockchain, and Data Analytics. I have had the privilege of teaching college students to corporate employees and CXOs across colleges and companies in India, APAC, and the Middle East. My educational journey includes completing professional certifications in Data Science & AI by IBM, Data Analytics and Generative AI by Google, and Advanced Business Analytics by ISB, Hyderabad. I have also been trained by a Microsoft Certified Trainer in Advanced Excel, Power BI, among other tools. My role as Practice Head, Financial Markets at GlobalData involved pioneering quant-based products using Machine Learning Algorithms, such as the Startup Scorecard and Thematic Scorecard, which ranked over 10,000 companies and earned multiple awards. My mission is to continue pushing the boundaries of what’s possible in education and technology, creating solutions that have a lasting impact on the world.",3351,2026-08-25 00:00:00.000 +0530,,,,,,,,,,17,28,,,,,,1013,
Shumant Bhattacharya,Shumant,Bhattacharya,https://www.linkedin.com/in/shumant-bhattacharya-a343a446,urn:li:member:162205384,shumant-bhattacharya-a343a446,Pune District,Maharashtra,India,"Pune District, Maharashtra, India",Electronica Finance Limited,Vice President & National Head- Products & OEM Alliance,10+yoe_indian,member_urn,External link for Electronica Finance Limited,1744,1990,Financial Services,4808161,http://www.linkedin.com/company/electronica-finance-ltd,"Pune Division, Maharashtra, India","Machine Loan, MSME Loan, Business Loan, Rooftop Solar Loan, Loan Against Property , Institutional Lending, Working Capital Demand Loan, Micro LAP, Two Wheeler Loan, Commercial Rooftop Solar Loan, and Residential Rooftop Solar Loan",https://www.electronicafinance.com/,,6/2026,false,https://media.licdn.com/dms/image/v2/D4D03AQFGXo3aguhvpw/profile-displayphoto-shrink_100_100/profile-displayphoto-shrink_100_100/0/1698251408806?e=1788998400&v=beta&t=iOK9CIDj_w1H3IkB0rR8SNbNir-DrzBGSoT_kl8ZwBw,false,Looking forward to a Long Term Career Opportunity in Finance/Supply Chain & Operations Management.,981,2026-08-25 00:00:00.000 +0530,,,,,,,,,,,,,,,,,1015,
Mayand Raj,Mayand,Raj,https://www.linkedin.com/in/mayandnotmayank,urn:li:member:1113130465,mayandnotmayank,Gurugram,Haryana,India,"Gurugram, Haryana, India",ElhiTech,Founder's Office,founders,member_urn,"We are a technology company building intelligent infrastructure solutions for modern workplaces, hospitality venues, healthcare facilities, educational campuses, and commercial environments. Our solutions help organizations improve operational efficiency, automate workflows, enhance user experiences, and optimize physical spaces through a combination of software, e-paper technology, digital signage, and IoT automation. Our product ecosystem includes: truRooms EMMS - Enterprise Meeting Management System for meeting room scheduling, room booking, occupancy intelligence, hot desking, wayfinding, and workplace automation. ContentAI - Smart content management platform for digital signage, kiosks, event displays, banquet scheduling, and automated content generation. truInk E-Paper - Wireless e-paper displays and signage solutions for workplaces, retail, healthcare, hospitality, and industrial environments. truIoT - Automation devices and sensors that enable occupancy detection, workflow automation, monitoring, and intelligent infrastructure management. Built in India and trusted across industries, our solutions are designed to be scalable, customizable, and easy to deploy while delivering measurable business outcomes. At ElhiTech, we believe physical spaces should be as intelligent and responsive as the people who use them.",6,2023,Software Development,79291087,http://www.linkedin.com/company/elhitech,"Delhi, India","Smart Workplace Solutions, Meeting Room Scheduling, Enterprise Meeting Management Systems, E-Paper Signage, Digital Signage, Content Management Systems, Workspace Automation, Occupancy Intelligence, Smart Building Solutions, IoT Devices, Hot Desking Solutions, Room Booking Systems, Hospitality Technology, Healthcare Signage, Workplace Analytics, Enterprise Software, Kiosk Solutions, and Wayfinding Systems",https://www.elhitech.com,,5/2026,false,,true,"I’m a graduate from IIT Dhanbad, currently working at the intersection of smart workplaces, enterprise automation, and E-Paper infrastructure at ElhiTech.At ElhiTech, I work on scaling intelligent workspace solutions, occupancy intelligence, and smart signage solutions across enterprise, hospitality, healthcare, and retail spaces. Previously, through internships and independent projects, I worked on growth funnels, KPI dashboards, experimentation frameworks, and product case studies across domains like navigation, quick commerce, and consumer analytics.I naturally gravitate toward the intersection of product thinking, business strategy, and execution - spanning GTM strategy, user research, analytics, enterprise solutions, automation workflows, and scalable product ecosystems.Beyond work, I’ve led 60+ members as a cultural coordinator, headed sponsorships for large-scale college fests, and managed NGO initiatives - experiences that strengthened my leadership, communication, and execution abilities under pressure.I’m deeply curious about building scalable, technology-driven systems that improve how people interact with spaces, products, and experiences.",3029,2026-08-25 00:00:00.000 +0530,,,,,,,,,,,,,,,,,1016,
Lalit Singh Patel,Lalit Singh,Patel,https://www.linkedin.com/in/lalit-singh-patel,urn:li:member:196916804,lalit-singh-patel,Bengaluru,Karnataka,India,"Bengaluru, Karnataka, India",Product Led Content,Product Led Content Strategist,founders,member_urn,"We're a small B2B SaaS content marketing boutique agency. We only work with a handful of clients when we can contribute to their growth through content. We're a mutual fit if: ✔ You're seed/series A stage startups, and ✔ You're looking for a long term marketing partner, and ✔ You believe content marketing can fuel your growth and you're ready to invest long term in content marketing ✔ You've validated your product & positioning by acquiring the initial few 100s of customers We're not a good fit if you: ❌ are looking for someone for a one-time project ❌ don't have any customer ❌ want to test content marketing as a channel ❌ are looking for quick fixes to your growth problem ❌ are looking for content writers (refer to my this post for the difference b/w content writers and content marketers: https://www.linkedin.com/posts/activity-6757961067877548032-oR7K) Treat us as an extension of your marketing team, rather than a third-party vendor. We focus on our clients' success rather than our revenue growth.",5,2021,Advertising Services,74343748,https://in.linkedin.com/company/product-led-content,"Bengaluru, Karnataka, India",Content Marketing and B2B SaaS,https://productledcontent.com/,"You've acquired a few customers via referral and word of mouth. But now you're struggling to take it to the next stage. We'll help you with a constant flow of highly qualified leads who are ready to buy. We provide done-for-you content marketing services for B2B SaaS startups. The blog is at the core of what we do. Our content marketing processes: Content Strategy: Since our goal is to generate revenue, we prioritize the ""in-market audience"" for marketing. If you are hearing this term (in-the-market audience) for the first time, just understand that these are prospects that don't need to convince a lot to sell your product. Topics Ideation: We come up with content ideas after doing in-depth consumer and market research. Unlike other marketers, we don't just rely on keyword volume and difficulty. ✏️ Content Creation: We believe content should be either helpful or interesting to the target audience. - Content that is interesting creates an audience always eager to hear from you. We create these thought leadership articles based on what unique insights you have about your space. To do this, we would require interviews with somebody on your team having deep industry and product knowledge. - Useful content helps your target audience solve their problems. While writing such content pieces, we get ample opportunities to demo your product. Ultimately, a lot of prospects end by signing for the product/fill-up the lead form. Distribution: We just don't post on social media and call it promotion. For short-term promotion, we use all the ways a content piece can be promoted, such as Quora, Reddit, content syndication, and other groups and communities your target audience hangs. For long-term promotion, we rely on SEO. SEO gives consistent and compounded results, but it takes a few months for the content pieces to rank.",1/2021,false,,false,"Most B2B SaaS companies have the same problem: blogs that get thousands of visitors but generate zero pipeline. I fix that. The Problem I Solve -------------------- You've published 100+ blog posts. Traffic is up. Rankings are solid. But when you filter your CRM by ""source: blog,"" or when you look into Google Analytics, you see no conversions. Your content is doing half the job: getting attention. But it's not doing the part that matters: converting readers into customers. The result? You're stuck with: ----------------------------- 20,000+ monthly visitors converting at under 0.5% A few leads that never progress past MQL status Pressure to prove ROI on your content investment If this sounds familiar, you're dealing with what I call High Traffic, No Revenue (HTNR). How I Help ----------- I specialize in Product-Led Content Strategy, a methodology that transforms awareness content into revenue-generating assets. Instead of writing ""helpful"" blog posts that end with a generic CTA, I help you: 1. Weave your product into content contextually. Every post becomes a soft demonstration of how your product solves the exact problem the reader is researching. 2. Target MOFU and BOFU, not just TOFU. Most SaaS content targets top-of-funnel keywords. I focus on the mid and bottom-funnel content that actually moves prospects toward a purchase decision. 3. Get recommended by AI tools like ChatGPT and Perplexity. When your content demonstrates how your product solves real problems, AI tools cite you as the solution—not just for information, but as the recommended vendor. Who I've Worked With ---------------------- I've helped B2B SaaS companies like Zluri, Scrut, Accendo, Qapita, Lucidity, and VetPort start and scale Product-Led Content strategies to get proven ROI on their content marketing investments. Let's Talk If... ------------- You're a B2B SaaS company with: - Solid organic traffic (10k+ monthly visitors) - Low blog-to-pipeline conversion - 100+ published articles, but fewer than 10 conversions per month from blog content - Budget for content, but unable to show ROI I'll audit 2-3 of your articles and show you exactly where you're leaving revenue on the table—for free. DM me ""AUDIT"" or connect if you want to turn your content into a revenue driver.",3330,2026-08-25 00:00:00.000 +0530,,,,,,,,,,,,,,,,,249,
Devesh Tripathi,Devesh,Tripathi,https://www.linkedin.com/in/devesh-tripathi-22b75a14,urn:li:member:49638851,devesh-tripathi-22b75a14,Noida,Uttar Pradesh,India,"Noida, Uttar Pradesh, India",EmotionallYours,Founder,founders,member_urn,External link for EmotionallYours,11,2022,Mental Health Care,87429135,http://www.linkedin.com/company/emotionallyours,"Mumbai, Maharashtra, India",,www.emotionallyours.com,,2/2022,false,,false,"Founder Of Emotionally Yours. A Management graduate in Finance & Marketing, from I.I.T (ISM) Dhanbad, worked across different esteemed financial organizations at various levels and in different capacities. Gained strong professional capabilities and a social individual working towards building a stronger India. Has over 25 Years of exposure in Banking, Equity & Commodities Broking, Financial Markets and Consumer Services. Expertise in Business Strategy, Product Development, Market Analysis, Process Management and Risk Management.",3104,2026-08-25 00:00:00.000 +0530,,,,,,,,,,17,28,,,,,,1017,
Gaurav Goyal,Gaurav,Goyal,https://www.linkedin.com/in/gaurav-goyal-49833655,urn:li:member:194908724,gaurav-goyal-49833655,North Delhi,Delhi,India,"North Delhi, Delhi, India",Krav Granites LLP,Partner,founders,member_urn,,,,,,,,,,At KRAV we are doing institutional supplies of stones like Granites & Kota Stone.,11/2017,false,,false,"Hi I am Gaurav. An IIT Dhanbad ( erstwhile ISM Dhanbad) alumni. I am IITian and a Mining Machinery engineer by Degree and an entrepreneur by passion. I love taking different perspectives to the same problem, a habit I learnt from kids whose imagination knows no bounds. Currently I am building Gayatri Granites a brand in terms of Natural & Artificial Stones like Granites, Quartz & Semi Previous Stones. Get in touch if you want to talk about retail, Stones, business or if you want to buy me a cup of coffee.",3333,2026-08-25 00:00:00.000 +0530,,,,,,,,,,,,,,,,,2081,
Indrajeet Verma,Indrajeet,Verma,https://www.linkedin.com/in/indrajeet-verma-9b2a771b2,urn:li:member:832750550,indrajeet-verma-9b2a771b2,New Delhi,Delhi,India,"New Delhi, Delhi, India",khanglobalstudy,Faculty Lecturer,founders,member_urn,,,,,,,,,,,3/2025,false,,false,"I am Indrajeet Verma (IV Sir), a passionate educator and mentor dedicated to shaping the future of JEE & NEET aspirants. A B.Tech graduate from IIT (ISM) Dhanbad, I bring over 11+ years of teaching experience across India’s top coaching platforms. Currently associated with Khan Global Studies (KGS), I have previously contributed to renowned institutions like Aakash Institute, Physics Wallah, and Unacademy, guiding thousands of students toward their academic goals. My teaching philosophy is simple — clarity, consistency, and confidence. I believe Chemistry is not just a subject but a scoring weapon when approached with the right strategy and mindset. JEE & NEET Chemistry Expert 11+ Years of Teaching Experience Mentored Thousands of Rankers Known for Simplified Concepts & Real-Life Approach Beyond classrooms, I actively engage in seminars, mentorship programs, and student communities to inspire and empower learners at every stage of their journey. Mission: To make quality education accessible, relatable, and result-oriented for every student. I have recognised for my work in enhancing the learning experience throughout all the print media like Dainik jagran,Hindustan, Dainik Bhaskar,Prabhat Khabar, Telegraph, Aawaj and Marwari club Dhanbad . I am skilled at developing new ways to encourage students, while challenging and inspiring them to deepen their knowledge and understanding.",3334,2026-08-25 00:00:00.000 +0530,,,,,,,,,,,,,,,,,2068,
Mehul Jain,Mehul,Jain,https://www.linkedin.com/in/mehul-jain-09472a113,urn:li:member:476572144,mehul-jain-09472a113,,,India,India,Openround,Co-founder and CTO,founders,member_urn,"Openround | 252 followers on LinkedIn. Interviews for AI-native engineers. | OpenRound is the interview for how engineers actually work. Candidates solve real problems on real codebases with full access to AI tools — the same way they ship every day. One 90-minute session replaces multiple interview rounds and gives you a complete picture of how engineers think, build, and collaborate with AI.",3,2026,Software Development,113358265,https://www.linkedin.com/company/openroundai,"Bengaluru, Karnataka, India",Hiring Automation,https://www.openround.ai/,,4/2026,true,,false,"I built Fabric for teams like yours so you can easily build your A+ team faster. Here’s how it’s performed so far: 20,000+ interviews done | 100,000+ hours saved | Trusted by 50+ teams Fabric is your AI hiring copilot. It runs first-round interviews, flags fake candidates, and helps you hire top talent without the mess of manual hiring. If there’s anything I can help you with, just shoot me a DM. I’m just one message away.",3340,2026-08-25 00:00:00.000 +0530,,,,,,,,,,,,,,,,,647,
Sujeet Mishra,Sujeet,Mishra,https://www.linkedin.com/in/sujeetmishra,urn:li:member:51963868,sujeetmishra,Amsterdam,North Holland,Netherlands,"Amsterdam, North Holland, Netherlands",OT-Marketplace,Co-Founder & Evangelist,founders,member_urn,"""OT-Marketplace helps organizations get better ROI on their L&D spend by consolidating and optimizing their spend. We power L&D and HR teams of companies by helping them select learning services effectively across 10+ key categories (Upskilling, Event Speakers, New Hire Bootcamps, Content Development, Consulting, Degree Programs from Universities, Executive Coaching, Assessments) from over 5000 vendors. Our underlying AI-enabled search module, Data, and Automated workflows enable organizations to find the right learning intervention faster. Industries : IT & ITES | E-commerce | Retail | Real-Estate | Finance | Manufacturing | Engineering | Healthcare | Pharma """,6,2016,Professional Training and Coaching,105966381,https://in.linkedin.com/company/theseusailab,"Bengaluru, Karnataka, India","Corporate Learning and Development, Technology Training, Soft Skills Training, Business Skills Training, Management Training, Learning and Development, Employee Training, Executive Coaching, Leadership Training, Design Thinking, Content Development, LXP, L&D Consulting, Guest Speakers, and Procurement Automation",https://ot.market/,"In most large enterprises, procurement works well for goods but breaks down for services, especially in categories like Learning and HR. Forget measuring ROI or effectiveness of the spend just finding the right learning solution can take months. The process is traditional, fragmented, and hasn’t evolved in decades. And that inefficiency shows up where it hurts most: in the quality of solutions, the timeliness of delivery, and ultimately, the productivity of the workforce. That’s the problem we set out to solve when we built OT-Marketplace - an AI-native marketplace for Learning & Development services. We’ve productized the entire workflow - from identifying a learning need to finding the right solution, vendor selection, price negotiation, booking, and delivery tracking - all in one platform. The result: a faster, smarter, and more transparent way for enterprises to manage their L&D ecosystem. But this isn’t just about enterprise efficiency. It’s also about the gig economy: the trainers, coaches, and consultants who make capability building possible. OT-Marketplace gives them a single place to discover projects, manage clients, and run their entire business lifecycle with ease. Today, OT serves 100+ enterprises across India and the U.S. and has already handled millions of dollars in transactions. We’ve delivered 15-20% cost savings, reduced operational time to one-tenth, and built a global network of 5,000+ partners across 6 countries.",2/2020,false,,false,"**Entrepreneurship Entrepreneur who loves solving complex problems by defining detailed processes and leveraging technology. Involved in hands-on business building - partnering with teams across sales, consulting, engineering, and product. I have built and scaled businesses in the areas of AI consulting, procurement automation, HRTech, and EdTech (Enterprise Learning). ** Artificial Intelligence [Consulting] My research and engineering background, coupled with business experience, enables me to stay focused on the problem and the desired impact beyond AI hype. I help customers re-imagine their business with AI by participating hands-on across the end-to-end process - from ideation and piloting to deployment and scaling. I am actively involved in: 1. Delivering hands-on AI sessions for engineering and business teams to decode AI and what it can do for them 2. Working with functional heads to craft AI strategy 3. Build AI solutions hands-on alongside our engineering team [Applied Research] 1. Meta-agent systems: Leveraging the code generation ability of AI to build and orchestrate custom agentic systems on the fly 2. No-code layers that enable business users to become builders: with a focus on UX and Middleware 3. Understanding the nature of intelligence across artificial and biological systems",3343,2026-08-25 00:00:00.000 +0530,,,,,,,,,,,,,,,,,296,
Alok Kumar,Alok,Kumar,https://www.linkedin.com/in/alok-kumar-346671a,urn:li:member:31500198,alok-kumar-346671a,Noida,Uttar Pradesh,India,"Noida, Uttar Pradesh, India",Enboarder,Technical Architect,10+yoe_global,member_urn,External link for Enboarder,90,2015,Human Resources Services,6629734,http://www.linkedin.com/company/enboarder,"Austin, Texas, United States","Human Resources, Onboarding, Workflow automation, Employee engagement, Human centered design, Parental Leave, Experience, Offboarding, and Internal Communications",https://enboarder.com,"Part of the team building a highly customisable platform that will turn around the onboarding process of organizations and give awesome experience to their new employees. Not to mention it's a mobile-first platform allows employers to engage new hires before Day One with personalised, automated messaging, making it easy to give all employees the same warm welcome and lot of involvement/engagement before they join which makes the joining process so smooth. So start delighting your new hires by using our product. Did I forget to mention it's all on cloud.",5/2017,false,https://media.licdn.com/dms/image/v2/C4E03AQGSHMttDx7FVQ/profile-displayphoto-shrink_100_100/profile-displayphoto-shrink_100_100/0/1516330252730?e=1788998400&v=beta&t=QuqKWETNj18DN6xheZ0yvNCwM_w4ieSYdNItZrYlcGM,false,"An experience of building a highly customisable platform that turns traditional process into a highly tech and process oriented process and that too control by every customers can't be better for me than joining Enboarder. We are still young but impacting and delighting new hires of some big organizations around the world. Not to mention it's a mobile-first platform allows employers to engage new hires before Day One with personalised, automated messaging, making it easy to give all employees the same warm welcome and lot of involvement/engagement before they join which makes the joining process so smooth. And my appetite to explore new tech stack continues. A lot to learn and lots of fun continues :-)",1148,2026-09-01 21:00:56.853 +0530,,,,,,,,,,,,alokkoomar@gmail.com,,,,,1018,
Abhishek Ghosh,Abhishek,Ghosh,https://www.linkedin.com/in/abhishek-ghosh-7126a2141,urn:li:member:577999742,abhishek-ghosh-7126a2141,Bengaluru,Karnataka,India,"Bengaluru, Karnataka, India",Mochalo,Co-Founder & CEO,founders,member_urn,"Mochalo | Fresh. Fast. Droolicious. Delivering freshly cooked gourmet meals for dogs—crafted with care, cooked on-demand, with deliveries starting in just 30 minutes. At Mochalo, we’re redefining pet food by blending science-backed nutrition, real human-grade ingredients, and operational excellence. Every bowl is prepared only after you order, under the guidance of pet nutritionists and veterinary experts. With a deep understanding of dogs’ physiological needs and a commitment to uncompromised quality, we aim to bring pets food that’s not only tasty and wholesome but also timely and convenient. Currently operating across Bangalore with a network of hyperlocal cloud kitchens, we’re on a mission to become India’s leading fresh pet food brand—built for modern pet parents who love their dogs like family, but feed them like dogs. Join us as we bring joy back to every bowl.",2,2025,Pet Services,106469894,http://www.linkedin.com/company/mochalo,"Bengaluru, Karnataka, India","Fresh Pet Food, Nutrition, and Kitchen to bowl",https://mochalo.com,"Mochalo offers nutritionally versatile and deep, fresh-cooked, gourmet pet food with delivery starting in 30 minutes, building a behavior of ordering out for pets amongst pet parents.",3/2025,false,,false,"I have led complex, high-profile projects and transformed organizations in order to maximize value for all stakeholders. I bring a diverse set of skills and experience to every endeavor. I bring a deep understanding of technical and business domains to my work. Passionate about helping others succeed by discovering opportunities, clarifying goals, and designing strategies that combine business goals with technology possibilities. Endowed with more than a decade of work experience in analysis, products, and strategy. I am spearheading Zicops to empower customer organizations and their workforce with continuous engagement and learning to build a vibrant learning culture. Curious. Confident. Creative. Devoted to the transformation of organizations to unleash their potential. Feel free to connect for any possibilities.",3342,2026-08-25 00:00:00.000 +0530,,,,,,,,,,,,,,,,,1204,
Awadhesh Kumar Singh,Awadhesh Kumar,Singh,https://www.linkedin.com/in/awadhesh-kumar-singh-16332970,urn:li:member:251626395,awadhesh-kumar-singh-16332970,Hazaribag,Jharkhand,India,"Hazaribag, Jharkhand, India","Central Coalfield Limited, Coal India Limited",Deputy General Manager (Systems),10+yoe_global,member_urn,,,,,,,,,,,,false,,false,,3467,2026-08-25 00:00:00.000 +0530,,,,,,,,,,,,,,,,,1636,
Sukant Kumar Meher,Sukant Kumar,Meher,https://www.linkedin.com/in/sukantmeher,urn:li:member:202105616,sukantmeher,Odisha,,India,"Odisha, India",Engeotech,Founder,founders,member_urn,"ENGEOTECH is MSME registered company engaged in the design, manufacturing, consultancy, supplying of Water Treatment Equipment. Water is the main ingredient to carry out the varied industrial processes. So we offer water treatment equipment and services to the clients for the purification of raw water without using toxic Chemicals. We have a well organized manufacturing unit which enables us to meet the requirements of the clients. Using the latest technology for the fabrication of our products, we assure our clients with low maintenance products which are highly efficient. To facilitate the clients, we offer them with customized options so as to fulfill their specific needs. Our team plays a very important role in the fetching the variegated needs of the clients and provide any solution related to water. ENGEOTECH is committed towards on time delivery and strictly follows the quality procedures to assure our clients with qualitative products as well as services. Our main concern is to meet the expectations of the clients and achieve their optimum satisfaction.",8,2014,Environmental Services,42721675,http://www.linkedin.com/company/engeotech,"Sambalpur, Odisha, India",,https://www.engeotech.in,,12/2014,false,,true,"Being a qualified IITian & IIMian from IIT (ISM) Dhanbad & IIMA respectively, I am a Socio-Economic Entrepreneur, Researcher, Innovator, and an Environmentalist with a proactive leadership style and exceptional relationship management skills. My rich entrepreneurial experience and strategic vision has led to the founding of several successful startups, making significant contributions to various industries like Ecommerce, IT & ITeS Industries, Telecom & Waste Water Engineering. Market Research, E-commerce, Internet/Digital Marketing, Retail management, Digital Strategy, Operations, Supply chain management, Brand Creation, Strategic Planning, Project Planning, Business Development.",3121,2026-08-25 00:00:00.000 +0530,,,,,,,,,,17,28,,,,,,1019,
Subham Sawarnkar,Subham,Sawarnkar,https://www.linkedin.com/in/subham-sawarnkar-96981467,urn:li:member:237912417,subham-sawarnkar-96981467,Dhanbad,Jharkhand,India,"Dhanbad, Jharkhand, India",Engineers Parcel,Founder and Director,founders,member_urn,"Engineers Parcel is India’s 1st Smart Logistics Startup, founded by IIT (ISM) Dhanbad alumni, with a vision to build Smart Logistics Campuses across India. Recognized among the Top 17 startups under a NITI Aayog-supported initiative, we have been delivering trusted campus logistics solutions since 2022. Our innovative One-Click Booking and Smart Box System eliminate the hassles of traditional shipping—no weight calculations, no dimension measurements, no packaging arrangements, and no courier office visits. Since our inception, Engineers Parcel has successfully served thousands of students and transported over 7,000 kg of parcels across India. Today, we are expanding beyond campuses to provide technology-driven logistics solutions for students, individuals, businesses, and e-commerce sellers, making shipping smarter, simpler, and more accessible.",4,2020,"Transportation, Logistics, Supply Chain and Storage",70560536,http://www.linkedin.com/company/engineers-parcel,"Dhanbad, Jharkhand, India",,https://engineersparcel.in/,Working as Head of Operations and Management at Startup Engineers Parcel.,10/2020,false,,false,"* Serial Entrepreneur, Startup of solutions for common problems faced by people. * M.Tech Project"" Design and Analysis of Ultrathin Ultrawideband and Reconfigurable Metamaterial Absorber for Military Applications"".Skilled in ANSYS-HFSS, CST Microwave Studio, MATLAB, Analog design system, Network analyzer(VNA, PNA), Test bench, Origin plot, Visio, PPT, and PCB Fabrication by 3D printing technology and engraving process. * Designed and fabricated Broadside Cylindrical Dielectric Resonator Antenna (DRA) in HEM11δ... *Knowledge of Python3, Linux and IoT. *Good understanding of Bluetooth, Wifi, WiMAX, and ieee802.11 *Knowledge of RF antenna and RF Fundamental.",3122,2026-08-25 00:00:00.000 +0530,,,,,,,,,,17,28,,,,,,1020,
Sharad Chaturvedi,Sharad,Chaturvedi,https://www.linkedin.com/in/sharad-chaturvedi-13397142,urn:li:member:151685751,sharad-chaturvedi-13397142,Gurgaon,Haryana,India,"Gurgaon, Haryana, India",EnKash - Asia's 1st & Smartest Spend Management Platform,Director Business : Bill payments | Partnerships,10+yoe_indian,member_urn,"EnKash is a leading spend management and payments platform in India, built to help businesses gain complete control over how money moves across the organisation. We enable enterprises to manage payments, expenses, cards, bills, and rewards through a single, unified financial infrastructure. Trusted by CXOs, CFOs, and finance teams, EnKash replaces fragmented tools and manual workflows with real-time visibility, built-in controls, and automated compliance. From everyday operational spends to complex payment flows, businesses rely on EnKash to move faster, stay in control, and make informed financial decisions. Our Products Payment Gateway for secure, scalable payment acceptance across UPI, cards, net banking, subscriptions, and split settlements Corporate Cards with real-time limits, policy controls, and centralised tracking Prepaid Cards & Programs for allowances, incentives, fleet, fuel, and operational spends Expense Management with automated approvals and audit-ready reporting Business Utility Bill Payments through a BBPOU-enabled platform Rewards & Brand Vouchers for employee, customer, and partner programs Regulatory Trust & Compliance EnKash is licensed by the Reserve Bank of India as a Prepaid Payment Instrument (PPI) Issuer, Payment Aggregator / Payment Gateway (PA/PG), and Bharat Bill Payment Operating Unit (BBPOU), enabling secure and compliant financial operations at scale. Since 2018, EnKash has supported 5,000+ businesses, issued over one million corporate cards, and powered millions of transactions across India. Backed by marquee investors and trusted partners, EnKash is building the future of business finance—visible, controlled, and automated.",156,2018,Financial Services,13734963,http://www.linkedin.com/company/enkashbusiness,"Mumbai, Maharashtra, India","payments, b2b payments, vendor payments, business payments, Business Expense, StartUps, Corporate Credit Cards, Purchase Cards, Expense Management, Commercial Cards, Supplier Payments, Utility Bill Payments,, card rewards program, corporate spending, b2b fintech, commercial payments, supplier payments, business payments, commercial payments, payment gateway, employee rewards, and channel incentives",https://www.enkash.com,,6/2022,false,,false,,3853,2026-08-25 00:00:00.000 +0530,,,,,,,,,,,,,,,,,1021,
Himanshu Priyadarshi,Himanshu,Priyadarshi,https://www.linkedin.com/in/himanshu-priyadarshi-iitian,urn:li:member:1357772947,himanshu-priyadarshi-iitian,Samastipur,Bihar,India,"Samastipur, Bihar, India","E-Cell, IIT-ISM",Member,founders,member_urn,"E-Cell, IIT-ISM believes that emerging economies like India need the drive and innovation of young entrepreneurs. The Cell therefore aims at manifesting the latent Entrepreneurial spirit of the youth. The Cell not only motivates the youth to start-up their own enterprise, but also makes efforts to provide them with the necessary resources to do so.",57,2007,Non-profit Organization Management,14490448,http://www.linkedin.com/company/entrepreneurship-cell-iit-ism-dhanbad,"Dhanbad, Jharkhand, India",,http://ecelliitism.org,,10/2025,false,,false,"Currently pursuing a Bachelor of Technology in Mathematics and Computer Science at IIT (ISM) Dhanbad, I actively contribute to the institute's extracurricular ecosystem. As an Organizer at Srijan, IIT-ISM, I collaborate with the marketing team to foster engagement and drive event success. My technical expertise includes programming in C, Python, and JS (ES6+), complemented by proficiency in HTML5, CSS3, MongoDB, and Mongoose. Motivated by an interest in technology and strategic problem-solving, I seek opportunities to contribute to innovative projects and connect with like-minded professionals.",3398,2026-08-25 00:00:00.000 +0530,,,,,,,,,,,,,,,,,1022,
Harsh Agrawal,Harsh,Agrawal,https://www.linkedin.com/in/harsh-agrawal-iitdhanbad,urn:li:member:890149793,harsh-agrawal-iitdhanbad,Hyderabad,Telangana,India,"Hyderabad, Telangana, India",LeadCure,Founder,founders,member_urn,LeadCure | 8 followers on LinkedIn. Turn every inquiry into a booked consultation,1,,Software Development,110958411,https://www.linkedin.com/company/leadcure,,,https://leadcure.co/,Built a clinical conversion system for premium clinics. Key outcomes: Instant WhatsApp replies 24/7 In-chat appointment booking Automated follow-ups and reminders Reduced no-shows Premium patient experience Currently used by 100+ clinics across the globe.,12/2024,false,,false,"Most clinics don’t realize how many patients they lose before a conversation even starts. A message comes in, the reply is delayed, and the patient quietly books elsewhere. I built LEADCURE™ to prevent this invisible loss by responding instantly on WhatsApp and Instagram, guiding patients, and letting them book consultations on their own without waiting. Clinics using it reply in seconds, reduce no-shows, and see far more inquiries turn into confirmed visits. If you’ve ever wondered how many patients you’re missing because of late replies, I’m happy to show you or let you try it free for 30 days.",3354,2026-08-25 00:00:00.000 +0530,,,,,,,,,,,,,,,,,591,
Aayush R.,Aayush,R.,https://www.linkedin.com/in/aayushraj,urn:li:member:16564823,aayushraj,Bengaluru,Karnataka,India,"Bengaluru, Karnataka, India",Vegapay,Engineering Leader,10+yoe_global,member_urn,,,,,,,,,,,,true,https://media.licdn.com/dms/image/v2/D5603AQGflN1e18Pv1g/profile-displayphoto-shrink_100_100/profile-displayphoto-shrink_100_100/0/1722923015225?e=1788998400&v=beta&t=n80b8cxUpCVPKHQj315paz0WYaGeQgZ52_TxkW4XqX8,false,,3476,2026-09-01 21:00:56.853 +0530,Engineering Leader,,,,,,,,,,,"aayush.cse@gmail.com, aayushr@zillow.com",aayush.cse@gmail.com,,,,2641,
Manmohan Labh,Manmohan,Labh,https://www.linkedin.com/in/manmohanlabh,urn:li:member:736740288,manmohanlabh,Bengaluru,Karnataka,India,"Bengaluru, Karnataka, India",Stealth Startup,Founder & CTO,founders,member_urn,A network for entrepreneurs building in stealth. Submit your information here so investors can find you: harmonic.ai/get-discovered,36886,,"Technology, Information and Internet",18583501,https://www.linkedin.com/company/stealth-startup-community,"San Francisco, California, United States",,https://harmonic.ai/get-discovered,Transforming operations for Brand Owners & Manufacturers,2/2026,true,,false,"I’m a full-stack engineer currently focused on building AI-native systems and autonomous workflows. Previously worked at Postman, where I contributed to developer-facing products at scale. I hold a degree from IIT (ISM) Dhanbad and am an I-ACE National Winner and a GYTI Awardee for building an EEG-controlled medical bed. Over the last 6+ months, I built TARMAC — a mobile-first travel intelligence platform featuring badge systems, XP mechanics, geo-tagged journeys, and a Supabase-powered backend architecture. In February, I transitioned from my full-time role to focus intentionally on: - AI system design (agents, orchestration, memory) - Local model deployment and evaluation - Backend infrastructure for AI products - Rapid prototyping of AI tools Current focus: building and shipping practical AI tools while deepening expertise in modern AI stacks. Portfolio: https://labhmanmohan25.github.io/portfolio/",3356,2026-08-25 00:00:00.000 +0530,,,,,,,,,,17,28,,,,,,724,
siddarth kotapati,siddarth,kotapati,https://www.linkedin.com/in/siddarth-kotapati-467843196,urn:li:member:772463311,siddarth-kotapati-467843196,,,Greater Hyderabad Area,Greater Hyderabad Area,KoKo Ed,Co-Founder,founders,member_urn,"KoKo Ed | 175 followers on LinkedIn. Where Classrooms come Alive! | At Koko Ed, we are standardizing excellence in education by empowering the people who deliver it. We operate as an integrated ecosystem that supports the entire school community. We equip teachers with world-class, instant resources that augment their unique teaching styles, allowing them to deliver visual, high-impact lessons without the administrative burnout.",4,2025,Education,110199924,https://www.linkedin.com/company/kokoed,"Hyderabad, Telangana, India",,https://www.ko-ko.ai/,Koko AI Private Limited. Building AI-powered learning tools that help teachers see what each student actually understands. Product architecture and roadmap AI systems and ML experimentation Backend engineering Customer discovery across schools and teacher interviews Hiring and team building,3/2025,false,,false,"I grew up inside a school. My mother was the principal, my father the chairperson, and I was the kid on campus before the first bell and still there after the last one. So when I say I build AI for Indian classrooms, it's not just a market I researched. It's where I come from. I studied Engineering Physics at IIT (ISM) Dhanbad, then started a master's in theoretical physics at King's College London. Somewhere in that year, AI stopped being a research topic and became something that could solve realworld problems at a pace nothing else ever has. And I knew exactly which problem I wanted to solve. So I came back to the classrooms I grew up in. The problem I care about: a teacher in most Indian schools isn't teaching one class. Across sections, they're responsible for 100 to 150 students. Personalised attention at that scale is physically impossible for one person, and the tools teachers get rarely fit into how they actually work. At KoKo Ed I lead product. We build classroom intelligence systems for schools. On one side, state of the art tools that help teachers prepare and deliver their best classes. On the other, analytics that show them what's actually working for each student. The goal is simple, to give teachers their time back for what actually matters, which is teaching. Day to day: product architecture, AI systems, backend engineering, and a lot of time in schools. I believe every student deserves to experience great teaching and mentorship at least once. It can change the entire trajectory of a life. Our job is to help teachers and schools rise to that standard. Happy to connect with educators, school leaders, and builders working on AI in education.",3365,2026-08-25 00:00:00.000 +0530,,,,,,,,,,17,28,,,,,,581,
DANISH ANSAR,DANISH,ANSAR,https://www.linkedin.com/in/danish-ansar-6a3484137,urn:li:member:559548123,danish-ansar-6a3484137,Kolkata,West Bengal,India,"Kolkata, West Bengal, India",Employees' Provident Fund Organisation ( EPFO ),Enforcement Officer/Accounts Officer,founders,member_urn,"The official LinkedIn Page of Employees' Provident Fund Organisation (EPFO), Government of India. EPFO is one of the World's largest Social Security Organisations in terms of clientele and the volume of financial transactions undertaken. The EPFO administers three social security schemes - EPF Scheme 1952, Pension Scheme 1995 (EPS) and Insurance Scheme 1976 (EDLI).",910,1952,Government Administration,102983478,http://www.linkedin.com/company/epfoofficial,"Delhi, India","Social Security, Finance, Provident Fund, Pension, Labour welfare, and Finacial Security",https://www.epfindia.gov.in/,,1/2025,false,,false,"Working with EPFO Regional office Kolkata in segments like ensuring social and financial security to employee and to check compliance of EPF Act 1952, EPS 1995 and EDLI 1976 and seemless transaction of service to the stakeholders of social security with state of the art technology and to help good governance of the govt of India. In my previous role as Shift Engineer in Vedanta (HZL) i worked in three different units with different projects. In Rampura Agucha mine(one of Indias largest open cast metal mines) worked in various segments like Development and production team and Ventilation team( carried out many surveys like illumination, temperature, air velocity and ensure it's compliance with the standard set by DGMS) . Next Project in Rajpura Dariba looking after safety aspects of sump. Last project in sindesar khurd mine worked with Development team and helped in achieving target of highest production in a quarter. Apart from this worked with the CSR team work of Vedanta like Nand Ghar, cooperative and SHG groups and helped as enabler of skill development.",2141,2026-08-25 00:00:00.000 +0530,,,,,,,,,,,,,,,,,1023,
Amartya P.,Amartya,P.,https://www.linkedin.com/in/amartya-prakash-008366b2,urn:li:member:401003144,amartya-prakash-008366b2,Gurugram,Haryana,India,"Gurugram, Haryana, India",Epiroc,Key Account Manager,founders,member_urn,"Performance to succeed today. Technology to lead tomorrow. Epiroc is your partner for mining and infrastructure equipment. We're excited to build on proven expertise and performance with the same people and a bold new drive to make what's good even better. Just like our name ‘Epiroc’ says, we want to be on top of things. Epiroc means “at or on rock,” coming from Greek and Latin roots. It reflects our core business, our proximity to customers and the strength of our partnerships. You can count on us to listen to your needs and respond with leading-edge solutions. You can call on us to keep your equipment running reliably with expert service. And you can choose us with confidence, knowing we are committed to safety, environmental and social responsibility in everything we do. More than a manufacturer, we aim to be a collaborative partner that keeps its promises. We deliver the performance you need to maximize productivity every day — as well as the technology you need to compete in the future.",13024,,Civil Engineering,16268827,http://www.linkedin.com/company/epiroc,"Stockholm, Stockholm County, Sweden","Mining, Infrastructure, Natural resources, Technology, Rock excavation, Automation, Sustainability, Battery, Drilling, and Engineering",https://www.epiroc.com,"Managing end-to-end sales operations across North India (Delhi NCR, J&K, Uttarakhand and Himachal Pradesh) covering both corporate and retail segments in Mining & Construction. Handling key accounts, dealer network and channel partners across mining, aggregates and infrastructure segments across all product lines. Collaborating with cross-functional teams including logistics, marketing, and finance to ensure seamless operations and customer satisfaction. Driving forecasting, pipeline management and business planning for territory",1/2026,false,,false,"I am presently working for EPIROC MINING INDIA LTD. previously known as ATLAS COPCO MR Division. Epiroc is a leading productivity partner for the mining, infrastructure and natural resources industries. With cutting-edge technology, Epiroc develops and produces innovative drill rigs, rock excavation and construction equipment, and provides world-class service and consumables. The company was founded in Stockholm, Sweden, and has passionate people supporting and collaborating with customers in more than 150 countries. I have done internship and training in different renowned and reputed mining sector companies like CIL, TATA STEEL, UCIL & Shree Cement Ltd. I graduated from IIT(ISM),Dhanbad in Mining Machinery Engg. B Tech course in Mining Machinery Engineering is unique combination of Mechanical, Mining, Electrical, Electronics, and Management subjects. This course also provides strong foundation to the students to be the best fit for handling heavy earth moving equipment, construction equipment, drilling equipment and mineral benefaction equipment in mineral and construction sectors.",2500,2026-08-25 00:00:00.000 +0530,,,,,,,,,,,,,,,,,1024,
"SCIENTIFIC WORK (Alumni of IISC, IITs premier research centers)",SCIENTIFIC WORK,"(Alumni of IISC, IITs premier research centers)",https://www.linkedin.com/in/scientific-work-alumni-of-iisc-iits-premier-research-centers-b6b924247,urn:li:member:1026482051,scientific-work-alumni-of-iisc-iits-premier-research-centers-b6b924247,New Delhi,Delhi,India,"New Delhi, Delhi, India",SCIENTIFIC WORKS,Principal Scientist & PI,founders,member_urn,,,,,,,,,,,,false,,false,"Support to researchers and carryforward your innovations to make it reality by a team of Eminent scientists & Professionals from IIT & IISC. SCIENTIST WORKS™ a world class center of excellence is contributing a lot in cutting edge research & development works. If you are ready to take your innovations to a new height with help of our Distinguished Scientists and Professionals from IITs & world’s Premier Research Centers. We are happy to support you in all respect in your research & innovations. We used to work for and with different startups, Research & Technical Institutions, PDF, PhD & M-Tech students to carryforward their idea to become reality. Our expertise in new R&D, technology development, prototyping, Patent & Journals drafting as well as publications.",3361,2026-08-25 00:00:00.000 +0530,,,,,,,,,,,,,,,,,2426,
Kunal Singh,Kunal,Singh,https://www.linkedin.com/in/kunalsingh0908,urn:li:member:456992660,kunalsingh0908,,,India,India,Epiroc,Territory Manager,founders,member_urn,"Performance to succeed today. Technology to lead tomorrow. Epiroc is your partner for mining and infrastructure equipment. We're excited to build on proven expertise and performance with the same people and a bold new drive to make what's good even better. Just like our name ‘Epiroc’ says, we want to be on top of things. Epiroc means “at or on rock,” coming from Greek and Latin roots. It reflects our core business, our proximity to customers and the strength of our partnerships. You can count on us to listen to your needs and respond with leading-edge solutions. You can call on us to keep your equipment running reliably with expert service. And you can choose us with confidence, knowing we are committed to safety, environmental and social responsibility in everything we do. More than a manufacturer, we aim to be a collaborative partner that keeps its promises. We deliver the performance you need to maximize productivity every day — as well as the technology you need to compete in the future.",13024,,Civil Engineering,16268827,http://www.linkedin.com/company/epiroc,"Stockholm, Stockholm County, Sweden","Mining, Infrastructure, Natural resources, Technology, Rock excavation, Automation, Sustainability, Battery, Drilling, and Engineering",https://www.epiroc.com,,9/2025,false,,false,,4053,2026-08-25 00:00:00.000 +0530,,,,,,,,,,,,,,,,,1024,
Ankur Agarwal,Ankur,Agarwal,https://www.linkedin.com/in/ankuragarwal87,urn:li:member:39762105,ankuragarwal87,Pune District,Maharashtra,India,"Pune District, Maharashtra, India",Epiroc,Business Line Manager - Underground division,10+yoe_global,member_urn,"Performance to succeed today. Technology to lead tomorrow. Epiroc is your partner for mining and infrastructure equipment. We're excited to build on proven expertise and performance with the same people and a bold new drive to make what's good even better. Just like our name ‘Epiroc’ says, we want to be on top of things. Epiroc means “at or on rock,” coming from Greek and Latin roots. It reflects our core business, our proximity to customers and the strength of our partnerships. You can count on us to listen to your needs and respond with leading-edge solutions. You can call on us to keep your equipment running reliably with expert service. And you can choose us with confidence, knowing we are committed to safety, environmental and social responsibility in everything we do. More than a manufacturer, we aim to be a collaborative partner that keeps its promises. We deliver the performance you need to maximize productivity every day — as well as the technology you need to compete in the future.",13024,,Civil Engineering,16268827,http://www.linkedin.com/company/epiroc,"Stockholm, Stockholm County, Sweden","Mining, Infrastructure, Natural resources, Technology, Rock excavation, Automation, Sustainability, Battery, Drilling, and Engineering",https://www.epiroc.com,,3/2025,false,https://media.licdn.com/dms/image/v2/D5603AQFlCf-u81YHpg/profile-displayphoto-shrink_200_200/B56ZbiBYVBH0Ac-/0/1747548735884?e=1788998400&v=beta&t=1ZaUrpBqs3UwlXlzz_4ZoaKC0Z4t4J60lNZGtQH_y6M,false,,1587,2026-08-25 00:00:00.000 +0530,,,,,,,,,,,,,,,,,1024,
JITENDRA KUMAR NANDA,JITENDRA KUMAR,NANDA,https://www.linkedin.com/in/jitendra-kumar-nanda-7951662a,urn:li:member:101908193,jitendra-kumar-nanda-7951662a,Mumbai,Maharashtra,India,"Mumbai, Maharashtra, India",Essar,VP-Head Raw Materials,10+yoe_indian,member_urn,External link for Essar,10522,1969,Investment Management,7337,http://www.linkedin.com/company/essar,"Mumbai, Maharashtra, India","Energy, Infrastructure, Metals & Mining, and Technology & Retail",http://www.essar.com,,7/2003,false,,false,,3839,2026-08-25 00:00:00.000 +0530,,,,,,,,,,,,,,,,,1025,
Sabyasachi Mohanty,Sabyasachi,Mohanty,https://www.linkedin.com/in/sabyasachi-mohanty-77433b6,urn:li:member:18744712,sabyasachi-mohanty-77433b6,Raipur,Chhattisgarh,India,"Raipur, Chhattisgarh, India",ESSAR STEEL,DY.GENERAL MANAGER,10+yoe_indian,member_urn,External link for Essar,10522,1969,Investment Management,7337,http://www.linkedin.com/company/essar,"Mumbai, Maharashtra, India","Energy, Infrastructure, Metals & Mining, and Technology & Retail",http://www.essar.com,,,false,,false,,3838,2026-08-25 00:00:00.000 +0530,,,,,,,,,,,,,,,,,1025,
Binayak Sen Sen,Binayak Sen,Sen,https://www.linkedin.com/in/binayak-sen-sen-18ab7b23,urn:li:member:83523130,binayak-sen-sen-18ab7b23,Kolkata,West Bengal,India,"Kolkata, West Bengal, India",Adhunik group of Industries,Senior Vice President-Services,10+yoe_indian,member_urn,Essar Steel India is now ArcelorMittal Nippon Steel India Ltd - AM/NS India. Please visit the official AM/NS India LinkedIn page.,0,,Mining,482952,http://www.linkedin.com/company/essar-steel,India,"Hot rolled, Cold rolled, Galvanised, Colour coated Plates, Pipes Shot blasted and primed plates, Factory welded beams, Burnt-to-shape plates, Trapezoidal blanks, Chequered plates",https://www.amns.in/en/home/,Raw Materials sourcing from different sources and linkage management Coordination with mines/mining companies/coal companies Coordination with Port authorities for coal and other raw materials imports and movement Iron Ore exports Coordination with Indian Railways for smooth movement of raw materials from loading points all over the country to plants and ports Management of Railway Logistics and Transportation network optimisation Railway siding acquisition and construction Adhunik Group Of Industries(www.adhunikgroup.com),12/2009,false,,false,,3819,2026-08-25 00:00:00.000 +0530,,,,,,,,,,,,,,,,,1026,
Anshul Jain,Anshul,Jain,https://www.linkedin.com/in/anshul-jain-12b81a104,urn:li:member:443954483,anshul-jain-12b81a104,,,Greater Delhi Area,Greater Delhi Area,EvotAi,Chief Business Officer (CBO),10+yoe_global,member_urn,"EvotAi Technologies Pvt. Ltd. is an IT company offering services to enterprises across the globe. It offers a complete range of IT solutions including Software Development, ERP implementation, Digital Transformation, Cloud, AI-enabled Solutions, and IT Tech-Support. We enable clients to become more efficient through the adoption of digital tools and the latest tech platforms. Our end-to-end solutions approach helps businesses in hassle-free and faster roll-out of technology in their organization's ecosystem.",7,2021,IT Services and IT Consulting,77989727,http://www.linkedin.com/company/evotai,"Gurugram, Haryana, India","IT, Blockchain, Digital Transformation, Artificial Intelligence, Software Development, Cloud Computing, Technology Consulting, Product Development, Automation, Cyber Security, SaaS, ERP, Cloud, and IT Support",http://www.evotai.com,,5/2021,false,https://media.licdn.com/dms/image/v2/D4D03AQH1iwHSP32HcQ/profile-displayphoto-shrink_100_100/profile-displayphoto-shrink_100_100/0/1678858471484?e=1788998400&v=beta&t=-jJUACPi7SGifxWlqPChP6OHFR0MsPWvFw37CCK3QpA,false,,1731,2026-08-25 00:00:00.000 +0530,,,,,,,,,,,,,,,,,1027,
Abhishek K.,Abhishek,K.,https://www.linkedin.com/in/abhishek-k-17065011,urn:li:member:40414692,abhishek-k-17065011,,,Greater Bengaluru Area,Greater Bengaluru Area,Eximietas Design,Associate Vice President of Engineering,10+yoe_global,member_urn,External link for Eximietas Design,461,2023,Engineering Services,96167369,http://www.linkedin.com/company/eximietas-design,"San Jose, California, United States","VLSI Design, RTL to GDSII, Chiplets & Interconnects, Pre & Post Silicon Validation, Board Design, Firmware Dev & Validation, Board Bring up, Linux & Android, Connectivity, Multimedia, Flash Storage, Application Software, Cloud Computing & Cybersecurity, Agentic AI, GenAI, and Digital Engineering",https://www.eximietas.design,,11/2025,true,https://media.licdn.com/dms/image/v2/D4D03AQGLgn11HGgV5A/profile-displayphoto-scale_200_200/B4DaAP2aSbHQAk-/0/1786972321294?e=1788998400&v=beta&t=oqlHuH6fN_pIqv0aDARyKv4KP92qmqv0HfuKhUqGBJQ,false,,1710,2026-08-25 00:00:00.000 +0530,,,,,,,,,,,,,,,,,1029,
Hemanta Basumatary,Hemanta,Basumatary,https://www.linkedin.com/in/hemanta-basumatary-48183b19,urn:li:member:64778209,hemanta-basumatary-48183b19,Bengaluru,Karnataka,India,"Bengaluru, Karnataka, India",Exotel,Account Director (Retail and Marketplace),10+yoe_indian,member_urn,"Exotel is your AI transformation partner for customer engagement and experience. Trusted by over 7000 clients globally across various industries, we facilitate over 25+ billion annual conversations through omnichannel, voice, agents, and bots. Exotel’s AI-powered solutions empower agents, bots and customers alike, enhancing interactions with conversational intelligence and optimising resources to deliver exceptional CX and business growth. Exotel wins when you Win.",732,2011,Telecommunications,2433287,http://www.linkedin.com/company/exotel-techcom-private-limited,"Bengaluru, Karnataka, India","CX, GenAI, Cloud Call Center, CCaaS, Call Center Software, Digital Customer Engagement, Conversational AI, ChatBot, Automated Routing, IVR, Self service, VoIP, Conversational Context, Cloud Communication, Cloud Telephony, Voice API, Messaging API, Cloud SIP Trunk, Business Phone System, Intelligent Virtual Agents, Autonomous Contact Center, Debt Collection, Marketing Campaigns , Voice Bots, Sales Automtaion, Customer Service , and Voice Streaming",https://www.exotel.com,"1. Account Management and New Logo Sales 2. Accountable for Revenue, Gross Profit, New Order Bookings 3. Client Relationship Management",5/2026,true,https://media.licdn.com/dms/image/v2/C4D03AQGPZFxanJvqNg/profile-displayphoto-shrink_100_100/profile-displayphoto-shrink_100_100/0/1516817971826?e=1788998400&v=beta&t=55EN4S2E6nDUyRGVWGds4nqF-mdrKRH11I69x0SyxSk,true,,1805,2026-08-25 00:00:00.000 +0530,,,,,,,,,,,,,,,,,1030,
MUKESH PARMAR,MUKESH,PARMAR,https://www.linkedin.com/in/mukesh-parmar-36ab56272,urn:li:member:1119609730,mukesh-parmar-36ab56272,Delhi,,India,"Delhi, India",Fairfox Eon,Assistant General Manager,founders,member_urn,"Fairfox IT Infra is a leading real estate development company whose philosophy is based on Client Satisfaction, Execution Excellence, and Timely delivery. Customer satisfaction is our motto and to achieve high levels of customer satisfaction we have an in house team of architects, subcontractors and vendors. Moreover, our ethical business processes and timely execution of our tasks makes us a trustworthy and dependable name in the Indian real estate industry.",66,,Real Estate,76181659,http://www.linkedin.com/company/fairfoxeon,"Noida, Uttar Pradesh, India",,https://www.fairfoxitinfra.com/,,11/2025,false,,false,"-Passionate about Product Management, Marketing, Strategy and consulting -Professional Karate Player - Black Belt -National Semi-Finalists at Flipkart WiRED 8.0, in the top 150 out of 86,000 teams -National Finalist in IIM Bangalore Vista Analytics Case Competition, Top 5 among 2543 -In the top 40 teams out of 14582 Registered in Amazon (ACE) Challenge 2023, Got PPI Opportunity",1447,2026-08-25 00:00:00.000 +0530,,,,,,,,,,,,,,,,,1031,
