full_name,first_name,last_name,linkedin_url,member_urn,public_identifier,city,state,country,location,company,job_title,source_file,dedup_key_used,company_description,company_employees,company_founded_year,company_industry,company_linkedin_id,company_linkedin_url,company_location,company_specialities,company_website,job_description,job_started_on,premium,profile_picture_url,recently_hired,summary,id,last_updated,headline,company_url,followers_count,personal_website,ism_batch_start,ism_batch_end,colleges,mobile_number,remark,category_1,category_2,personal_email,work_email,assumed_mobile_no,branch,degree,company_id,lead_status
Rakesh Kumar Sinha,Rakesh Kumar,Sinha,https://www.linkedin.com/in/rakesh-kumar-sinha-232069162,urn:li:member:651084806,rakesh-kumar-sinha-232069162,Madhya Pradesh,,India,"Madhya Pradesh, India",Coal India Limited,Senior Manager,10+yoe_indian,member_urn,Notice - This is not an official page of Coal India Limited. We are in the process of taking it down. Thanks,8112,1975,Mining,574498,https://in.linkedin.com/company/coal-india-limited,"Kolkata, West Bengal, India",,,,8/1991,false,,false,,3367,2026-08-25 00:00:00.000 +0530,,,,,,,,,,,,,,,,,86,
Aneesh Doharey,Aneesh,Doharey,https://www.linkedin.com/in/aneesh-doharey-0124519d7,urn:li:member:1693867833,aneesh-doharey-0124519d7,Navi Mumbai,Maharashtra,India,"Navi Mumbai, Maharashtra, India",Oil and Natural Gas Corporation Limited (ONGC),Health and well-being,6-10yoe_global_indian,member_urn,,,,,,,,,,,,false,https://static.licdn.com/aero-v1/sc/h/bgaqk7x4ntjz0wg67d8u723eb,false,"Experience: Oil and Natural Gas Corporation Limited (ONGC) · Education: Indian Institute of Technology (Indian School of Mines), Dhanbad · Location: Navi Mumbai. View Aneesh Doharey’s profile on LinkedIn, a professional community of 1 billion members.",1122,2026-09-01 17:03:38.642 +0530,Oil and Natural Gas Corporation Limited (ONGC),https://in.linkedin.com/company/oil-and-natural-gas-corporation-limited-ongc-,0,,2008,2012,"{""Indian Institute of Technology (Indian School of Mines), Dhanbad""}",,,,,,,,,,2244,
Rajesh B,Rajesh,B,https://www.linkedin.com/in/rajesh-b01,urn:li:member:64977141,rajesh-b01,Chatrapur,Odisha,India,"Chatrapur, Odisha, India",LogIQids,Head of Content Development (STEM),6-10yoe_global_indian,member_urn,,,,,,,,,,,,false,https://media.licdn.com/dms/image/v2/D4D03AQGQopks8464SQ/profile-displayphoto-shrink_100_100/profile-displayphoto-shrink_100_100/0/1673867890151?e=1788998400&v=beta&t=n4Qx-QsIMJZDdy31HQGbLRjzoDhfTzzf_LmA_o6D-g0,false,"Have a expertise in different EdTech products- Hands on doing, quality assessments, engaging content in K12 sector.",1796,2026-09-01 17:03:38.642 +0530,LogIQids,https://in.linkedin.com/company/logiqids,214,,2008,2013,"{""Indian Institute of Technology (Indian School of Mines), Dhanbad""}",,,,,,,,,,2113,
ABHISHEK KUMAR SINGH,ABHISHEK KUMAR,SINGH,https://www.linkedin.com/in/abhishek-kumar-singh-6a952715,urn:li:member:52060449,abhishek-kumar-singh-6a952715,Ranchi,Jharkhand,India,"Ranchi, Jharkhand, India",Coal India Limited,Senior Manager,10+yoe_indian,member_urn,Notice - This is not an official page of Coal India Limited. We are in the process of taking it down. Thanks,8112,1975,Mining,574498,https://in.linkedin.com/company/coal-india-limited,"Kolkata, West Bengal, India",,,,4/2025,false,https://media.licdn.com/dms/image/v2/D5603AQGdf5cRff3pcQ/profile-displayphoto-shrink_100_100/profile-displayphoto-shrink_100_100/0/1704987685071?e=1788998400&v=beta&t=cSR8Tn9OmwmrQDrGu4e95kqYugZrP0wLXrJkvL17YvA,false,Experienced and efficient Environmental Planner with a demonstrated history of working in the mining industry. Strong professional and communication skills with in-depth knowledge of relevant rules and regulations.,989,2026-08-25 00:00:00.000 +0530,,,,,,,,,,,,,,,,,86,
Aloke Nath Sarkar,Aloke Nath,Sarkar,https://www.linkedin.com/in/aloke-nath-sarkar-30652215,urn:li:member:52051254,aloke-nath-sarkar-30652215,Bengaluru,Karnataka,India,"Bengaluru, Karnataka, India",Coal India Limited,"Empanelled as Inquiry Authority for WCL, ECL & CIL",10+yoe_indian,member_urn,Notice - This is not an official page of Coal India Limited. We are in the process of taking it down. Thanks,8112,1975,Mining,574498,https://in.linkedin.com/company/coal-india-limited,"Kolkata, West Bengal, India",,,Post retirement as General Manager(System)/HOD & ERP Project Leader from Western Coalfields Limited (a Subsidiary of Coal India Limited) I have been selected and empaneled as Inquiry Authority with 2 Subsidiaries of CIL (WCL & ECL) and CIL for a period of 3 Years on contract basis (case based),11/2020,false,https://media.licdn.com/dms/image/v2/C5103AQGMXb7AKdiO-w/profile-displayphoto-shrink_100_100/profile-displayphoto-shrink_100_100/0/1531563276132?e=1788998400&v=beta&t=PmPz8RoKRWLe3worx3SMuSclG-6AYvWQqT1cmpq1ooQ,false,"From my 1st job as GET at Widia India Limited, Bengaluru from May 1984 to June 1984, I learnt technology of Cutting tool/drill bits manufacturing. From my 2nd stint with TRF Ltd,Jamshedpur from June 1984 to July 1984 I learnt the Technology of manufacturing of Material Handling Equipment. I joined Coal India Limited, the largest CPSU, as JET (Excavation) and posted at ECL, Kajora Area, WB from July 1984 to July 1985. I felt proud to serve the nation and did quickly adapt to new environment of Open Pit Excavation activities. As Executive Engineer (Excavation), ECL, Kajora Area, WB from July 1985 to May 1990 & as Manager (Excavation) ECL, Kajora Area from May1990 to April 1993. I undertook lots of engineering upgradation systems of HEMM. I introduced pneumatic control over Hyd System of imported Komatsu make PC650 Hyd excavator to drastically reduce the loss of Hyd Oil for any Seal or Hose leakage/breakage, which was highly appreciated by Komatsu Engineers from Japan on their visit to Ghanshyam OCP, ECL. I did justice to my Engineering Study by solving PC650 excavators' Dropping of Boom Cylinders problem ingenuinely diagnosing fault in Hyd Ckt. I had been the 1st engineer in CIL to introduce 20W40 grade Engine Oil in place of Super 40 grade Oil, which saved cost and enhanced performance of HEMM. As Manager (System) ECL, Pandaveswar, WB from May 1993 to January 1998. Sr. Manager(Systems) ECL, Sonepur Bazari Project, WB from January 1998 to October 2009. Cobol was the prog language till end of 20th Century and Payroll, Finance, Sales Billing were the major Apps. From start of 21st Century along with Cobol we started migrating to RDBMS (Oracle) with Client Server Architec. I not only mastered the Systems but went on introducing new Apps. Some of the Apps developed and deployed are (1) Incentive Calclation for U/G Long Wall Mining Op (2) Daily Attendance Entry App linked with Payroll (3) On Line Materials Management System (4) Compterised Maint Management System (5) I was first in the Co to dev and deploy Asset Acconting App integrated with FIS. As Dy.GM (Systems) WCL, Ballalpur from Oct 2009 to Aug 2015. As GM (System)/HOD, ERP PL WCL, Nagpur from Sep 2015 to Aug 2020. Enjoyed the role of leading the IT team of the Co with inclusive leadership style. Introduced e-Gov through e-Office. Introduced 3 tier Application for core business functionalities. Mobile Apps and Portals for users' ease. Led WCL for accepting the big leap in IT with SAP ERP. Undertook OCM activities through online due to covid-19 restrictions. Introduced Design Thinking concept.",990,2026-08-25 00:00:00.000 +0530,,,,,,,,,,,,,,,,,86,
Amartanshu Srivastava,Amartanshu,Srivastava,https://www.linkedin.com/in/amartanshu-srivastava-ba761667,urn:li:member:237418543,amartanshu-srivastava-ba761667,Dhanbad,Jharkhand,India,"Dhanbad, Jharkhand, India",Coal India Limited,Manager,10+yoe_indian,member_urn,Notice - This is not an official page of Coal India Limited. We are in the process of taking it down. Thanks,8112,1975,Mining,574498,https://in.linkedin.com/company/coal-india-limited,"Kolkata, West Bengal, India",,,,1/2024,false,https://media.licdn.com/dms/image/v2/C5603AQFZ8TsfMXU4lw/profile-displayphoto-shrink_100_100/profile-displayphoto-shrink_100_100/0/1517359013418?e=1788998400&v=beta&t=WNqdtUU-KufFckj67DibjA1YhFiUGH_Jr9rtKyL5bRw,false,"Experienced Deputy Manager with a demonstrated history of working in the mining & metals industry. Skilled in AutoCAD, Microsoft Word, Statistical Data Analysis, English, and Java. Strong professional with on-going Doctor of Philosophy (Ph.D.) focused in Air Pollution Assessment by Remote Sensing Study and effects on Climate Change from Indian School of Mines.",1009,2026-08-25 00:00:00.000 +0530,,,,,,,,,,,,,,,,,86,
Jai Mangal Prasad,Jai Mangal,Prasad,https://www.linkedin.com/in/jai-mangal-prasad-77833082,urn:li:member:293436236,jai-mangal-prasad-77833082,Ranchi,Jharkhand,India,"Ranchi, Jharkhand, India",,Dy General Manager(CP),10+yoe_global,member_urn,,,,,,,,,,,,false,https://media.licdn.com/dms/image/v2/C4E03AQEMo4aB0fooOQ/profile-displayphoto-shrink_100_100/profile-displayphoto-shrink_100_100/0/1516861298326?e=1788998400&v=beta&t=Hi_gq0ulvjczOOGoWrgUCYAzoejkRFWyiolFr0IzTdc,false,Settled in Ranchi after retirement from BCCL Dhanbad (a subsidiary of coal india ).,2465,2026-09-01 17:03:38.642 +0530,Mining & Metals Professional,,,,,,,,,,,,,,,,,
SUMANTH MANDALA,SUMANTH,MANDALA,https://www.linkedin.com/in/sumanthmandala53b954104,urn:li:member:444276479,sumanthmandala53b954104,,,India,India,THDC India Ltd. (Subsidiary of NTPC Ltd. - Central Government Company under Ministry of Power),Deputy Manager,6-10yoe_global_indian,member_urn,,,,,,,,,,,,false,https://media.licdn.com/dms/image/v2/D4D03AQF87Y235ltJ_w/profile-displayphoto-shrink_100_100/profile-displayphoto-shrink_100_100/0/1667370041111?e=1788998400&v=beta&t=U6WihZcTRSonPyJaX0X3yZ6hD_uhu8z0XQPhGcC4Iuk,false,"Experience: THDC India Ltd. (Subsidiary of NTPC Ltd. - Central Government Company under Ministry of Power) · Education: IIT, Dhanbad · Location: India · 91 connections on LinkedIn. View SUMANTH MANDALA’s profile on LinkedIn, a professional community of 1 billion members.",1184,2026-09-01 17:03:38.642 +0530,THDC India Ltd. (Subsidiary of NTPC Ltd. - Central Government Company under Ministry of Power),,94,,,,{},,,,,,,,,,2568,
Murari Mishra,Murari,Mishra,https://www.linkedin.com/in/murari-mishra-682714a1,urn:li:member:363074498,murari-mishra-682714a1,Odisha,,India,"Odisha, India",Coal India Limited,General Manager,10+yoe_indian,member_urn,Notice - This is not an official page of Coal India Limited. We are in the process of taking it down. Thanks,8112,1975,Mining,574498,https://in.linkedin.com/company/coal-india-limited,"Kolkata, West Bengal, India",,,"ORGANISATIONAL GROWTH PATH IN COAL INDIA LIMITED ESTABLISHMENT FROM TO DESIGNATION CIL 09-08-1987 JET(M) ECL HQ JNR AREA, ECL 25-09-1987 27-09-1987 JET(M) 3/4 INC ;JNR AREA, ECL 28-09-1987 10-05-1994 Under Manager/ Asst Manager NRK MINE , JNR AREA, ECL 10-5-1994 15-4-1995 Asst. Manager 3&4 INCLINE, JNR AREA, ECL 15-4-1995 17-06-2002 Manager SECL HQ/BSPR AREA 18-06-2002 09-07-2002 Supt. Of Mines JAINAGAR 5/6, MINE,SECL 10-07-2002 5-12-2005 Mines Manager REHAR U/G MINE,SECL 5-12-2005 11-08-2007 Mines Manager MCL H.Q. 12-08-2007 23-08-2007 Dy. Chief Mining Engineer IB V AREA,MCL 23-08-2007 24-11-2007 Staff officer(Safety) LAJKURA OPEN CAST PROJECT,MCL 24-11-2007 3-10-2008 Project Officer SAMLESHWARI OPEN CAST PROJECT,MCL 3-10-2008 15-07-2010 Project Officer LAKHANPUR AREA,MCL 16-07-2010 30-01-2011 Staff Officer(Environment) IB VALLY AREA , MCL 31-01-2011 31-5-2011 Staff Officer (Mining) JAGANNATH OCP, JAGANNATH AREA MCL 01-06-2011 05-08-2014 Project Officer KANIHA AREA, MCL 06-08-2014 08-02-2015 Staff Officer(Min /P&P) KANIHA OCP, KANIHA AREA 09.02.2015 06.07.2015 Project Officer KANIHA AREA, MCL 07-07-2015 01.11.2016 Deputy General Manager Lajkura OCP, Ib Valley Area 02.11.2016 30.06.2018 Project Officer Bharatpur Area 01.07.2018 22.11.2020 General Manager Talcher Area 22.11.2020 Till Date General Manager",6/2018,false,https://media.licdn.com/dms/image/v2/C5603AQFD-uWtKTIFOw/profile-displayphoto-shrink_100_100/profile-displayphoto-shrink_100_100/0/1623332266435?e=1788998400&v=beta&t=WTOfsXbQxNHQkMjfir5MUOnz5nLqVXh_B-iGO94eHbM,false,"SENIOR MANAGEMENT- MINING SECTOR Offering 35 years experience. ( 21 years experience in underground coal mines and 14 years experience in Opencast Coal Mines) PROFILE Technically competent First Class Mines Manager ( Unrestricted Coal)with chronicled success of over 35 years in managing entire range of Mining operations, Strategic Planning and Project Management Acknowledged strengths in effectively mobilizing and managing manpower, machines and material resources to optimize operational efficiency. Expertise in driving process/system improvement initiatives to generate substantial growth. Core competencies: Project Management Team Management Quality Statutory Compliance Coordination & Negotiation Skills Operations Vendor Management Resource Management Mine Planning and Mine operations ACHIEVEMENTS The positive growths achieved in almost all the years were outcome of team effort and motivation however to list some major self contribution at different mines where posted are :- Proposal and execution of Drift drivage at 1 in 4 gradient in less cover strata to enter into another seam at JHANJRA 3/4 INCLINE, ECL. Floor dinting up to 8 mtrs to catch the entire water of the Working for better percentage of recovery while depillaring a coal mine at JAINAGAR 5/6 INCLINE MINE, SECL Wrong interpretation of exploratory borehole regarding seam location which could have otherwise resulted in loss of entire coal seam once depillaring started, was observed and pointed out to higher authorities at REHAR U/G MINE, SECL. About 6m thick coal top was being dumped as reject. After getting the coal sample analyzed and evaluated for its heat value, surface miner was deployed for separating only 1mtr avg. thick reject thereby reducing the fiery rejects as well as getting considerably increased coal quantity for same quantum of work and cost at SAMALESHWARI OCP Awarded as Best Project Officer by Secretary (Coal), MOC in 2017. As General Manager, Bharatpur Area, successfully managed all activities of coal production, OB removal, Coal Dispatch to Nalco through 6 km long belt conveyor and SILO Commissioning and Operation of 15 MTY silo Mechanised the hydro-pneumatic sand filling system for stabilization of underground developed working and achieved highest ever sand filling by this method at a faster rate at Talcher Area. Recognized for contribution in MCL’s highest ever Coal Production, Dispatch, OB Removal and CAPEX Expenditure in the year 2021-22. Winner of a no. of production, safety, environment and best project officer.",1011,2026-08-25 00:00:00.000 +0530,,,,,,,,,,,,,,,,,86,
Aravind T Das,Aravind,T Das,https://www.linkedin.com/in/aravind-t-das-bb4034133,urn:li:member:546505912,aravind-t-das-bb4034133,Nagpur,Maharashtra,India,"Nagpur, Maharashtra, India",Coal India Limited,Senior Manager,10+yoe_indian,member_urn,Notice - This is not an official page of Coal India Limited. We are in the process of taking it down. Thanks,8112,1975,Mining,574498,https://in.linkedin.com/company/coal-india-limited,"Kolkata, West Bengal, India",,,,2/2024,false,https://media.licdn.com/dms/image/v2/D4D03AQE1oD0sZS2PBw/profile-displayphoto-shrink_100_100/profile-displayphoto-shrink_100_100/0/1718233424394?e=1788998400&v=beta&t=qqDWM5Uvd9H0cp_KztUhGYPa_wooZ20Bm6qvxuewESI,false,"Results-driven Senior Manager in Excavation at Coal India Limited, I bring 14 years of extensive expertise as a Mechanical Engineer specializing in Heavy Earth Moving Machines (HEMM) utilized in Open Cast Mines. My career encompasses a comprehensive spectrum, including Erection, Commissioning, Maintenance, and Operation of diverse HEMM. Currently entrusted with leading the Spare Parts Management cell of the Excavation department, I oversee the procurement of vital spares and consumables essential for HEMM functionality. My role involves intricate dealings in the procurement of various Heavy Earth-Moving Machines and its Spares, necessitating a keen eye for detail and strategic planning. In addition to procurement, I excel in Inventory Management, implementing robust systems to optimize stock levels and minimize operational disruptions. My proactive approach to Vendor Development ensures partnerships that align with organizational objectives and deliver quality products and services. Adept in shaping Procurement policies, I leverage my industry insights to formulate strategies that drive efficiency and cost-effectiveness. I continuously monitor the performance of spares and consumables, utilizing data analytics to enhance operational reliability and reduce downtime. My proficiency in SAP facilitates seamless integration of procurement processes, fostering transparency and accuracy across departments. Committed to excellence, I strive to maximize operational effectiveness while maintaining stringent quality standards",1012,2026-08-25 00:00:00.000 +0530,,,,,,,,,,,,,,,,,86,
RAHUL BABU,RAHUL,BABU,https://www.linkedin.com/in/rahul-babu-2420851a,urn:li:member:65866514,rahul-babu-2420851a,Raipur,Chhattisgarh,India,"Raipur, Chhattisgarh, India",Coal India Limited,Manager,founders,member_urn,Notice - This is not an official page of Coal India Limited. We are in the process of taking it down. Thanks,8168,1975,Mining,574498,https://in.linkedin.com/company/coal-india-limited,"Kolkata, West Bengal, India",,,,5/2021,false,,false,Entrepreneur and Chef .... Founder of Collegebaba.com and Seekcounsel.com ( Now Both Project Closed) Currently working in Coal India Limited as Deputy Manager,1704,2026-08-25 00:00:00.000 +0530,,,,,,,,,,,,,,,,,86,
C K Asnani,C K,Asnani,https://www.linkedin.com/in/c-k-asnani-48382a105,urn:li:member:446961699,c-k-asnani-48382a105,Mumbai,Maharashtra,India,"Mumbai, Maharashtra, India",Uranium Corporation of India Ltd,Chairman & Managing Director,10+yoe_global,member_urn,,,,,,,,,,,,false,https://static.licdn.com/aero-v1/sc/h/bgaqk7x4ntjz0wg67d8u723eb,false,"Experience: Uranium Corporation of India Ltd · Education: Indian Institute of Technology (Indian School of Mines), Dhanbad · Location: Mumbai · 46 connections on LinkedIn. View C K Asnani’s profile on LinkedIn, a professional community of 1 billion members.",1351,2026-09-01 17:03:38.642 +0530,Uranium Corporation of India Ltd,,71,,,,{},,,,,,,,,,2627,
Ravi Verma,Ravi,Verma,https://www.linkedin.com/in/ravi-verma-00b08a98,urn:li:member:346557323,ravi-verma-00b08a98,Dhanbad,Jharkhand,India,"Dhanbad, Jharkhand, India",Coal India Limited,Deputy Manager,10+yoe_indian,member_urn,Notice - This is not an official page of Coal India Limited. We are in the process of taking it down. Thanks,8112,1975,Mining,574498,https://in.linkedin.com/company/coal-india-limited,"Kolkata, West Bengal, India",,,,8/2014,false,https://media.licdn.com/dms/image/v2/C4E03AQEnHdd7AMAxHA/profile-displayphoto-shrink_100_100/profile-displayphoto-shrink_100_100/0/1516865202972?e=1788998400&v=beta&t=TNPOEjm7ReY7RYDwUXSA1lcv9p-Lo8gx0EdnJAeo-QA,false,,1725,2026-08-25 00:00:00.000 +0530,,,,,,,,,,,,,,,,,86,
Mirinsing Angkang,Mirinsing,Angkang,https://www.linkedin.com/in/mirinsing-angkang-990207120,urn:li:member:502156476,mirinsing-angkang-990207120,Chennai,Tamil Nadu,India,"Chennai, Tamil Nadu, India",Hao Tangkhul Research,Administrator and Founder,founders,member_urn,,,,,,,,,,,3/2023,false,,false,"Mirinsing Angkang is a Geologist(Central Geological Service-UPSC 2020) at the Geological Survey of India, State Unit: Tamil Nadu, and Puducherry, Ministry of Mines, Government of India. He is involved in Exploration projects of precious and strategic Minerals of Tamil Nadu and Puducherry especially in Dharmapuri Shear Zone and Wayanad-Nilgiris.He is also engaged in research work in parts of North-East India. He is interested in Metallogeny, Geomorphology, Remote Sensing, and GIS.His latest collaborative research publication in the Journal Himalayan Geology is “Stable hydrogen and oxygen isotope investigation of the saline and hyper alkaline springs in parts of the Inner Fold Belt and Ophiolite Complex of Manipur and Nagaland, India”.",3248,2026-08-25 00:00:00.000 +0530,,,,,,,,,,17,28,,,,,,1924,
Pranay Garg,Pranay,Garg,https://www.linkedin.com/in/pranay-garg-61b8a055,urn:li:member:196287863,pranay-garg-61b8a055,Dhanbad,Jharkhand,India,"Dhanbad, Jharkhand, India",Coal India Limited,Assistant Manager,10+yoe_indian,member_urn,Notice - This is not an official page of Coal India Limited. We are in the process of taking it down. Thanks,8112,1975,Mining,574498,https://in.linkedin.com/company/coal-india-limited,"Kolkata, West Bengal, India",,,,8/2013,false,https://media.licdn.com/dms/image/v2/C5103AQGoVnQcOkBFiw/profile-displayphoto-shrink_100_100/profile-displayphoto-shrink_100_100/0/1516875697305?e=1788998400&v=beta&t=pHxIG1DTq3p5pRtO2GOgLJVui-oPlrgCS_baiH25TSM,false,,1723,2026-08-25 00:00:00.000 +0530,,,,,,,,,,,,,,,,,86,
Ravi Raj,Ravi,Raj,https://www.linkedin.com/in/ravi-raj-aa593528,urn:li:member:97863389,ravi-raj-aa593528,Patna,Bihar,India,"Patna, Bihar, India",Coal India Limited,Assistant Manager,10+yoe_indian,member_urn,Notice - This is not an official page of Coal India Limited. We are in the process of taking it down. Thanks,8112,1975,Mining,574498,https://in.linkedin.com/company/coal-india-limited,"Kolkata, West Bengal, India",,,,9/2011,false,https://media.licdn.com/dms/image/v2/C4D03AQG5i_ys8IWjCg/profile-displayphoto-shrink_100_100/profile-displayphoto-shrink_100_100/0/1517523131317?e=1788998400&v=beta&t=Banp53RqVv_Vg_l676Ax4Cz3Oc8PFHdx88pMpl0Lj5s,false,,1684,2026-08-25 00:00:00.000 +0530,,,,,,,,,,,,,,,,,86,
Ajesh Bhandari,Ajesh,Bhandari,https://www.linkedin.com/in/ajesh-bhandari-5a901671,urn:li:member:253840593,ajesh-bhandari-5a901671,Ranchi,Jharkhand,India,"Ranchi, Jharkhand, India",Coal India Limited,Assistant Manager,10+yoe_indian,member_urn,Notice - This is not an official page of Coal India Limited. We are in the process of taking it down. Thanks,8112,1975,Mining,574498,https://in.linkedin.com/company/coal-india-limited,"Kolkata, West Bengal, India",,,,7/2014,false,https://media.licdn.com/dms/image/v2/D4D03AQECE4mWEXDyKA/profile-displayphoto-shrink_100_100/profile-displayphoto-shrink_100_100/0/1670742794098?e=1788998400&v=beta&t=VfEzf3qaRyBAcrLA0-t4jH5xx-gmayCx06pL94uUh5o,false,,1683,2026-08-25 00:00:00.000 +0530,,,,,,,,,,,,,,,,,86,
Shashank Gupta,Shashank,Gupta,https://www.linkedin.com/in/shashank1986,urn:li:member:57873578,shashank1986,Singrauli,Madhya Pradesh,India,"Singrauli, Madhya Pradesh, India",Coal India Limited,Manager,10+yoe_indian,member_urn,Notice - This is not an official page of Coal India Limited. We are in the process of taking it down. Thanks,8112,1975,Mining,574498,https://in.linkedin.com/company/coal-india-limited,"Kolkata, West Bengal, India",,,,9/2010,false,https://media.licdn.com/dms/image/v2/C4D03AQHO-MlVtiJgXQ/profile-displayphoto-shrink_100_100/profile-displayphoto-shrink_100_100/0/1516628789458?e=1788998400&v=beta&t=PG2Yg224fvvcqGygG-X4IZLG8RBVn7pQIGTvjtWWxcI,false,,1682,2026-08-25 00:00:00.000 +0530,,,,,,,,,,,,,,,,,86,
Mousam Bora,Mousam,Bora,https://www.linkedin.com/in/mousam-bora-498169160,urn:li:member:645362036,mousam-bora-498169160,Assam,,India,"Assam, India",tribalplanets.com,FOUNDER & CEO,founders,member_urn,,,,,,,,,,"Here through tribalplanets.com , our tea is working to redefine the traditional choices of people. We are trying to simplify the traditional need of people by bringing the local raw products to their doorsteps. We also work for socio- economic development of the society. The raw and traditional product of every corners of North East India are displaying here for the traditional,natural raw lovers.",11/2017,false,,false,"I am working on a new startup with new concept to showcase of North-East India culture, tradition and thereby helping the local producer for a developing socio-economic environment",3252,2026-08-25 00:00:00.000 +0530,,,,,,,,,,17,28,,,,,,2596,
Rajeev Tiwari,Rajeev,Tiwari,https://www.linkedin.com/in/rajeev-tiwari-31054542,urn:li:member:150635388,rajeev-tiwari-31054542,Bilaspur,Chhattisgarh,India,"Bilaspur, Chhattisgarh, India",Coal India Limited,Sr. Manager,10+yoe_indian,member_urn,Notice - This is not an official page of Coal India Limited. We are in the process of taking it down. Thanks,8112,1975,Mining,574498,https://in.linkedin.com/company/coal-india-limited,"Kolkata, West Bengal, India",,,,8/2007,false,https://media.licdn.com/dms/image/v2/C5603AQE8a6Een0lGOw/profile-displayphoto-shrink_100_100/profile-displayphoto-shrink_100_100/0/1516973383053?e=1788998400&v=beta&t=IHd-GDcVt0h1TU95YOvJBiCh6vqNTGSw_CAZvdlp__c,false,,1681,2026-08-25 00:00:00.000 +0530,,,,,,,,,,,,,,,,,86,
VINEET KUMAR,VINEET,KUMAR,https://www.linkedin.com/in/ismvineet,urn:li:member:237012195,ismvineet,Singrauli,Madhya Pradesh,India,"Singrauli, Madhya Pradesh, India",Coal India Limited,Manager,10+yoe_indian,member_urn,Notice - This is not an official page of Coal India Limited. We are in the process of taking it down. Thanks,8112,1975,Mining,574498,https://in.linkedin.com/company/coal-india-limited,"Kolkata, West Bengal, India",,,,2/2025,false,https://media.licdn.com/dms/image/v2/C5603AQENPaZPpDc9RA/profile-displayphoto-shrink_100_100/profile-displayphoto-shrink_100_100/0/1652580954170?e=1788998400&v=beta&t=2VMgAMSZZJeQjsJ6BRQKe0ELlw_dJzZAv6GQqQ2RrOI,false,,1674,2026-08-25 00:00:00.000 +0530,,,,,,,,,,,,,,,,,86,
Bidya Nath Jha,Bidya Nath,Jha,https://www.linkedin.com/in/bidya-nath-jha-0a55a3202,urn:li:member:867392189,bidya-nath-jha-0a55a3202,Chhattisgarh,,India,"Chhattisgarh, India",Coal India Limited,General Manager,10+yoe_indian,member_urn,Notice - This is not an official page of Coal India Limited. We are in the process of taking it down. Thanks,8112,1975,Mining,574498,https://in.linkedin.com/company/coal-india-limited,"Kolkata, West Bengal, India",,,,8/1989,false,https://media.licdn.com/dms/image/v2/C4D03AQFa5AuhcrnFvQ/profile-displayphoto-shrink_100_100/profile-displayphoto-shrink_100_100/0/1639192558749?e=1788998400&v=beta&t=-YeaD4iELDVVFwUPMqOhWdl6W28Vmq5zRsMDaqTHjN0,false,,1673,2026-08-25 00:00:00.000 +0530,,,,,,,,,,,,,,,,,86,
Uday Kumar Singh,Uday Kumar,Singh,https://www.linkedin.com/in/uday-kumar-singh-518560126,urn:li:member:520930532,uday-kumar-singh-518560126,Ranchi,Jharkhand,India,"Ranchi, Jharkhand, India",Coal India Limited,General Manager,10+yoe_indian,member_urn,Notice - This is not an official page of Coal India Limited. We are in the process of taking it down. Thanks,8112,1975,Mining,574498,https://in.linkedin.com/company/coal-india-limited,"Kolkata, West Bengal, India",,,,,true,,false,"Experienced General Manager with a demonstrated history of working in the mining industry and successfully managed Mega Coal Mines of India. Skilled in Coal Mining, Surface Mining, Coal Mine Planning and All associated Mining Activities .Poses strong operational/professional skill with a Bachelor's degree focused in B.Tech. (Mining Engg.) & M.Tech (Industrial Engg.& Mgt. ) from IIT (Indian School of Mines,) Dhanbad. As CGM(P&BD) in IPRCL played pivotal role and succeeded in creating appreciable Business Opportunity for IPRCL in CIL through MOU between CIL and IPRCL on 5th March 2020. Subsequently monitored all activities related to concept to commissioning of diffrent RAIL INFRASTRUCTURE DEVELOPMENT works in diffrent Operating Areas of CCL(CIL) apart from appreciable volume of works/Business Development for IPRCL in CIL /CCL(Ranchi) during my tenure.",1672,2026-08-25 00:00:00.000 +0530,,,,,,,,,,,,,,,,,86,
Chandra Bhushan Sahay,Chandra Bhushan,Sahay,https://www.linkedin.com/in/chandra-bhushan-sahay-51603826,urn:li:member:89656290,chandra-bhushan-sahay-51603826,Ranchi,Jharkhand,India,"Ranchi, Jharkhand, India",Coal India Limited,Retired,10+yoe_indian,member_urn,Notice - This is not an official page of Coal India Limited. We are in the process of taking it down. Thanks,8112,1975,Mining,574498,https://in.linkedin.com/company/coal-india-limited,"Kolkata, West Bengal, India",,,,8/1987,false,https://media.licdn.com/dms/image/v2/D5603AQHWJAzJ3euh6A/profile-displayphoto-shrink_200_200/B56ZONF.FFGoAY-/0/1733238973755?e=1788998400&v=beta&t=5UldiBJEncOkaGHXUHv-29RtgJ6RaZVc9jPt4TeUHAI,false,,1664,2026-08-25 00:00:00.000 +0530,,,,,,,,,,,,,,,,,86,
Abhinav Agarwal,Abhinav,Agarwal,https://www.linkedin.com/in/abhinav-agarwal-452b7b60,urn:li:member:217892798,abhinav-agarwal-452b7b60,Gwalior,Madhya Pradesh,India,"Gwalior, Madhya Pradesh, India",Coal India Limited,Manager,6-10yoe_global_indian,member_urn,Notice - This is not an official page of Coal India Limited. We are in the process of taking it down. Thanks,8112,1975,Mining,574498,https://in.linkedin.com/company/coal-india-limited,"Kolkata, West Bengal, India",,,"Managed explosives contracts worth 680 crore, ensuring on-time delivery and regulatory compliance. Developed and monitored KPIs for blasting efficiency, improving powder factor by 0.21% without compromising safety. Led inspection teams for explosive manufacturing units in populated areas, ensuring zero safety violations. Streamlined procurement processes in alignment with CIL Purchase Manual, improving lead time by 5 days.",2/2025,false,https://media.licdn.com/dms/image/v2/C5603AQFKSBwrGmqslQ/profile-displayphoto-shrink_100_100/profile-displayphoto-shrink_100_100/0/1517373404956?e=1788998400&v=beta&t=WcnObIQp0bju-nrKiVi4IwzpncI0DfFiH4whL_ws3Z0,false,"Mining engineer with 10 years of experience in open-cast coal mining, explosives management, and contract oversight at Coal India Limited (NCL HQ). Skilled in optimizing blasting operations, ensuring compliance with safety regulations, and managing high-value procurement contracts.I have successfully coordinated 0.2 million tonnes of explosives annually, reduced blasting costs by 1.5cr by improving pf 0.21%, and implemented safety inspection protocols for explosive manufacturing in high-risk environments.Currently seeking opportunities with leading mining consultancy firms to leverage my expertise in explosives engineering, operational optimization, and regulatory compliance to drive client success.",309,2026-09-01 21:00:56.853 +0530,,,,,,,,,,,,aagarwal@bccl.gov.in,aagarwal@bccl.gov.in,,,,86,
shammi kapoor,shammi,kapoor,https://www.linkedin.com/in/shammi-kapoor-05a610148,urn:li:member:598710598,shammi-kapoor-05a610148,Palampur,Himachal Pradesh,India,"Palampur, Himachal Pradesh, India",Coal India Limited,Assistant Manager,6-10yoe_global_indian,member_urn,Notice - This is not an official page of Coal India Limited. We are in the process of taking it down. Thanks,8112,1975,Mining,574498,https://in.linkedin.com/company/coal-india-limited,"Kolkata, West Bengal, India",,,Environment Officer,10/2018,false,https://media.licdn.com/dms/image/v2/D5603AQGMq0hxDWS5SA/profile-displayphoto-shrink_800_800/B56ZQtbPjdH0Ag-/0/1735928906168?e=1788998400&v=beta&t=XxbRqVEVFqlzgmweUYWwVPtCPl1ViC6wa1lmYee7sLs,false,,2587,2026-08-25 00:00:00.000 +0530,,,,,,,,,,,,,,,,,86,
Dr. Manoj Kumar,Dr. Manoj,Kumar,https://www.linkedin.com/in/dr-manoj-kumar-0684b0111,urn:li:member:470022992,dr-manoj-kumar-0684b0111,Chhindwara,Madhya Pradesh,India,"Chhindwara, Madhya Pradesh, India",Coal India Limited,Assistant Manager,10+yoe_global,member_urn,Notice - This is not an official page of Coal India Limited. We are in the process of taking it down. Thanks,8112,1975,Mining,574498,https://in.linkedin.com/company/coal-india-limited,"Kolkata, West Bengal, India",,,,,false,https://media.licdn.com/dms/image/v2/D4D03AQE-buf0pgx2eA/profile-displayphoto-scale_100_100/B4DZ8MPGuNJsAY-/0/1782616714375?e=1788998400&v=beta&t=M7lBbPVixIrGPapzq-7lG3JSLtv0NGG2QCxED0iov1g,false,,1583,2026-08-25 00:00:00.000 +0530,,,,,,,,,,,,,,,,,86,
Ranjan Modi,Ranjan,Modi,https://www.linkedin.com/in/ranjan-modi-140460143,urn:li:member:583386816,ranjan-modi-140460143,Singrauli,Madhya Pradesh,India,"Singrauli, Madhya Pradesh, India",Coal India Limited,Assistant Manager,founders,member_urn,"Coal India Limited (CIL) the state owned coal mining corporate came into being in November 1975. With a modest production of 79 Million Tonnes (MTs) at the year of its inception CIL today is the single largest coal producer in the world. Operating through 82 mining areas CIL is an apex body with 7 wholly owned coal producing subsidiaries and 1 mine planning and consultancy company spread over 8 provincial states of India. CIL also manages 200 other establishments like workshops, hospitals etc. Further, it also owns 26 technical & management training institutes and 102 Vocational Training Institutes Centres. Indian Institute of Coal Management (IICM) as a state-of-the-art Management Training ‘Centre of Excellence’ the largest Corporate Training Institute in India, operates under CIL and conducts management development programmes. The producing Indian subsidiary companies of Coal India Limited are, 1. Eastern Coalfields Limited (ECL) 2. Bharat Coking Coal Limited (BCCL) 3. Central Coalfields Limited (CCL) 4. Western Coalfields Limited (WCL) 5. South Eastern Coalfields Limited (SECL) 6. Northern Coalfields Limited (NCL) 7. Mahanadi Coalfields Limited (MCL)",836,1975,Mining,14622412,https://in.linkedin.com/company/coal-india-ltd,"Kolkata, West Bengal, India",Mining and Coal Industry,http://www.coalindia.in,,12/2022,false,,false,,4027,2026-08-25 00:00:00.000 +0530,,,,,,,,,,,,,,,,,87,
PRINCE PATEL,PRINCE,PATEL,https://www.linkedin.com/in/prince-patel-a67448182,urn:li:member:723701743,prince-patel-a67448182,West Bengal,,India,"West Bengal, India",Coal India Limited,Deputy Manager,6-10yoe_global_indian,member_urn,"Coal India Limited (CIL) the state owned coal mining corporate came into being in November 1975. With a modest production of 79 Million Tonnes (MTs) at the year of its inception CIL today is the single largest coal producer in the world. Operating through 82 mining areas CIL is an apex body with 7 wholly owned coal producing subsidiaries and 1 mine planning and consultancy company spread over 8 provincial states of India. CIL also manages 200 other establishments like workshops, hospitals etc. Further, it also owns 26 technical & management training institutes and 102 Vocational Training Institutes Centres. Indian Institute of Coal Management (IICM) as a state-of-the-art Management Training ‘Centre of Excellence’ the largest Corporate Training Institute in India, operates under CIL and conducts management development programmes. The producing Indian subsidiary companies of Coal India Limited are, 1. Eastern Coalfields Limited (ECL) 2. Bharat Coking Coal Limited (BCCL) 3. Central Coalfields Limited (CCL) 4. Western Coalfields Limited (WCL) 5. South Eastern Coalfields Limited (SECL) 6. Northern Coalfields Limited (NCL) 7. Mahanadi Coalfields Limited (MCL)",846,1975,Mining,14622412,https://in.linkedin.com/company/coal-india-ltd,"Kolkata, West Bengal, India",Mining and Coal Industry,http://www.coalindia.in,"Managing a coal production unit with 650+ manpower, beginning from production till coal despatch and stakeholding in starting of new Continuous Miner project through MDO mode.",1/2025,false,https://media.licdn.com/dms/image/v2/D5603AQFZCYGwl7efXA/profile-displayphoto-shrink_100_100/profile-displayphoto-shrink_100_100/0/1730902134059?e=1788998400&v=beta&t=PRyuhW7zapvJAvJUCtCBym-NbBHuxpKIUMn8-uv9uaw,false,"Mining Engineer with work experience in mining & explosive industry. Skilled in Customer Service, Sales & Marketing and Management. Strong professional with a Bachelor of Technology and Master of Technology - BTech & MTech focused in Mining Engineering from Indian Institute of Technology (Indian School of Mines), Dhanbad.",98,2026-08-25 00:00:00.000 +0530,,,,,,,,,,,,,,,,,87,
Ankur Tiwari,Ankur,Tiwari,https://www.linkedin.com/in/ankur-tiwari-4844b6111,urn:li:member:470033956,ankur-tiwari-4844b6111,Deosar,Madhya Pradesh,India,"Deosar, Madhya Pradesh, India",Coal India Limited,Assistant Manager,6-10yoe_global_indian,member_urn,"Coal India Limited (CIL) the state owned coal mining corporate came into being in November 1975. With a modest production of 79 Million Tonnes (MTs) at the year of its inception CIL today is the single largest coal producer in the world. Operating through 82 mining areas CIL is an apex body with 7 wholly owned coal producing subsidiaries and 1 mine planning and consultancy company spread over 8 provincial states of India. CIL also manages 200 other establishments like workshops, hospitals etc. Further, it also owns 26 technical & management training institutes and 102 Vocational Training Institutes Centres. Indian Institute of Coal Management (IICM) as a state-of-the-art Management Training ‘Centre of Excellence’ the largest Corporate Training Institute in India, operates under CIL and conducts management development programmes. The producing Indian subsidiary companies of Coal India Limited are, 1. Eastern Coalfields Limited (ECL) 2. Bharat Coking Coal Limited (BCCL) 3. Central Coalfields Limited (CCL) 4. Western Coalfields Limited (WCL) 5. South Eastern Coalfields Limited (SECL) 6. Northern Coalfields Limited (NCL) 7. Mahanadi Coalfields Limited (MCL)",846,1975,Mining,14622412,https://in.linkedin.com/company/coal-india-ltd,"Kolkata, West Bengal, India",Mining and Coal Industry,http://www.coalindia.in,,3/2022,false,https://media.licdn.com/dms/image/v2/D4D03AQG-iHnvZbeebA/profile-displayphoto-shrink_100_100/profile-displayphoto-shrink_100_100/0/1695013695543?e=1788998400&v=beta&t=FbqpbVEKuakkgBDsLw0zWZqcnVdCLLH78u11B8dlo-A,false,,2850,2026-08-25 00:00:00.000 +0530,,,,,,,,,,,,,,,,,87,
Sridevi Jadav,Sridevi,Jadav,https://www.linkedin.com/in/sridevi-jadav-1276967b,urn:li:member:285358639,sridevi-jadav-1276967b,Hyderabad,Telangana,India,"Hyderabad, Telangana, India","Indian School of Mines, Dhanbad","Hyderabad, Telangana, India | Professional Profile",6-10yoe_global_indian,member_urn,,,,,,,,,,,,false,https://static.licdn.com/aero-v1/sc/h/bgaqk7x4ntjz0wg67d8u723eb,false,"Education: Indian School of Mines · Location: Hyderabad · 44 connections on LinkedIn. View Sridevi Jadav’s profile on LinkedIn, a professional community of 1 billion members.",1172,2026-09-01 17:03:38.642 +0530,"Hyderabad, Telangana, India | Professional Profile",,44,,2013,2016,"{""Indian School of Mines""}",,,,,,,,,,1999,
Sambeet Parija,Sambeet,Parija,https://www.linkedin.com/in/sambeet-parija-627a6537,urn:li:member:131019583,sambeet-parija-627a6537,Bengaluru,Karnataka,India,"Bengaluru, Karnataka, India",73 Strings,Co-Founder & Chief Product Officer,10+yoe_global,member_urn,,,,,,,,,,,,false,https://media.licdn.com/dms/image/v2/D4D03AQFvDFn7ZiCHYQ/profile-displayphoto-shrink_100_100/profile-displayphoto-shrink_100_100/0/1670569693832?e=1788998400&v=beta&t=wWN1hGJEcbNwn_pTg4wXXINKvIZ-qCAKTEP1TPabn-s,false,Started 73 Strings in 2018 and led its evolution from an idea into one of the leading AI-driven valuation and portfolio monitoring platforms for private capital markets. Built a world-class team that pioneered one of the first AI-powered valuation platforms to achieve significant commercial adoption in the industry.,1379,2026-09-01 17:03:38.642 +0530,73 Strings,https://www.linkedin.com/company/73-strings,6195,https://www.aetheronlab.com/,2010,2014,"{""Indian Institute of Technology (Indian School of Mines), Dhanbad""}",,,,,,,,,,1484,
Buddhi Prakash,Buddhi,Prakash,https://www.linkedin.com/in/buddhi-prakash-32bb62a1,urn:li:member:364169555,buddhi-prakash-32bb62a1,Dhanbad,Jharkhand,India,"Dhanbad, Jharkhand, India",Coal India Limited,Deputy Manager,10+yoe_indian,member_urn,"Coal India Limited (CIL) the state owned coal mining corporate came into being in November 1975. With a modest production of 79 Million Tonnes (MTs) at the year of its inception CIL today is the single largest coal producer in the world. Operating through 82 mining areas CIL is an apex body with 7 wholly owned coal producing subsidiaries and 1 mine planning and consultancy company spread over 8 provincial states of India. CIL also manages 200 other establishments like workshops, hospitals etc. Further, it also owns 26 technical & management training institutes and 102 Vocational Training Institutes Centres. Indian Institute of Coal Management (IICM) as a state-of-the-art Management Training ‘Centre of Excellence’ the largest Corporate Training Institute in India, operates under CIL and conducts management development programmes. The producing Indian subsidiary companies of Coal India Limited are, 1. Eastern Coalfields Limited (ECL) 2. Bharat Coking Coal Limited (BCCL) 3. Central Coalfields Limited (CCL) 4. Western Coalfields Limited (WCL) 5. South Eastern Coalfields Limited (SECL) 6. Northern Coalfields Limited (NCL) 7. Mahanadi Coalfields Limited (MCL)",846,1975,Mining,14622412,https://in.linkedin.com/company/coal-india-ltd,"Kolkata, West Bengal, India",Mining and Coal Industry,http://www.coalindia.in,,1/2024,false,https://media.licdn.com/dms/image/v2/D5603AQGQiwfIkwOHCA/profile-displayphoto-shrink_100_100/B56ZQ0VNq5HQAY-/0/1736044764523?e=1788998400&v=beta&t=VUCbOEnYj8s7rYDuB09PCOlKr-mpvCEw1NHv9lgUC8s,false,1. First Class Manager's Certificate (UR) under the CMR : 2021 2. Second Class Manager's Certificate (UR) under CMR : 2019 3. Dy. Manager : Coal India Limited : Jan 2024 4. Second Class Manager's Certificate (R) under MMR : 2017 6. Assistant Manager : Bharat Aluminium Company Ltd. (BALCO) - INDIA : 2016 7. BTech : IIT (ISM) Dhanbad : Mining Engineering : 2016 8. Gas Testing Certificate : 2016 9. Rescue Trained Person (RTP),670,2026-09-01 21:00:56.853 +0530,,,,,,,,,,,,buddhi@ismdhanbad.ac.in,buddhi@ismdhanbad.ac.in,,,,87,
Aman Kumar,Aman,Kumar,https://www.linkedin.com/in/aman-kumar-4b770924,urn:li:member:85365643,aman-kumar-4b770924,Gurugram,Haryana,India,"Gurugram, Haryana, India",,Independent Software Consultant,10+yoe_global,member_urn,,,,,,,,,,,,false,https://media.licdn.com/dms/image/v2/C5603AQHQHB9jXq8Iyw/profile-displayphoto-shrink_100_100/profile-displayphoto-shrink_100_100/0/1667861807449?e=1788998400&v=beta&t=gsnMA6RQSYY5RognZJu1cS6aCEHYbZzexHqE-i26vIE,false,"Full stack developer with 8+ years of experience in .net framework, azure, c# based development. Expertise in OOPS standards, application architecture, application performance improvement, data structures and algorithms and software design patterns. Very strong SQL Scripting, c# coding skills. Expertise in using Javascript libraries , jquery, knockout and Angular 6 for client side web development. Extensive experience in windows/web services (Rest and wcf) and web application development(c#/.Net).",2632,2026-09-01 21:00:56.853 +0530,Senior software consultant,,,,,,,,,,,palaman4@gmail.com,,,,,,
Arun Kumar Mishra,Arun Kumar,Mishra,https://www.linkedin.com/in/arun-kumar-mishra16,urn:li:member:136074083,arun-kumar-mishra16,Kendujhar,Odisha,India,"Kendujhar, Odisha, India",Steel Authority of India Limited,"GM(Mines), Bolani Ores Mines",10+yoe_global,member_urn,,,,,,,,,,,,false,https://media.licdn.com/dms/image/v2/C5103AQHWpRxM7mKtpg/profile-displayphoto-shrink_100_100/profile-displayphoto-shrink_100_100/0/1552833226765?e=1788998400&v=beta&t=7ZiuIomPDozA424vTlOhYLylmcfodpPPe4f3FmCmhhw,false,"After graduating from Indian School of Mines, Dhanbad in the year 1983,I joined SAIL Bolani Ores Mines. Worked in various departments like HEMM maintenance, Ore processing plant Operations and maintenance, Projects etc. in various capacities. I also took responsibility as Head Of Mines, Bolani for a few years. Bolani is now largest iron ore mines of RMD producing +6MTPA and employs 600 regular and 800 contractual persons.",2022,2026-09-01 17:03:38.642 +0530,Steel Authority of India Limited,https://in.linkedin.com/company/steel-authority-of-india-limited,142,,1978,1983,"{""Indian Institute of Technology (Indian School of Mines), Dhanbad""}",,,,,,,,,,2520,
Rishabh Gaurav,Rishabh,Gaurav,https://www.linkedin.com/in/rishabh-gaurav-508a6621,urn:li:member:77273432,rishabh-gaurav-508a6621,Dhanbad,Jharkhand,India,"Dhanbad, Jharkhand, India",Coal India Limited,Deputy Manager(E&M),6-10yoe_global_indian,member_urn,"Coal India Limited (CIL) the state owned coal mining corporate came into being in November 1975. With a modest production of 79 Million Tonnes (MTs) at the year of its inception CIL today is the single largest coal producer in the world. Operating through 82 mining areas CIL is an apex body with 7 wholly owned coal producing subsidiaries and 1 mine planning and consultancy company spread over 8 provincial states of India. CIL also manages 200 other establishments like workshops, hospitals etc. Further, it also owns 26 technical & management training institutes and 102 Vocational Training Institutes Centres. Indian Institute of Coal Management (IICM) as a state-of-the-art Management Training ‘Centre of Excellence’ the largest Corporate Training Institute in India, operates under CIL and conducts management development programmes. The producing Indian subsidiary companies of Coal India Limited are, 1. Eastern Coalfields Limited (ECL) 2. Bharat Coking Coal Limited (BCCL) 3. Central Coalfields Limited (CCL) 4. Western Coalfields Limited (WCL) 5. South Eastern Coalfields Limited (SECL) 6. Northern Coalfields Limited (NCL) 7. Mahanadi Coalfields Limited (MCL)",846,1975,Mining,14622412,https://in.linkedin.com/company/coal-india-ltd,"Kolkata, West Bengal, India",Mining and Coal Industry,http://www.coalindia.in,,2/2026,false,https://media.licdn.com/dms/image/v2/C4D03AQFaUU6mY5KsHw/profile-displayphoto-shrink_100_100/profile-displayphoto-shrink_100_100/0/1516957031492?e=1788998400&v=beta&t=fC0XBj2cRFm4PUN5DGngnlNUQf21JMwCk2p6lXHhwHc,false,,2852,2026-08-25 00:00:00.000 +0530,,,,,,,,,,,,,,,,,87,
Navdesh Yadav,Navdesh,Yadav,https://www.linkedin.com/in/navdesh-yadav-5a9a47193,urn:li:member:764010129,navdesh-yadav-5a9a47193,Singrauli,Madhya Pradesh,India,"Singrauli, Madhya Pradesh, India",Coal India Limited,Management Trainee (Mining),founders,member_urn,"Coal India Limited (CIL) the state owned coal mining corporate came into being in November 1975. With a modest production of 79 Million Tonnes (MTs) at the year of its inception CIL today is the single largest coal producer in the world. Operating through 82 mining areas CIL is an apex body with 7 wholly owned coal producing subsidiaries and 1 mine planning and consultancy company spread over 8 provincial states of India. CIL also manages 200 other establishments like workshops, hospitals etc. Further, it also owns 26 technical & management training institutes and 102 Vocational Training Institutes Centres. Indian Institute of Coal Management (IICM) as a state-of-the-art Management Training ‘Centre of Excellence’ the largest Corporate Training Institute in India, operates under CIL and conducts management development programmes. The producing Indian subsidiary companies of Coal India Limited are, 1. Eastern Coalfields Limited (ECL) 2. Bharat Coking Coal Limited (BCCL) 3. Central Coalfields Limited (CCL) 4. Western Coalfields Limited (WCL) 5. South Eastern Coalfields Limited (SECL) 6. Northern Coalfields Limited (NCL) 7. Mahanadi Coalfields Limited (MCL)",836,1975,Mining,14622412,https://in.linkedin.com/company/coal-india-ltd,"Kolkata, West Bengal, India",Mining and Coal Industry,http://www.coalindia.in,,6/2025,false,,false,,4032,2026-08-25 00:00:00.000 +0530,,,,,,,,,,,,,,,,,87,
Rupesh Kumar,Rupesh,Kumar,https://www.linkedin.com/in/rupesh-kumar5188,urn:li:member:52946313,rupesh-kumar5188,Dhanbad,Jharkhand,India,"Dhanbad, Jharkhand, India",Coal India Limited,Senior Manager (Mining),10+yoe_indian,member_urn,"Coal India Limited (CIL) the state owned coal mining corporate came into being in November 1975. With a modest production of 79 Million Tonnes (MTs) at the year of its inception CIL today is the single largest coal producer in the world. Operating through 82 mining areas CIL is an apex body with 7 wholly owned coal producing subsidiaries and 1 mine planning and consultancy company spread over 8 provincial states of India. CIL also manages 200 other establishments like workshops, hospitals etc. Further, it also owns 26 technical & management training institutes and 102 Vocational Training Institutes Centres. Indian Institute of Coal Management (IICM) as a state-of-the-art Management Training ‘Centre of Excellence’ the largest Corporate Training Institute in India, operates under CIL and conducts management development programmes. The producing Indian subsidiary companies of Coal India Limited are, 1. Eastern Coalfields Limited (ECL) 2. Bharat Coking Coal Limited (BCCL) 3. Central Coalfields Limited (CCL) 4. Western Coalfields Limited (WCL) 5. South Eastern Coalfields Limited (SECL) 6. Northern Coalfields Limited (NCL) 7. Mahanadi Coalfields Limited (MCL)",846,1975,Mining,14622412,https://in.linkedin.com/company/coal-india-ltd,"Kolkata, West Bengal, India",Mining and Coal Industry,http://www.coalindia.in,,4/2025,false,https://media.licdn.com/dms/image/v2/D4D03AQFUkXNEUCWCcg/profile-displayphoto-shrink_100_100/profile-displayphoto-shrink_100_100/0/1686400545941?e=1788998400&v=beta&t=5P3UtW6F2YlSu85q935UHEzr5xBAI9Uk9LbuFMKk9jg,false,"Experienced Mining Manager with a demonstrated history of working in the mining industry. Skilled in Operations Management, Feasibility Studies, Microsoft Excel, Engineering, and Mining. Strong engineering professional with a Bachelor of Technology (B.Tech.) focused in Mining from Indian Institute of Technology (Indian School of Mines), Dhanbad.",669,2026-08-25 00:00:00.000 +0530,,,,,,,,,,,,,,,,,87,
Rishabh Chandra,Rishabh,Chandra,https://www.linkedin.com/in/rishabh-chandra-850aa3159,urn:li:member:638716668,rishabh-chandra-850aa3159,Delhi,,India,"Delhi, India",Vinciis,Co-Founder,founders,member_urn,,,,,14547187,http://www.linkedin.com/company/vinciis,,,,"Started as an Account Executive and worked with 30+ clients (SMEs & Corporate) in Varanasi for outdoor and digital advertising, I handled each account's goal planning, budgeting, campaign reporting and measurement with a team of graphic designers, copywriter, analysts and more. Within no time, I and my team were able to devise city wide campaigns that were unique, impacting and sustainable, and those which helped brands to reach the right people in a right environment. Later with all the learnings from the market, we are developing a web3.0 Ad marketplace for outdoor advertising industry to engage and reward audiences thus making advertising fair, accountable and lesser evil.",5/2019,false,,false,Inviting potential teammates who would like to deliver in advertising industry and also in programming and embedded systems engineering.,3394,2026-08-25 00:00:00.000 +0530,,,,,,,,,,17,28,,,,,,1447,
sanjeev kumar T.,sanjeev kumar,T.,https://www.linkedin.com/in/sanjeev-kumar-t-81a4a5212,urn:li:member:902979670,sanjeev-kumar-t-81a4a5212,Gaya,Bihar,India,"Gaya, Bihar, India",Coal India Limited,Shop Manager,10+yoe_indian,member_urn,"Coal India Limited (CIL) the state owned coal mining corporate came into being in November 1975. With a modest production of 79 Million Tonnes (MTs) at the year of its inception CIL today is the single largest coal producer in the world. Operating through 82 mining areas CIL is an apex body with 7 wholly owned coal producing subsidiaries and 1 mine planning and consultancy company spread over 8 provincial states of India. CIL also manages 200 other establishments like workshops, hospitals etc. Further, it also owns 26 technical & management training institutes and 102 Vocational Training Institutes Centres. Indian Institute of Coal Management (IICM) as a state-of-the-art Management Training ‘Centre of Excellence’ the largest Corporate Training Institute in India, operates under CIL and conducts management development programmes. The producing Indian subsidiary companies of Coal India Limited are, 1. Eastern Coalfields Limited (ECL) 2. Bharat Coking Coal Limited (BCCL) 3. Central Coalfields Limited (CCL) 4. Western Coalfields Limited (WCL) 5. South Eastern Coalfields Limited (SECL) 6. Northern Coalfields Limited (NCL) 7. Mahanadi Coalfields Limited (MCL)",846,1975,Mining,14622412,https://in.linkedin.com/company/coal-india-ltd,"Kolkata, West Bengal, India",Mining and Coal Industry,http://www.coalindia.in,,1/2012,false,https://media.licdn.com/dms/image/v2/C4E03AQEI3nwNtpIF9Q/profile-displayphoto-shrink_100_100/profile-displayphoto-shrink_100_100/0/1621503122301?e=1788998400&v=beta&t=7R5yb8ZuChU87gMVCaFlgBDXEtN9nxZFS5EsLA8QR_M,false,"A Graduate Mechanical Engineer from NIT Jalandhar & MBA from IIT(ISM) Dhanbad with 10 +Years of experience in Mining and Metal sector with expertise in Engine overhauling, trouble shooting, planning, procurement and engineering services with impeccable written & verbal communication skills.",671,2026-08-25 00:00:00.000 +0530,,,,,,,,,,,,,,,,,87,
Kumar Gaurav,Kumar,Gaurav,https://www.linkedin.com/in/kumar-gaurav-5b4350211,urn:li:member:899632216,kumar-gaurav-5b4350211,Duddhi,Uttar Pradesh,India,"Duddhi, Uttar Pradesh, India",Coal India Limited,Deputy Manager,10+yoe_indian,member_urn,"Coal India Limited (CIL) the state owned coal mining corporate came into being in November 1975. With a modest production of 79 Million Tonnes (MTs) at the year of its inception CIL today is the single largest coal producer in the world. Operating through 82 mining areas CIL is an apex body with 7 wholly owned coal producing subsidiaries and 1 mine planning and consultancy company spread over 8 provincial states of India. CIL also manages 200 other establishments like workshops, hospitals etc. Further, it also owns 26 technical & management training institutes and 102 Vocational Training Institutes Centres. Indian Institute of Coal Management (IICM) as a state-of-the-art Management Training ‘Centre of Excellence’ the largest Corporate Training Institute in India, operates under CIL and conducts management development programmes. The producing Indian subsidiary companies of Coal India Limited are, 1. Eastern Coalfields Limited (ECL) 2. Bharat Coking Coal Limited (BCCL) 3. Central Coalfields Limited (CCL) 4. Western Coalfields Limited (WCL) 5. South Eastern Coalfields Limited (SECL) 6. Northern Coalfields Limited (NCL) 7. Mahanadi Coalfields Limited (MCL)",846,1975,Mining,14622412,https://in.linkedin.com/company/coal-india-ltd,"Kolkata, West Bengal, India",Mining and Coal Industry,http://www.coalindia.in,,7/2014,false,,false,Working in coal India Ltd. since 2014. Have almost 8 years of experience. 2.5 years of ug mines experience and rest in highly mechanised mine of Northern coal fields Ltd. Qualified FCC in 2017.,1879,2026-08-25 00:00:00.000 +0530,,,,,,,,,,,,,,,,,87,
Swagata Dutta,Swagata,Dutta,https://www.linkedin.com/in/swagata-dutta-3bb117146,urn:li:member:591507071,swagata-dutta-3bb117146,West Bengal,,India,"West Bengal, India",Coal India Limited,Deputy Manager,6-10yoe_global_indian,member_urn,"This is the official page of Coal India Limited. Coal India Limited (CIL) the state-owned coal mining corporate, came into being in November 1975. With a modest production of 79 Million Tonnes (MTs) at the year of its inception Coal India, today is the single largest coal producer in the world and one of the largest corporate employer with manpower of 2,12,066 (as on 1st April, 2026). Spread across eight Indian states, CIL operates in 85 mining areas, managing a total of 295 working mines, consisting of 121 underground, 163 opencast, and 11 mixed mines along with other establishments like workshops, hospitals, and so on. CIL is a Maharatna company – a privileged status conferred by the Government of India to select state-owned enterprises in order to empower them to expand their operations and emerge as global giants. CIL has thirteen subsidiary companies viz. Eastern Coalfields Limited (ECL), Bharat Coking Coal Limited (BCCL), Central Coalfields Limited (CCL), Western Coalfields Limited (WCL), South Eastern Coalfields Limited (SECL), Northern Coalfields Limited (NCL), Mahanadi Coalfields Limited (MCL), Central Mine Planning & Design Institute Limited (CMPDIL), CIL Navi Karniya Urja Limited (for development of non-conventional/clean & renewable energy), Bharat Coal Gasification and Chemicals Ltd. (for development of Coal-to-Ammonium Nitrate project in India), Coal Gas India Ltd. (for coal gasification projects) & CIL Rajasthan Akshay Urja Limited (for renewable business). CIL has a foreign subsidiary in Mozambique namely Coal India Africana Limitada (CIAL) (for acquiring, exploration, and development of overseas coal assets). Further, CIL has six joint venture companies – Hindustan Urvarak & Rasayan Limited, Talcher Fertilizers Ltd., CIL NTPC Urja Pvt. Ltd., Coal Lignite Urja Private Limited, International Coal Venture Private Limited & DVC CIL Power Private Ltd. The mines in Assam i.e. North Eastern Coalfields (NEC), are managed directly by CIL.",2666,1975,Mining,90357974,https://in.linkedin.com/company/coalindialtd,"Baruipur, West Bengal, India","Coal Mining, Energy Provider, and Foraying into Renewables",https://www.coalindia.in,,1/2024,false,,false,,3694,2026-08-25 00:00:00.000 +0530,,,,,,,,,,,,,,,,,88,
Rajat Verma,Rajat,Verma,https://www.linkedin.com/in/rajat-verma-4949a517,urn:li:member:59189872,rajat-verma-4949a517,,,Greater Raipur Area,Greater Raipur Area,Adani Enterprises Limited,General Manager,10+yoe_global,member_urn,,,,,,,,,,,,true,https://media.licdn.com/dms/image/v2/C4D03AQHdZnb1hPKlWA/profile-displayphoto-shrink_100_100/profile-displayphoto-shrink_100_100/0/1516768714536?e=1788998400&v=beta&t=efF9Ethwq-hPANzvOucZe36l_uQ_8fVOoHDvr7bNWKo,false,"A “Performance Driven Professional” with an International experience of over 25 years in Coal washing plants and coal mines, while working across various coal fields in India and in South Africa. While being engaged in and being responsible for, the experience spans across - Plant design, feasibility analysis, Project Management, Operations management of Coal Washing plants (Including Coking Coal Washery), Problem Solving and Operations Management at an integrated Mine and Wash Plant Complex. Main objective in all above roles being to optimise the plant design & operations and drive process efficiencies, in order to achieve bottom Line benefits for the business.",2697,2026-09-01 17:03:38.642 +0530,A seasoned professional,,,,,,,,,,,,,,,,1500,
Naveenkumar Harimanikyam,Naveenkumar,Harimanikyam,https://www.linkedin.com/in/naveenkumar-harimanikyam-59231310a,urn:li:member:460614782,naveenkumar-harimanikyam-59231310a,Guntur,Andhra Pradesh,India,"Guntur, Andhra Pradesh, India",Coal India Limited,Deputy Manager,6-10yoe_global_indian,member_urn,"This is the official page of Coal India Limited. Coal India Limited (CIL) the state-owned coal mining corporate, came into being in November 1975. With a modest production of 79 Million Tonnes (MTs) at the year of its inception Coal India, today is the single largest coal producer in the world and one of the largest corporate employer with manpower of 2,12,066 (as on 1st April, 2026). Spread across eight Indian states, CIL operates in 85 mining areas, managing a total of 295 working mines, consisting of 121 underground, 163 opencast, and 11 mixed mines along with other establishments like workshops, hospitals, and so on. CIL is a Maharatna company – a privileged status conferred by the Government of India to select state-owned enterprises in order to empower them to expand their operations and emerge as global giants. CIL has thirteen subsidiary companies viz. Eastern Coalfields Limited (ECL), Bharat Coking Coal Limited (BCCL), Central Coalfields Limited (CCL), Western Coalfields Limited (WCL), South Eastern Coalfields Limited (SECL), Northern Coalfields Limited (NCL), Mahanadi Coalfields Limited (MCL), Central Mine Planning & Design Institute Limited (CMPDIL), CIL Navi Karniya Urja Limited (for development of non-conventional/clean & renewable energy), Bharat Coal Gasification and Chemicals Ltd. (for development of Coal-to-Ammonium Nitrate project in India), Coal Gas India Ltd. (for coal gasification projects) & CIL Rajasthan Akshay Urja Limited (for renewable business). CIL has a foreign subsidiary in Mozambique namely Coal India Africana Limitada (CIAL) (for acquiring, exploration, and development of overseas coal assets). Further, CIL has six joint venture companies – Hindustan Urvarak & Rasayan Limited, Talcher Fertilizers Ltd., CIL NTPC Urja Pvt. Ltd., Coal Lignite Urja Private Limited, International Coal Venture Private Limited & DVC CIL Power Private Ltd. The mines in Assam i.e. North Eastern Coalfields (NEC), are managed directly by CIL.",2666,1975,Mining,90357974,https://in.linkedin.com/company/coalindialtd,"Baruipur, West Bengal, India","Coal Mining, Energy Provider, and Foraying into Renewables",https://www.coalindia.in,,3/2022,true,,false,,3693,2026-08-25 00:00:00.000 +0530,,,,,,,,,,,,,,,,,88,
asheesh kumar,asheesh,kumar,https://www.linkedin.com/in/asheesh-kumar-bb897017,urn:li:member:59120060,asheesh-kumar-bb897017,Chatra district,,India,"Chatra district, India",Coal India Limited,Director of Business Development,10+yoe_indian,member_urn,"This is the official page of Coal India Limited. Coal India Limited (CIL) the state-owned coal mining corporate, came into being in November 1975. With a modest production of 79 Million Tonnes (MTs) at the year of its inception Coal India, today is the single largest coal producer in the world and one of the largest corporate employer with manpower of 2,12,066 (as on 1st April, 2026). Spread across eight Indian states, CIL operates in 85 mining areas, managing a total of 295 working mines, consisting of 121 underground, 163 opencast, and 11 mixed mines along with other establishments like workshops, hospitals, and so on. CIL is a Maharatna company – a privileged status conferred by the Government of India to select state-owned enterprises in order to empower them to expand their operations and emerge as global giants. CIL has thirteen subsidiary companies viz. Eastern Coalfields Limited (ECL), Bharat Coking Coal Limited (BCCL), Central Coalfields Limited (CCL), Western Coalfields Limited (WCL), South Eastern Coalfields Limited (SECL), Northern Coalfields Limited (NCL), Mahanadi Coalfields Limited (MCL), Central Mine Planning & Design Institute Limited (CMPDIL), CIL Navi Karniya Urja Limited (for development of non-conventional/clean & renewable energy), Bharat Coal Gasification and Chemicals Ltd. (for development of Coal-to-Ammonium Nitrate project in India), Coal Gas India Ltd. (for coal gasification projects) & CIL Rajasthan Akshay Urja Limited (for renewable business). CIL has a foreign subsidiary in Mozambique namely Coal India Africana Limitada (CIAL) (for acquiring, exploration, and development of overseas coal assets). Further, CIL has six joint venture companies – Hindustan Urvarak & Rasayan Limited, Talcher Fertilizers Ltd., CIL NTPC Urja Pvt. Ltd., Coal Lignite Urja Private Limited, International Coal Venture Private Limited & DVC CIL Power Private Ltd. The mines in Assam i.e. North Eastern Coalfields (NEC), are managed directly by CIL.",2666,1975,Mining,90357974,https://in.linkedin.com/company/coalindialtd,"Baruipur, West Bengal, India","Coal Mining, Energy Provider, and Foraying into Renewables",https://www.coalindia.in,,8/2025,false,https://media.licdn.com/dms/image/v2/D5603AQEHmgxB8tEuXQ/profile-displayphoto-shrink_100_100/profile-displayphoto-shrink_100_100/0/1721485000381?e=1788998400&v=beta&t=6g4hJ0plrVQSTlRR8MPh44_jcJJGxsyUCsXVXctbfkU,false,,1630,2026-08-25 00:00:00.000 +0530,,,,,,,,,,,,,,,,,88,
KUMAR GAURAV,KUMAR,GAURAV,https://www.linkedin.com/in/kumar-gaurav-b0b60074,urn:li:member:264261179,kumar-gaurav-b0b60074,Gorakhpur,Uttar Pradesh,India,"Gorakhpur, Uttar Pradesh, India",Coal India Limited,Deputy Manager,10+yoe_indian,member_urn,"This is the official page of Coal India Limited. Coal India Limited (CIL) the state-owned coal mining corporate, came into being in November 1975. With a modest production of 79 Million Tonnes (MTs) at the year of its inception Coal India, today is the single largest coal producer in the world and one of the largest corporate employer with manpower of 2,12,066 (as on 1st April, 2026). Spread across eight Indian states, CIL operates in 85 mining areas, managing a total of 295 working mines, consisting of 121 underground, 163 opencast, and 11 mixed mines along with other establishments like workshops, hospitals, and so on. CIL is a Maharatna company – a privileged status conferred by the Government of India to select state-owned enterprises in order to empower them to expand their operations and emerge as global giants. CIL has thirteen subsidiary companies viz. Eastern Coalfields Limited (ECL), Bharat Coking Coal Limited (BCCL), Central Coalfields Limited (CCL), Western Coalfields Limited (WCL), South Eastern Coalfields Limited (SECL), Northern Coalfields Limited (NCL), Mahanadi Coalfields Limited (MCL), Central Mine Planning & Design Institute Limited (CMPDIL), CIL Navi Karniya Urja Limited (for development of non-conventional/clean & renewable energy), Bharat Coal Gasification and Chemicals Ltd. (for development of Coal-to-Ammonium Nitrate project in India), Coal Gas India Ltd. (for coal gasification projects) & CIL Rajasthan Akshay Urja Limited (for renewable business). CIL has a foreign subsidiary in Mozambique namely Coal India Africana Limitada (CIAL) (for acquiring, exploration, and development of overseas coal assets). Further, CIL has six joint venture companies – Hindustan Urvarak & Rasayan Limited, Talcher Fertilizers Ltd., CIL NTPC Urja Pvt. Ltd., Coal Lignite Urja Private Limited, International Coal Venture Private Limited & DVC CIL Power Private Ltd. The mines in Assam i.e. North Eastern Coalfields (NEC), are managed directly by CIL.",2666,1975,Mining,90357974,https://in.linkedin.com/company/coalindialtd,"Baruipur, West Bengal, India","Coal Mining, Energy Provider, and Foraying into Renewables",https://www.coalindia.in,"Having 10+ years of experience working in coal India limited. Worked in various capacities such as production incharge, blasting incharge and safety head at project level. First class manager certificate of competency certificate holder.",7/2014,false,https://media.licdn.com/dms/image/v2/D4E03AQFn9V96YbNH3g/profile-displayphoto-shrink_100_100/B4EZRkG.b6GgAk-/0/1736846339266?e=1788998400&v=beta&t=kxozBuVDNxsP0nhZUfpYCV41TNxXyqk3dLLvuR8YSUQ,false,,1611,2026-08-25 00:00:00.000 +0530,,,,,,,,,,,,,,,,,88,
Varun Pandey,Varun,Pandey,https://www.linkedin.com/in/varun-pandey-a2596213,urn:li:member:47158589,varun-pandey-a2596213,,,Dhanbad-Ranchi Area,Dhanbad-Ranchi Area,FieldAssist,"Co-founder, CTO and COO",founders,member_urn,"FieldAssist is the leading sales automation platform tailored specifically for FMCG and CPG brands. With our cutting-edge technology, we deliver real-time data insights, streamline field operations, and optimize Route-to-Market strategies, empowering you to achieve exceptional sales execution. Our SFA solution empowers you with real-time sales tracking, effective order management, and exceptional on-field execution. Also, our DMS delivers seamless distributor operations, provides accurate inventory tracking to optimize your supply chain and integrates flawlessly with ERP systems. We don’t just automate; we elevate your performance with AI-driven solutions like Sales Co-Pilot, which offers smart recommendations and guided selling to sharpen your decision-making. Our Route Optimization feature ensures your field teams minimize travel time and maximize efficiency, while Perfect Store Execution guarantees compliance and showcases excellence in-store. Moreover the Image Recognition (IR) technology enhances retail execution through real-time stock audits and performance tracking. With our scalable solutions, deep insights, and seamless integrations, FieldAssist empowers your brand to sell smarter, execute faster, and achieve remarkable growth. We at FieldAssist are dedicated to deliver powerful insights, an effortless mobile experience, and real-time analytics that empower brands to optimize their sales performance. Our scalable solutions and seamless integrations accelerate growth for FMCG and CPG brands, ensuring they achieve their fullest potential. We proudly serve clients like Coca-Cola, Beiersdorf, Mars, Philips, Vivo and many more across more than 15 countries! Our dedicated approach achieves an impressive 90% market discipline by minimizing dormant outlets and effectively addressing duplicate and fake outlets. We’re excited to continue making a positive impact together!",456,2014,Software Development,13257426,http://www.linkedin.com/company/fieldassist,"Gurugram, Haryana, India","Sales Force Automation, Secondary Sales Automation, SFA, FMCG, Apparel, Retail, Consumer Goods, SaaS Platform, Distributor Management System, DMS, Modern Trade, General Trade, CPG, GT/ MT, and Sales & Distribution Transformation",https://www.fieldassist.com,,6/2025,false,,false,"Entrepreneur, Passionate, Fitness Enthusiast, Sachinist, Nadalist, Patriot, Sports Lover, and a person who loves creating things. I am an entrepreneur who is passionate about Technology, Leadership, Politics and Governance. Excellence is what i strive for. To me success is making a difference in the world we live in. Here difference refers to improvement. I believe in Reforms and fixing things. Identifying the problems of the environment or system i am exposed to and then working hard to solve those problems.",3409,2026-08-25 00:00:00.000 +0530,,,,,,,,,,17,28,,,,,,1035,
Jitendra Kumar,Jitendra,Kumar,https://www.linkedin.com/in/jitendra-kumar-689b0a99,urn:li:member:352115529,jitendra-kumar-689b0a99,West Bengal,,India,"West Bengal, India",Coal India Limited,Manager,10+yoe_indian,member_urn,"This is the official page of Coal India Limited. Coal India Limited (CIL) the state-owned coal mining corporate, came into being in November 1975. With a modest production of 79 Million Tonnes (MTs) at the year of its inception Coal India, today is the single largest coal producer in the world and one of the largest corporate employer with manpower of 2,12,066 (as on 1st April, 2026). Spread across eight Indian states, CIL operates in 85 mining areas, managing a total of 295 working mines, consisting of 121 underground, 163 opencast, and 11 mixed mines along with other establishments like workshops, hospitals, and so on. CIL is a Maharatna company – a privileged status conferred by the Government of India to select state-owned enterprises in order to empower them to expand their operations and emerge as global giants. CIL has thirteen subsidiary companies viz. Eastern Coalfields Limited (ECL), Bharat Coking Coal Limited (BCCL), Central Coalfields Limited (CCL), Western Coalfields Limited (WCL), South Eastern Coalfields Limited (SECL), Northern Coalfields Limited (NCL), Mahanadi Coalfields Limited (MCL), Central Mine Planning & Design Institute Limited (CMPDIL), CIL Navi Karniya Urja Limited (for development of non-conventional/clean & renewable energy), Bharat Coal Gasification and Chemicals Ltd. (for development of Coal-to-Ammonium Nitrate project in India), Coal Gas India Ltd. (for coal gasification projects) & CIL Rajasthan Akshay Urja Limited (for renewable business). CIL has a foreign subsidiary in Mozambique namely Coal India Africana Limitada (CIAL) (for acquiring, exploration, and development of overseas coal assets). Further, CIL has six joint venture companies – Hindustan Urvarak & Rasayan Limited, Talcher Fertilizers Ltd., CIL NTPC Urja Pvt. Ltd., Coal Lignite Urja Private Limited, International Coal Venture Private Limited & DVC CIL Power Private Ltd. The mines in Assam i.e. North Eastern Coalfields (NEC), are managed directly by CIL.",2666,1975,Mining,90357974,https://in.linkedin.com/company/coalindialtd,"Baruipur, West Bengal, India","Coal Mining, Energy Provider, and Foraying into Renewables",https://www.coalindia.in,"UNIVERSAL MANAGER, SPACE EXPLORATION, AI/ML, CYBERSECURITY, HUMAN EMOTION, MESSENEGER OF SANATAN DHARMA",8/2011,false,https://media.licdn.com/dms/image/v2/D5603AQGgSihUTOS2Fg/profile-displayphoto-shrink_400_400/B56ZTWJPWlHsAg-/0/1738759535271?e=1788998400&v=beta&t=PxTc0Fv1jE0v_ChL3zhr14du6HPW5UXqQ_vozxRubXA,false,"With over a decade at Coal India Limited, my journey from Assistant to Manager in Geology has been marked by a deep commitment to advancing coal exploration through innovative techniques and data management. Our team's focus on integrating AI and leveraging geological software such as Minex, AutoCAD, and ArcGIS has significantly enhanced field inspection accuracy and operational efficiency. Currently, as a Manager, I'm dedicated to refining exploration strategies, supervising drilling activities, and ensuring the meticulous preparation of geological reports. With a multilingual command in English, Hindi, and Portuguese, I bridge communication gaps and foster a collaborative environment, steering projects towards successful completion while upholding the principles of universal management and environmental stewardship.",1088,2026-08-25 00:00:00.000 +0530,,,,,,,,,,,,,,,,,88,
Amit kumar,Amit,kumar,https://www.linkedin.com/in/amit-kumar-97926542,urn:li:member:149931309,amit-kumar-97926542,Madhya Pradesh,,India,"Madhya Pradesh, India",Coal India Limited,Deputy Manager,10+yoe_indian,member_urn,"This is the official page of Coal India Limited. Coal India Limited (CIL) the state-owned coal mining corporate, came into being in November 1975. With a modest production of 79 Million Tonnes (MTs) at the year of its inception Coal India, today is the single largest coal producer in the world and one of the largest corporate employer with manpower of 2,12,066 (as on 1st April, 2026). Spread across eight Indian states, CIL operates in 85 mining areas, managing a total of 295 working mines, consisting of 121 underground, 163 opencast, and 11 mixed mines along with other establishments like workshops, hospitals, and so on. CIL is a Maharatna company – a privileged status conferred by the Government of India to select state-owned enterprises in order to empower them to expand their operations and emerge as global giants. CIL has thirteen subsidiary companies viz. Eastern Coalfields Limited (ECL), Bharat Coking Coal Limited (BCCL), Central Coalfields Limited (CCL), Western Coalfields Limited (WCL), South Eastern Coalfields Limited (SECL), Northern Coalfields Limited (NCL), Mahanadi Coalfields Limited (MCL), Central Mine Planning & Design Institute Limited (CMPDIL), CIL Navi Karniya Urja Limited (for development of non-conventional/clean & renewable energy), Bharat Coal Gasification and Chemicals Ltd. (for development of Coal-to-Ammonium Nitrate project in India), Coal Gas India Ltd. (for coal gasification projects) & CIL Rajasthan Akshay Urja Limited (for renewable business). CIL has a foreign subsidiary in Mozambique namely Coal India Africana Limitada (CIAL) (for acquiring, exploration, and development of overseas coal assets). Further, CIL has six joint venture companies – Hindustan Urvarak & Rasayan Limited, Talcher Fertilizers Ltd., CIL NTPC Urja Pvt. Ltd., Coal Lignite Urja Private Limited, International Coal Venture Private Limited & DVC CIL Power Private Ltd. The mines in Assam i.e. North Eastern Coalfields (NEC), are managed directly by CIL.",2666,1975,Mining,90357974,https://in.linkedin.com/company/coalindialtd,"Baruipur, West Bengal, India","Coal Mining, Energy Provider, and Foraying into Renewables",https://www.coalindia.in,,2/2023,false,https://media.licdn.com/dms/image/v2/D4D03AQFSB9h0xfmFHQ/profile-displayphoto-shrink_100_100/profile-displayphoto-shrink_100_100/0/1706808893178?e=1788998400&v=beta&t=tqlufWntOugPX-sDyYgq7LFWKTwNh78w8H9gY4Vsn9g,false,,1610,2026-08-25 00:00:00.000 +0530,,,,,,,,,,,,,,,,,88,
Soujit Sengupta,Soujit,Sengupta,https://www.linkedin.com/in/soujit-sengupta-43b33563,urn:li:member:224766767,soujit-sengupta-43b33563,Tirupati Urban,Andhra Pradesh,India,"Tirupati Urban, Andhra Pradesh, India",,Founder and CEO,10+yoe_global,member_urn,,,,,,,,,,,,false,https://media.licdn.com/dms/image/v2/C5103AQFcjL6SXbPFIQ/profile-displayphoto-shrink_100_100/profile-displayphoto-shrink_100_100/0/1563864233485?e=1788998400&v=beta&t=GDgDCnjpETq2vTrSDlUScgQ2WyTJrmpyk0sNIuLNDew,false,"Experienced Assistant Manager with a demonstrated history of working in the mechanical or industrial engineering industry. Skilled in Nanomaterials, Spectroscopy, Water Purification, Research, and Materials Science. Strong professional with a Doctor of Philosophy - PhD focused in Materials Chemistry from Indian Institute of Technology, Madras.",2713,2026-09-01 17:03:38.642 +0530,"Capacitive Deionization for clean and healthy drinking water, Material Science",,,,,,,,,,,,,,,,,
Sayan Ghosh,Sayan,Ghosh,https://www.linkedin.com/in/sayan-ghosh-9042a147,urn:li:member:164937172,sayan-ghosh-9042a147,Bilaspur,Chhattisgarh,India,"Bilaspur, Chhattisgarh, India",Coal India Limited,Senior Manager,10+yoe_indian,member_urn,"This is the official page of Coal India Limited. Coal India Limited (CIL) the state-owned coal mining corporate, came into being in November 1975. With a modest production of 79 Million Tonnes (MTs) at the year of its inception Coal India, today is the single largest coal producer in the world and one of the largest corporate employer with manpower of 2,12,066 (as on 1st April, 2026). Spread across eight Indian states, CIL operates in 85 mining areas, managing a total of 295 working mines, consisting of 121 underground, 163 opencast, and 11 mixed mines along with other establishments like workshops, hospitals, and so on. CIL is a Maharatna company – a privileged status conferred by the Government of India to select state-owned enterprises in order to empower them to expand their operations and emerge as global giants. CIL has thirteen subsidiary companies viz. Eastern Coalfields Limited (ECL), Bharat Coking Coal Limited (BCCL), Central Coalfields Limited (CCL), Western Coalfields Limited (WCL), South Eastern Coalfields Limited (SECL), Northern Coalfields Limited (NCL), Mahanadi Coalfields Limited (MCL), Central Mine Planning & Design Institute Limited (CMPDIL), CIL Navi Karniya Urja Limited (for development of non-conventional/clean & renewable energy), Bharat Coal Gasification and Chemicals Ltd. (for development of Coal-to-Ammonium Nitrate project in India), Coal Gas India Ltd. (for coal gasification projects) & CIL Rajasthan Akshay Urja Limited (for renewable business). CIL has a foreign subsidiary in Mozambique namely Coal India Africana Limitada (CIAL) (for acquiring, exploration, and development of overseas coal assets). Further, CIL has six joint venture companies – Hindustan Urvarak & Rasayan Limited, Talcher Fertilizers Ltd., CIL NTPC Urja Pvt. Ltd., Coal Lignite Urja Private Limited, International Coal Venture Private Limited & DVC CIL Power Private Ltd. The mines in Assam i.e. North Eastern Coalfields (NEC), are managed directly by CIL.",2666,1975,Mining,90357974,https://in.linkedin.com/company/coalindialtd,"Baruipur, West Bengal, India","Coal Mining, Energy Provider, and Foraying into Renewables",https://www.coalindia.in,,2/2025,false,https://media.licdn.com/dms/image/v2/D5603AQG0ZglGKqN1Wg/profile-displayphoto-scale_200_200/B56Z2CrU11KYAY-/0/1776013890859?e=1788998400&v=beta&t=WAV-CpHpmNouFg87_t8gmDgaxZUrbacEpWUL7fvLNss,false,,1631,2026-08-25 00:00:00.000 +0530,,,,,,,,,,,,,,,,,88,
Abhishek Ghosh,Abhishek,Ghosh,https://www.linkedin.com/in/coachwithabhi,urn:li:member:485650877,coachwithabhi,Bengaluru,Karnataka,India,"Bengaluru, Karnataka, India",Abhishek Enterprise,Founder,founders,member_urn,,,,,,,,,,We help people to setup their business online!,10/2017,false,,false,"Hello! My name is Abhishek Ghosh, and I am a transformation coach specializing in weight loss and fitness. My journey from being an IITian to a coach has been unique. Seven years ago, while immersed in the demanding world of IT, I decided to transform my health and self-image. I not only lost weight but also experienced a significant boost in confidence and well-being. Inspired by my personal success, I embarked on a mission to create an obesity-free India, aiming to help people from all walks of life become the best versions of themselves. Over the past seven years, I’ve coached over 5,000 individuals worldwide, providing customized, solution-driven coaching. But I believe it doesn't stop at fitness and weight loss, transformation is a multifaceted process. It encompasses more than just physical change; it involves emotional and mental growth as well. This understanding led me to expand my coaching services into other areas such as relationship building, boosting self-confidence in young adults, stress management, and empowering people to build healthy habits. I've seen firsthand how a balanced, well-rounded approach can lead to profound life changes. By addressing various aspects of personal development, I help my clients cultivate resilience, foster meaningful relationships, and develop a robust sense of self-worth. It's about creating a holistic transformation that touches every part of their lives. Today, I am dedicated to guiding individuals on their journeys to health, happiness, and self-fulfillment. Whether you're looking to lose weight, improve self-confidence, manage stress, or build lasting healthy habits, I am here to support you every step of the way. I look forward to working together to help you turn your goals into reality and create the extraordinary life you deserve!",3272,2026-08-25 00:00:00.000 +0530,,,,,,,,,,17,28,,,,,,1489,
Aakash Kharwar,Aakash,Kharwar,https://www.linkedin.com/in/aakash-kharwar-6586ab130,urn:li:member:539197412,aakash-kharwar-6586ab130,New Delhi,Delhi,India,"New Delhi, Delhi, India",AS PVT. LTD,Company Owner,founders,member_urn,,,,,,,,,,,5/2022,false,,false,"Every morning when I wake up, I always try and turn the pages for the last 10 years of my life. And all the parameters point to one direction only. I am capable of doing more He has B.Tech degree from IIT ISM Dhanbad Skills: Data/Business Analyst Identifying and Cleaning different types of data Effectively visualize data and create dashboards Knowledge of statistical methods, Team management, Strategy, SQL, Python handling large datasets with advanced querying. Being an analyst not only drives me passionately but I am always thrilled to be on this ride. If you are a passionate analyst as well then connect with me, we just might have some great conversations. If you are a recruiter then I am searching for the next phase of challenge in my career path.",3282,2026-08-25 00:00:00.000 +0530,,,,,,,,,,17,28,,,,,,1555,
Hitesh Kumar,Hitesh,Kumar,https://www.linkedin.com/in/hitesh-kumar-08b0456a,urn:li:member:244942379,hitesh-kumar-08b0456a,Nagpur,Maharashtra,India,"Nagpur, Maharashtra, India",Coal India Limited,Manager,6-10yoe_global_indian,member_urn,"This is the official page of Coal India Limited. Coal India Limited (CIL) the state-owned coal mining corporate, came into being in November 1975. With a modest production of 79 Million Tonnes (MTs) at the year of its inception Coal India, today is the single largest coal producer in the world and one of the largest corporate employer with manpower of 2,12,066 (as on 1st April, 2026). Spread across eight Indian states, CIL operates in 85 mining areas, managing a total of 295 working mines, consisting of 121 underground, 163 opencast, and 11 mixed mines along with other establishments like workshops, hospitals, and so on. CIL is a Maharatna company – a privileged status conferred by the Government of India to select state-owned enterprises in order to empower them to expand their operations and emerge as global giants. CIL has thirteen subsidiary companies viz. Eastern Coalfields Limited (ECL), Bharat Coking Coal Limited (BCCL), Central Coalfields Limited (CCL), Western Coalfields Limited (WCL), South Eastern Coalfields Limited (SECL), Northern Coalfields Limited (NCL), Mahanadi Coalfields Limited (MCL), Central Mine Planning & Design Institute Limited (CMPDIL), CIL Navi Karniya Urja Limited (for development of non-conventional/clean & renewable energy), Bharat Coal Gasification and Chemicals Ltd. (for development of Coal-to-Ammonium Nitrate project in India), Coal Gas India Ltd. (for coal gasification projects) & CIL Rajasthan Akshay Urja Limited (for renewable business). CIL has a foreign subsidiary in Mozambique namely Coal India Africana Limitada (CIAL) (for acquiring, exploration, and development of overseas coal assets). Further, CIL has six joint venture companies – Hindustan Urvarak & Rasayan Limited, Talcher Fertilizers Ltd., CIL NTPC Urja Pvt. Ltd., Coal Lignite Urja Private Limited, International Coal Venture Private Limited & DVC CIL Power Private Ltd. The mines in Assam i.e. North Eastern Coalfields (NEC), are managed directly by CIL.",2666,1975,Mining,90357974,https://in.linkedin.com/company/coalindialtd,"Baruipur, West Bengal, India","Coal Mining, Energy Provider, and Foraying into Renewables",https://www.coalindia.in,"Safety & Operational Excellence | Mine Planning & Compliance - Driving proactive risk mitigation & 100% DGMS statutory compliance. - Pioneering advanced safety programs ⚠️, reducing hazards through predictive analytics.",1/2025,false,https://media.licdn.com/dms/image/v2/C5603AQG9TbJz0xqjyA/profile-displayphoto-shrink_100_100/profile-displayphoto-shrink_100_100/0/1517440639137?e=1788998400&v=beta&t=ggavDJ5L2q3wePksXMgNSoNgx8W3m3SX4NhsgpzZKYU,false,"Mining Engineer | FMCC (UR) | IIT (ISM) Dhanabd | VNIT Nagpur | CIL | I am a Mining Engineering graduate from IIT (ISM) Dhanbad (2016), currently working with Coal India Limited (WCL) with over 10 years of hands-on experience across both underground and opencast mining operations. I hold a First-Class Manager’s Certificate of Competency (DGMS, 2021) and recently completed my M.Tech. in Excavation Engineering from VNIT Nagpur (2025), with a focus on Slope Stability and Blasting Technology.I’ve held diverse roles including Production In-charge, Safety Officer, Blasting Officer, and ISO Certification Coordinator, with responsibilities spanning mine planning, production, controlled blasting, and safety compliance.I bring a strong command of tools like RS2, FLAC/SLOP, SURPAC, AutoCAD, and ArcGIS, along with a proven ability to lead teams, streamline processes, and ensure operational excellence with safety at the core. Open to collaborations, technical discussions, and opportunities that challenge the future of sustainable and safe mining.",182,2026-08-25 00:00:00.000 +0530,,,,,,,,,,,,,,,,,88,
Avaneesh Kumar Saket,Avaneesh Kumar,Saket,https://www.linkedin.com/in/avaneesh-kumar-saket-168747405,urn:li:member:1736693792,avaneesh-kumar-saket-168747405,Shahdol,Madhya Pradesh,India,"Shahdol, Madhya Pradesh, India",Coal India Limited,Deputy Manager,6-10yoe_global_indian,member_urn,"This is the official page of Coal India Limited. Coal India Limited (CIL) the state-owned coal mining corporate, came into being in November 1975. With a modest production of 79 Million Tonnes (MTs) at the year of its inception Coal India, today is the single largest coal producer in the world and one of the largest corporate employer with manpower of 2,12,066 (as on 1st April, 2026). Spread across eight Indian states, CIL operates in 85 mining areas, managing a total of 295 working mines, consisting of 121 underground, 163 opencast, and 11 mixed mines along with other establishments like workshops, hospitals, and so on. CIL is a Maharatna company – a privileged status conferred by the Government of India to select state-owned enterprises in order to empower them to expand their operations and emerge as global giants. CIL has thirteen subsidiary companies viz. Eastern Coalfields Limited (ECL), Bharat Coking Coal Limited (BCCL), Central Coalfields Limited (CCL), Western Coalfields Limited (WCL), South Eastern Coalfields Limited (SECL), Northern Coalfields Limited (NCL), Mahanadi Coalfields Limited (MCL), Central Mine Planning & Design Institute Limited (CMPDIL), CIL Navi Karniya Urja Limited (for development of non-conventional/clean & renewable energy), Bharat Coal Gasification and Chemicals Ltd. (for development of Coal-to-Ammonium Nitrate project in India), Coal Gas India Ltd. (for coal gasification projects) & CIL Rajasthan Akshay Urja Limited (for renewable business). CIL has a foreign subsidiary in Mozambique namely Coal India Africana Limitada (CIAL) (for acquiring, exploration, and development of overseas coal assets). Further, CIL has six joint venture companies – Hindustan Urvarak & Rasayan Limited, Talcher Fertilizers Ltd., CIL NTPC Urja Pvt. Ltd., Coal Lignite Urja Private Limited, International Coal Venture Private Limited & DVC CIL Power Private Ltd. The mines in Assam i.e. North Eastern Coalfields (NEC), are managed directly by CIL.",2666,1975,Mining,90357974,https://in.linkedin.com/company/coalindialtd,"Baruipur, West Bengal, India","Coal Mining, Energy Provider, and Foraying into Renewables",https://www.coalindia.in,,12/2018,false,https://media.licdn.com/dms/image/v2/D4E03AQGxSNlcZSpsVg/profile-displayphoto-scale_100_100/B4EZ29RPMpIcAc-/0/1776996907142?e=1788998400&v=beta&t=OqNOJbUYGEGxJK6a_ymIwTJBrm1610DLIC0AFG0Z4Ms,false,"Coal India Limited relies on collaborative leadership to manage energy operations, driven by expertise in coal handling and electrical engineering. Holding a Bachelor of Technology in Electrical and Electronics Engineering from IIT (ISM) Dhanbad, the organization leverages technical acumen to optimize processes and contribute to the energy sector. The team incorporates solar power solutions into projects, aligning with sustainable energy practices.",159,2026-08-25 00:00:00.000 +0530,,,,,,,,,,,,,,,,,88,
Sanyam Singhal,Sanyam,Singhal,https://www.linkedin.com/in/sanyam-singhal-1223097b,urn:li:member:284430698,sanyam-singhal-1223097b,,,Greater Delhi Area,Greater Delhi Area,Comviva,Director Technical,10+yoe_indian,member_urn,"Comviva empowers organizations to drive transformative growth with measurable business impact. Our AI-driven digital solutions and intelligent platforms enable our customer to unlock new revenue opportunities, enhance customer experiences, and simplify operational complexities to achieve exponential success. From maximizing customer lifetime value to enabling large-scale digital transformation, Comviva is trusted by 200+ global communication service providers and enterprises to solve complex challenges and prepare for the future. With our solutions deployed across 100+ countries, Comviva has brought the benefits of digital innovation and mobility to billions worldwide. As a subsidiary of Tech Mahindra and a member of the Mahindra Group, Comviva is committed to driving growth, efficiency, and transformation for tomorrow. For more information, visit us at www.comviva.com",3287,,Software Development,2964159,https://in.linkedin.com/company/comviva,"Tauru, Haryana, India","Mobility Solutions, Banking Solutions, Data Monetization, Customer Experience Management, Digital Systems, Digital Content, Digital Payments, Financial Solutions, Digital Wallets, Merchant Payments, Digital Lending, Digital BSS, Media and Digital Services, Integrated Messaging, OTT Services, Convergent Billing, Sales and Distribution, Electronic Recharge, Voucher Management, Digital Service Delivery, Digital Experience Management, Digital Content Aggregation, and Omni Channel Marketing",http://www.comviva.com,,12/2025,false,https://media.licdn.com/dms/image/v2/C5103AQGmMk6Dmb4few/profile-displayphoto-shrink_100_100/profile-displayphoto-shrink_100_100/0/1582270632628?e=1788998400&v=beta&t=pMZvKJx95VXApBBKlTjYQQBJsJy1awh7YE9MpVWWnM0,false,"I have worked on Mobile Money Solutions , CRMs , AMC solutions. While working on these projects I have played the role of developer , consultant , system architect, technical team lead. I have experience of working in a fast pace environment and led the teams through difficult implementation phases. I believe in delivering without followups.",842,2026-08-25 00:00:00.000 +0530,,,,,,,,,,,,,,,,,89,
Ankita Rani,Ankita,Rani,https://www.linkedin.com/in/ankita-rani-92526228a,urn:li:member:1177104557,ankita-rani-92526228a,,,India,India,"Indian Institute of Technology, Guwahati",Postdoctoral Researcher,6-10yoe_global_indian,member_urn,,,,,,,,,,,,false,https://media.licdn.com/dms/image/v2/D5603AQFzhn7Dybq0vw/profile-displayphoto-shrink_800_800/B56ZZDdjKRH0Ag-/0/1744888542252?e=1788998400&v=beta&t=2GkHZdwbzAupYDDrTBmOAJf95wfs5tFa_m45WyaRnxU,false,"Experience: Indian Institute of Technology, Guwahati · Education: Indian Institute of Technology (Indian School of Mines), Dhanbad · Location: India · 44 connections on LinkedIn. View Ankita Rani’s profile on LinkedIn, a professional community of 1 billion members.",1357,2026-09-01 17:03:38.642 +0530,"Indian Institute of Technology, Guwahati",https://in.linkedin.com/school/iitg/,45,,2017,2023,"{""Indian Institute of Technology (Indian School of Mines), Dhanbad""}",,,,,,,,,,1985,
"Dr Prem Kumar, PhD",Dr Prem,"Kumar, PhD",https://www.linkedin.com/in/dr-prem-kumar-phd-82375b285,urn:li:member:1163413467,dr-prem-kumar-phd-82375b285,,,India,India,Mining Engineering Services,Sr. Geologist,6-10yoe_global_indian,member_urn,,,,,,,,,,,,false,https://media.licdn.com/dms/image/v2/D4E03AQEQHeVo_JidOQ/profile-displayphoto-shrink_100_100/profile-displayphoto-shrink_100_100/0/1690369445628?e=1788998400&v=beta&t=xcVjo66itskaYCwpftbndE3HJGRx_D0kqMGMUFBwe70,false,I am PhD in Earth Sciences. I am currently working as Sr Geologist in mining industry.,2261,2026-09-01 17:03:38.642 +0530,Geologist,,,,,,,,,,,,,,,,2158,
PEEYUSH SHARMA,PEEYUSH,SHARMA,https://www.linkedin.com/in/peeyush-sharma-2957204b,urn:li:member:177956753,peeyush-sharma-2957204b,Delhi,,India,"Delhi, India",Comviva,Principal Architect,10+yoe_indian,member_urn,"Comviva empowers organizations to drive transformative growth with measurable business impact. Our AI-driven digital solutions and intelligent platforms enable our customer to unlock new revenue opportunities, enhance customer experiences, and simplify operational complexities to achieve exponential success. From maximizing customer lifetime value to enabling large-scale digital transformation, Comviva is trusted by 200+ global communication service providers and enterprises to solve complex challenges and prepare for the future. With our solutions deployed across 100+ countries, Comviva has brought the benefits of digital innovation and mobility to billions worldwide. As a subsidiary of Tech Mahindra and a member of the Mahindra Group, Comviva is committed to driving growth, efficiency, and transformation for tomorrow. For more information, visit us at www.comviva.com",3287,,Software Development,2964159,https://in.linkedin.com/company/comviva,"Tauru, Haryana, India","Mobility Solutions, Banking Solutions, Data Monetization, Customer Experience Management, Digital Systems, Digital Content, Digital Payments, Financial Solutions, Digital Wallets, Merchant Payments, Digital Lending, Digital BSS, Media and Digital Services, Integrated Messaging, OTT Services, Convergent Billing, Sales and Distribution, Electronic Recharge, Voucher Management, Digital Service Delivery, Digital Experience Management, Digital Content Aggregation, and Omni Channel Marketing",http://www.comviva.com,"Leading the Saasification of Ngage and Voice products of Cpaas Ngage , in MCS Comviva",1/2023,false,https://media.licdn.com/dms/image/v2/C4D03AQEzCeCYEBVH6g/profile-displayphoto-shrink_100_100/profile-displayphoto-shrink_100_100/0/1597593115334?e=1788998400&v=beta&t=Ulld6WTXHmO1rM4i1EexmA_ED-33cmm4GR_YPyWN2uI,false,,1758,2026-08-25 00:00:00.000 +0530,,,,,,,,,,,,,,,,,89,
Amitt Agrawaal,Amitt,Agrawaal,https://www.linkedin.com/in/amittagrawaal,urn:li:member:149158289,amittagrawaal,Gurugram,Haryana,India,"Gurugram, Haryana, India",ConsultBae,Founder & CEO,founders,member_urn,"ConsultBae | Recruitment & AI Data Solutions for the Future-Ready Enterprise, Startups, Unicorns, and Fortune 500s companies. We help organizations scale faster through two core offerings: Recruitment Services – Mid to Senior-level (CXO) hiring across Tech/IT & Non-Tech roles and IT Staffing. Our decentralized hiring process, CRM & ATS-driven workflows, and expert recruiter network enable us to close positions 3X faster. AI Data Collection & Annotation via Crowd Sourcing – Speech, text, image, and video datasets curated and labeled at scale by a vetted global workforce in 100+ languages—high-quality, compliant, and production-ready. ✅ Whether you’re building high-growth teams or training advanced AI models, ConsultBae is your growth partner. Connect with us at ""sales@consultbae.com"" to scale with precision.",139,2020,IT Services and IT Consulting,69484632,https://in.linkedin.com/company/consultbae,"Gurgaon, Haryana, India","Human Resources, Consulting, Consultancy, Recruitment, Hiring, Recruitment Agency, Hiring Consultancy, Corporate Hiring, Whitecollar Hiring, Technology Hiring, staff Augmentation, IT Staffing, Technology Projects, Artificial Intelligence, AI Dataset Collection, Image Data Collection, Speech Data Collection, Video Data Collection, Audio Data Collection, Text Data Collection, Data Annotation, and crowd sourcing",https://www.consultbae.com/,"Building a Recruitment, AI Data & eLearning Services company trusted by 250+ enterprises, startups & unicorns. Hire mid-to-senior talent (Tech & Non-Tech) across India & the US Execute IT staffing projects for global IT/ITES firms Deliver AI datasets (speech, text, image, video) in 100+ languages Operate a 2M+ contributor network across 100+ countries Build eLearning courses end to end with subject matter experts, instructional designers & professional actors Designed a recruiter framework (LTS/SDL) that boosted productivity & cut TAT by 60% Partnered with Fortune 500s on data collection, annotation & quality assurance",11/2020,false,,false,"Scaling Enterprises with Talent, Learning & AI DataI help global enterprises hire smarter, staff faster, upskill teams & train AI better.I am an Entrepreneur with over 15 years of experience building businesses across corporates & startups, from Tata Steel to OYO, mCaffeine (founding member), SpotLYT (GenAI startup), and now ConsultBae.At ConsultBae (founded in 2020), we partner with 250+ enterprises, startups & unicorns to deliver: AI-Ready Datasets (speech, text, image, video) in 100+ languages End-to-End Recruitment & IT Staffing (mid to senior, tech & non-tech) eLearning Services: subject matter experts, instructional designers & professional actors who build, review & record courses from scratch A 2M+ contributor network across 100+ countries Trusted by Fortune 500 IT/ITES firms globallyImpact Highlights Cut hiring cycle by 60% with automation & a decentralized recruiter framework Global Image Dataset: 500,000+ images across 50+ countries Multilingual Speech Dataset: 25,000+ hours across 50+ languages Video Dataset: 2,000+ hours across 20+ countries Conversational Audio: 2,500+ hours across 10+ languages (studio quality) Supported ASR, LLM fine-tuning, NLP/NLU & computer vision use casesPast Leadership OYO: Expanded to 60+ cities; drove 20x revenue growth in NCR GoMechanic: Scaled B2B vertical pan-India mCaffeine: Founding Member & Business Head; launched beauty vertical (Series C) Tata Steel: Youngest Sr. Manager; contributed to Deming Prize & FICCI AwardVisionTo bridge Talent, Learning & AI Innovation, enabling enterprises to scale faster with smarter hiring, sharper teams & high-quality datasets. Let's connect at amitt@consultbae.com if you're exploring strategic hiring, IT staffing partnerships, eLearning content, or AI dataset collaborations.",3311,2026-08-25 00:00:00.000 +0530,,,,,,,,,,17,28,amitt@consultbae.com,amitt@consultbae.com,,,,91,
Dr. Shishir Tiwary,Dr. Shishir,Tiwary,https://www.linkedin.com/in/dr-shishir-tiwary-36874632,urn:li:member:115303040,dr-shishir-tiwary-36874632,Dhanbad,Jharkhand,India,"Dhanbad, Jharkhand, India",,Senior Project Associate,10+yoe_global,member_urn,,,,,,,,,,,,true,https://media.licdn.com/dms/image/v2/D4D03AQHG3Jk-qYhuow/profile-displayphoto-scale_100_100/B4DZlMihVuJQAc-/0/1757925744315?e=1788998400&v=beta&t=jGxjnI8ZMW9vXhH8ufJLEVHwKemBHv0OWQPOJuhkNyo,false,"Chemical Engineer and Ph.D. researcher with extensive experience in energy systems, process modelling, carbon capture, thermochemical conversion, and data-driven engineering. My research and project experience spans high-temperature CO₂ capture, coal/biomass gasification, computational modelling, and methane-emission assessment, with a focus on translating complex chemical and physical phenomena into practical engineering solutions. During my Ph.D. at IIT (ISM) Dhanbad, I developed fly ash- and MgO-modified CaO-based sorbents for high-temperature CO₂ capture, investigating sorbent performance, carbonation/calcination behaviour, and kinetic aspects of CO₂ uptake. I have hands-on experience with High-Pressure TGA, TGA, fixed-bed reactors, fluidized-bed gasification systems, XRD, and gas analysis.My computational experience includes COMSOL Multiphysics modelling of underground coal gasification, where I coupled transport phenomena with heterogeneous reaction kinetics to simulate gasification behaviour and syngas generation. I have also developed AI- and data-driven models for thermochemical and energy-conversion systems using Artificial Neural Networks (ANN), Genetic Programming, Support Vector Regression (SVR), and Principal Component Analysis (PCA).My broader technical interests include CO₂ capture and decarbonization, methane mitigation, coal/biomass gasification, thermochemical conversion, reaction engineering, process modelling, multiphysics simulation, and AI-assisted energy systems. I am proficient in COMSOL Multiphysics, MATLAB/Simulink, Python, IBM SPSS, Eureqa Formulize, and RapidMiner.I am particularly interested in opportunities across energy, carbon management, process simulation, computational engineering, R&D, and low-carbon technologies, where I can combine experimental knowledge with modelling and data-driven approaches to address real-world engineering and sustainability challenges.",2771,2026-09-01 17:03:38.642 +0530,Chemical Engineer | Process Simulation & Multiphysics Modelling | Methane Mitigation | CO? Capture & Decarbonization | Energy Systems | Gasification | Artificial Intelligence | R&D,,,,,,,,,,,,,,,,,
Mohammed Arsalaan,Mohammed,Arsalaan,https://www.linkedin.com/in/arsalaan-pm,urn:li:member:1130757299,arsalaan-pm,Bengaluru,Karnataka,India,"Bengaluru, Karnataka, India",Convin,Associate Product Manager - II,founders,member_urn,"Convin is an Omnichannel AI Agent Platform for customer conversations that turns B2C interactions into revenue. It uses AI agents and conversation intelligence to automate conversations across voice and text, support customer-facing teams in real time, and analyze 100% of customer conversations across channels to generate actionable insights. This helps businesses improve sales, customer satisfaction, collections, performance, operational efficiency, and overall customer experience while reducing costs. Convin is a Bengaluru-based company founded by four IIT Delhi alumni who recognized the untapped value of customer conversation data. The company helps global businesses across industries drive measurable improvements across revenue growth, compliance adherence, agent productivity, faster ramp-up time, and reduced handling effort. Convin is backed by leading investors including Kalaari Capital. For more information, visit www.convin.ai.",150,2020,Software Development,30241839,https://in.linkedin.com/company/convin,"Bengaluru, Karnataka, India",,https://convin.ai,SaaS Monetisation,6/2026,false,,false,"Solving real problems with AI ! When I’m not shipping features or creating roadmaps, you’ll find me analyzing Option Greeks or financial statements, writing poetries, or sketching portraits. I believe the best products are built by those who understand both the data and the human spirit.",2331,2026-08-25 00:00:00.000 +0530,,,,,,,,,,,,,,,,,92,
Kunal Abhishek,Kunal,Abhishek,https://www.linkedin.com/in/kunalabhishek,urn:li:member:14758885,kunalabhishek,Bengaluru,Karnataka,India,"Bengaluru, Karnataka, India",SportzEngage,Co-Founder,founders,member_urn,"SportzEngage is a deep-tech sports analytics company on a mission to transform how athletes train, perform and grow - starting with cricket. Our flagship product, CricIQ, is a mobile-first AI companion for cricketers. Using cutting-edge computer vision and a cricket-native intelligence layer, it turns simple practice or match videos into actionable insights - tracking biomechanics, ball metrics, technique and performance trends. Founded by tech leaders from IIT and IIM and guided by Parthiv Patel (former India cricketer), we’re combining sports intelligence, advanced AI and player-first design to democratize performance insights.",9,2025,"Technology, Information and Internet",106712896,https://in.linkedin.com/company/criciq,"Bengaluru, Karnataka, India","Spectator Sports, Sports Analytics, AI Video Analysis, Sports Technology, Cricket Coaching Tech, Performance Tracking, Biomechanics, Athlete Performance, and AI in Sports",https://sportzengage.ai,"SportzEngage is a sports-tech startup operating at the intersection of AI and performance analytics. We are addressing a significant gap in grassroots and semi-professional sports - where aspiring athletes lack access to high-quality data, insights and feedback essential for development. We are developing a fully native AI and computer vision stack. Our first app, CricIQ (currently in private beta), is designed for cricket. It allows players to upload mobile-recorded training videos and receive actionable insights on their technique.",4/2025,true,,false,"Building SportzEngage, an AI-powered sports analytics platform with a proprietary CV and AI stack — starting with cricket through our flagship app, CricIQ. 20+ years in leadership roles at startups and large corporations. Co-founded Stargate (BoStreet) and Native5; held leadership positions at Paytm and Myntra. Skilled in scaling teams, driving product innovation, and executing growth strategies at the intersection of technology and business.",3375,2026-08-25 00:00:00.000 +0530,,,,,,,,,,17,28,,,,,,95,
Akash,Akash,,https://www.linkedin.com/in/akash3112,urn:li:member:455832103,akash3112,Gurugram,Haryana,India,"Gurugram, Haryana, India",Cubastion Consulting,Consultant,founders,member_urn,"Headquartered in New Delhi, India Cubastion is specialized and focused CRM consultancy serving clients across Automotive, Consumer Durable, Financial Services, Communication, Telematics in India, US and Middle East, Japan. CRM is about understanding and aligning organizational to continuously changing People needs. Irrespective of size and scale of a company, it is imperative to have CRM strategy and its close alignment with technology landscape. Cubastion principles rest on Integrity, Talent and Commitment. Our CRM consulting helps our customers in Process Definition and Technology road map. Technology offereing focus on Oracle Siebel CRM and its Ancillaries (OBIEE, BIP, AIA, OPA and BRM) implementation, upgrades, managed services and trainings.",445,2006,IT Services and IT Consulting,745277,https://in.linkedin.com/company/cubastion-consulting-pvt--ltd-,"Gurugram, Haryana, India","Siebel CRM Consulting - Reporting, Application Integration, Business Rules, Product Evaluation & Retail Consulting, Technology Innovations - Social Media Connectors, Mobility, Security, Effective Trainings & Rollouts, Digital Transformation, IT consulting, Consulting, CRM, and Siebel",https://www.cubastion.com/,,7/2025,false,,false,"Experienced Siebel CRM Consultant | API Integration Specialist | Digital Transformation Enthusiast With over 4 years of focused experience in Siebel CRM, I specialize in delivering scalable CRM solutions, building REST/SOAP APIs, and leading digital transformation projects in fast-paced, regulated environments. I’ve led the end-to-end development of 10+ high-impact projects across domains like KYC renewal, Digilocker integration, fraud detection, and customer retention – all with a strong emphasis on performance, compliance, and innovation. My contributions have resulted in measurable outcomes – including a 60% reduction in cross-sell fraud and an 11% increase in real-time customer retention. I’ve also played a critical role in Siebel version upgrade projects, ensuring seamless transitions with zero critical issues. ️ Core Skills: Siebel Configuration, Scripting, Workflow REST/SOAP APIs, EAI, VBC, EBC OPA Integration, Siebel Tools & WebTools SQL, Python, Business Analysis, Agile Delivery I’m passionate about clean design, smart automation, and solving real-world problems through enterprise applications. Whether it’s building new frameworks, mentoring junior developers, or bridging the gap between business and tech—I thrive on driving value end-to-end.",1869,2026-08-25 00:00:00.000 +0530,,,,,,,,,,,,,,,,,98,
Vijit Prabhu,Vijit,Prabhu,https://www.linkedin.com/in/prabhuvijit,urn:li:member:114052108,prabhuvijit,,,Greater Delhi Area,Greater Delhi Area,Cura Capital,Co-Founder,founders,member_urn,"You've built a career. Building wealth shouldn't feel like a second job. Cura Capital is a financial education and advisory firm for busy professionals — fee only service with zero commissions, zero conflicts of interest. Our only incentive is your financial outcome with calm and clarity driven guidance- thats 'Sukoon Wali Investing' We believe good financial decisions start with understanding, not tips or hot stocks: knowing how tax regimes really differ, what your goals actually cost, why starting early beats timing the market, and which questions to ask before committing a single rupee. Why professionals trust us: A team of chartered accountants and engineers from IIMs and IITs — with experience across the Tata Group, Jindal, TVS, Microsoft and DRDO, and 50+ years of combined market experience. We pair valuation-led thinking with real AI and data science to cut through the noise. Plain language. Real humans. No commissions. That's Sukoon wali investing. What we do: Portfolio review & investment planning Tax planning — year-round, not just in March Retirement, FI/RE & goal-based plans Women's financial planning Stock market education Corporate financial wellness workshops Guest lectures & module-based sessions at institutions AI in finance — sessions for professionals & corporates Free 2-minute Financial Health Check: https://curacapital.in/financial-health-check Investments are subject to market risks. Read all scheme-related documents carefully before investing.",18,2025,Financial Services,105890532,https://in.linkedin.com/company/cura-capital-c,"Noida, Uttar Pradesh, India","financial planning for professionals, financial wellness, financial literacy, goal-based investing, women's financial planning, stock market education, tax awareness, money management, tax planning India, retirement planning, investment planning, wealth management, portfolio review, financial independence, corporate financial wellness, corporate workshops, financial education, and AI in finance",www.curacapital.in,"Co-founded Cura Capital, a financial education and advisory for working professionals — no commissions, no product incentives. Lead engineering and AI for the firm: building the data and ML infrastructure behind portfolio research, risk profiling, and client-facing tools (including the Financial Health Check). Apply 15+ years of AI\ML, engineering and data science experiences to a domain where model reliability and explainability directly affect client trust and financial outcomes. Work alongside a team of CAs, financial analysts, and investment professionals from IIM/IIT backgrounds to combine fundamental analysis with data-driven decision support.",5/2026,false,,true,"I'm Co-Founder of Cura Capital, a financial education and guidance firm for working professionals, and Technical Partner at Rokka Labs, where I help architect the AI/ML and infrastructure-intelligence layer. Across both, the work is the same instinct: building AI-first systems and teams — quietly, deliberately, and for the long term. I'm deeply invested in building strong teams, ensuring decisions compound over time, and shaping how thoughtful leadership drives both technical and human outcomes. Before founding Cura Capital, I spent 15+ years in engineering leadership, data science, and applied research. Most recently, I was a Principal Software Engineering Manager at Microsoft, leading teams building AI- and automation-driven platforms to improve reliability, reduce operational toil, and enable faster, more proactive response at scale. Earlier, I led data science and engineering teams on Office, Bing Search, Outlook, shaping data strategy, user behavior modeling, and ML capabilities that informed product and business decisions. Before that, I worked in applied research at DRDO, on secure and reliable communication systems where correctness and resilience were non-negotiable — a foundation that still shapes how I approach system design and leadership today. I graduated from IIT as a gold medalist in Computer Science. Alongside building Cura Capital, I work with a small number of individuals and organisations on AI/ML strategy consulting, technical interview preparation for engineers, corporate AI workshops, and guest/visiting faculty engagements — and I speak on applied AI, engineering leadership, and the transition from employee to builder. Across roles, I've consistently focused on leading, delivering, and making decisions that compound over time — valuing execution, clarity, and long-term impact over noise. If any of the above is relevant to you, reach out or schedule a quick sync with me: https://topmate.io/prabhuvijit",3307,2026-08-25 00:00:00.000 +0530,,,,,,,,,,17,28,,,,,,99,
Adarsh J. Srivastava,Adarsh J.,Srivastava,https://www.linkedin.com/in/adarsh-j-srivastava-902008b1,urn:li:member:397150994,adarsh-j-srivastava-902008b1,Bengaluru,Karnataka,India,"Bengaluru, Karnataka, India",DeHaat Honest Farms,Co-founder & CEO,founders,member_urn,"DeHaat Honest Farms is on a mission to make pesticide-free food the new standard in India, and since 2022, that mission has had a name. People are the strength behind this brand, a passionate, driven team spread across the country, united by one purpose: delivering on every promise made. Trust is at the core of everything, from the farmers we partner with to the consumers we serve.",7,,Food and Beverage Services,116433943,https://in.linkedin.com/company/dehaat-honest-farms,"Bengaluru South, Karnataka, India",,www.honestfarms.com,,4/2026,false,,false,"Experienced Director with a demonstrated history of working in the information technology and services industry. Skilled in Business Planning, Entrepreneurship, Market Research, Leadership, and Marketing. Strong professional with a Bachelor of Technology (B.Tech.) focused in Mechanical Engineering from Indian Institute of Technology (Indian School of Mines), Dhanbad.",3381,2026-08-25 00:00:00.000 +0530,,,,,,,,,,17,28,,,,,,102,
Sourish Chatterjee,Sourish,Chatterjee,https://www.linkedin.com/in/sourish-prodman,urn:li:member:612369165,sourish-prodman,Bengaluru,Karnataka,India,"Bengaluru, Karnataka, India",Delostyle Studio Private Limited,Technical Product Manager,founders,member_urn,"Delostyle Studio Private Limited has been incorporated in the year 2016. Being a new venture we always preferred to provide quality service to our clients. Our pool of talents are not limited to any direction and thus we believe our strength to be our employees and clients. We strive to be the best and we are still in the hunt of perfection. We specialize in e-commerce website design projects that combines of strategy and cutting-edge technology into businesses, hence enabling huge cost cuttings in your daily expenses. We provide solution to your business that helps you to do your business flawlessly. We want to hear the problem that you are facing in your business. Our team of experts will provide you the solution that is future proof so that you do not have to look back to your problem anymore. Delostyle Studio believes in delivering quality product. We do not compromise in quality under any circumstances. Updated technology with industry standard quality made us the perfect delivery partner for your business.",46,2016,Outsourcing and Offshoring Consulting,13341641,https://in.linkedin.com/company/delostylestudio,"Kolkata, West Bengal, India","Web Designing, Graphics Designing, Android App Development, Digital Marketing, Business Solutions, IT Consultancy, IOT Solutions, Software Development, SEO, PPC, Custom content writing, SMS Marketing, and Marketing automation",http://www.delostylestudio.com,"Building a 0 -->1 company as its first Product Manager with diversified AI-native products -Conducted 20+ interviews with clinicians, administrators, and compliance teams to understand pain points, gather requirements, and prioritize product improvements. -Led the development of an AI-powered clinical documentation product from idea to launch, reducing clinician documentation effort by 60% and improving workflow efficiency. -Defined product requirements and roadmap for AI-assisted healthcare workflows, working closely with engineering, design, and business teams to deliver user-focused solutions. - Built and launched Generative AI and computer vision features by balancing customer needs, technical feasibility, and business goals. -Led product demos, stakeholder discussions, and go-to-market activities, helping secure the company's first enterprise contract worth $92K+ ARR. -Used product analytics, customer feedback, and experimentation to continuously improve features, usability, and customer experience.",2/2026,false,,false,"Product Manager with experience building and scaling products across AI, Telecom, Enterprise SaaS, Operations, and Consumer Businesses. Led 0 1 product development, growth initiatives, workflow automation, and platform products delivering measurable business impact.Recently focused on AI-native products involving LLMs, workflow automation, agentic systems, and intelligent enterprise software.",1920,2026-08-25 00:00:00.000 +0530,,,,,,,,,,,,,,,,,103,
Lokesh P.,Lokesh,P.,https://www.linkedin.com/in/lokesh-p-8aab2617b,urn:li:member:716440450,lokesh-p-8aab2617b,Kozhikode,Kerala,India,"Kozhikode, Kerala, India",Maitreya Technologies,Founder & CEO,6-10yoe_global_indian,member_urn,,,,,,,,,,,,false,https://media.licdn.com/dms/image/v2/D5603AQExNZDG4sJ52Q/profile-displayphoto-scale_200_200/B56ZgBzfPsHcAc-/0/1752376933242?e=1788998400&v=beta&t=-WBkMXGgz3NJKjvMgcN_QSlBqbAFpdFWSSHmBykKra0,false,Uknow- India's New Knowledge Currency.,2083,2026-09-01 17:03:38.642 +0530,Maitreya Technologies,,351,,,,"{""Indian Institute of Management, Kozhikode""}",,,,,,,,,,2128,
Dr. Amit Roy,Dr. Amit,Roy,https://www.linkedin.com/in/amitroy,urn:li:member:9922542,amitroy,Kolkata,West Bengal,India,"Kolkata, West Bengal, India",,Sr Vice President (Mejia Cement Plant & Geomining),10+yoe_global,member_urn,,,,,,,,,,,,false,https://media.licdn.com/dms/image/v2/D4D03AQH0SreQVlVXZQ/profile-displayphoto-shrink_100_100/profile-displayphoto-shrink_100_100/0/1714808684022?e=1788998400&v=beta&t=ap_VeiAb8vgVwtw6QWfMU-gbzlQ0CfpfAy_XpXyoc-0,false,"Exploration, Planning & Execution of Mining Assets, Mining Operation, Strategy Planner for mines acquisition, Techno-commercial evaluation of mining assets, Liasioning, Budgeting, MIS",2832,2026-09-01 21:00:56.853 +0530,Sr Vice President (Mejia Cement Plant & Geomining) at Nuvoco Vistas Corporation Ltd (formerly Lafarge India Ltd),,,,,,,,,,,"amitroy2000@rediffmail.com, dramit.roy@lafarge.com, dramit.roy@jsw.in",dramit.roy@jsw.in,,,,,
Mayank Joshi,Mayank,Joshi,https://www.linkedin.com/in/shutterdeck,urn:li:member:125042887,shutterdeck,Hyderabad,Telangana,India,"Hyderabad, Telangana, India",Dozee,Director,10+yoe_indian,member_urn,"Dozee is a leading AI-powered contactless Remote Patient Monitoring (RPM) and Early Warning System that continuously monitors patients and delivers early warnings of clinical deterioration, enabling timely interventions that save lives. As pioneers of the world's first non-contact blood pressure monitoring system, we're transforming patient care across 300+ health care facilities in India, the USA, UAE, and Africa. Our technology has monitored over 1 million patients, delivered 35,000+ life-saving alerts, and saved 10 million+ nursing hours—improving outcomes while reducing healthcare costs. Trusted by leading healthcare providers to enhance patient safety and operational efficiency at scale.",296,2015,Hospitals and Health Care,6635733,https://in.linkedin.com/company/dozeehealth,"Bengaluru, Karnataka, India","Medical Devices, Public Healthcare, Healthcare, Innovation, and AI Based Tech",http://www.dozeehealth.ai,,3/2020,false,https://media.licdn.com/dms/image/v2/C5603AQF0FJbGReL6Sw/profile-displayphoto-shrink_100_100/profile-displayphoto-shrink_100_100/0/1615555168334?e=1788998400&v=beta&t=2IHzoSEeC3wlCh58voqn8uoaICPm6PX6ek5-LxO44A4,false,"As a Director of Engineering at Dozee, a leading health-tech startup, I lead a team of talented software engineers who design, develop, and deploy scalable and reliable distributed systems that power the company's smart health monitoring solutions. With over 17 years of experience in software development, I have a proven track record of delivering high-quality products and services that meet the needs and expectations of our customers and stakeholders. My core competencies include software architecture, system design, performance optimization, code quality, testing, and debugging. I am proficient in various technologies and tools, such as JDK, Python, Golang and AWS. I am passionate about driving technical excellence and innovation in the software industry, and I constantly seek to learn new skills and explore new challenges. My goal is to create impactful and meaningful solutions that improve the health and well-being of people around the world.",1073,2026-08-25 00:00:00.000 +0530,,,,,,,,,,,,,,,,,106,
Parambrahma Panda,Parambrahma,Panda,https://www.linkedin.com/in/parambrahma-panda-3b7b807,urn:li:member:23805499,parambrahma-panda-3b7b807,Hyderabad,Telangana,India,"Hyderabad, Telangana, India",Dr. Reddy's Laboratories,Head Business Operations & Transformation,10+yoe_indian,member_urn,"Established in 1984, we are a global pharmaceutical company headquartered in Hyderabad, India. Driven by our purpose of ‘Good Health Can’t Wait’, we work to provide access to affordable and innovative medicines. We offer a portfolio of products and services including APIs, generics, branded generics, biosimilars and OTC. Our major markets include USA, India, Russia & CIS countries, China, Brazil and Europe. As a company with a history of deep science that has led to several industry firsts, we continue to plan ahead and invest in future growth drivers such as access to novel molecules, digital therapeutics and consumer healthcare. As an early adopter of sustainability and ESG actions, we released our first Sustainability Report in 2004. Our current ESG goals aim to set the bar high in environmental stewardship; access and affordability for patients; diversity; and governance. For more information, log on to: www.drreddys.com. Caution Notice: Dr. Reddy's has been made aware of candidates receiving fraudulent job opportunities from unauthorised recruiting agencies or people impersonating Dr. Reddy's leaders. These fraudulent jobs may be advertised on employment sites or mimic our careers site and company email addresses. Please know that Dr. Reddy's Laboratories has no affiliation or connection to these situations. Dr. Reddy's (and its associated/group companies) follows a formal recruitment process through its own HR department. Please report immediately in case you suspect a fraudulent job. You may raise your concern by: Accessing https://drreddys.ethicspoint.com. Calling on the hotline number. List of hotline numbers are available in https://drreddys.ethicspoint.com. The hotline is available 24x7 in multiple languages. Writing to complianceofficer@drreddys.com or chiefombudsperson@drreddys.com. For our community guidelines on LinkedIn, please visit: https://shorturl.at/LTvNZ",32514,1984,Pharmaceutical Manufacturing,8126,https://in.linkedin.com/company/dr--reddys-laboratories,"Hyderabad, Telangana, India","pharmaceutical, specialty, biogeneric, API, and generic formulations",http://www.drreddys.com,"Long Term & Medium Term Strategy : Spearhead long term and medium term value creation strategy for biosimilar business - portfolio choices, capex investments and execution roadmap Product Management: Owning product P&L and efforts to drive growth and reduce risks for star Products in Biosimilar portfolio by coordinating actions across Markets and Development/Manufacturing Operations Transformation: Worked closely with Operations & Quality teams to improve execution and reduce sales loss. >110% sales and 85% OTIF achieved in 1 year of joint transformation Governance & Performance Management: Responsible for Governance and performance management of Biologics unit. Enabled unit level scorecards and tiered governance to ensure performance of the whole unit is exceeding the targets",1/2024,true,https://media.licdn.com/dms/image/v2/C4E03AQEQMMuyVx9BHw/profile-displayphoto-shrink_100_100/profile-displayphoto-shrink_100_100/0/1583221529398?e=1788998400&v=beta&t=7M6X1owsMQSDVyzWdDaJSs93wYEc4alYzZaDBJJSdek,false,"With over a decade of experience in consulting and operations, I lead the Business Operations & Transformation function at Dr. Reddy's Laboratories within the Biologics unit. My work focuses on crafting and executing long-term and medium-term strategies, optimizing product portfolios, and driving operational excellence. Collaborating with cross-functional teams, we have achieved significant outcomes, including enhanced sales performance and on-time delivery. Prior to joining Dr. Reddy's, I served at Deloitte, where I contributed to global consulting engagements across operating model transformations, cost reduction, and shared services for Fortune 500 companies. My core competencies include strategic planning, cost reduction, and operations transformation, supported by a Six Sigma (Green Belt) certification. My approach emphasizes aligning strategy with execution to deliver measurable value.",1201,2026-08-25 00:00:00.000 +0530,,,,,,,,,,,,,,,,,107,
Dattathreya Kanigiri,Dattathreya,Kanigiri,https://www.linkedin.com/in/dattathreya-kanigiri-439a571a5,urn:li:member:805834413,dattathreya-kanigiri-439a571a5,Hyderabad,Telangana,India,"Hyderabad, Telangana, India",Inforida,Co-Founder & CEO,founders,member_urn,External link for Inforida,19,2025,Education,106307085,http://www.linkedin.com/company/tech-inforida,"Bengaluru, Karnataka, India",,https://inforida.com/,,9/2025,true,,false,Critical Learner,3440,2026-08-25 00:00:00.000 +0530,,,,,,,,,,17,28,,,,,,1408,
Yashvardhan Jain,Yashvardhan,Jain,https://www.linkedin.com/in/yashvardhan-jain-bb997713,urn:li:member:47188221,yashvardhan-jain-bb997713,Madhya Pradesh,,India,"Madhya Pradesh, India",Yashvardhan Industries,Proprietor,founders,member_urn,,,,,,,,,,"Manufacturing of organic chemicals such as Amyl Alcohols, thinners and premium quality adhesives and gums for semi automatic as well as automatic high speeds corrugators.",1/2011,false,,false,"Passionate about learning and working with people in applying the best practises in the corrugated box manufacturing process, with special emphasis on gum related aspects. Dedicated and continuous focus on researching all aspects of corrugating gum and its application to achieve minimal gum consumption even while getting flat boards with strong bonds and high CS/ECT/BS. Love to work with shop floor operators in learning as well training them to use adhesives optimally. Open to working with corrugators all over the world FREE OF COST in continuous process improvement as well as adapting latest technologies. Also into manufacturing of chemicals such as Isoamyl Alcohol, thinners, synthetic adhesives, detergent powder, dishwash bar, modified starches etc.",3290,2026-08-25 00:00:00.000 +0530,,,,,,,,9301811009,,17,28,,,,,,2683,
Pankaj Kumar,Pankaj,Kumar,https://www.linkedin.com/in/pankaj-kumar-79a5a01ab,urn:li:member:822598246,pankaj-kumar-79a5a01ab,Bihar,,India,"Bihar, India",BackBencher,Founder,founders,member_urn,,,,,,,,,,,1/2020,false,,false,Java Developer ( Mircal Software System-2014 to 2015 ) Assistant professor ( L N Mishra Institute of Economic Development and Social Change-2018 to 2019) MHRD Fellowship State Government Scholarship Founder/CEO of BackBencher Organization,3291,2026-08-25 00:00:00.000 +0530,,,,,,,,,,17,28,,,,,,1568,
Gaurav T.,Gaurav,T.,https://www.linkedin.com/in/gaurav-t-19325641,urn:li:member:146925183,gaurav-t-19325641,Delhi,,India,"Delhi, India",duckduckbaby,Co-Founder,founders,member_urn,"duckduckbaby is an omnichannel brand (presence across app, web & retail stores) for retailing of pregnant mom care products and baby care products, with our platforms providing a complete range of products for pregnant mom & baby, as well as the most comprehensive guide on parenting & baby care solutions.",43,2023,Retail,101369466,https://in.linkedin.com/company/duckduckbaby,"Noida, Uttar Pradesh, India",,https://duckduckbaby.in/,,3/2023,false,,false,"With a vision to solve the laundry woes of half a billion urban Indians, Gaurav is currently leading Tumbledry – India’s No.1 & Globally 5th largest laundry brand with a presence of 600+ stores across 150+ cities. Gaurav was an Industrial Scholarship recipient (I Schol rank 5) at IIM Ahmedabad and a triple Gold medalist at IIT Dhanbad. Before Co-founding Tumbledry, he headed the UPW & Uttarakhand region at Lava Mobiles, wherein he consistently took the territory to greater heights. Before this, he worked in the Strategy team at Firestar Diamond, and as part of the In-House Consulting team (DSS) for the Mobility segment at Bharti Airtel. Gaurav was consistently rated Outstanding (highest rating) at Airtel, and Lava Mobiles. Before pursuing MBA from IIM Ahmedabad, Gaurav worked for 17 months at Defense Research & Development Organization (DRDO), wherein he successfully developed the SAR radar algorithm for the 1st time in India. A multi-faceted person, he was the 1st year member of Beta (finance club of IIM A), Cultural Secretary and Placement Representative at IIT Dhanbad, and has co-authored an international research paper.",1393,2026-08-25 00:00:00.000 +0530,,,,,,,,"917966326086, 919173601262",,17,28,,,,,,108,
RAMAN DEEP,RAMAN,DEEP,https://www.linkedin.com/in/raman-deep-10a617b0,urn:li:member:395675866,raman-deep-10a617b0,Gorakhpur,Uttar Pradesh,India,"Gorakhpur, Uttar Pradesh, India",PCS ABHYAAS,Founder & Director,founders,member_urn,,,,,,,,,,"I founded PCS ABHYAAS to provide structured, accessible and exam-oriented guidance to UPPCS and other State PCS aspirants. I lead academic planning, course development, content strategy and digital learning initiatives across online and offline platforms. My work includes developing bilingual courses, test series and revision programmes, mentoring aspirants, collaborating with educators and building the PCS ABHYAAS learning community and mobile app.",5/2024,false,,false,"I am an educator, entrepreneur and mentor committed to making quality education accessible, structured and meaningful.I am the Founder and Director of PCS ABHYAAS, an educational platform dedicated to UPPCS and other State PCS examinations. I lead its academic planning, course development, bilingual content strategy, test series, mentorship programmes and digital learning initiatives. My aim is to bridge the gap between knowledge and performance by combining conceptual clarity with disciplined practice.Before establishing PCS ABHYAAS, I co-founded UPSC HINDI and contributed to its academic and institutional development.My journey in education began during my years at IIT (ISM) Dhanbad. From 2014 to 2018, I worked with Kartavya, an NGO dedicated to educating and supporting children from underserved communities in the slum areas of Dhanbad, Jharkhand. That experience shaped my belief that education is not merely a pathway to a career—it is a bridge to dignity, opportunity and lasting social change.As an IIT (ISM) Dhanbad alumnus, I bring analytical thinking, technological insight and a student-first approach to education. My larger vision is to build a dependable learning ecosystem where aspirants, especially Hindi-medium students and those from smaller cities, receive the guidance, resources and confidence needed to succeed.",3292,2026-08-25 00:00:00.000 +0530,,,,,,,,,,17,28,,,,,,2280,
Abhishek Kumar,Abhishek,Kumar,https://www.linkedin.com/in/abhishek-kumar-0990581a7,urn:li:member:809319285,abhishek-kumar-0990581a7,Jehanabad,Bihar,India,"Jehanabad, Bihar, India","Indian Institute of Technology (Indian School of Mines), Dhanbad",Student,6-10yoe_global_indian,member_urn,,,,,,,,,,,,false,https://media.licdn.com/dms/image/v2/D5603AQHDD5CKO210eg/profile-displayphoto-shrink_200_200/B56ZkJum.WHAAY-/0/1756804839603?e=1788998400&v=beta&t=WZDRDDgYzEs2cKeQMXzvzFbNBgR_3_ZZ0NV82n5Uz7I,false,"Recent IIT (ISM Dhanbad) graduate with strong expertise in Machine Learning, Data Science, and Full-Stack Development. Experienced in applying TensorFlow, PyTorch, and Reinforcement Learning to real-world problems through internships and projects. Competitive programmer (CodeChef ★★★★, HackerRank ★★★★★) with proven problem-solving skills. Passionate about building AI-driven solutions that create real impact.",2293,2026-09-01 17:03:38.642 +0530,IIT(ISM) Dhanbad?25 | Machine Learning Engineer & Data Scientist | 4? (1938) @CodeChef | 5? @HackerRank | TensorFlow & PyTorch Enthusiast,,,,,,,,,,,,,,,,1988,
Dr. Ankit Kotia,Dr. Ankit,Kotia,https://www.linkedin.com/in/dr-ankit-kotia-19a04018,urn:li:member:59802886,dr-ankit-kotia-19a04018,Jaipur,Rajasthan,India,"Jaipur, Rajasthan, India",Ecomind Innovations Pvt. Ltd.,Director of Research Development,10+yoe_indian,member_urn,"Build intelligent, energy-efficient, and eco-compatible systems by integrating Artificial Intelligence, Computational Fluid Dynamics, Molecular Dynamics, Advanced Materials Science, Green Process Engineering, and Digital Twin Systems.",1,2025,Research Services,110921430,https://in.linkedin.com/company/ecomind-innovations-pvt-ltd,"Indore, Madhya Pradesh, India",,https://ecomindinnovation.com/,,3/2024,false,https://media.licdn.com/dms/image/v2/D5603AQFplPzOPNzJbQ/profile-displayphoto-shrink_200_200/B56ZW2bhd9GoAY-/0/1742522425809?e=1788998400&v=beta&t=JO3eGkEZQmvC4sBQLdxnxVeD83Tp0796a8thI-wHEmE,false,"Over 10+ year experience in the area of automotive powertrain, lubricants, and EV coolant testing. Experience is setting up vehicle and engine lubricant test facilities, along with emission and gas handling system. Setting up of ASTM Test Method Standards Lubricant and Fuel Testing. Expert in conceptualization to industrial scale-up development of lubricants. Focused and excellent leadership ability, motivate the team members to achieve the goal. Intercultural character and readiness to travel Connected with industrial as well academic researchers in field of automotive lubricant, coolant and fuels.",1014,2026-08-25 00:00:00.000 +0530,,,,,,,,,,,,,,,,,112,
"Anshu Chaddha, CFA",Anshu,"Chaddha, CFA",https://www.linkedin.com/in/anshu-chaddha-cfa-8118665,urn:li:member:17056525,anshu-chaddha-cfa-8118665,Noida,Uttar Pradesh,India,"Noida, Uttar Pradesh, India",EDF power solutions India,General Manger,10+yoe_indian,member_urn,"EDF Renewables and EDF’s International Division are now EDF power solutions. As a responsible and innovative industrial company, EDF power solutions develops, builds and operates renewable and low-carbon powerplants as well as flexibility solutions and transmission assets. Leveraging all our expertise for tailor-made offers to our clients, EDF power solutions drives the decarbonization and global performance of electrical systems.",126,2021,Electric Power Generation,77582605,https://in.linkedin.com/company/edf-power-solutions-india,"Delhi, India",,https://india.edf-powersolutions.com/,,12/2025,false,https://media.licdn.com/dms/image/v2/C4E03AQFwOJmzw1TCNQ/profile-displayphoto-shrink_100_100/profile-displayphoto-shrink_100_100/0/1517761936121?e=1788998400&v=beta&t=zqzF7MAlf1X6cpgs3h729kwZDgV-bMjDxs8iLIJRcA4,false,"Alumnus of IIM - Lucknow with experience in the Power & Energy Sector. Expertise in project management, data mining, Business research, Financial analysis and Spreadsheet modeling to facilitate corporate planning, strategy and decision making.",915,2026-08-25 00:00:00.000 +0530,,,,,,,,,,,,,,,,,113,
Dr. Utsav Mishra,Dr. Utsav,Mishra,https://www.linkedin.com/in/dr-utsav-mishra-08428469,urn:li:member:242535268,dr-utsav-mishra-08428469,Kanpur,Uttar Pradesh,India,"Kanpur, Uttar Pradesh, India",EHM Consultancy Pvt. Ltd.,Co-Founder & CTO,founders,member_urn,"EHM offers sustainability-focused services and solutions aligned with the Sustainable Development Goals (SDGs). We assist industry and government organizations in strengthening ESG practices, meeting regulatory requirements, enhancing brand value, developing sustainability strategies, and implementing sustainable solutions.",20,2019,Environmental Services,70944879,https://in.linkedin.com/company/ehm-consultancy-pvt-ltd,"Kanpur, Uttar Pradesh, India","Sewage & greywater management, Customized treatment for industrial effluent, Environmental management plan, Environmental consultancy, Pre & Post landfill monitoring, Managed aquifer recharge, Water and data, Business model, Restoration of the waterbody ecosystem, Nature-based treatment solution for sewage & greywater, Green auditing, Carbon credits, SDG mapping, ESG, Carbon negative , Water positive Urban planning, Social & Climate impact , Circular economy , and Climate resilient city",http://www.ehmconsultancy.co.in/,,9/2023,false,,false,"As Co-Founder and CTO at EHM Consultancy Pvt. Ltd., I contribute to sustainable development by leveraging expertise in groundwater contamination and geophysical methods. With over two years in this role, I am committed to creating innovative solutions for environmental challenges. My professional journey includes 6+ years of research in environmental geophysics, with a focus on contamination studies during my Ph.D. at IIT Kanpur. I am passionate about utilizing advanced geophysical and computational tools to address critical environmental issues and promote long-term sustainability.",3391,2026-08-25 00:00:00.000 +0530,,,,,,,,,,17,28,,,,,,114,
khagendra kumar,khagendra,kumar,https://www.linkedin.com/in/khagendra-kumar-35148470,urn:li:member:251991277,khagendra-kumar-35148470,Bengaluru,Karnataka,India,"Bengaluru, Karnataka, India",e-cademy,Founder,founders,member_urn,,,,,,,,,,An educational website made for students preparing for medical and engineering entrance exams.,1/2022,false,,false,,3494,2026-08-25 00:00:00.000 +0530,,,,,,,,,,17,28,,,,,,1781,
Gesu Shekhar,Gesu,Shekhar,https://www.linkedin.com/in/gesushekhar,urn:li:member:346289557,gesushekhar,Kolkata,West Bengal,India,"Kolkata, West Bengal, India",Eloquence!,"Founder, Director",founders,member_urn,"Eloquence! is a humble initiative towards imparting training and teaching through such tools and technology as would make learning not just easy but enjoyable. It is almost established that learning is not a two dimensional activity. Neither is the goal of learning confined only to securing a comfortable living. Imparting good teaching is like igniting minds and sublimating soul. It is time to work on the intellectual capital of people. Eloquence! is a dream to see a confident, creative and constructive individual, who can represent oneself at any given platform of life. Eloquence! will offer many programmes that will help build and chisel one's personality. It's now time to be awash with ideas and be alive with spirit!",1,2013,Education Administration Programs,14382678,https://in.linkedin.com/company/eloquencekol,"South Dum-Dum, West Bengal, India","Communication Skills Development, Personality Development, Group Discussion, Personal Interview, Public Speaking, Image Management, and Spoken English",https://www.facebook.com/eloquencekol/,"It is almost established that learning is not a two dimensional activity. Neither is the goal of learning confined only to securing a comfortable living. Imparting good teaching is like igniting minds and sublimating soul. It is time to work on the intellectual capital of people. Eloquence! is a dream to see a confident, creative and constructive individual, who can represent oneself at any given platform of life.",4/2013,false,,false,"Gesu Shekhar is a dynamic leader with 17 years of corporate experience, specializing in strategy, policy building, and problem-solving. As the Head of Studio & Product Operations at GunjanApps Studios and Executive Director of ElePant Tales, she drives innovation, leads multiple teams and projects, and ensures seamless execution in gaming and education. A proud alumna of Banaras Hindu University and IIT Dhanbad, Gesu began her career as a business analyst in an MNC before following her passion for education and entrepreneurship. She is the Founder of Eloquence!, a skill-building academy that has empowered learners for over nine years, and Kids’ World, a STEM-based preschool. With expertise in child psychology, she focuses on bridging educational gaps through strategic solutions and innovative learning methodologies. A thought leader and avid blogger, her insights on problem-solving, leadership, and innovation are widely read and appreciated, reflecting her commitment to transforming education and technology on a global scale.",3115,2026-08-25 00:00:00.000 +0530,,,,,,,,,,17,28,,,,,,115,
Gopesh Sharma,Gopesh,Sharma,https://www.linkedin.com/in/gopeshsharmape,urn:li:member:524974337,gopeshsharmape,Durgapur,West Bengal,India,"Durgapur, West Bengal, India",Essar Oil and Gas Exploration and Production Ltd,Manager-Drilling and Drilling Fluids,founders,member_urn,"Essar Oil & Gas (formerly EOGEPL) is one of the largest exploration & production (E&P) companies in India primarily focussed on Unconventional Hydrocarbons (UHC), with a resource base of 12 TCF of UHC that is strategically located in key sedimentary basins across India. The company is a pioneer of UHC in the country, with about 25 years of experience in E&P of Coal Bed Methane (CBM). Its flagship Raniganj East CBM asset is not only India’s largest producing CBM asset but also has a prolific shale gas potential.",539,,Oil and Gas,18846527,https://in.linkedin.com/company/essar-oil-and-gas,"Mumbai, Maharashtra, India",,https://essaroilandgas.com,,6/2026,false,,false,"Drilling Engineer with experience in planning and executing CBM and gas well drilling operations. Proficient in handling high-pressure surface systems, coordinating with vendors and field teams, and preparing well reports and technical specifications. Strong background in drilling fluids, engineering calculations, and safe, cost-effective project execution.",2381,2026-08-25 00:00:00.000 +0530,,,,,,,,,,,,,,,,,117,
Vantage IT Advisory,Vantage,IT Advisory,https://www.linkedin.com/in/vantage-it-advisory-33b707286,urn:li:member:1166288159,vantage-it-advisory-33b707286,Bengaluru,Karnataka,India,"Bengaluru, Karnataka, India",Vantage IT Advisory,Founder,founders,member_urn,,,,,,,,,,,1/2023,false,,false,"Vantage is a IT Advisory Services company aimed at delivering quality IT advisory services cutting across Software Asset Management and FinOps Services. Our Software Asset Management and FinOps Advisory Services aim to empower organizations to take control of their software assets, minimize compliance risks, and optimize IT spending. With our expertise, industry insights, and collaborative approach, we enable clients to drive efficiency, reduce costs, and maximize the value of their software investments, ultimately enhancing their overall business performance. Our advisory services encompass a holistic approach that combines software asset management (SAM) and financial operations (FinOps) principles, enabling clients to streamline processes, reduce costs, and ensure compliance. Our experienced team of professionals specializes in analyzing software license agreements, conducting software audits, and implementing robust SAM frameworks tailored to each client's unique needs. By leveraging advanced tools and methodologies, we help organizations gain visibility into their software usage, and optimize identifying cost-saving opportunities",3319,2026-08-25 00:00:00.000 +0530,,,,,,,,,,17,28,,,,,,2634,
Birjoy K Sonowal,Birjoy,K Sonowal,https://www.linkedin.com/in/birjoy-k-sonowal-513650172,urn:li:member:688373727,birjoy-k-sonowal-513650172,Guwahati,Assam,India,"Guwahati, Assam, India",,Co-Founder,founders,member_urn,,,,,,,,,,,,false,https://media.licdn.com/dms/image/v2/C4D03AQFm-pCs30nq-g/profile-displayphoto-shrink_400_400/profile-displayphoto-shrink_400_400/0/1654074449266?e=1789603200&v=beta&t=YP36qH1zgVOy5NBkO5ZLauU1fl8GNbgyk1TRuqjq0-s,false,"LEARN ➡️ UNLEARN ➡️ RELEARN --- REPEAT Life is all about working towards achieving a predefined target; but not to look too far beyond, just determining what we want to achieve in the next few months or years, and start working on it. With a BTech degree in Engineering Physics from a reputed IIT, I can be classified both as an engineer and a physicist. But, a few years down the line, I see myself being recognised as none of these. I, instead, dream of being a Civil Servant. I hopefully believe, that that's my proper calling.",3522,2026-09-01 17:36:28.613 +0530,Engineering Graduate from IIT(ISM) Dhanbad - Batch of 2022 ? Sports Afficionado & News Junkie,,,,,,,,,17,28,,,,,,,
Bikram Sharma,Bikram,Sharma,https://www.linkedin.com/in/bikram-sharma-605437b,urn:li:member:33916325,bikram-sharma-605437b,Hazaribag,Jharkhand,India,"Hazaribag, Jharkhand, India",Essar Oil and Gas Exploration and Production Ltd,Joint General Manager - Planning,10+yoe_indian,member_urn,"Essar Oil & Gas (formerly EOGEPL) is one of the largest exploration & production (E&P) companies in India primarily focussed on Unconventional Hydrocarbons (UHC), with a resource base of 12 TCF of UHC that is strategically located in key sedimentary basins across India. The company is a pioneer of UHC in the country, with about 25 years of experience in E&P of Coal Bed Methane (CBM). Its flagship Raniganj East CBM asset is not only India’s largest producing CBM asset but also has a prolific shale gas potential.",539,,Oil and Gas,18846527,https://in.linkedin.com/company/essar-oil-and-gas,"Mumbai, Maharashtra, India",,https://essaroilandgas.com,initially started career as a geoscientist and then gradually moved into project planning and monitoring,6/2007,false,,false,,3848,2026-08-25 00:00:00.000 +0530,,,,,,,,,,,,,,,,,117,
Piyush Prasad,Piyush,Prasad,https://www.linkedin.com/in/piyushkrprasad,urn:li:member:76116218,piyushkrprasad,Mumbai,Maharashtra,India,"Mumbai, Maharashtra, India",Essel Mining and Industries Limited,Manager,6-10yoe_global_indian,member_urn,"Essel Mining & Industries Limited (EMIL) is a part of US $65 billion global conglomerate Aditya Birla Group. Incorporated in 1950 EMIL is a diversified natural resource company operating in the sectors of coal mining, iron pellets, Noble Ferro Alloys (NFA) and contract coal mining through the mine developer-and-operator (MDO) model. EMIL is one of the largest private coal miners in India with mining operations in the states of Odisha, Madhya Pradesh, and Jharkhand. EMIL operated Bhubaneswari Open Cast Project (OCP) in Odisha is currently the largest coal mine of the state. With Bhubaneswari OCP EMIL became India’s first MDO. EMIL has recently bagged 2 new coal MDOs in Amelia and Subhadra respectively located in states of Madhya Pradesh and Odisha. These projects have propelled EMIL to become the country’s largest MDO. EMIL is developing greenfield commercial coal mining project in Bandha area of Singrauli district in Madhya Pradesh. Further we are a pioneer in manufacturing of world class Noble Ferro Alloys (NFA) and Iron pellets. The Iron Ore Beneficiation & Pelletization Plant (IoBP) is a subsidiary of EMIL acquired in 2019. The unit is located in Basantpur, Keonjhar district of Odisha. The IoBP plant comprises of a 1 MTPA Iron Ore Beneficiation plant and a 1 MTPA Iron Ore Pelletization plant based on first of its kind Circular Pelletization Technology (CPT). EMIL envisions a future powered by green and clean energy. At present, we have a combined portfolio of 155 MW of solar and wind power. Our motive is to offset our carbon footprint and to harness natural resources to produce green energy. At EMIL, our endeavour is to consistently create value for all our stakeholders.",453,1950,Mining,13609540,https://in.linkedin.com/company/esselmining,"Kolkata, West Bengal, India",,http://www.esselmining.com/index.html,"- Oversee and strategize the planning and monitoring of three coal projects under EMIL, a part of the Aditya Birla Group, collectively reaching a peak rated capacity of 38 MTPA. - Implement robust monitoring systems and procedures to track project progress, identify potential risks, and facilitate timely interventions. - Collaborate with cross-functional teams to align project objectives with organizational goals and regulatory compliances - Drive continuous improvement initiatives for operational efficiency and environmental sustainability in line with the company's growth strategy - Employ innovative technologies and methodologies to optimize project timelines and resource utilization",7/2023,false,https://media.licdn.com/dms/image/v2/C5603AQE7CZCRsFTFNA/profile-displayphoto-shrink_100_100/profile-displayphoto-shrink_100_100/0/1626512649091?e=1788998400&v=beta&t=NrA8enlzEmWNZwGOWSD6iITOdECTOYZaWDHg78yhV68,false,"Being from a Mining background, I have always been interested in the extractive industry. My roots led me to pursue a bachelor's degree in Mining Engineering with an MBA in Finance and Marketing from Indian Institute of Technology (Indian School of Mines) Dhanbad. I am currently working with EMMRL as Technical Assistant to the Head of Commercial Coal. Prior to my role at EMMRL, I worked as a Metals and Mining consultant wherein I helped businesses solve important problems through rigorous research and analysis. I have a particular affinity for 'Market Research & Analysis' assignments. I have worked on several commodities (like Coal, Iron ore, Limestone, Lithium, Cobalt, etc.) as part of my job. I firmly believe in continuous learning and sustainable growth. In my idle time, you can find me either reading about general industry trends, listening to music or reading a novel. I have a strict ethics & value code. I like to work hard, create value and contribute to the workplace to the best of my abilities. In addition to the commodity research and extractive industry, I have a great interest in learning about innovative and disruptive technologies.",175,2026-08-25 00:00:00.000 +0530,,,,,,,,,,,,,,,,,118,
ATUL KUMAR,ATUL,KUMAR,https://www.linkedin.com/in/atul-kumar-17927382,urn:li:member:293274669,atul-kumar-17927382,Dhanbad,Jharkhand,India,"Dhanbad, Jharkhand, India",studykul.com,Co Founder,founders,member_urn,,,,,,,,,,,8/2015,false,,false,,3564,2026-08-25 00:00:00.000 +0530,,,,,,,,,,17,28,,,,,,2533,
Rishikesh Goswami,Rishikesh,Goswami,https://www.linkedin.com/in/rishikesh25,urn:li:member:102154801,rishikesh25,,,Greater Patna Area,Greater Patna Area,Exalt Group of Institutions,Principal,6-10yoe_global_indian,member_urn,"Established in 2007, Exalt Group of Institutions is one of the best BCA and BBA colleges in Patna. By offering our expert guidance in these technical and management courses, we equip our students with the skills to compete in this global workforce. With Exalt Group of Institutions, you’ll gain hands-on learning for the improvement of both your academics as well as personal growth. We are mostly known as the best D Pharma colleges, B Pharma Colleges, New Government Private Polytechnic colleges, and various technology-powered courses. Our BCA and BBA Courses include practical training, internships, and 100% Placement assistance. Hurry Up!! Take your career to new heights with Exalt Group of Institutions a leading BCA and BBA college in Patna. Get in Touch:- Exalt Group of Institutions Ashiana Tower, 311/A, Exhibition Rd, Salimpur Ahra, Dujra Diara, Patna, Bihar 800001 07209358999",6,2007,Higher Education,104533014,https://in.linkedin.com/company/exaltteducation,"Patna, Bihar, India",,https://exalteducation.in/,,8/2025,false,https://media.licdn.com/dms/image/v2/D4D03AQH751AJOvfHRg/profile-displayphoto-shrink_100_100/B4DZVffS8JHYAU-/0/1741063796237?e=1788998400&v=beta&t=-OLTBxcRWCFZzfwBf2TZjx35q-PbF1-eWSIKd_W6qXs,false,,2592,2026-08-25 00:00:00.000 +0530,,,,,,,,,,,,,,,,,119,
Harpal Singh Grewal,Harpal Singh,Grewal,https://www.linkedin.com/in/harpal-singh-grewal-477a3685,urn:li:member:304145947,harpal-singh-grewal-477a3685,Hyderabad,Telangana,India,"Hyderabad, Telangana, India",Lloyds Technology Centre India,Senior Risk Manager & Head of Physical Security of India,10+yoe_global,member_urn,,,,,,,,,,,,true,https://media.licdn.com/dms/image/v2/D5603AQHvvijfoKaylg/profile-displayphoto-shrink_400_400/B56ZXWHXeaHQAg-/0/1743054012020?e=1788998400&v=beta&t=Fl3e0misA8vl6VojfBNeLISk_O6WQ-IWHoxXs8rDlYk,false,"With over 30+ years of distinguished service in the Army and Corporate, I have honed my expertise in leading large-scale projects, managing cross-functional teams, and delivering operational excellence in Telecommunications, Cybersecurity, Physical Security and Project Administration. My career is defined by a track record of executing complex, high-stakes initiatives with precision and efficiency. Throughout my service, I was honoured with Five Commendation Cards, including recognition from the Chief of the Army Staff, for exemplary leadership, dedication, and contributions to advancing operational capabilities and organisational objectives. My areas of interest include modernising communication networks, enhancing operational efficiency through strategic planning, and driving impactful projects that bring measurable outcomes. Outside of work, I’m all about balance and adventure. You might find me chasing the perfect golf swing, soaking up the magic of live theatre, or ticking off another destination from my global travel list. I love immersing myself in new experiences that keep life exciting and inspiring.""Excellence isn’t a goal; it’s a mindset."" – is what continues to shape how I approach every challenge, every project, and every opportunity.",1385,2026-09-01 17:03:38.642 +0530,Lloyds Technology Centre India,https://in.linkedin.com/company/lloyds-technology-centre-india,587,,,,"{""Indian Institute of Technology, Roorkee""}",,,,,,,,,,2107,
Rishi Raj Agarwal,Rishi Raj,Agarwal,https://www.linkedin.com/in/rishi-raj-agarwal-07aa31136,urn:li:member:557945374,rishi-raj-agarwal-07aa31136,Delhi,,India,"Delhi, India",,Founder,founders,member_urn,,,,,,,,,,,,false,https://media.licdn.com/dms/image/v2/D4D03AQEPBwxm0nHhLQ/profile-displayphoto-shrink_400_400/profile-displayphoto-shrink_400_400/0/1712948173725?e=1789603200&v=beta&t=0KNGj8IwUktkUIDeJFR6lGMtK5KkmFvgRp-QICefAEE,false,"Experienced Co-Founder with a demonstrated history of working in the food & beverages industry. Skilled in Microsoft Excel, Management, Marketing Strategy, Business Strategy, and Leadership. Strong business development professional with a Bachelor of Technology focused in Fuel and Mineral Engineering from Indian Institute of Technology (Indian School of Mines), Dhanbad.",3628,2026-09-01 17:36:28.613 +0530,"Co-Founder, Endorph Future Pvt. Ltd",,,,,,,,,,28,,,,,,,
Kumaresh,Kumaresh,,https://www.linkedin.com/in/kumaresh-bhatt,urn:li:member:329342018,kumaresh-bhatt,Mumbai,Maharashtra,India,"Mumbai, Maharashtra, India",URPopular - Influencer Marketing Co,Founder and CEO,founders,member_urn,"URPopular partners with large and emerging brands to deliver transparent, ROI-driven creator campaigns at scale. With zero hidden markups, a decade of execution experience, and a proprietary amplification engine, we help brands achieve consistent visibility, reach, and measurable results. Since 2017, we’ve run full-stack influencer campaigns across categories—from regional creators to celebrities—managing strategy, scripting, production, compliance, and distribution end-to-end. Our technology maps creators, predicts performance, structures content, and boosts virality instantly across Instagram and YouTube. Trusted by global and Indian leaders including TATA, HUL, Amazon, Google, Facebook, Kotak, Flipkart, HDFC, Sunteck, Cipla, TikTok, Zydus and more, URPopular continues to redefine transparent, data-led, high-impact influencer marketing.",54,2017,Advertising Services,13341092,https://in.linkedin.com/company/fbfrime,"Mumbai, Maharashtra, India","Influencer Marketing, Ad-tech, Machine Learning, and Artificial Intelligence",http://www.urpopular.com,"URPopular partners with large and emerging brands to deliver transparent, ROI-driven creator campaigns at scale. With zero hidden markups, a decade of execution experience, and a proprietary amplification engine, we help brands achieve consistent visibility, reach, and measurable results. Since 2017, we’ve run full-stack influencer campaigns across categories—from regional creators to celebrities—managing strategy, scripting, production, compliance, and distribution end-to-end. Our technology maps creators, predicts performance, structures content, and boosts virality instantly across Instagram and YouTube. Trusted by global and Indian leaders including TATA, HUL, Amazon, Google, Facebook, Kotak, Flipkart, HDFC, Sunteck, Cipla, TikTok, Zydus and more, URPopular continues to redefine transparent, data-led, high-impact influencer marketing.",10/2017,false,,false,"As the Founder and CEO of URPopular, me and my company’s mission is to bring organisations and professionals together to solve the problems of all sizes",3000,2026-08-25 00:00:00.000 +0530,,,,,,,,,,17,28,,,,,,120,
Hardik Koolwal,Hardik,Koolwal,https://www.linkedin.com/in/hardik-koolwal-ab0577320,urn:li:member:1363011684,hardik-koolwal-ab0577320,Jaipur,Rajasthan,India,"Jaipur, Rajasthan, India",beGOOD_hat,Co-Founder,founders,member_urn,"beGOOD_hat | 34 followers on LinkedIn. BeGOOD is a brand that has been created to help humans balance their emotions with the help of consumable products. | At beGOOD, we create consumable products to help people balance their emotions. First product: It is a functional Chocolate bar that promotes calmness and mental relaxation to help people better their results in high stress and nervous environment.",1,2025,Food and Beverage Manufacturing,111785014,https://www.linkedin.com/company/begood-hat,"Jaipur, Rajasthan, India",,,,12/2025,false,,false,,3641,2026-08-25 00:00:00.000 +0530,,,,,,,,,,,28,,,,,,414,
Mukteshwar Choubey,Mukteshwar,Choubey,https://www.linkedin.com/in/mukteshwar-choubey-07252576,urn:li:member:270032918,mukteshwar-choubey-07252576,Bangalore Urban,Karnataka,India,"Bangalore Urban, Karnataka, India",Steel Authority of India Limited,Head of Environment Group,10+yoe_global,member_urn,,,,,,,,,,,,false,https://media.licdn.com/dms/image/v2/C5603AQHfnDrsscP4Cg/profile-displayphoto-shrink_100_100/profile-displayphoto-shrink_100_100/0/1621527143923?e=1788998400&v=beta&t=FvSS3H323Ir0OlZQU7rj0jHZ9cJXU3wy8EvFy6BGgz4,false,"Certified Energy Auditor responsible for leading over 50 projects and authoring (co-authoring) over 30 whitepapers and articles, majorly in Thermal Engineering including, Blast furnace stoves, Hot-dip galvanizing line (HDGL), annealing furnaces and driving environmental sustainability in steel production and operations.",1546,2026-09-01 17:03:38.642 +0530,Steel Authority of India Limited,https://in.linkedin.com/company/steel-authority-of-india-limited,53,,,,{},,,,,,,,,,2520,
Shrawan singh,Shrawan,singh,https://www.linkedin.com/in/shrawan-singh-9560b21a,urn:li:member:65924562,shrawan-singh-9560b21a,Ranchi,Jharkhand,India,"Ranchi, Jharkhand, India",FIITJEE Limited,HOD,10+yoe_indian,member_urn,"FIITJEE is a company with a global vision and a noble mission. People are our strength & pride. Fundamental to the work at FIITJEE is the respect of the development of employees & to provide equal opportunities. At FIITJEE, we believe that our growth is the derivative of the growth of each one of us, and this has helped us grow at a blistering pace year by year since our inception in 1992. FIITJEE is managed by highly qualified key people with proven credentials – academic & professional. As employers, we have always taken extra care to ensure that formal academic qualifications should never become a constraint for quality individuals to either join FIITJEE or to grow within it. That is why the Team at FIITJEE comprises persons from diverse backgrounds. We believe that a motivated & self-driven individual will deliver excellent & fruitful results. On our part, we always aspire to make FIITJEE a peaceful, comfortable and great workplace where people would love to stay. Openwork culture is practised with ample scope for individual growth. We endeavour to provide a healthy mix of work and pleasure. Our Qualities: Growing family of education institutes at a blistering pace Great grass-root level Infrastructure Continuous and Intensive R&D What we offer: Excellent career and growth opportunities Challenging assignments Openness to new ideas Wide exposure & experience in job Participative forums in the form of councils & quality circles Recognition & Rewards for extraordinary achievement",2,1992,Education Administration Programs,951455,https://in.linkedin.com/company/fiitjee,"Delhi, India","IIT JEE Training, World Schools, SAT/APT Training, NTSE/STSE training, Olympiads Training, Training for JEE (Mains), and Training for JEE (Advanced)",http://www.fiitjee.com,,5/2014,false,https://media.licdn.com/dms/image/v2/C5603AQH0vKBX-MHMVg/profile-displayphoto-shrink_100_100/profile-displayphoto-shrink_100_100/0/1626155865690?e=1788998400&v=beta&t=0rSi_Nn34pAHl4w4AOB2scPZv5Gbxpl17Fbb10EiRqM,false,,1914,2026-08-25 00:00:00.000 +0530,,,,,,,,,,,,,,,,,122,
Bhupesh Kumar,Bhupesh,Kumar,https://www.linkedin.com/in/bhupesh-kumar-4a882733,urn:li:member:118498304,bhupesh-kumar-4a882733,West Delhi,Delhi,India,"West Delhi, Delhi, India",FIITJEE Limited,Head of Physics,10+yoe_indian,member_urn,"FIITJEE is a company with a global vision and a noble mission. People are our strength & pride. Fundamental to the work at FIITJEE is the respect of the development of employees & to provide equal opportunities. At FIITJEE, we believe that our growth is the derivative of the growth of each one of us, and this has helped us grow at a blistering pace year by year since our inception in 1992. FIITJEE is managed by highly qualified key people with proven credentials – academic & professional. As employers, we have always taken extra care to ensure that formal academic qualifications should never become a constraint for quality individuals to either join FIITJEE or to grow within it. That is why the Team at FIITJEE comprises persons from diverse backgrounds. We believe that a motivated & self-driven individual will deliver excellent & fruitful results. On our part, we always aspire to make FIITJEE a peaceful, comfortable and great workplace where people would love to stay. Openwork culture is practised with ample scope for individual growth. We endeavour to provide a healthy mix of work and pleasure. Our Qualities: Growing family of education institutes at a blistering pace Great grass-root level Infrastructure Continuous and Intensive R&D What we offer: Excellent career and growth opportunities Challenging assignments Openness to new ideas Wide exposure & experience in job Participative forums in the form of councils & quality circles Recognition & Rewards for extraordinary achievement",2,1992,Education Administration Programs,951455,https://in.linkedin.com/company/fiitjee,"Delhi, India","IIT JEE Training, World Schools, SAT/APT Training, NTSE/STSE training, Olympiads Training, Training for JEE (Mains), and Training for JEE (Advanced)",http://www.fiitjee.com,,12/2019,false,https://media.licdn.com/dms/image/v2/D5603AQHkj2ln_5BgOw/profile-displayphoto-shrink_200_200/B56ZVX2rhGGQAc-/0/1740935708254?e=1788998400&v=beta&t=YwNkC5NTK9v3rEiUc3CGZ2fYUeTD1aSiHfXSI-MM6ko,false,,1915,2026-08-25 00:00:00.000 +0530,,,,,,,,,,,,,,,,,122,
Abhinav Tiwary,Abhinav,Tiwary,https://www.linkedin.com/in/abhinav-tiwary,urn:li:member:981823968,abhinav-tiwary,,,India,India,Plash,India | Professional Profile,founders,member_urn,,,,,,,,,,,,false,https://static.licdn.com/aero-v1/sc/h/bgaqk7x4ntjz0wg67d8u723eb,false,"Location: India · 12 connections on LinkedIn. View Abhinav Tiwary’s profile on LinkedIn, a professional community of 1 billion members.",1566,2026-09-01 17:03:38.642 +0530,India | Professional Profile,,12,,,,{},,,,,,,,,,2296,
Subhankar Das,Subhankar,Das,https://www.linkedin.com/in/subhankar-das-59837287,urn:li:member:308452292,subhankar-das-59837287,Bhubaneswar,Odisha,India,"Bhubaneswar, Odisha, India",TP Western Odisha Distribution Limited,Lead Associate - HR,6-10yoe_global_indian,member_urn,,,,,,,,,,,,false,https://media.licdn.com/dms/image/v2/C4E03AQF16LoP4jCzDA/profile-displayphoto-shrink_100_100/profile-displayphoto-shrink_100_100/0/1517028787610?e=1788998400&v=beta&t=W4Quf0eYctqQpxxOZm1k59t70pm6W7Gg0HpCRKVI1sI,false,"With over five years of experience in the human resources field, I am a passionate and dynamic HR Generalist who strives to deliver exceptional results in internal and external talent acquisition, learning and development, employee engagement, performance management and workforce optimization. In my role as a shared services HR professional handling HR activities across all four DISCOMs operating under Tata Power Odisha, I have worked on handling IT recruitment for all four DISCOMs, handling internal job postings and internal recruitment of candidates shortlisted across Tata Group of Companies, handling recruitment approval. I also have hands on experience in handling Talent Management related activities like handling approvals related to applications received under company higher education policy, handling senior leadership upskilling initiatives. During my previous role in the Learning & Development team at TPWODL I worked on improving employee learning engagements on the Gyankosh online learning platform of Tata Power, monitoring and evaluating learning and development metrics to identify areas for improvement, and implemented necessary changes. I have also managed training and development initiatives of senior executives like Executive Development Programme, Women in Leadership League Programme and Strategic Communication programme conducted in association with leading training institutes and B-Schools. Other than that I have single-handedly managed the safety competency training of more than 4000 third party employees working at TPWODL in high risk environments and have worked on the official Learning & Development manual of TP Western Odisha Distributions Limited. I have also handled full cycle recruitment management, sourcing and hiring qualified candidates for various positions. Additionally, I have completed multiple certifications in digital marketing, statutory compliance, and influencing collaboration and decision making, demonstrating my commitment to continuous learning and professional growth. My goal is to advance my career within a reputed organization that values innovation, excellence, and collaboration in the HR domain.",2315,2026-09-01 17:03:38.642 +0530,Talent and Cadre Management | IT Recruitment | Learning & Development,,,,,,,,,,,,,,,,2590,
Shubham Tulshyan,Shubham,Tulshyan,https://www.linkedin.com/in/shubham-tulshyan,urn:li:member:428407902,shubham-tulshyan,Bengaluru,Karnataka,India,"Bengaluru, Karnataka, India",TrueReach.ai,Co-Founder and COO,10+yoe_global,member_urn,,,,,,,,,,,,false,https://media.licdn.com/dms/image/v2/D5603AQGma9M5O1cywA/profile-displayphoto-scale_200_200/B56Z07DgEqIMAY-/0/1774812271741?e=1788998400&v=beta&t=yc0aC5MeURLJoDhNwIxJlrW28Tfd088Te_or5lrHLc0,false,"I started my first company because I was too restless to work for someone else. I ended up building something that 50+ enterprise fashion brands relied on daily — and eventually got acquired. That taught me something no MBA ever could: the distance between ""this might work"" and ""this works"" is mostly sleepless nights and stubbornness.Here's what I've done so far:Founded QArt Solutions — a B2B Fashion-Tech SaaS adopted by 16 of the top 20 fashion brands in India (Levi's, Pepe Jeans, Luxottica, Raymond, Reliance Retail). $1.5B+ in annual GMV through the platform. Acquired by FieldAssist, a leader in retail automation. I led the acquisition. The company still runs today.Before that, I was an early member at FieldAssist itself — helped scale it from 12 to 100+ customers in two years. The kind of scrappy, ""do everything"" work that teaches you more than any title ever will.Then I built YellowBacks — an influencer-led marketplace that grew to 12K creators. It didn't become the next big thing. I learned more from that than from anything that ""worked.""Most recently, I co-founded TrueReach.ai as COO — building what we called the world's first Gen-AI native Software Factory: a platform that automates 90% of the SDLC. Member AWS Generative AI Spotlight Cohort (Asia-Pacific & Japan), Microsoft for Startup Founders (Level 4 — highest level), Nvidia Inception Partner. I spoke at IIM Rohtak on the future of Generative AI. It was an intense, mind-bending ride through the AI frontier. Our case study was published by IIM Ahmedabad in 2024.In between all of this, I took 10 months off to backpack through India and Europe, and volunteered with an NGO in Uttarakhand focused on education for underprivileged kids. That break didn't make my resume stronger. It made me stronger.What I care about: I think deeply about where AI is headed — not just the technology, but what it means for how we build, work, and create value. I'm fascinated by the gap between what AI can do and what humans refuse to let go of.What I'm good at: Taking a messy, ambitious idea and turning it into a product that real enterprises pay real money for. Ideation, product thinking, business development, team-building, and knowing when to push harder vs. when to walk away.IIT Dhanbad (ISM). Secretary of the Badminton club — because not everything has to be about startups.If you're building something interesting at the intersection of AI and enterprise — or if you just want to argue about whether creativity can emerge from a language model — I'm always up for a conversation.",3393,2026-09-01 17:03:38.642 +0530,"WuWei ! Do nothing, Effortless Doing",,,,,,,,,,,,,,,,2601,
Varun Jain,Varun,Jain,https://www.linkedin.com/in/varunjain1994,urn:li:member:445769558,varunjain1994,Bengaluru,Karnataka,India,"Bengaluru, Karnataka, India",FinBox,Principal Data Scientist,6-10yoe_global_indian,member_urn,"FinBox: Powering the Future of Digital Credit with Embedded Finance and AI-First Decisioning FinBox is an AI-native digital lending platform redefining how credit is built and delivered in the modern economy. At its core, FinBox provides a modular, API-first operating system for digital lending that lets banks, NBFCs, fintechs, and platform businesses launch, embed, and scale lending products with unparalleled speed and precision. With a full-stack infrastructure spanning onboarding, underwriting, risk intelligence, and embedded finance rails, FinBox empowers partners to embed credit deeply into user journeys rather than redirecting customers to legacy systems — shortening time-to-market from months to weeks. Its suite includes advanced loan origination tools, AI-driven decisioning engines like Sentinel AI for real-time credit decisions, and risk intelligence capabilities that improve approval accuracy while managing portfolio health. FinBox’s impact is tangible: hundreds of enterprises integrate its stack to automate origination, streamline compliance, and unlock new revenue streams by offering in-context credit across consumer and MSME segments. Backed by a strong lender network and reinforced with machine learning and alternative data signals, FinBox continues to push the boundaries of what embedded finance and digital lending can deliver — smarter, fairer, and faster.",408,2015,Financial Services,13438742,https://in.linkedin.com/company/finbox-in,"Bengaluru, Karnataka, India","Digital Lending, SaaS, B2B Lending, Embedded Finance, FinTech, Credit Rating, Decentralized Finance , Supply Chain Financing, Credit Infrastructure , Banking, Credit, Risk Intelligence, Alternate Data , Underwriting Tech, and Collections",https://www.finbox.in,,7/2025,false,https://media.licdn.com/dms/image/v2/D5603AQHWfTWQMBPByA/profile-displayphoto-shrink_100_100/profile-displayphoto-shrink_100_100/0/1708247852560?e=1788998400&v=beta&t=62GAcvKC1hZCZWliiqmlytBa8MMRsjhQIHvg2ZF9OF8,false,"As a Senior Manager of Data Science at Credit Saison India, I lead a team of data scientists and engineers to deliver innovative solutions for the Fin-tech and consulting industry. We leverage cutting-edge technologies such as PyTorch, Scikit-Learn, and SQL to build data-driven products and services that enhance customer experience, optimize business processes, and generate insights. I have a strong background in environmental engineering, having graduated from the prestigious Indian Institute of Technology (Indian School of Mines) Dhanbad with a Bachelor's degree. I am passionate about applying my analytical and problem-solving skills to real-world challenges and creating positive social and environmental impact. I am also a lifelong learner, having earned multiple certifications in statistical learning, deep learning, and GitHub for data scientists from Stanford University and LinkedIn.",290,2026-08-25 00:00:00.000 +0530,,,,,,,,,,,,,,,,,123,
Ayush Kedia,Ayush,Kedia,https://www.linkedin.com/in/ayush-kedia-38a8137b,urn:li:member:285685594,ayush-kedia-38a8137b,Bengaluru,Karnataka,India,"Bengaluru, Karnataka, India",Flipkart,Senior Product Manager,founders,member_urn,"At Flipkart, we're driven by our purpose of empowering every Indian's dream by delivering value through innovation in technology and commerce. With a customer base of over 350 million, product coverage of over 150 million across 80+ categories, a focus on generating direct and indirect employment and a commitment to empowering generations of entrepreneurs and MSMEs, all driven by a sustainable growth strategy – Flipkart is maximising for customers, stakeholders, and the planet at large! At Flipkart, our promise to every Flipster is - getting an opportunity to leave a mark and create their own legacy, the freedom to experiment, learn and grow, work with the industry’s brightest minds as part of a diverse team and we will extend our culture of care to them to ensure that they can focus on doing their best work. Driven by audacity, bias for action, customer first, integrity and inclusion – Flipsters have pioneered solutions that have transformed digital commerce in India. From the industry-first introduction of cash-on-delivery in 2010 to the launch of voice search and multiple vernacular interfaces in 2021 that have made e-commerce a very inclusive experience, Flipkart continues the exciting journey of solving for the Indian customer. We understand that your own aspirations and journeys are unique. So you choose what you want to maximise, and we provide you the platform for it - because when you maximise, we maximise. Flipkart is a part of the Walmart-owned Flipkart Group, which also includes group companies Flipkart Wholesale, Flipkart Health+, Cleartrip, and Myntra. Get in touch with our experts for support with your orders here: https://www.flipkart.com/helpcentre",94769,2007,"Technology, Information and Internet",321062,https://in.linkedin.com/company/flipkart,"Bengaluru, Karnataka, India","Technology, Internet, Machine Learning, Data Science, AI, Supply Chain, and ECommerce",https://www.flipkart.com,Flipkart Storefront and CRM,4/2025,true,,false,"I am working towards making grocery shopping experience delightful and memorable. With a foundation in strategy and innovation, I leverage customer journey mapping to identify and address user pain points, ensuring a seamless and enjoyable shopping journey. My expertise lies in problem solving, product management and data analysis, skills honed through 3+ years as Product Manager. These skills enable me to tackle complex challenges, particularly in optimizing the online grocery shopping experience. By adopting a user-centric approach, we're working to make grocery shopping on Flipkart a delightful and intuitive process for millions of users.",2274,2026-08-25 00:00:00.000 +0530,,,,,,,,,,,,,,,,,126,
Chiradip Baggchi,Chiradip,Baggchi,https://www.linkedin.com/in/chiradip-baggchi-52960565,urn:li:member:231423153,chiradip-baggchi-52960565,Mumbai,Maharashtra,India,"Mumbai, Maharashtra, India",LNT Infotech,Senior Consultant,10+yoe_global,member_urn,,,,,,,,,,,,false,https://media.licdn.com/dms/image/v2/C4D03AQFdYNZDq3KCyw/profile-displayphoto-shrink_100_100/profile-displayphoto-shrink_100_100/0/1663260684285?e=1788998400&v=beta&t=VpgDzZxlVqlaWYEpfE1cCua0eBYh-EBMUIYZBoH5Xho,false,"Experience: LNT Infotech · Education: Indian Institute of Management, Calcutta · Location: Mumbai · 500+ connections on LinkedIn. View Chiradip Baggchi’s profile on LinkedIn, a professional community of 1 billion members.",1409,2026-09-01 17:03:38.642 +0530,LNT Infotech,https://in.linkedin.com/company/l&t-infotech,800,,,,"{""Indian Institute of Management, Calcutta""}",,,,,,,+917738384241,,,2109,
Vaibhav Jain,Vaibhav,Jain,https://www.linkedin.com/in/vaibhavjain2004,urn:li:member:956077338,vaibhavjain2004,Bengaluru,Karnataka,India,"Bengaluru, Karnataka, India",Flipkart,Software Developer 1,founders,member_urn,"At Flipkart, we're driven by our purpose of empowering every Indian's dream by delivering value through innovation in technology and commerce. With a customer base of over 350 million, product coverage of over 150 million across 80+ categories, a focus on generating direct and indirect employment and a commitment to empowering generations of entrepreneurs and MSMEs, all driven by a sustainable growth strategy – Flipkart is maximising for customers, stakeholders, and the planet at large! At Flipkart, our promise to every Flipster is - getting an opportunity to leave a mark and create their own legacy, the freedom to experiment, learn and grow, work with the industry’s brightest minds as part of a diverse team and we will extend our culture of care to them to ensure that they can focus on doing their best work. Driven by audacity, bias for action, customer first, integrity and inclusion – Flipsters have pioneered solutions that have transformed digital commerce in India. From the industry-first introduction of cash-on-delivery in 2010 to the launch of voice search and multiple vernacular interfaces in 2021 that have made e-commerce a very inclusive experience, Flipkart continues the exciting journey of solving for the Indian customer. We understand that your own aspirations and journeys are unique. So you choose what you want to maximise, and we provide you the platform for it - because when you maximise, we maximise. Flipkart is a part of the Walmart-owned Flipkart Group, which also includes group companies Flipkart Wholesale, Flipkart Health+, Cleartrip, and Myntra. Get in touch with our experts for support with your orders here: https://www.flipkart.com/helpcentre",94769,2007,"Technology, Information and Internet",321062,https://in.linkedin.com/company/flipkart,"Bengaluru, Karnataka, India","Technology, Internet, Machine Learning, Data Science, AI, Supply Chain, and ECommerce",https://www.flipkart.com,,6/2025,false,,false,"The dumb guy who has expertise in CV/NLP/RL and does ML a lot. Recently, started working as SDE and learnt Kafka, Kubernetes, Docker and CI/CD. Looking for new stack and problems to solve.",2273,2026-08-25 00:00:00.000 +0530,,,,,,,,,,,,,,,,,126,
Rishit Jain,Rishit,Jain,https://www.linkedin.com/in/rishitjain05,urn:li:member:1147586248,rishitjain05,Bengaluru,Karnataka,India,"Bengaluru, Karnataka, India",Astrel Health,Co-Founder,founders,member_urn,"Astrel Health | 117 followers on LinkedIn. Reimagining Childhood Neurodevelopmental Care | Every child deserves the opportunity to reach their full potential, and every family deserves timely access to the support that can make that possible. At Astrel Health, we're building technology that helps families identify developmental concerns earlier and navigate the path to care with greater confidence. We believe developmental care should be easier to access, more affordable, and guided by evidence, not uncertainty.",4,2026,Health and Human Services,135134451,https://www.linkedin.com/company/astrelhealth,"San Francisco, California, United States",,https://astrelhealth.com/,astrelhealth.com,6/2026,false,,true,,3661,2026-08-25 00:00:00.000 +0530,,,,,,,,,,17,28,,,,,,406,
Dr. Isha Medha,Dr. Isha,Medha,https://www.linkedin.com/in/dr-isha-medha-b70b5a8b,urn:li:member:322360068,dr-isha-medha-b70b5a8b,Visakhapatnam,Andhra Pradesh,India,"Visakhapatnam, Andhra Pradesh, India",Callotropes Pvt. Ltd.,Co-founder and CEO,founders,member_urn,,,,,,,,,,,3/2025,false,,false,,3684,2026-08-25 00:00:00.000 +0530,,,,,,,,,,17,28,,,,,,1628,
Nishant Raj,Nishant,Raj,https://www.linkedin.com/in/nishant-raj-a238351ab,urn:li:member:823208571,nishant-raj-a238351ab,Bengaluru,Karnataka,India,"Bengaluru, Karnataka, India",Flipkart,Manager,6-10yoe_global_indian,member_urn,"At Flipkart, we're driven by our purpose of empowering every Indian's dream by delivering value through innovation in technology and commerce. With a customer base of over 350 million, product coverage of over 150 million across 80+ categories, a focus on generating direct and indirect employment and a commitment to empowering generations of entrepreneurs and MSMEs, all driven by a sustainable growth strategy – Flipkart is maximising for customers, stakeholders, and the planet at large! At Flipkart, our promise to every Flipster is - getting an opportunity to leave a mark and create their own legacy, the freedom to experiment, learn and grow, work with the industry’s brightest minds as part of a diverse team and we will extend our culture of care to them to ensure that they can focus on doing their best work. Driven by audacity, bias for action, customer first, integrity and inclusion – Flipsters have pioneered solutions that have transformed digital commerce in India. From the industry-first introduction of cash-on-delivery in 2010 to the launch of voice search and multiple vernacular interfaces in 2021 that have made e-commerce a very inclusive experience, Flipkart continues the exciting journey of solving for the Indian customer. We understand that your own aspirations and journeys are unique. So you choose what you want to maximise, and we provide you the platform for it - because when you maximise, we maximise. Flipkart is a part of the Walmart-owned Flipkart Group, which also includes group companies Flipkart Wholesale, Flipkart Health+, Cleartrip, and Myntra. Get in touch with our experts for support with your orders here: https://www.flipkart.com/helpcentre",94769,2007,"Technology, Information and Internet",321062,https://in.linkedin.com/company/flipkart,"Bengaluru, Karnataka, India","Technology, Internet, Machine Learning, Data Science, AI, Supply Chain, and ECommerce",https://www.flipkart.com,"Driving the customer experience strategy for Flipkart’s last mile logistics operations by designing and executing scalable initiatives aimed at building a zero-defects supply chain. Focused on delivering a delight-first ecosystem, ensuring that every touchpoint—from doorstep delivery to post-delivery support—is seamless, reliable, and customer-centric. Key Focus Areas Reducing customer escalation resolution TAT hence significantly improving customer satisfaction and operational responsiveness Streamlining feedback-to-action loops to enhance service quality and reduce repeat issues Collaborating cross-functionally with operations, product, and tech teams to design scalable solutions for key CX pain points in last mile delivery",7/2023,false,https://media.licdn.com/dms/image/v2/D5603AQHrXojTgF6GHg/profile-displayphoto-scale_400_400/B56ZgzyE.QG0Ag-/0/1753215424305?e=1788998400&v=beta&t=CdR6oTmJZaBX90sgppGpwdqT-u4PHQuecOZC34oY7aQ,false,"Leading Customer Experience Charter | Last Mile Logistics @ Flipkart Driving the customer experience strategy for Flipkart’s last mile logistics by designing and executing initiatives that enable a zero-defects supply chain. Focused on building a customer delight-first ecosystem that ensures every customer interaction is seamless, reliable, and delightful — from doorstep delivery to post-delivery support. Post Graduate Programme in Management (PGP) Indian Institute of Management Lucknow (Yr 2022-Yr 2024) Assistant Manager, Coal India Limited [Oct, 2017] – [Aug, 2020] Led planning and execution of operations in a high-production opencast coal mine. Responsible for end-to-end coordination to ensure seamless coal production and dispatch, while maintaining strict compliance with regulatory and safety standards. Bachelor of Technology (B.Tech), Mining Engineering Indian Institute of Technology (Indian School of Mines), Dhanbad Yr 2013 - Yr 2017",178,2026-08-25 00:00:00.000 +0530,,,,,,,,,,,,,,,,,126,
Manohar Kumar,Manohar,Kumar,https://www.linkedin.com/in/manohar-kumar-marketer,urn:li:member:50225572,manohar-kumar-marketer,Bengaluru,Karnataka,India,"Bengaluru, Karnataka, India",Floryo,Founder,founders,member_urn,Delivering the goodness of freshly processed staple food. Fresh is the new future.,12,2021,Food Production,82603976,https://in.linkedin.com/company/floryo,"Bengaluru, Karnataka, India",,www.floryo.com,,6/2021,true,,false,"I’m passionate about building businesses and crafting & nurturing brands that are loved by consumers. I have more than 16 years of cross functional experience in category management, brand marketing, trade marketing, sales & manufacturing in some of the well-established organizations across sectors like FMCG, Apparel Retailing & Automotive. I have helped to turn around declining businesses and produced outstanding sales results along with growth in profitability. I feel energized with the idea of keeping myself at the center of most positively disruptive technologies & processes that will help me in building a great business, a great brand & a great team. Specialties: General Management, P&L Management, Marketing Management, Marketing Strategy, Brand Strategy, Brand Management, Innovation, Consumer Insight, Customer Marketing, FMCG Sales, Team Building, Mentoring",3301,2026-08-25 00:00:00.000 +0530,,,,,,,,,,17,28,,,,,,127,
Saurabh Chaturvedi,Saurabh,Chaturvedi,https://www.linkedin.com/in/saurabh-chaturvedi-51a7854b,urn:li:member:178090150,saurabh-chaturvedi-51a7854b,Uttar Pradesh,,India,"Uttar Pradesh, India",Coal India Limited,Assistant Manager,6-10yoe_global_indian,member_urn,,,,,,,,,,,,false,https://media.licdn.com/dms/image/v2/C5603AQGwst1Yap_0cA/profile-displayphoto-shrink_100_100/profile-displayphoto-shrink_100_100/0/1517573906839?e=1788998400&v=beta&t=BEv86oA4eUYzesVFN9YQH4-cQ3alcmQnGmR9J-QOVKs,false,"Experience: Coal India Limited · Education: Indian Institute of Technology (Indian School of Mines), Dhanbad · Location: Uttar Pradesh · 500+ connections on LinkedIn. View Saurabh Chaturvedi’s profile on LinkedIn, a professional community of 1 billion members.",1579,2026-09-01 17:03:38.642 +0530,Coal India Limited,https://in.linkedin.com/company/coal-india-limited,561,,2013,2017,"{""Indian Institute of Technology (Indian School of Mines), Dhanbad""}",,,,,,,,,,956,
Anurupa Datta,Anurupa,Datta,https://www.linkedin.com/in/anurupadatta,urn:li:member:584375266,anurupadatta,Pune City,Maharashtra,India,"Pune City, Maharashtra, India",Oracle,Certified Life Coach,6-10yoe_global_indian,member_urn,,,,,,,,,,,,true,https://media.licdn.com/dms/image/v2/D5603AQGCIVEIsNPK_w/profile-displayphoto-scale_200_200/B56Z6RoQMsJwAc-/0/1780559710400?e=1788998400&v=beta&t=K3WSzrhS2i8xC8yXdWjMS_s6Ezi1yW7nMW-IPb7x-gA,false,"With 8 years of corporate and IT experience, I understand the pressure ambitious professionals carry — deadlines, expectations, responsibilities, and the silent question many women ask themselves:“I have the degree, the job, the salary… then why do I still feel empty, overwhelmed, and unfulfilled?”My own journey helped me realise that formal education and career success are only one part of a fulfilling life. To truly thrive, we also need life skills, emotional awareness, mindset shifts, self-leadership, clarity, proactive action, and the ability to create balance from within.This led me to explore coaching programs, personal transformation work, emotional processing tools, and practical life-skills training from national and international coaches and mentors including Tony Robbins, Pooja Puneet, Mitesh Khatri, Ritu Agarwal and other leading voices in the personal growth space.Over time, I discovered that my values, passion, and purpose are deeply aligned with helping women create meaningful transformation — especially women who are capable, educated, successful, and responsible, yet feel emotionally drained, stuck, stressed, or disconnected from happiness and fulfilment.Today, as a Life Coach and Transformation Mentor, I help ambitious professionals move from stress, overwhelm, overthinking, emotional overload, and imbalance into calm, clarity, confidence, purposeful action, and inner fulfilment.My work focuses on: Clarity and self-awareness Mindset transformation Emotional processing Smart goal-setting Work-life balance Aligned action and purposeful living Becoming the best version of yourselfI believe success should not come at the cost of peace, health, relationships, or self-worth.My mission is to help women create a life where they do not just perform well professionally, but also feel happy, peaceful, balanced, and fulfilled from within.Life is not meant to feel like a survival race. It can become a beautiful celebration — when you learn how to lead yourself from the inside out.My Previous Corporate Role:As a Senior Software Engineer at Oracle with over 8 years of experience, I worked on designing, developing, and enhancing advanced features for Oracle Exadata Cloud Service. My work supported mission-critical customer database workloads through scalable systems, cost optimization, secure coding practices, and workflow improvements. As an Oracle Cloud Infrastructure Generative AI Certified Professional, I aimed to align technical excellence with meaningful impact, customer success, and organizational growth.",2128,2026-09-01 17:03:38.642 +0530,Oracle,https://www.linkedin.com/company/oracle,798,,2016,2018,"{""Indian Institute of Technology (Indian School of Mines), Dhanbad""}",,,,,,,,,,2263,
Ajit Chowdhary,Ajit,Chowdhary,https://www.linkedin.com/in/ajit-chowdhary-082935183,urn:li:member:727904546,ajit-chowdhary-082935183,Nagpur,Maharashtra,India,"Nagpur, Maharashtra, India",,Director Technical  & Member of the Board,10+yoe_global,member_urn,,,,,,,,,,,,false,https://media.licdn.com/dms/image/v2/C5603AQFXT2MHARxtog/profile-displayphoto-shrink_100_100/profile-displayphoto-shrink_100_100/0/1589639963979?e=1788998400&v=beta&t=bRI12C6q93kmtQh-oc7eLk-H7H2eru5jepXEtYBh8SE,false,,3546,2026-09-01 17:03:38.642 +0530,Former Director Technical  at Western Coalfields Limited - Coal India,,,,,,,,,,,,,,,,,
Prabhu P.S.,Prabhu,P.S.,https://www.linkedin.com/in/prabhu-p-s-55825838,urn:li:member:131999252,prabhu-p-s-55825838,South Goa,Goa,India,"South Goa, Goa, India",FLUIDMAC,Partner,founders,member_urn,"At FluidMAC, we provide the ""Arteries of Power"" especially Hydraulic Power across Industries such as Construction, Earth-moving, Automotive, Injection Moulding, Mining & Engineering. Today, FluidMAC is one of the leading names in designing, manufacturing & supplying fluid conveyance products i.e. Hose Assemblies, Metallic tube assemblies & Hydraulic fittings, with new generation facilities & multi-functional capabilities. We began operation in 1999 with local services in Goa predominantly catering to the mining sector. Owing to their strong sense of quality & corporate values, FluidMAC grew rapidly to become a premier name in designing, manufacturing of fluid conveyance systems. With fast expanding footprint right across India, FluidMAC Hose Industries began in 2007 - a new generation company with increased production capacity & multi-functional capabilities to serve not only the retail after market but also contract manufacturing & export business segments.",9,1999,Mechanical Or Industrial Engineering,82119824,https://in.linkedin.com/company/fluidmac,"Sanguem, Goa, India","High Pressure Hydraulics, Flexible Hose Assemblies, Metallic Tube Assemblies, Hydraulic fittings, Hydraulic Components, Filtration systems, Sealing Solutions, Industrial Hoses, Fluid handling solutions, and Pneumatic",,"We are into manufacture and supply of Hose assemblies, Metallic Tube assemblies and Hydraulic Fittings to OEMs",4/1999,false,,false,Successful Mineral engineer turned successful Entrepreneur in the field of Fluid conveyance products with a vision to Manufacture Highly evolved products enabling advanced use of fluid power.,1871,2026-08-25 00:00:00.000 +0530,,,,,,,,,,,,,,,,,128,
Nitin Bansal,Nitin,Bansal,https://www.linkedin.com/in/nitin-bansal-0110,urn:li:member:150732514,nitin-bansal-0110,Bengaluru,Karnataka,India,"Bengaluru, Karnataka, India",Gameberry Labs,Associate General Manager,founders,member_urn,"At Gameberry Labs, we are building the next-gen social games that aim at bringing people closer. We spread love and happiness. We have successfully built a global user base for our first two games: Ludo STAR and Parcheesi STAR. Based in Bangalore, we are working on creative and innovative ideas around mobile games using the latest technologies. If you are interested in amazing people with your art, creativity, and knowledge then Gameberry is exactly the place for you.",360,2017,Computer Games,13356656,https://in.linkedin.com/company/gameberry-labs,"Bengaluru, Karnataka, India",Mobile Gaming and Casual Games,http://gameberrylabs.com/,,4/2025,false,,false,"- AGM at Gameberry Labs: Leading two games: Sorry! World and Backgammon Friends. - Worked as a Management Consultant at ZS and Merilytics. Led a team of 10 Analysts/ Associates to advise clients on their operational, strategy, and marketing problems using analytics - MBA graduate from Indian School of Business with majors in Operations and Strategy. - 4 years of Project Management and Data Analytics experience in Maruti Suzuki India Limited. - Mechanical Engineering graduate from IIT Dhanbad.",2178,2026-08-25 00:00:00.000 +0530,,,,,,,,,,,,,,,,,131,
suman mandal,suman,mandal,https://www.linkedin.com/in/suman-mandal-a54a2329,urn:li:member:101073952,suman-mandal-a54a2329,,,India,India,Geological Survey of India,Geophysicist,6-10yoe_global_indian,member_urn,"The Geological Survey of India (GSI), founded in 1851, is a Government of India Ministry of Mines organisation, one of the oldest of such organisations in the world and the second oldest survey in India after Survey of India (founded in 1767), for conducting geological surveys and studies of India, and also as the prime provider of basic earth science information to government, industry and general public, as well as the official participant in steel, coal, metals, cement, power industries and international geoscientific forums.",2,1851,Government Administration,31037370,https://in.linkedin.com/company/geology-india,"Kolkata, West Bengal, India",,https://www.gsi.gov.in/,,12/2015,false,https://media.licdn.com/dms/image/v2/C4D03AQHq5FnGXqzlzQ/profile-displayphoto-shrink_100_100/profile-displayphoto-shrink_100_100/0/1517571329307?e=1788998400&v=beta&t=YXc9yfJ5TYSS5pfHM8PlZg4B7Z1LNCE1E-SEY2852us,false,,2952,2026-08-25 00:00:00.000 +0530,,,,,,,,,,,,,,,,,133,
Arindam Biswas,Arindam,Biswas,https://www.linkedin.com/in/arindam-biswas-839956218,urn:li:member:922037805,arindam-biswas-839956218,Kolkata,West Bengal,India,"Kolkata, West Bengal, India",Cross Dimension LLP,Founder,founders,member_urn,"We at Cross Dimension aim to enhance your business experience by providing solutions to all your technological and outsourcing needs. We are exploring low-cost solutions driven by artificial intelligence, cloud computing, automation, and innovation. Our products are customized as per your needs, for an end-to-end experience, ensuring minimum intervention.",1,2022,IT Services and IT Consulting,79783195,http://www.linkedin.com/company/crossdimensionllp,"Kolkata, West Bengal, India","AI, Machine Learning, Deep Learning, Security, Networking, Analytics, Data Science, Integration, API, Information Technology, Software, Application, Cloud Service, IT Solution, Consulting, Web Application Development, Android, and iOS",,,6/2020,false,,false,,4083,2026-08-25 00:00:00.000 +0530,,,,,,,,,,17,28,,,,,,964,
Dr.Abeg Jaiswal,Dr.Abeg,Jaiswal,https://www.linkedin.com/in/dr-abeg-jaiswal-32060049,urn:li:member:171694536,dr-abeg-jaiswal-32060049,Bargarh,Odisha,India,"Bargarh, Odisha, India","Government Autonomous College, Rourkela",HOD,6-10yoe_global_indian,member_urn,,,,,,,,,,,,false,https://media.licdn.com/dms/image/v2/D5603AQGMwoI-ptK6eA/profile-displayphoto-shrink_100_100/profile-displayphoto-shrink_100_100/0/1647597392442?e=1788998400&v=beta&t=CYBLRSSB35WMpPq54WngwfvjlmGMvSWaAqwS-3XNJLM,false,"Experience: Government Autonomous College, Rourkela · Education: Indian Institute of Technology (Indian School of Mines), Dhanbad · Location: Bargarh · 294 connections on LinkedIn. View Dr.Abeg Jaiswal’s profile on LinkedIn, a professional community of 1 billion members.",1677,2026-09-01 17:03:38.642 +0530,"Government Autonomous College, Rourkela",https://in.linkedin.com/school/government-autonomous-college-rourkela/,299,,2014,2017,"{""Indian Institute of Technology (Indian School of Mines), Dhanbad""}",,,,,,,,,,1893,
Rahul Mishra,Rahul,Mishra,https://www.linkedin.com/in/rahul-mishra-529156a8,urn:li:member:382569585,rahul-mishra-529156a8,Kolkata,West Bengal,India,"Kolkata, West Bengal, India",Geological Survey of India,Senior Geophysicist,6-10yoe_global_indian,member_urn,"The Geological Survey of India (GSI), founded in 1851, is a Government of India Ministry of Mines organisation, one of the oldest of such organisations in the world and the second oldest survey in India after Survey of India (founded in 1767), for conducting geological surveys and studies of India, and also as the prime provider of basic earth science information to government, industry and general public, as well as the official participant in steel, coal, metals, cement, power industries and international geoscientific forums.",2,1851,Government Administration,31037370,https://in.linkedin.com/company/geology-india,"Kolkata, West Bengal, India",,https://www.gsi.gov.in/,,6/2023,false,https://media.licdn.com/dms/image/v2/C4E03AQEaJ-OcBEAd6Q/profile-displayphoto-shrink_100_100/profile-displayphoto-shrink_100_100/0/1517489369448?e=1788998400&v=beta&t=PXRW8N8aGI6s_OofRUBUJfuOTvv8P2VyeSphICcawhg,false,Carried out Different base metals and strategic mineral investigations in advanced stage of exploration for Odisa and Jharkhand states of India. Engaged in the National Geophysical Mapping monitored by the Ministry of mines and Niti Ayog of Govt.of India. Base line Geoscience data acquisition and integration for Mineral exploration in the Singhbhum craton and Eastern Ghat Mobile belt of eastern part of the country. Expert in Exploration and subsurface modelling for Development of Mining zone using multi parametric Geophysical survey.,19,2026-08-25 00:00:00.000 +0530,,,,,,,,,,,,,,,,,133,
Nibin Tom,Nibin,Tom,https://www.linkedin.com/in/nibin-tom-31741318,urn:li:member:60741379,nibin-tom-31741318,Raipur,Chhattisgarh,India,"Raipur, Chhattisgarh, India",Geological Survey of India,Director,10+yoe_indian,member_urn,"The Geological Survey of India (GSI), founded in 1851, is a Government of India Ministry of Mines organisation, one of the oldest of such organisations in the world and the second oldest survey in India after Survey of India (founded in 1767), for conducting geological surveys and studies of India, and also as the prime provider of basic earth science information to government, industry and general public, as well as the official participant in steel, coal, metals, cement, power industries and international geoscientific forums.",2,1851,Government Administration,31037370,https://in.linkedin.com/company/geology-india,"Kolkata, West Bengal, India",,https://www.gsi.gov.in/,,9/2022,false,,false,,3830,2026-08-25 00:00:00.000 +0530,,,,,,,,,,,,,,,,,133,
Uttam Nayek,Uttam,Nayek,https://www.linkedin.com/in/uttamnayek,urn:li:member:25739999,uttamnayek,Hyderabad,Telangana,India,"Hyderabad, Telangana, India",Global Business Solutions,Founder & Managing Partner,founders,member_urn,"GBS was established in 2008 with a vision of focused and quality consultancy in Utility, Advanced Metering Infrastructure(AMI) and Manufacturing domain. Over the years GBS team has served the Utility Company and Trading industries for SAP consultancy. GBS possesses a proven track record in providing SAP ECC and SAP ISU consultancy and support and services to Indian Utilities companies like Tata Power, EPDCL, Abhijeet Group,Coastal Gujarat Power Limited, Riverside Utilities Pvt. Limited and overseas Utility company like Male' Water Supply & Sewerage Company Ltd.",17,,Information Technology & Services,459680,https://in.linkedin.com/company/global-business-solutions,"Hyderabad, Telangana, India",,http://www.gbserp.com,"Global Business Solutions is engaged in internationally acclaimed SAP consultancy for Utility Industry ( Power, Gas, Water). GBS also provides consultancy in the core business area of any Enterprises. GBS has specialized consultants to cater the requirement of Generation, transmission and distribution business of Power Indutrsy. Since 2008, GBS is constantly adding value to one of the Water utility company in South Asia Region. Recently It got engaged with an Power utility company for SAP ISU Business in this sub continent.",5/2008,false,,false,,3632,2026-08-25 00:00:00.000 +0530,,,,,,,,,,17,28,,,,,,134,
Kuldeep Singh,Kuldeep,Singh,https://www.linkedin.com/in/kuldeepsingh-m,urn:li:member:838696130,kuldeepsingh-m,Bengaluru,Karnataka,India,"Bengaluru, Karnataka, India",Digit Insurance,Manager,founders,member_urn,"Digit Insurance is one of India's leading digital full stack insurance companies. On a mission to make insurance simple. Great Place to Work Certified Please note that Digit General Insurance will NEVER ask for ANY money during the recruitment process. Please do not share any financial information, or make any payments to anyone posing as a representative of Digit Insurance. If you come across any fishy communication, please reach out to us.",3138,2016,Insurance,18073064,https://in.linkedin.com/company/godigit,"Bengaluru, Karnataka, India","Insurance, InsurTech, Startup, and Fintech",www.godigit.com,"Promoted to Manager as the third advancement in four years — expanded scope includes product ownership, regulatory compliance oversight, process optimization and performance management for all new product-wide technology and product initiatives. - Sole Technical SPOC for all external partner integrations — defines API payload structures, reviews integration mapping, and authorizes documentation sign-off before build commences - Leads cross-functional teams across technology delivery, claims operations, and performance management (Associates to Deputy Manager level) - Engages stakeholders from CEO through Compliance, Sales, and external clients via steering committees and executive dashboards - Owns end-to-end AI product lifecycle: problem scoping solution architecture review post-launch performance tracking",4/2026,true,,false,"TL;DR — I speak both business and tech, I manage up and down.Technical Project & Program Manager with 4+ years of experience leading cross-functional technology initiatives, business transformation programs, and operational excellence projects in the insurance sector.I have delivered 40+ projects spanning process transformation, automation, AI-enabled systems, and enterprise integrations while collaborating with Engineering, Product, Operations, Compliance, and executive leadership teams.My strengths lie in stakeholder management, program governance, Agile delivery, process reengineering, solution design, and driving measurable business outcomes through technology.Core expertise: Technical Project Management | Business Transformation | Digital Transformation | Program Delivery | Agile & Waterfall | Process Improvement | API Integrations | Change Management | Stakeholder Management | Operational ExcellenceThink you need someone like me in your corner?Let's talk. kuldeepksoff03@gmail.com",2441,2026-08-25 00:00:00.000 +0530,,,,,,,,,,,,kuldeepksoff03@gmail.com,,,,,135,
Surendra Mohan Doppalapudi,Surendra Mohan,Doppalapudi,https://www.linkedin.com/in/surendra-mohan-doppalapudi-1aa14043,urn:li:member:152617234,surendra-mohan-doppalapudi-1aa14043,Hyderabad,Telangana,India,"Hyderabad, Telangana, India",,Senior Advisor,10+yoe_global,member_urn,,,,,,,,,,,,false,https://media.licdn.com/dms/image/v2/C5603AQF4ge2dhwqvoQ/profile-displayphoto-shrink_100_100/profile-displayphoto-shrink_100_100/0/1516992002446?e=1788998400&v=beta&t=OX_2lXbCCpvGvsCpFKInFEj0vmho0PHTbTujxMuNtqM,false,,3608,2026-09-01 17:03:38.642 +0530,Ex-Geosciences consultant.  Currently managing own business.,,,,,,,,,,,,,,,,,
Ravi Pathak,Ravi,Pathak,https://www.linkedin.com/in/ravi-pathak-06449715,urn:li:member:51955852,ravi-pathak-06449715,Delhi,,India,"Delhi, India",Geocoin Global,Co-Founder and CEO at Geocoin Global,founders,member_urn,"Geocoin Global is a global-focused Oil and Gas E&P consultancy firm, with a combined experience of > 500 years augmenting various technologies such as, Artificial Intelligence, Natural Language Processing, and Geo Spatial tools to provide seamless results with 100% project delivery commitments.",2,,Oil and Gas,81686741,http://www.linkedin.com/company/geocoin-global,"Noida, Uttar Pradesh, India",,https://geocoin.co,,10/2019,false,,false,,4104,2026-08-25 00:00:00.000 +0530,,,,,,,,,,17,28,,,,,,1045,
Satyam Kumar,Satyam,Kumar,https://www.linkedin.com/in/satyam-kumar-090a03381,urn:li:member:1582079148,satyam-kumar-090a03381,,,India,India,Spidex Labs,Founder & Systems Architect,founders,member_urn,,,,,,,,,,"As the founder of Spidex Labs, I architect and build foundational technology platforms from the ground up, with a focus on decentralized systems and high-fidelity cloud simulation. Architecting Pulse, a privacy-first, serverless social productivity platform. The core of this project is the ""Digital Factory,"" a C++ Actor-Based Mesh Architecture designed to achieve 95%+ message delivery reliability without any central infrastructure. Developing the System Design Laboratory, a configurable simulation platform that enables engineers to validate complex cloud architectures with 90-92% real-world accuracy before deployment. Leading the design of a novel ""Hardware-Adaptive Tick-Based Architecture"" in Go, allowing the simulation engine to achieve unlimited scalability from small educational systems to massive enterprise environments. Specializing in an AI-augmented development process, leveraging coding agents to build and optimize complex systems in a multi-language environment (Go, C++, Kotlin).",8/2025,false,,false,"I am not just a developer; I am a Systems Architect and the founder of Spidex Labs, where I build foundational technology platforms from the ground up. My expertise lies in architecting and developing complex, high-performance systems, with a special focus on decentralized networking and high-fidelity cloud simulation. My core philosophy is ‘Power Over Maintenance’: I leverage battle-tested, open-source components to achieve server-grade reliability without the fragility of traditional infrastructure. I believe in creating ‘physics laboratories’ for system architecture—platforms where ambitious designs can be meticulously simulated, validated, and stress-tested against real-world conditions before a single line of production code is written. This approach is embodied in my two flagship projects: Pulse: A revolutionary, privacy-first social productivity platform built on a decentralized, peer-to-peer mesh network. Its C++ ""Digital Factory"" is engineered for massive scale and 95%+ message delivery reliability without any central servers. System Design Laboratory: A high-fidelity cloud architecture simulator that allows engineers to validate complex distributed systems with 90–92% real-world accuracy. Its core is a novel Hardware-Adaptive Tick-Based Architecture in Go, enabling unlimited scalability from small educational models to massive enterprise environments. My entire process is built on a modern, AI-augmented workflow: Architect Leverage AI Validate. This allows for rapid iteration and the creation of provably correct systems. I don't just build software; I engineer the future of scalable and resilient platforms.",3348,2026-08-25 00:00:00.000 +0530,,,,,,,,,,17,28,,,,,,2503,
Manoj Kumar,Manoj,Kumar,https://www.linkedin.com/in/manoj-kumar-x,urn:li:member:710802836,manoj-kumar-x,,,India,India,Ainak,Founder,6-10yoe_global_indian,member_urn,,,,,,,,,,,,false,https://media.licdn.com/dms/image/v2/D5603AQEfcmEwf_ub0A/profile-displayphoto-shrink_100_100/profile-displayphoto-shrink_100_100/0/1712422675230?e=1788998400&v=beta&t=UkNbon6eVGpjUOKFGG-6ne9SSq-eqfOwiW3dLzagMn0,false,"A passionate innovator with a knack for simplifying the complex and driving technological advancements. Inspired by the genius of Richard Feynman, I thrive on demystifying intricate concepts and pioneering new ideas. From indulging in moments of contemplation beneath the night sky to exploring the latest innovations in technology, I'm driven by a relentless curiosity and a thirst for innovation.",1692,2026-09-01 17:03:38.642 +0530,Zero-One,,,,,,,,,,,,,,,,1518,
Teja Vunnam,Teja,Vunnam,https://www.linkedin.com/in/tejavunnam,urn:li:member:482904836,tejavunnam,Hyderabad,Telangana,India,"Hyderabad, Telangana, India",Silicon Labs,"Software Engineer, Infrastructure Software",6-10yoe_global_indian,member_urn,,,,,,,,,,,,false,https://media.licdn.com/dms/image/v2/D5603AQEnHOHwBqjxRg/profile-displayphoto-shrink_100_100/profile-displayphoto-shrink_100_100/0/1697965335377?e=1788998400&v=beta&t=cFcx4AtNAmDzD_n7m1U2RLLah65HjvQGGK_H2AfRt1I,false,"Experience: Silicon Labs · Education: Indian Institute of Technology (Indian School of Mines), Dhanbad · Location: Hyderabad · 500+ connections on LinkedIn. View Teja Vunnam’s profile on LinkedIn, a professional community of 1 billion members.",1761,2026-09-01 17:03:38.642 +0530,Silicon Labs,https://www.linkedin.com/company/siliconlabs,2462,https://leetcode.com/teja10/,2013,2017,"{""Indian Institute of Technology (Indian School of Mines), Dhanbad""}",,,,,,,,,,2467,
Manoj Kumar,Manoj,Kumar,https://www.linkedin.com/in/manoj-kumar-4294b913,urn:li:member:46029345,manoj-kumar-4294b913,New Delhi,Delhi,India,"New Delhi, Delhi, India",Government e-Marketplace (GeM),Deputy Chief Executive Officer,10+yoe_indian,member_urn,"Stay tuned for the latest updates on the official account of Government e Marketplace (GeM) portal. Government e Marketplace is India’s largest e-marketplace for government buyers. The platform facilitates procurement of public goods & services, empowering pan-India sellers & service providers to showcase their products & services to lakhs of government buyers across the country, including Central & State Ministries, Departments, Public Sector Undertakings, Autonomous Bodies, Panchayats, and Cooperative Societies. Established in 2016 under the visionary leadership of the Hon’ble Prime Minister, GeM promotes #Efficiency, #Transparency and #Inclusivity in public procurement. Its end-to-end digital platform simplifies processes, reduces paperwork, and creates equal opportunities for Indian entrepreneurs in the business-to-government (#B2G) domain.",544,2016,Government Administration,13245693,https://in.linkedin.com/company/government-e-marketplace,"Delhi, India","e-commerce, Government e portal, online procurement, Government procurement, e-commerce portal, GeM, gem, Government of India, procurement methods, and Government e-Marketplace",https://gem.gov.in/,"Marketplace Products: Overseeing the development of GeM platform functionalities. Monitoring preparation of BRDs for refining various processes and Business Rules on GeM. Integrations: Business and Technical aspects of all integration works. HR: HR management including recruitment, operations, performance management and Organization governance. Forward Auction: Overall supervision of design & development of Forward Auction related functionalities. Legal and Board Secretariat: Supervision and monitoring of legal cases filed/ defended for GeM before pan India courts / tribunals. Handling GeM Board Meetings related matters.",6/2023,true,https://media.licdn.com/dms/image/v2/D4D03AQHVJSAuTV3nVg/profile-displayphoto-shrink_100_100/profile-displayphoto-shrink_100_100/0/1670611328890?e=1788998400&v=beta&t=tk_J-TjZUNcieywGG1fgBVJ5ybrJbFAeVa3Rs2NPZLc,false,"Specialties: Strategy, Operations, People Management, Product Planning, Machine Maintenance, Public Procurement, IT Hardware and Networking",780,2026-09-01 21:00:56.853 +0530,,,,,,,,,,,,manojkumarzone@gmail.com,,,,,138,
Siyaram Sharma,Siyaram,Sharma,https://www.linkedin.com/in/siyaramsharma,urn:li:member:593593671,siyaramsharma,Jaipur,Rajasthan,India,"Jaipur, Rajasthan, India",Birla Corporation Ltd.,Vice,10+yoe_global,member_urn,,,,,,,,,,,,false,https://media.licdn.com/dms/image/v2/C5103AQFZYrCML6B-XQ/profile-displayphoto-shrink_100_100/profile-displayphoto-shrink_100_100/0/1517057396063?e=1788998400&v=beta&t=nspvWdWiM8EijHtBV9MIvo_h9qHAG2ID2XjcjCbbuGY,false,"B.Tech Mining from Indian School of Mines, Dhanbad With 36 years of experience in Mining (21 years in Cement Industries) retired professional highly thoughtful and skilled .",2451,2026-09-01 17:03:38.642 +0530,"Bachelor of Technology - BTech at Indian Institute of Technology (Indian School of Mines), Dhanbad",,,,,,,,,,,,,,,,915,
Rahul Chhapola,Rahul,Chhapola,https://www.linkedin.com/in/rahul-chhapola-6b976513b,urn:li:member:572198829,rahul-chhapola-6b976513b,South Delhi,Delhi,India,"South Delhi, Delhi, India",www.sweetkarts.com,Co-Founder,founders,member_urn,,,,,,,,,,,,false,https://media.licdn.com/dms/image/v2/D5603AQEvDyvjDthrAQ/profile-displayphoto-shrink_200_200/B56Zag1zk5GUAk-/0/1746455184129?e=2147483647&v=beta&t=1zdhwCskKa_vjoxyQsKHumyFKwFsJopoGWmcFlZAeuo,false,"Experience: www.sweetkarts.com · Education: jhunjhunu academy · Location: South Delhi · 500+ connections on LinkedIn. View Rahul Chhapola’s profile on LinkedIn, a professional community of 1 billion members.",1496,2026-09-01 17:03:38.642 +0530,www.sweetkarts.com,,1054,,,,{},,,17,28,,,,,,2676,
Rajeev Kukreti,Rajeev,Kukreti,https://www.linkedin.com/in/rkukreti,urn:li:member:79386273,rkukreti,,,India,India,Globacom,Senior Manager,10+yoe_global,member_urn,,,,,,,,,,,,false,,false,"Project Manager PMP, BSS Solution Architect, Business Analyst Specialties: Tibco middleware - Telecom BSS/OSS Domain",3708,2026-09-01 17:03:38.642 +0530,Project Manager/Solution Architect,,,,,,,,,,,,,,,,1874,
Sumit Gupta,Sumit,Gupta,https://www.linkedin.com/in/sumit-gupta-23128b24,urn:li:member:84290437,sumit-gupta-23128b24,Pune District,Maharashtra,India,"Pune District, Maharashtra, India",Prepdoor.com,Co-Founder,founders,member_urn,,,,,,,,,,,,false,https://media.licdn.com/dms/image/v2/C4D03AQErNCq3trHovw/profile-displayphoto-shrink_200_200/profile-displayphoto-shrink_200_200/0/1517068526845?e=2147483647&v=beta&t=P4PHdPB6s-xlpERrI_byABzruYMfBvffFJeIFQuWhsE,false,"Experience: Prepdoor.com · Education: Indian Institute of Technology (Indian School of Mines), Dhanbad · Location: Pune District · 239 connections on LinkedIn. View Sumit Gupta’s profile on LinkedIn, a professional community of 1 billion members.",1655,2026-09-01 17:03:38.642 +0530,Prepdoor.com,https://in.linkedin.com/company/prepdoor-com,239,,2006,2010,"{""Indian Institute of Technology (Indian School of Mines), Dhanbad""}",,,17,28,,,,,,2313,
Ashok K. Pathak,Ashok K.,Pathak,https://www.linkedin.com/in/ashok-k-pathak-450498164,urn:li:member:658112892,ashok-k-pathak-450498164,Noida,Uttar Pradesh,India,"Noida, Uttar Pradesh, India",Kuwait Oil Company,Consultant,10+yoe_global,member_urn,,,,,,,,,,,,false,https://media.licdn.com/dms/image/v2/C4E03AQHSBQB3w8pzng/profile-displayphoto-shrink_100_100/profile-displayphoto-shrink_100_100/0/1631948521190?e=1788998400&v=beta&t=TvGdUk4c7t0zw9V0fKJvHcqO-D2_JI2uR0VYXXcenWI,false,"More than 40 years of experience in oil and gas reservoir development and management of petroleum industry Adviser to Board Members and Managers of Kuwait Oil company (KOC) and Oil & Natural Gas Corporation Ltd (ONGC) Worked with several NOCs (KOC and ONGC), IOCs (Shell, BP, Chevron) and international consultants (TOTAL-CFP, IPEC, IRT, D&M, QRI, Schlumberger, Halliburton etc.) Uniquely qualified to prepare and scrutinize oilfield development plans with a view to achieve production and recovery objectives Led and managed large and small teams engaged in development of green and brown fields under primary, secondary and EOR phases Varied experience in reservoir simulation, waterflood pilot design and analysis, expansion strategy and plans and full life-cycle field development Screening oil and gas fields for EOR, design EOR pilots and create value by fast tracking their implementation for expansion. My extensive involvement with evaluation of technical bids and production plans gives me an edge to quickly identify the strengths and weaknesses of a development proposal. Experience in setting performance criteria, advice on Annual WP & B, Score Cards and periodic performance reviews",1850,2026-09-01 17:03:38.642 +0530,Kuwait Oil Company,https://kw.linkedin.com/company/kuwait-oil-company,108,,,,{},,,,,,,,,,2089,
Joseph Antony Purakkatt,Joseph,Antony Purakkatt,https://www.linkedin.com/in/joseph-antony-purakkatt-137200318,urn:li:member:1350162619,joseph-antony-purakkatt-137200318,Kochi,Kerala,India,"Kochi, Kerala, India",NTPC Limited,General Manager,10+yoe_global,member_urn,,,,,,,,,,,,false,https://media.licdn.com/dms/image/v2/D4D03AQHb8gYX0BSFOg/profile-displayphoto-shrink_100_100/profile-displayphoto-shrink_100_100/0/1720274851257?e=1788998400&v=beta&t=qPrinnP2CRoBUS5-IL4_XfJ17sI7T4iQjbQmlsEnC1c,false,"Dedicated and versatile General Manager(GM) with over 34 years of experience dealing with Procurement, Contracts and Stores Functions at NTPC Ltd, a Maharatna Company, responsible for Power Generation. I have been responsible for arranging Spares in time for the sustained generation of the Station, awarding Contracts for the Maintenance Activities and also maintaining Optimum Inventory at Station Level. I have been responsible for co-ordination with all the 40 Stations of NTPC for the day-to-day requirement of Spare parts Management.",1930,2026-09-01 17:03:38.642 +0530,NTPC Limited,https://in.linkedin.com/company/ntpc,4,,1986,1988,"{""Indian Institute of Technology (Indian School of Mines), Dhanbad""}",,,,,,,,,,2240,
Bharath Chowdary,Bharath,Chowdary,https://www.linkedin.com/in/bharathchowdary,urn:li:member:61797863,bharathchowdary,Hyderabad,Telangana,India,"Hyderabad, Telangana, India",JPMorganChase,"VP, Product Manager",10+yoe_global,member_urn,,,,,,,,,,,,false,https://static.licdn.com/aero-v1/sc/h/bgaqk7x4ntjz0wg67d8u723eb,false,"Experience: JPMorganChase · Education: Indian Institute of Technology (Indian School of Mines), Dhanbad · Location: Hyderabad · 476 connections on LinkedIn. View Bharath Chowdary’s profile on LinkedIn, a professional community of 1 billion members.",1738,2026-09-01 21:00:56.853 +0530,JPMorganChase,https://www.linkedin.com/company/jpmorganchase,483,,2005,2009,"{""Indian Institute of Technology (Indian School of Mines), Dhanbad""}",,,,,ch.bharathchowdary@gmail.com,,,,,2053,
Yashwi Prajapati,Yashwi,Prajapati,https://www.linkedin.com/in/yashwi-prajapati-6b3623411,urn:li:member:1760285223,yashwi-prajapati-6b3623411,,,India,India,Century Plyboards (I) Limited,Intern,founders,member_urn,,,,,,,,,,,,false,https://static.licdn.com/aero-v1/sc/h/bgaqk7x4ntjz0wg67d8u723eb,false,"Experience: Century Plyboards (I) Limited · Education: Indian Institute of Technology (Indian School of Mines), Dhanbad · Location: India · 250 connections on LinkedIn. View Yashwi Prajapati’s profile on LinkedIn, a professional community of 1 billion members.",1518,2026-09-01 17:03:38.642 +0530,Century Plyboards (I) Limited,https://in.linkedin.com/company/century-plyboards-limited,251,,,,{},,,,,,,,,,1647,
Ankur Ojha,Ankur,Ojha,https://www.linkedin.com/in/ankur-ojha-a76a9317,urn:li:member:59415354,ankur-ojha-a76a9317,South Delhi,Delhi,India,"South Delhi, Delhi, India",Somnium Management Consulting Pvt. Ltd.,Head- Process Solutions & Market Development,10+yoe_global,member_urn,,,,,,,,,,,,false,https://media.licdn.com/dms/image/v2/D4D03AQEAfObLtpaZ0A/profile-displayphoto-shrink_100_100/profile-displayphoto-shrink_100_100/0/1700928253578?e=1788998400&v=beta&t=ZTgULezDhDPv0UI4tw294HYwCphF-CeZ0CV1i8b0Z94,false,"I am a senior leader and strategist in the mineral processing industry, currently serving as the Head of Process Solutions & Market Development at Somnium Management Consulting Pvt. Ltd. In this role, I drive growth for clients by connecting innovative technology with market opportunities, providing strategic advisory on operational efficiency, market entry, and solution commercialization. My career is built on a unique dual-track foundation: over a decade of deep technical process engineering followed by progressive leadership in business development and sales for global equipment manufacturers. Before moving into consultancy, I held leadership roles at Tega McNally Minerals and McNally Humboldt Wedag, where I was responsible for sales strategy, client engagement, and market expansion for mineral processing equipment. Earlier, I served as Business Development Manager at Derrick Corporation, honing my skills in solution-selling and relationship management. This journey began on the engineering front lines at ACB India Limited ,MBE-CMT & JSPL , where I managed the complete lifecycle of major coal and mineral beneficiation projects—from flow sheet design and equipment selection to commissioning and performance guarantee tests. My hands-on experience ensures that my strategic recommendations are grounded in technical and operational reality. What I offer: Strategic Market Development: Identifying and capturing new opportunities in mineral processing through tailored solutions. End-to-End Process Expertise: From concept and engineering to commercialization and optimization. Technical-Commercial Bridge: Leveraging engineering insight to craft compelling sales strategies and value propositions. Leadership in Sales & Solutions: Building and leading teams to drive revenue growth and client success in complex industrial markets.",2759,2026-09-01 21:00:56.853 +0530,"Head of Process Solutions & Market Development | Strategic Consultant | Mineral Processing Expert | Ex-Tega, McNally, MBE-CMT,ACB,JSPL  | IIT-ISM",,,,,,,,,,,ankur.ojha@yahoo.co.in,,,,,2491,
Mallika Mullick,Mallika,Mullick,https://www.linkedin.com/in/mallika-mullick-713a1284,urn:li:member:301111935,mallika-mullick-713a1284,Kolkata,West Bengal,India,"Kolkata, West Bengal, India","DST,Govt of India",Women Scientist,10+yoe_global,member_urn,,,,,,,,,,,,false,https://media.licdn.com/dms/image/v2/C5603AQEqKAJyg3ubIg/profile-displayphoto-shrink_100_100/profile-displayphoto-shrink_100_100/0/1645894483541?e=1788998400&v=beta&t=9fTJcTh6uKs0nTOS6Q50m8KdgoZNtj6Iu4ZdXifJExk,false,"The candidate has been carrying out research on Earth’s crustal deformation for identification of active faults in the perspective of earthquake hazard using GPS technology since 2005, first as Senior Research Fellow and then as Women Scientist-A of Department of Science & Technology, Govt. of India where the work included GPS data collection from field using Trimble 5700 receiver and Zephyr Geodetic antenna set and then data processing using software like GAMIT/GLOBK and GMT and interpretation of results using modelling software DEFNODE/TDEFNODE. This helped her to acquire in-depth knowledge of computer programming in Fortran and C languages and working with the Windows and Linux OS and MATLAB. As the Principal Investigator of three consecutive research projects she has proven capabilities of successfully completing the declared objectives of all of them within the time frame. Before 2005 she had extensive field experience of acquiring DC electrical Resistivity data from area extending over a length of few kilometres and subsequent data management and processing.",1981,2026-09-01 17:03:38.642 +0530,"DST,Govt of India",,9,,,,"{""Jadavpur University, Kolkata""}",,,,,,,,,,1775,
Dr. Rakesh Kumar Singh,Dr. Rakesh Kumar,Singh,https://www.linkedin.com/in/dr-rakesh-kumar-singh-9b2229294,urn:li:member:1194949718,dr-rakesh-kumar-singh-9b2229294,New Delhi,Delhi,India,"New Delhi, Delhi, India",Shriram Institute for Industrial Research,Research And Development Specialist,10+yoe_global,member_urn,,,,,,,,,,,,false,https://media.licdn.com/dms/image/v2/D4E03AQFhHx-INAkfFw/profile-displayphoto-shrink_100_100/profile-displayphoto-shrink_100_100/0/1696407949186?e=1788998400&v=beta&t=Jyfc_fruRgWB4HcV-ZhgfkYyxcZCFNln7BI50wNIyRg,false,37 Years Research & Development Experience Assignments handled in various areas are as follows: (a) Polymer synthesis and its characterization (b) Specialty chemicals and import substitute (c) Plastic and rubber compounding & processing (d) High Performance Coatings & Adhesive (e) Technical Consultancy (f) Radiation Shielding Materials (g) Technical support to startup and incubation (h)Technical Opinion report (i) Value added products from industrial waste (J) Process Validation Technology (K) Laboratory scale process technology development (l) Industrial demonstration trials (m) Scale up of technology from laboratory to pilot scale (n) Framing of R & D Proposal ( Waste Management Technologies,1911,2026-09-01 17:03:38.642 +0530,Shriram Institute for Industrial Research,,53,,2006,2011,"{""Indian Institute of Technology (Indian School of Mines), Dhanbad""}",,,,,,,,,,2456,
Mohit Porwal,Mohit,Porwal,https://www.linkedin.com/in/mohitporwal77,urn:li:member:794871627,mohitporwal77,Gurugram,Haryana,India,"Gurugram, Haryana, India",Mindtickle,"Lead Product Analyst, Product Analytics",6-10yoe_global_indian,member_urn,,,,,,,,,,,,false,https://media.licdn.com/dms/image/v2/D5603AQHGSfCgedXzMA/profile-displayphoto-scale_100_100/B56Zw9G2niIEAc-/0/1770551733413?e=1788998400&v=beta&t=txjWXxMEDNfULjCkYeUW3Y2r7SwOn52ITEsM8QPvHUo,false,"Growth problems have a tell: churn creeping up, monetization plateauing, adoption stalling. While the dashboard says everything's fine.That gap is where I work. 6+ years across SaaS, gaming, healthcare, and AI products. The way I see it : product decides what to build, data reveals what's actually happening, and business defines what success means. Good analytics sits at the intersection of all three, not in service of just one.Outside full-time roles, I help early-stage startups build their data layer from zero .Problems I gravitate toward: PLG, retention intelligence, monetization, AI product adoption.",1995,2026-09-01 17:03:38.642 +0530,Mindtickle,https://www.linkedin.com/company/mindtickle,5336,https://medium.com/@writermohit,2015,2019,"{""Indian Institute of Technology (Indian School of Mines), Dhanbad""}",,,,,,,,,,2155,
Mohammad Noman Ashraf,Mohammad Noman,Ashraf,https://www.linkedin.com/in/mohammad-noman-ashraf-baa08b44,urn:li:member:155457778,mohammad-noman-ashraf-baa08b44,Ghaziabad,Uttar Pradesh,India,"Ghaziabad, Uttar Pradesh, India",Alfanar Projects,"Site Manager, Jazan Power Plant",10+yoe_global,member_urn,,,,,,,,,,,,false,https://media.licdn.com/dms/image/v2/C5603AQGpkNk-uqCj3Q/profile-displayphoto-shrink_100_100/profile-displayphoto-shrink_100_100/0/1517355626862?e=1788998400&v=beta&t=jdwigu9M3bA1roZ-GwW1R9mXt8RVd7SIeK0ZnX0KTMo,false,"Over 35 years of extensive experience in the field of power generation , specially in Gas Turbine technology . Expert in trouble shootings of operation & maintenance related to simple cycle Gas Turbines. Extensive background of spare parts management including use of high tech. parts , life assessment of the HGP components and maintenance planning / scheduling of gas turbines for hostile climatic conditions. Sufficient background for rehabilitation of aging gas turbines & technical financial evaluation of power plant extension.",2512,2026-09-01 17:03:38.642 +0530,Consultant - Power Plant & Energy Generation,,,,,,,,,,,,,,,,1525,
Amit Jaiswal,Amit,Jaiswal,https://www.linkedin.com/in/amit-jaiswal-134666213,urn:li:member:906381112,amit-jaiswal-134666213,Gorakhpur,Uttar Pradesh,India,"Gorakhpur, Uttar Pradesh, India",Government of Uttar Pradesh,SDM Etawah,6-10yoe_global_indian,member_urn,"Under the Constitution of India, Uttar Pradesh has a Governor and a bi-cameral Legislature. The Lower House is called Vidhan Sabha and the Upper House, Vidhan Parishad.The State has also a High Court. Current Governor's Profile- Hon. Governor:- Sri Ram Naik Current Chief Minister:- Hon. Chief Minister Sri Yogi Adityanath Deputy Chief Minister:- Hon. Deputy Chief Minister Sri Keshav Prasad Maurya Deputy Chief Minister:- Hon. Deputy Chief Minister Dr. Dinesh Sharma",3128,,Government Administration,13680270,https://in.linkedin.com/company/government-of-uttarpradesh,"Kakori, Uttar Pradesh, India",,http://up.gov.in,,7/2026,false,https://media.licdn.com/dms/image/v2/D5603AQEjjHTxxWjfWQ/profile-displayphoto-scale_100_100/B56ZuHlddaGsAc-/0/1767506304771?e=1788998400&v=beta&t=INPMNbhx-Xd8GHZrOo29sSka-vfm5VOnkQLBZ39nnOQ,false,Ex Ambuja cements ltd. Ex Commercial Tax Officer,99,2026-08-25 00:00:00.000 +0530,,,,,,,,,,,,,,,,,140,
Dr. Shovana Mondal,Dr. Shovana,Mondal,https://www.linkedin.com/in/dr-shovana-mondal-6541a0b6,urn:li:member:412522912,dr-shovana-mondal-6541a0b6,,,Greater Kolkata Area,Greater Kolkata Area,"Indian Institute of Technology (Indian School of Mines), Dhanbad",Researcher,6-10yoe_global_indian,member_urn,,,,,,,,,,,,false,https://media.licdn.com/dms/image/v2/C4D03AQGsF_CcRA7VEA/profile-displayphoto-shrink_100_100/profile-displayphoto-shrink_100_100/0/1589349668942?e=1788998400&v=beta&t=qOZ1cnYLJSPDFzFKz1mU_8vM9kd9U1K8kDfbyRpnNGY,false,,3742,2026-09-01 17:03:38.642 +0530,Student at Indian School of Mines,,,,,,,,,,,,,,,,1988,
Apoorv Singh,Apoorv,Singh,https://www.linkedin.com/in/apoorv616,urn:li:member:642525241,apoorv616,Gurugram,Haryana,India,"Gurugram, Haryana, India",Mosambee (Pine Labs),Senior Director Strategy,6-10yoe_global_indian,member_urn,,,,,,,,,,,,false,https://media.licdn.com/dms/image/v2/D5603AQE4vJDhSAWjjQ/profile-displayphoto-scale_200_200/B56ZrI.RrjJYAY-/0/1764308371078?e=1788998400&v=beta&t=N4OR5y6FV3ycI1GFtT8Ls70d0yqHKbjm78GHRvdxm_o,false,"I have spent the last 8 plus years working in fintech, ecommerce, and consulting, focusing on how businesses grow, retain users, and build stronger revenue outcomes. Most of my work has involved understanding user behaviour, fixing what slows teams down, and shaping strategies that actually translate into commercial results.At Razorpay, I led retention and lifecycle strategy for a mid-market portfolio, working closely with product, CX, and sales to reduce churn, improve usage, and build a more predictable operating rhythm across teams. At Meesho, I worked on 0 to 1 launches and user growth, improving DAU and conversion funnels, designing cohort-led interventions, and running experiments that helped increase ARPU and long-term engagement. My earlier roles at PwC and ONGC gave me a strong base in disciplined execution, problem solving, and working with diverse teams in fast changing environments.I enjoy taking on problems where the path is not obvious, breaking them down using data, and working with cross-functional teams to move things forward. Whether it is refining a lifecycle funnel, planning a GTM motion, or improving the way teams collaborate, I like work that combines clarity of thinking with practical execution.I am at my best in environments where people take ownership, move with intent, and care about building things that last.",2010,2026-09-01 17:03:38.642 +0530,Mosambee (Pine Labs),,2138,,,,{},,,,,,,,,,2178,
Sohit Kumar,Sohit,Kumar,https://www.linkedin.com/in/sohitkumar,urn:li:member:312423896,sohitkumar,,,India,India,RocketFrog.ai,Senior Business Consultant,6-10yoe_global_indian,member_urn,,,,,,,,,,,,true,https://media.licdn.com/dms/image/v2/D4D03AQGDQBbVPQ9Rgw/profile-displayphoto-shrink_100_100/profile-displayphoto-shrink_100_100/0/1689830298302?e=1788998400&v=beta&t=kcsWHT__ypF62zapSZU_HT4BDJV6DtrWN3-BZQiyuFY,false,"Building great products is about more than just features; it is about solving the right problems for the right users. As a Product Leader with 5+ years of experience, I specialize in turning ambiguous problem statements into scalable B2B and AI-driven solutions.My journey has taken me from optimizing refurbishment operations at Spinny (improving TAT by 37%) to defining the future of Agentic AI at Alphadroid. Today, I lead a team of 12 talented individuals, building platforms that automate complex patient care and guest management workflows.I take pride in my ""business-first"" approach to product—evidenced by onboarding enterprise giants like McDonald's and Haldiram's during my time at DotPe.I believe in leading with empathy, making decisions based on data, and constantly iterating to improve the user journey.",2023,2026-09-01 17:03:38.642 +0530,RocketFrog.ai,https://in.linkedin.com/company/rocketfrogai,5884,,2013,2017,"{""Indian Institute of Technology (Indian School of Mines), Dhanbad""}",,,,,,,,,,2375,
Bhavuk Manocha,Bhavuk,Manocha,https://www.linkedin.com/in/bhavukb13,urn:li:member:459470609,bhavukb13,Bengaluru,Karnataka,India,"Bengaluru, Karnataka, India",slice,"Bengaluru, Karnataka, India | Professional Profile",6-10yoe_global_indian,member_urn,,,,,,,,,,,,true,https://media.licdn.com/dms/image/v2/D5603AQFqBTlBMJZw-A/profile-displayphoto-scale_100_100/B56Z4BxkK8GgAg-/0/1778146236696?e=1788998400&v=beta&t=HAivi6s-94f4EfIxnQqlcdQr7_Chr--8vCFhWM3rY0Q,false,"Co-founder of Anthill AI, where we're building the Enterprise Brain - an AI-native platform that helps organizations make traceable, data-driven decisions at thinking speed.With 8+ years of experience across fintech, supply chain, and retail analytics, I've worked at the intersection of data, AI, and enterprise problem-solving. At Anthill AI, we're reimagining how organizations interact with their knowledge by connecting structured and unstructured data into a living context graph. This enables teams to ask complex business questions in natural language and receive answers grounded in their enterprise data.My focus is on turning fragmented information into actionable intelligence. I enjoy building systems that reduce operational complexity, improve decision-making, and help teams move faster with confidence. Whether it's designing AI-powered workflows, shaping data strategy, or solving challenging business problems, I'm driven by the belief that the best decisions come from making the right information accessible when it's needed most.",2008,2026-09-01 17:03:38.642 +0530,"Bengaluru, Karnataka, India | Professional Profile",,2948,,2014,2018,"{""Indian Institute of Technology (Indian School of Mines), Dhanbad""}",,,,,,,,,,2478,
Prashant Kumar,Prashant,Kumar,https://www.linkedin.com/in/prashant-kumar-b809a83a,urn:li:member:139817616,prashant-kumar-b809a83a,Gurugram,Haryana,India,"Gurugram, Haryana, India",Stealth AI Startup,Head of Product,6-10yoe_global_indian,member_urn,,,,,,,,,,,,false,https://media.licdn.com/dms/image/v2/D5603AQH8M_Gzsd_hnw/profile-displayphoto-shrink_100_100/profile-displayphoto-shrink_100_100/0/1719851400720?e=1788998400&v=beta&t=Ldz7btBuC51RRAk2fO1rUp6poIlWra_4ARw-lKK3874,false,"Experience: Stealth AI Startup · Education: Indian Institute of Management, Calcutta · Location: Gurugram · 500+ connections on LinkedIn. View Prashant Kumar’s profile on LinkedIn, a professional community of 1 billion members.",1835,2026-09-01 17:03:38.642 +0530,Stealth AI Startup,https://www.linkedin.com/company/stealthaistartup,3089,,,,"{""Indian Institute of Management, Calcutta""}",,,,,,,,,,2519,
SHASHI KAPOOR,SHASHI,KAPOOR,https://www.linkedin.com/in/shashi-kapoor-03486828,urn:li:member:97680424,shashi-kapoor-03486828,Hyderabad,Telangana,India,"Hyderabad, Telangana, India",Free Lance Mining Environment Planner,Independent CEO,10+yoe_global,member_urn,,,,,,,,,,,,false,https://media.licdn.com/dms/image/v2/C5103AQGRy509ldaMig/profile-displayphoto-shrink_100_100/profile-displayphoto-shrink_100_100/0/1547456069880?e=1788998400&v=beta&t=pN9_8ZdM9NecONpya6c699xBfhF4EET_6rmFvi45F7M,false,WORKED IN HIGHLY MECHANIZED UNDER GROUND AND OPENCAST COAL MINES; MINE PLANNING AND ENVIRONMENTAL MANAGEMENT ;CHIEF OF FOREST LAND DIVERSION & LAND ACQUISITION ; CHIEF OF MINE SAFETY & RESCUE Specialties: MINING PLANS PREPARATION; ENVIRONMENT IMPACT ASSESSMENT & MANAGEMENT OF U/G & O/C MINES,1983,2026-09-01 17:03:38.642 +0530,Free Lance Mining Environment Planner,,66,,1966,1971,"{""Indian Institute of Technology (Indian School of Mines), Dhanbad""}",,,,,,,,,,1847,
Diksha Sharma,Diksha,Sharma,https://www.linkedin.com/in/dsdiksha-sharma,urn:li:member:548735207,dsdiksha-sharma,Gurugram,Haryana,India,"Gurugram, Haryana, India",Forvis Mazars Group,"Gurugram, Haryana, India | Professional Profile",6-10yoe_global_indian,member_urn,,,,,,,,,,,,false,https://media.licdn.com/dms/image/v2/D5603AQHlE1CpedToaw/profile-displayphoto-scale_400_400/B56Zl88sU9G0Ag-/0/1758737910451?e=1788998400&v=beta&t=r0eOjrrmNx664pwGgG7F9wy-qcVcuFcrdcKvwhs_kRE,false,"HR Operations and HR Shared Services professional with 6.5 years of experience delivering end-to-end Hire-to-Retire (H2R) services, including PAN India onboarding and regional offboarding. Demonstrated expertise in employee lifecycle management, payroll input coordination, HR audits, and SLA-based query resolution,employee data management.Proven ability to manage high-volume employee interactions across ServiceNow, alumni support portals, emails, chat, and calls, while maintaining compliance and data accuracy. Hands-on experience with Workday, Keka, and SAP SuccessFactors for onboarding, offboarding, and employee master data management. Strong working knowledge of HRMS tools such as Exit Management Systems, Letter Crest tools, Contract Staff Management Systems, and Alumni Support portals. Recognized contributor to a process improvement initiative achieving Full & Final settlement within 2 days of Last Working Day, enhancing operational efficiency and employee satisfaction. Seeking opportunities in HR Operations, HR Shared Services, Global HR operations or Workday-enabled environments to drive efficient, compliant, and employee-centric HR service delivery.",2024,2026-09-01 17:03:38.642 +0530,"Gurugram, Haryana, India | Professional Profile",,28120,,,,"{""Indian Institute of Technology, Guwahati""}",,,,,,,,,,1838,
Naman Meena,Naman,Meena,https://www.linkedin.com/in/naman-meena-a48492258,urn:li:member:1064197208,naman-meena-a48492258,,,Dhanbad-Ranchi Area,Dhanbad-Ranchi Area,"IIT(ISM), Dhanbad",Club Manager,6-10yoe_global_indian,member_urn,,,,,,,,,,,,false,https://media.licdn.com/dms/image/v2/D5603AQGbhi9C7AiW6g/profile-displayphoto-scale_400_400/B56Z6.bdi9I4Ag-/0/1781311331673?e=1788998400&v=beta&t=zo3BTUzq9k3A9O0NvRlnYTnkyHplayiAOufs9A6_kLo,false,"I am passionate about quantitative finance and applying data-driven methods to identify market patterns and inefficiencies. With a demonstrated track record in competitive programming, hackathons, and applied research, I thrive at the intersection of advanced mathematics, statistical modeling, and algorithmic thinking. I am eager to contribute to MFT strategy research and development at Ebullient Securities, where I can help discover alpha, build robust trading models, and push the boundaries of systematic trading",1993,2026-09-01 17:03:38.642 +0530,"IIT(ISM), Dhanbad",,3005,https://naman-meena.netlify.app/,2022,2026,"{""Indian Institute of Technology (Indian School of Mines), Dhanbad""}",,,,,,,,,,1964,
Sanjeev Singh,Sanjeev,Singh,https://www.linkedin.com/in/sanjeevsingh910,urn:li:member:323499239,sanjeevsingh910,Hyderabad,Telangana,India,"Hyderabad, Telangana, India",IBM,,10+yoe_global,member_urn,,,,,,,,,,,,false,https://media.licdn.com/dms/image/v2/C4E03AQE0GCnKcHs_MQ/profile-displayphoto-shrink_100_100/profile-displayphoto-shrink_100_100/0/1559319187328?e=1788998400&v=beta&t=gES5O6yikCZ9wTvGQOSxdFPInBX2RwBEZQSbPboC_Gw,false,"Onto the next phase of my professional journey as an Entrepreneur | Mentor | Investor; Where I am ""Building"", ""Impacting"" and ""Learning"" in the process; Interests: Working at the intersection of business and technology to 1. Empower D2C Brands with tech solutions; 2. Leverage technology to enable enterprises to improve customer experience, operational efficiencies and innovate with new business models. Founder at IDIA Consulting (www.idiaconsulting.com) | NVIRI Solutions (www.nviri.com) General Partner at Investha Global (www.investhaglobal.com) Mentor at Sarthak (www.sarthakmentoring.org) and SAFOY (www.linkedin.com/company/safoy) Product Owner at Chatyfy (www.chatyfy.com) Angel Investor at abCoffee (www.abcoffee.in) | TopLedger (www.topledger.xyz) | Chezuba (www.chezuba.com) | Bull Agritech (www.bullagritech.in) | ot.market | PedalStart (www.pedalstart.com) | Agrosperity (www.agrosperity.com) | Pelican (www.pelicanessentials.com) | Lenek Technolgies (www.lenektech.com) | Preventyfy (www.preventify.me) | MiniPix (www.minipix.in) | Insight AI (www.insightai.in) | TAH Global (www.tahglobalhealthcare.com) --------------------------------------------------------------------------------------------------------------- Thus far as an IT Service Provider / Consultant - Sales / Solutioning: Managed Services - Capacity Model (reduce operations spend and increase innovation spend), Fixed Price (optimized cost), Transactional Pricing (pay as you go) and Contracting. Development Estimators for Design-Build projects - Consulting / Problem Solving: IT Transformation - Vendor Consolidation, Global Delivery, Business IT Alignment, Operating Model (enhanced inhouse capabilities), Fit for Purpose IT (sizing based on my proprietary estimation model), Global / Local IT - Industry Experience: Consumer Products, Pharma, Oil & Gas (E&P), Mining, Engineering, Manufacturing, ITES and Public Sector (India) - Service Delivery: >> Leading and managing large multi-location, multi-lingual Global Teams, responsible for mission critical applications and supporting client's global business. >> Played multiple roles – Consultant, Project Manager, Solution Manager and Delivery Executive in SAP implementation, Roll – out, Upgrade, Business Divestiture / Merger, Transformation and Support Projects.",2566,2026-09-01 17:03:38.642 +0530,Entrepreneur	|	Mentor	|	Investor,,,,,,,,,,,,,,,,1952,
Soumyarup Banik,Soumyarup,Banik,https://www.linkedin.com/in/soumyarup-banik-3ab00a85,urn:li:member:301602227,soumyarup-banik-3ab00a85,Bengaluru,Karnataka,India,"Bengaluru, Karnataka, India",Rattle,Engineer,6-10yoe_global_indian,member_urn,,,,,,,,,,,,false,https://media.licdn.com/dms/image/v2/C5103AQHNdgzzfwKnvQ/profile-displayphoto-shrink_100_100/profile-displayphoto-shrink_100_100/0/1522818907383?e=1788998400&v=beta&t=jLRhz_wNf-O4OS-WN9hqZVrnxhI__SyYrgvlnCrYguA,false,"Lead Engineer with 8+ years of experience in SaaS and AI. As a founding engineer at Rattle, I built AI-powered assistants using RAG and LangGraph, alongside scalable features like Dealrooms, Digest, and Board. I specialize in AI/LLM engineering, system design, and cloud-native architectures, and I’m passionate about building AI-first products that deliver real business impact.",2033,2026-09-01 17:03:38.642 +0530,Rattle,https://www.linkedin.com/company/gorattle,1239,,,,"{""Indian Institute of Technology, Kharagpur""}",,,,,,,,,,2345,
Gaurav Kapse,Gaurav,Kapse,https://www.linkedin.com/in/gaurav-kapse-821a6467,urn:li:member:238513561,gaurav-kapse-821a6467,Mumbai,Maharashtra,India,"Mumbai, Maharashtra, India",CHAROTAR UNIVERSITY OF SCIENCE AND TECHNOLOGY,Assistant Professor,6-10yoe_global_indian,member_urn,,,,,,,,,,,,false,https://media.licdn.com/dms/image/v2/C4E03AQHnfu1W7xNKzQ/profile-displayphoto-shrink_100_100/profile-displayphoto-shrink_100_100/0/1599637518869?e=1788998400&v=beta&t=dqlWsFZ8Lpk121ETOf0cXPTWPTBt3V6XwZTigELXe18,false,"Skilled in Lecturing, Presentation Skills, Technical Writing, Leadership, and Tutoring. Strong education and Environmental professional with a Master’s Degree focused in Environmental Science & Engineering from IIT (ISM) Dhanbad. Recognized by GPCB as Environment Auditor and leading the Environment Audit Cell of the University at Anand, Gujarat. Quality Manager of NABL Laboratory working in the filed of Environmental Analysis. Started teaching a Course on Creativity, Problem Solving & Innovation for undergrad students of Engineering. Leading Environment Audit Team and working in the field of Environmental Services from 2017. Experience of establishing and maintaining Quality Management System at Laboratory.",2053,2026-09-01 17:03:38.642 +0530,CHAROTAR UNIVERSITY OF SCIENCE AND TECHNOLOGY,https://in.linkedin.com/school/charotar-university-of-science-and-technology/,746,,,,"{""Monash University""}",,,,,,,,,,1656,
Vineet Mishra,Vineet,Mishra,https://www.linkedin.com/in/vineet-mishra-698986100,urn:li:member:432398420,vineet-mishra-698986100,Chennai,Tamil Nadu,India,"Chennai, Tamil Nadu, India","Indian Institute of Technology, Madras",Research Scholar,6-10yoe_global_indian,member_urn,,,,,,,,,,,,false,https://media.licdn.com/dms/image/v2/D4E03AQF2pc-EnL9FzQ/profile-displayphoto-shrink_100_100/profile-displayphoto-shrink_100_100/0/1709542845953?e=1788998400&v=beta&t=5NFI4Tu5CAbPYy-v-WfGOzW9xXQnpwaou0btNj63xik,false,,3777,2026-09-01 17:03:38.642 +0530,Ph.D. | Electrocatalysis | Ammonia Synthesis Under Ambient Conditions | Ammonia as a Fuel,,,,,,,,,,,,,,,,1991,
Mamoon Mondal,Mamoon,Mondal,https://www.linkedin.com/in/mamoon-mondal,urn:li:member:767232732,mamoon-mondal,,,Greater Bengaluru Area,Greater Bengaluru Area,Supanote,Greater Bengaluru Area | Professional Profile,6-10yoe_global_indian,member_urn,,,,,,,,,,,,true,https://media.licdn.com/dms/image/v2/D5603AQGhPsxGL9sPEA/profile-displayphoto-scale_100_100/B56ZjsioJmHAAk-/0/1756315157986?e=1788998400&v=beta&t=o5CxkfUw9jhTx9SkOoVuOEpTmwEinDSWLn5dqcMdVw8,false,"Most AI products die in the gap between an impressive demo and something people trust daily. I build the ones that survive it.Most recently the founding PM at Supanote.ai, where I ran two products in parallel:: A self serve AI scribe that clinicians buy on their own An enterprise agent that verifies insurance benefits for healthcare companiesResults: Agent product grew to 2.2x ARR in 3 months post launch Trial to paid conversion up 5% in 2 months Production incidents down from 3.5% to under 1%, gated by an eval suite I builtThat last one is the thing I care most about. Anyone can demo an AI product. Making one reliable enough that a hospital trusts it every day is the actual job, and evals are how you get there.Before this, 3.5 years at Innovaccer, where I shipped an AI agent that automated fax based referral intake for specialty clinics. Each operator became 4x more productive, with 40% faster turnaround.I also build with AI, not just on it. My internal agents on Claude Code handle research, PRDs, mockups and tickets, which is why a team my size moves about 5x faster than it should. I write about those experiments at moonbatant.com.Outside work: swimming, trekking, and playing cricket.⸻Skills: AI Product Management AI Agents Evals LLM Integrations RAG MCP PLG Growth 0 to 1 Products Product Analytics A/B Testing SQL Python Claude Code",2039,2026-09-01 17:03:38.642 +0530,Greater Bengaluru Area | Professional Profile,,1827,moonbatant.com,,,{},,,,,,,,,,2536,
Pranami Rajkhowa,Pranami,Rajkhowa,https://www.linkedin.com/in/pranami-rajkhowa-945b7b50,urn:li:member:182061701,pranami-rajkhowa-945b7b50,Bengaluru,Karnataka,India,"Bengaluru, Karnataka, India",ExxonMobil,Reliability Engineer,6-10yoe_global_indian,member_urn,,,,,,,,,,,,false,https://media.licdn.com/dms/image/v2/D5603AQGdEXqD9TizKg/profile-displayphoto-scale_100_100/B56ZhD7yOkG4Ac-/0/1753486404299?e=1788998400&v=beta&t=QZ067bb1BfKNJZxCp6_27gKuaENiutUlgFHHwFTvzCU,false,"A passionate professional with a Masters degree in Maintenance Engineering & Tribology from IIT (ISM), Dhanbad. With a proven ability to drive results and solve complex problems through effective communication, collaboration, and analytical skills, currently working as a Reliability Engineer at ExxonMobil, Bangalore. Recognized by colleagues as an innovative thinker, I consistently contribute fresh ideas to discussions and am committed to bringing energy and conviction to every project and interaction.",2037,2026-09-01 17:03:38.642 +0530,ExxonMobil,https://www.linkedin.com/company/exxonmobil,4275,,2015,2017,"{""Indian Institute of Technology (Indian School of Mines), Dhanbad""}",,,,,,,,,,1822,
Dr. Jitendra Kumar Sahu,Dr. Jitendra Kumar,Sahu,https://www.linkedin.com/in/dr-jitendra-kumar-sahu-a50b87a4,urn:li:member:373178652,dr-jitendra-kumar-sahu-a50b87a4,Roorkee,Uttarakhand,India,"Roorkee, Uttarakhand, India","Indian Institute of Technology, Roorkee",Research Scholar,6-10yoe_global_indian,member_urn,,,,,,,,,,,,false,https://media.licdn.com/dms/image/v2/D5603AQHwHeHK_5zs3A/profile-displayphoto-shrink_200_200/B56Zfpo9k8HoAY-/0/1751971519424?e=1788998400&v=beta&t=ApOe3rLy8Jv5c3k7lppBIv6rsiRTfkrsiF1TNv9ut54,false,"I pursued my doctoral degree (Ph.D.) in chemistry from the Indian Institute of Technology Roorkee in July 2024. My research topic includes Nanobio interfacial chemistry, Nucleation and growth of Nanoparticles, Amino acid, peptide, and DNa-induced growth of nanoparticles, and their biological application in sensing mutated peptides and ruthenium photochemistry. I also have experience in organic chemistry towards synthesis and characterization by all the basic and well-known techniques.",2054,2026-09-01 17:03:38.642 +0530,"Indian Institute of Technology, Roorkee",https://in.linkedin.com/school/indian-institute-of-technology-roorkee/,97,https://scholar.google.com/citations?user=PDlXb4IAAAAJ&hl=en,,,"{""Indian Institute of Technology, Roorkee""}",,,,,,,,,,1992,
Skand Kumar,Skand,Kumar,https://www.linkedin.com/in/skand-kumar-b57000194,urn:li:member:764413555,skand-kumar-b57000194,Kolkata,West Bengal,India,"Kolkata, West Bengal, India",Tata Steel,Professional development,6-10yoe_global_indian,member_urn,,,,,,,,,,,,false,https://media.licdn.com/dms/image/v2/D4D03AQFmhgBbtuuZHQ/profile-displayphoto-scale_400_400/B4DZ85azRKH0Ag-/0/1783374756047?e=1788998400&v=beta&t=c0adoFpfbaRVlTlekn5MOEG9iCXSDONY_M8TGUeUeuQ,false,"Mechanical Engineer with hands-on experience in fleet analytics, and management strategy, currently pursuing MBA at the Indian Institute of Management Calcutta.Worked with Tata Steel and Caterpillar dealership (with Hindustan Zinc Limited), driving operational excellence across large HEMM fleets.Delivered impact through data-driven initiatives—improving equipment availability, reducing turnaround times by 50%, and enabling multi-crore cost savings and sustainability gains.Skilled in problem structuring, root cause analysis, and translating operational challenges into scalable business solutions.I am particularly passionate about leveraging data, technology, and strategic thinking to improve industrial efficiency, sustainability, and asset performance. My journey reflects a blend of on-ground engineering expertise and evolving business acumen—aimed at solving complex operational challenges at scale.I am always open to meaningful conversations around operations, consulting, supply chain, and the future of industrial transformation.",2041,2026-09-01 17:03:38.642 +0530,Tata Steel,https://in.linkedin.com/company/tatasteelltd,1718,,,,"{""Indian Institute of Management, Calcutta""}",,,,,,,,,,2557,
Dheeraj Kumar Prajapati,Dheeraj Kumar,Prajapati,https://www.linkedin.com/in/dheeraj-kumar-prajapati-29b7709b,urn:li:member:357219479,dheeraj-kumar-prajapati-29b7709b,Phulpur,Uttar Pradesh,India,"Phulpur, Uttar Pradesh, India",Indian Institute of Technogy (Indian School of Mines)Dhanbad,Aspiring for Civil Services,6-10yoe_global_indian,member_urn,,,,,,,,,,,,false,https://media.licdn.com/dms/image/v2/C4D03AQECNGGY3s1jqg/profile-displayphoto-shrink_100_100/profile-displayphoto-shrink_100_100/0/1662148878168?e=1788998400&v=beta&t=FJOn32Lzl7V8Zd1sGMkEfrcn2Xr5y0-JicjM4GoIUzM,false,"Experience: Indian Institute of Technogy (Indian School of Mines)Dhanbad · Education: Indian Institute of Technology (Indian School of Mines), Dhanbad · Location: Phulpur · 118 connections on LinkedIn. View Dheeraj Kumar Prajapati’s profile on LinkedIn, a professional community of 1 billion members.",2040,2026-09-01 17:03:38.642 +0530,Indian Institute of Technogy (Indian School of Mines)Dhanbad,,119,,2015,2018,"{""Indian Institute of Technology (Indian School of Mines), Dhanbad""}",,,,,,,,,,1983,
Debayan Basu,Debayan,Basu,https://www.linkedin.com/in/debayan-basu-296075104,urn:li:member:442079826,debayan-basu-296075104,Dhanbad,Jharkhand,India,"Dhanbad, Jharkhand, India","Indian Institute of Technology (Indian School of Mines), Dhanbad",Research Fellow,6-10yoe_global_indian,member_urn,,,,,,,,,,,,false,https://media.licdn.com/dms/image/v2/D5603AQHiu0idR6mdJg/profile-displayphoto-shrink_100_100/profile-displayphoto-shrink_100_100/0/1714542259430?e=1788998400&v=beta&t=J85wRL2nB7R4REov3tVwvztmFwnSyc6zdDksdAJAhbI,false,"Doctorate of Philosophy (Ph.D.) in Chemistry from the Indian Institute of Technology (Indian School of Mines), Dhanbad, India. Experienced in the synthesis and application of complexes of main group elements, especially in various organic transformations. Acquired hands-on experience doing several synthetic methods (inert atmosphere, glove box handling, hydrothermal, high-temperature oil-bath reactions) and purification techniques like column chromatography. Skilled in handling analytical instruments such as Single Crystal X-ray diffractometer, FT-IR, UV-vis spectrometer, Mass Spectrometer, GC-MS, and HPLC. Software skills: Microsoft Word, PowerPoint, Excel, Origin, ChemDraw, MestReNova, Mercury, WinGX, Diamond. A quick learner, a team player with innovative ideas, flexible, and goal-oriented.",2055,2026-09-01 17:03:38.642 +0530,"Indian Institute of Technology (Indian School of Mines), Dhanbad",https://in.linkedin.com/school/iitism/,769,,2018,2025,"{""Indian Institute of Technology (Indian School of Mines), Dhanbad""}",,,,,,,,,,1988,
Aniket Agarwal,Aniket,Agarwal,https://www.linkedin.com/in/a-nike-t,urn:li:member:676799633,a-nike-t,Delhi,,India,"Delhi, India",SigNoz,Back End Developer,6-10yoe_global_indian,member_urn,,,,,,,,,,,,false,https://media.licdn.com/dms/image/v2/C5103AQHxa_Fdy9GdCg/profile-displayphoto-shrink_100_100/profile-displayphoto-shrink_100_100/0/1565719625492?e=1788998400&v=beta&t=TOtwpmda-6X_Gg7nDyCCQrrdVgVW3wKWH2Ci9MKth7c,false,"Software engineer focused on building reliable backend systems and AI-powered applications. I enjoy solving complex engineering problems across distributed systems, APIs, observability, automation, and applied machine learning.My work and interests span Go, Python, C++, Docker, OpenTelemetry, LLMs, quantization, and multi-agent AI systems. I’m especially interested in designing scalable services, improving system visibility, and turning emerging AI capabilities into practical products.I’m always learning, experimenting, and looking to collaborate with teams building ambitious technology. Open to software engineering, backend, AI/ML, and applied AI opportunities.",2052,2026-09-01 17:03:38.642 +0530,SigNoz,https://www.linkedin.com/company/signozio,3974,,2017,2021,"{""Indian Institute of Technology (Indian School of Mines), Dhanbad""}",,,,,,,,,,2465,
Sanjana M.,Sanjana,M.,https://www.linkedin.com/in/sanjana-mukherjee-research,urn:li:member:270933766,sanjana-mukherjee-research,Mumbai,Maharashtra,India,"Mumbai, Maharashtra, India",Arizona State University,Volunteer Research Associate,6-10yoe_global_indian,member_urn,,,,,,,,,,,,false,https://media.licdn.com/dms/image/v2/D5603AQGr33M9wc0bJg/profile-displayphoto-shrink_100_100/profile-displayphoto-shrink_100_100/0/1669948256748?e=1788998400&v=beta&t=fpVGvzZ6jpVTVJG2u4RrVs7RUxrFE_qwtItua-XBlL8,false,"I am a PhD trained in experimental physics with a passion for solving scientific and engineering problems through process optimization. This interest led me to pursue hands-on, experimental techniques coupled with data-driven approaches. Over the past 8+ years, I’ve gained deep experience in semiconductor device fabrication in a cleanroom setting, electrochemistry, biosensing, and nanoelectronics. My experience in the semiconductor industry includes my role as a Process Development Engineer in Lithography (Tracks) at Intel, where I gained direct experience with fab tools in HVM, applying SPC, failure analysis, monitor data analysis, etc. for process optimization. Additionally, I interned as a CMP R&D scientist at Entegris, contributing my findings on pad material and particle interaction using QCM. To sum it up, my experiences can be divided into the following sections: 1. Process Engineer in the Tracks team in Lithography at Intel for 8 months. I gained hands-on experience with TEL Pro-V/Pro-Z tools and performed recipe edits, PM, bottle changes, filter installs, and monitor runs. I developed expertise in resist evaluation via defect monitoring, purge-based defect reduction, resist thickness targeting through spin speed optimization, dispense vol. calibration, and breakpoint tests. I also learned statistical tools like SPC, trend charts monitoring, outlier screening, hypothesis testing, sampling strategies, ANOVA, and t-tests (1- and 2-sample), etc., for process control and optimization. 2. Hands-on experience in the development of Quantum NanoElectroPore (QNEP) devices for single-molecule sensing during PhD. That included QNEP fabrication, surface functionalization, microfluidic integration, wet chemical etching, and characterization (CV, I–V) using custom-built lab setups. In this regard, I optimized electrochemical deposition to control nanogap formation between QNEP electrodes, enabling reversible and high-throughput tunneling conductance measurements. Further, I demonstrated single-molecule dsDNA sensing under varied tunneling biases that revealed it's charge transport mechanisms. Additionally, I established L-cysteine adsorption and sensing via SERS signals, confirming hotspot formation at the QNEP junction. 3. Exposure to Bayesian statistics through developing a custom Gibbs sampler using MCMC to analyze cell images under AC electric field stimulation. The sampler enabled forward modeling of image intensity and inverse inference of model parameters. This experience helped in sensing data analysis, using GMM, E-M algorithm, HMM etc.",2035,2026-09-01 17:03:38.642 +0530,Arizona State University,https://www.linkedin.com/school/arizona-state-university/,1982,,,,"{""Arizona State University""}",,,,,,,,,,1552,
Arpit Katare,Arpit,Katare,https://www.linkedin.com/in/arpitkatare,urn:li:member:281841610,arpitkatare,Gurugram,Haryana,India,"Gurugram, Haryana, India",Park+,"Senior Manager, Founder?s Office",6-10yoe_global_indian,member_urn,,,,,,,,,,,,false,https://media.licdn.com/dms/image/v2/D5603AQGhcLmCaDCHZQ/profile-displayphoto-scale_200_200/B56Z.OMgzhG4Ac-/0/1784797073582?e=1788998400&v=beta&t=OukifSWKZRTYUuoC1Lai9e6A3lHHS2vOxEJ_QDYE4zU,false,"Experienced Senior Manager in Park+'s Founder's Office with a robust background in program management spanning FASTag, E-commerce, and Insurance. Demonstrates success in driving process improvements, managing P&L, and launching impactful strategic initiatives to achieve business goals. As an Assistant General Manager in the CEO's office at Paytm, managed large-scale projects related to growth, process excellence, and risk, and launched new initiatives. Worked closely with the senior leadership team to align the company's vision and strategy, optimizing the performance and efficiency of various business units and functions. Also possesses a strong background in management consulting, having worked at Accenture Strategy for over two years, delivering solutions for clients across industries on cost optimization, strategic sourcing, digital transformation, and operational analytics. Holds an MBA from IIM Kozhikode and a B.Tech from IIT (ISM) Dhanbad.",2056,2026-09-01 17:03:38.642 +0530,Park+,https://in.linkedin.com/company/parkplus,4891,,,,"{""Indian Institute of Management, Kozhikode""}",,,,,,,,,,2272,
Praveen Kumar,Praveen,Kumar,https://www.linkedin.com/in/praveen-kumar-674400241,urn:li:member:1007272888,praveen-kumar-674400241,Ghaziabad,Uttar Pradesh,India,"Ghaziabad, Uttar Pradesh, India",IMS Engineering College,Assistant Professor,10+yoe_global,member_urn,,,,,,,,,,,,false,https://media.licdn.com/dms/image/v2/C4E03AQECNBZStwV0qg/profile-displayphoto-shrink_100_100/profile-displayphoto-shrink_100_100/0/1654942577769?e=1788998400&v=beta&t=hXk3Z3sxqovJZ3bA-Yy02x8Qt82WgKraLWpr_c5SL7U,false,,3970,2026-09-01 17:03:38.642 +0530,Associate Professor at KIET Group of Institutions,,,,,,,,,,,,,,,,1971,
Shreedhara Goswami,Shreedhara,Goswami,https://www.linkedin.com/in/shreedhara-goswami-1677b978,urn:li:member:276696223,shreedhara-goswami-1677b978,Mumbai,Maharashtra,India,"Mumbai, Maharashtra, India",Grant Thornton Bharat LLP,Assistant Manager,6-10yoe_global_indian,member_urn,,,,,,,,,,,,true,https://media.licdn.com/dms/image/v2/C5603AQGtTzgsPGsRbg/profile-displayphoto-shrink_100_100/profile-displayphoto-shrink_100_100/0/1604674376955?e=1788998400&v=beta&t=jPZKXZU9lTuiuW0WG8vx8TNx0DuobuILuakWMXuc1Nw,false,,3807,2026-09-01 17:03:38.642 +0530,"Business Strategy, Technology & Market Research |Grant Thornton |Tata Steel | MTech IIT(ISM) Dhanbad | Business Analytics ISI Kolkata",,,,,,,,,,,,,,,,1904,
Nishanth M,Nishanth,M,https://www.linkedin.com/in/nishanth-mariyappa,urn:li:member:641408913,nishanth-mariyappa,Chennai,Tamil Nadu,India,"Chennai, Tamil Nadu, India",Stratas Advisors,Consultant,6-10yoe_global_indian,member_urn,,,,,,,,,,,,false,https://media.licdn.com/dms/image/v2/D5603AQGL_X8t0cs0cA/profile-displayphoto-crop_800_800/B56Z.J9NTwJoAM-/0/1784725953758?e=1788998400&v=beta&t=_GsMO9NVXY9N_c8nBqW5b4NKZSV00AjArqmv6pn8Sw0,false,"I help energy clients and investors answer strategic questions when the data isn't easily available - market entry, commercial due diligence, and competitive benchmarking across Oil & Gas, Petrochemicals, Agrochemicals, Pharmaceuticals, Automobiles, Power & Utilities, Renewables and Mining.Over 9+ years at AT Kearney, GlobalData, Evalueserve, and Stratas Advisors, I've evaluated multi-billion-dollar investment decisions, built analytical products used directly by CEOs and case teams, and led client engagements from origination through delivery. A few examples: Led a market entry assessment that supported a huge investment in 1 GW of solar cell & module manufacturing capacity Designed a 2030 growth roadmap for a European renewables developer targeting 15+ GW of wind, solar, BESS, hydrogen, and biofuel capacity Built Stratas Advisors' first global CCUS capacity database - 1,000+ projects across 30+ countries - presented directly to the CEO Delivered a market entry and competitor profitability strategy for a Saudi-based petrochemical major, presented to COO and VPWhat I bring: Commercial due diligence & competitive benchmarking across the full energy value chain AI-driven due diligence methods to accelerate research turnaround for PE and corporate clients Advanced Excel modeling, Power BI, SQL, and structured frameworks (SWOT, PESTLE, Porter's Five Forces) A track record of mentoring analysts and driving proposal development / client-facing deliveryOpen to conversations on Energy & Natural Resources research, market intelligence, and strategy consulting roles. Feel free to connect or reach out!",2058,2026-09-01 17:03:38.642 +0530,Stratas Advisors,https://www.linkedin.com/company/stratas-advisors,207,,2014,2016,"{""Indian Institute of Technology (Indian School of Mines), Dhanbad""}",,,,,,,,,,2527,
Dr. Gajendra Singh,Dr. Gajendra,Singh,https://www.linkedin.com/in/dr-gajendra-singh-a494a750,urn:li:member:180375321,dr-gajendra-singh-a494a750,Noida,Uttar Pradesh,India,"Noida, Uttar Pradesh, India",,Faculty,10+yoe_global,member_urn,,,,,,,,,,,,false,https://media.licdn.com/dms/image/v2/C5603AQFMHMrJ4kWG_w/profile-displayphoto-shrink_100_100/profile-displayphoto-shrink_100_100/0/1658647673704?e=1788998400&v=beta&t=2C-z2ZtqHkFIxWA6FT2YKo1w--qqrDZS6O7HryY8-Jw,false,,3976,2026-09-01 17:03:38.642 +0530,Renewable Energy,,,,,,,,,,,,,,,,,
Dr. Pydi Raju PhD,Dr. Pydi,Raju PhD,https://www.linkedin.com/in/dr-pydi-raju-phd-b8a52037,urn:li:member:129684634,dr-pydi-raju-phd-b8a52037,Andhra Pradesh,,India,"Andhra Pradesh, India",Baker Hughes,Lead Engineer,6-10yoe_global_indian,member_urn,,,,,,,,,,,,true,https://media.licdn.com/dms/image/v2/D5603AQEME5Pdi-6-6A/profile-displayphoto-shrink_100_100/profile-displayphoto-shrink_100_100/0/1731646651464?e=1788998400&v=beta&t=nZaqorWx3ofWZ-OsNqbYWEXRQP9dkKypRi_rkQjfv4k,false,"I hold a Ph.D. in Applied Geophysics from the Indian Institute of Technology (ISM) Dhanbad, with a research focus on reservoir characterization and the evaluation of petrophysical properties for hydrocarbon exploration. My doctoral work concentrated on pore structure analysis and pore network modeling of carbonate reservoirs, specifically within the Jaisalmer Sub-Basin, Rajasthan, India. During this research, I applied machine learning algorithms to optimize mineral mixing methods, estimate Gardner's constant, and evaluate petrophysical properties across various saturation models. I also developed artificial neural network (ANN) models to predict absolute permeability and enhance the accuracy of input parameters in permeability prediction workflows.Currently, I serve as a Senior Engineer specializing in petrophysics, where I focus on the analysis (QC) and interpretation of wireline and LWD well-log data to estimate key reservoir properties—including lithology, porosity, permeability, and shale volume (Vsh)—using deterministic methods. My responsibilities include data conditioning, log splicing, and the generation of porosity and Vsh maps to support reservoir modeling and subsurface evaluation.I continue to apply both conventional and data-driven approaches for petrophysical analysis and lithology classification, contributing to informed decision-making in exploration and carbon capture and storage (CCS) projects.",2045,2026-09-01 17:03:38.642 +0530,Baker Hughes,https://www.linkedin.com/company/bakerhughes,1383,,2018,2024,"{""Indian Institute of Technology (Indian School of Mines), Dhanbad""}",,,,,,,,,,1570,
Deepakk Taye,Deepakk,Taye,https://www.linkedin.com/in/deepaktaye1994,urn:li:member:717586334,deepaktaye1994,Guwahati,Assam,India,"Guwahati, Assam, India",Baker Hughes,LMWD/DDX Field Specialist,6-10yoe_global_indian,member_urn,,,,,,,,,,,,true,https://media.licdn.com/dms/image/v2/D5603AQEogdCdSzOw-w/profile-displayphoto-scale_100_100/B56Z5JCGTeKwAY-/0/1779341747798?e=1788998400&v=beta&t=A5DsVxyJnPJ1-Qc_0Y-cSDeX3O4bhVNw3BFM2KxpXJc,false,"A former LMWD/DDX Field Specialist at Baker Hughes, contributing to drilling operations through skills in Measurement While Drilling (MWD), directional drilling, and advanced techniques. Previous roles at TAQA and Newsco highlight a foundation in technical field operations and engineering. Holds an MTech in Manufacturing Engineering from IIT (ISM), Dhanbad, and is pursuing an Executive MBA in Visionary Leadership for Manufacturing at IIM Mumbai, expected in 2027. Certified in well control and resource management, with a strong focus on enhancing operational performance through collaboration and problem-solving.",2064,2026-09-01 17:03:38.642 +0530,Baker Hughes,https://www.linkedin.com/company/bakerhughes,1879,,,,"{""Indian Institute of Management Mumbai""}",,,,,,,,,,1570,
Ashwith Basani,Ashwith,Basani,https://www.linkedin.com/in/basani-ashwith,urn:li:member:532609974,basani-ashwith,Bengaluru,Karnataka,India,"Bengaluru, Karnataka, India",Turing,LLM Engineer,6-10yoe_global_indian,member_urn,,,,,,,,,,,,true,https://media.licdn.com/dms/image/v2/D5603AQEX36sCiwDfmA/profile-displayphoto-scale_100_100/B56ZkVo8RWHMAg-/0/1757004680986?e=1788998400&v=beta&t=WEU7dhygNvz2uN0tszs0X1BwhYUWzg_xXBJx7yAN_3M,false,"I’m a seasoned Data Scientist with nearly six years of experience. My focus spans the Health Tech, Civil Litigation, and Consulting industries. My career is defined by my passion for and expertise in the latest Generation AI technologies, which have driven significant advancements in LLM fine-tuning and media generation using Generative AI models. Having worked with industry leaders, I bring a proven track record of developing innovative solutions that leverage complex algorithms and machine learning models to resolve intricate business challenges. My technical toolkit is rich with advanced proficiency in Python, SQL, and multiple AI technologies, including deep learning, NLP, and computer vision. At Turing, I took initiatives to optimize LLM performance, demonstrating my capability to lead strategic projects aligning with core business goals. My previous roles at Foundation AI and SigTuple highlight my expertise in automating processes and enhancing operational efficiencies, evidenced by deploying critical technologies that have transformed business operations. I am always eager to connect with like-minded professionals and explore opportunities that challenge my skills and allow me to make a tangible impact. Let’s connect and discuss how we can drive progress together in the ever-evolving landscape of data science and artificial intelligence.",2061,2026-09-01 17:03:38.642 +0530,Turing,https://www.linkedin.com/company/turingcom,1540,,,2019,"{""Indian Institute of Technology (Indian School of Mines), Dhanbad""}",,,,,,,,,,2605,
Dhrupad Suhalka,Dhrupad,Suhalka,https://www.linkedin.com/in/dhrupadsuhalka,urn:li:member:637576285,dhrupadsuhalka,,,Greater Bengaluru Area,Greater Bengaluru Area,Alt Carbon,Category Manager,6-10yoe_global_indian,member_urn,,,,,,,,,,,,false,https://media.licdn.com/dms/image/v2/D4E03AQGitzQfEQkYHw/profile-displayphoto-shrink_100_100/profile-displayphoto-shrink_100_100/0/1725958566283?e=1788998400&v=beta&t=v3MB07ri12kP5LW7EG32_iN39520nY0rEuqj9vnXhHM,false,"I operate at the intersection of strategy and execution. My edge is 0 1 venture building with full P&L ownership turning ambiguity into a running venture. What I do:Business strategy · go-to-market · revenue and offtake · unit economics · PnL planning · cross-functional team building · hiring and org design · stakeholder management · data-driven decision making · operational scale-up · new-market entry. Where I've done it:Climate tech and carbon removal (CDR, Enhanced Rock Weathering, biochar, carbon markets, MRV) · energy and oil & gas · minerals and mining · B2B operations across India and Africa. Proficiencies:SQL · Python · Power BI · financial modeling · LLM-based automation and AI agents · KPI and benchmarking design. Recognition: Contributor to a $50M XPRIZE Carbon Removal win. UPSC CDSE All India Rank 91. IIT (ISM) Dhanbad. I'm drawn to high-variance, high-ownership roles where building matters more than maintaining",2051,2026-09-01 17:03:38.642 +0530,Alt Carbon,https://in.linkedin.com/company/alt-carbon,778,,2016,2020,"{""Indian Institute of Technology (Indian School of Mines), Dhanbad""}",,,,,,,,,,1532,
ANAND KUMAR,ANAND,KUMAR,https://www.linkedin.com/in/anand-kumar-18383112,urn:li:member:43858611,anand-kumar-18383112,,,Greater Kolkata Area,Greater Kolkata Area,Government of India,Infrastructure and Procurement Head,10+yoe_global,member_urn,,,,,,,,,,"Project Head for pan-India infrastructure portfolio across 15 states, establishing and leading the Works Vertical from inception. Managed ₹1,000+ Cr annual capital outlay and revived stalled projects worth ₹2,200 Cr through strategic planning, contract management, and arbitration support. Led end-to-end delivery of administrative complexes, hospitals, multi-storey residential campuses, and internal infrastructure including roads and utilities. Directed DPR preparation, tendering on CPP portal, land acquisition, CPWD coordination, and litigation resolution. Implemented project scheduling, cost control, QA/QC systems, and technical audits, ensuring on-time completion within sanctioned cost and quality benchmarks. Developed Annual Maintenance Plans and Five-Year Roll-On Plans aligned with long-term asset lifecycle and budget optimization.",4/2022,false,https://media.licdn.com/dms/image/v2/D5603AQH3ssk58gN1Qw/profile-displayphoto-scale_400_400/B56Z6OpM8_IcAg-/0/1780509627467?e=1788998400&v=beta&t=yOaA7OZ-CrXNkrTbuc-nV-nKzSjGgZoiCFCgGBcVOYY,false,"I offer over 22 years of experience in the Indian Army’s Corps of Engineers, leading large and complex construction projects under demanding conditions, with full responsibility for planning, execution, contracts, quality, safety, and stakeholder coordination. My career has involved managing multiple concurrent projects, often in live and high-risk environments, ensuring delivery on time, within budget, and in compliance with stringent standards.I bring strong capabilities in developing detailed project schedules and budgets, coordinating with architects, engineers, and contractors, and conducting rigorous site inspections for safety and quality assurance. My experience includes contract administration, procurement planning, claims management, and risk mitigation to protect project margins and timelines.Having led multidisciplinary teams and large contractor workforces, I emphasize structured execution, clear reporting, and decisive problem-solving. I am keen to leverage my military-honed leadership, commercial contracting skills, and multi-project management experience to contribute to the successful delivery of high-quality construction projects in a professional corporate environmentB Tech Civil JNUM TECH GEOTECH, IIT ROORKEEMBA, HR BIMS PUNEPhD (Project Management, IIT ISM Dhanbad)Advance Diploma in Contract Law, NALSAR, HyderabadAdvance Diploma in Arbitration Law, NALSAR, HyderabadConstruction Management Course, IIT Kanpur.Project Scheduling and Monitoring, IIT Chennai.Behavioral Management, DIPR New DelhiPG in Infrastructure Law, NLU NagpurFour yrs experience as Faculty in College of Military Engineering, Pune.Worked as Security Advisor for Common Wealth Games, R D Parade, PM Security etc.Expertise: Planning and Execution of Construction projects​, Ground Improvement, Contract drafting and Management, Project Scheduling, Project Consultant, Construction Audit, QS&C, Arbitration, Risk Mitigation.",72,2026-09-01 21:00:56.853 +0530,,,,,,,,,,,,anand_engrs@rediffmail.com,,,,,1896,
Nitesh D.,Nitesh,D.,https://www.linkedin.com/in/nitesh-dutt,urn:li:member:407915907,nitesh-dutt,New Delhi,Delhi,India,"New Delhi, Delhi, India",AutoPresent,Founder,6-10yoe_global_indian,member_urn,,,,,,,,,,,,false,https://media.licdn.com/dms/image/v2/D5603AQFgdQchj6nLAw/profile-displayphoto-scale_200_200/B56Z9wqaw_IgAc-/0/1784301598452?e=1788998400&v=beta&t=ZLyX_NBjrKiHOEXp_QOCtqx9QMzig0HE2U_tB7l3vBs,false,"Building a vertical AI SaaS firm. Previously worked with Burman Capital as VP of Public Equity Investments and with McKinsey & Co as Associate/JEM. Passionate about AI and stock markets. I also maintain a blog on value investing, centered around Indian equities at niteshdutt.substack.com. Investment philosophy: I look for ""well-positioned businesses, run by able and honest management and available at reasonable valuation"".",2069,2026-09-01 17:03:38.642 +0530,AutoPresent,https://de.linkedin.com/company/autopresent,4941,,,,"{""Indian Institute of Management, Calcutta""}",,,,,,,,,,1561,
Surendra. S.,Surendra.,S.,https://www.linkedin.com/in/sinsuren,urn:li:member:278629384,sinsuren,Bengaluru,Karnataka,India,"Bengaluru, Karnataka, India",Riva Money,Staff Sofware Engineer,6-10yoe_global_indian,member_urn,,,,,,,,,,,,false,https://media.licdn.com/dms/image/v2/D4D03AQH2CmxQFQ0OHw/profile-displayphoto-scale_200_200/B4DZuOURjLGUAY-/0/1767619238998?e=1788998400&v=beta&t=uYvvIJNLllPSTpRisgwl0pSN8vqpfiOfM9ex_eH60vA,false,"Experienced Software Engineer with a demonstrated history of working in the internet industry. Skilled in Java, Spring Boot, C++, Hibernate, and Database Optimization. Strong engineering professional with a Bachelor’s Degree focused in Computer Science from Indian Institute of Technology (Indian School of Mines), Dhanbad.",2063,2026-09-01 17:03:38.642 +0530,Riva Money,https://www.linkedin.com/company/rivamoney,2773,,2012,2016,"{""Indian Institute of Technology (Indian School of Mines), Dhanbad""}",,,,,,,,,,2373,
Srilekha Paul,Srilekha,Paul,https://www.linkedin.com/in/srilekhapaul,urn:li:member:252762768,srilekhapaul,Bengaluru,Karnataka,India,"Bengaluru, Karnataka, India",Google,Software Engineer III,6-10yoe_global_indian,member_urn,,,,,,,,,,,,false,https://media.licdn.com/dms/image/v2/C4E03AQEHnPJdq4wPNQ/profile-displayphoto-shrink_100_100/profile-displayphoto-shrink_100_100/0/1611723829865?e=1788998400&v=beta&t=gBhrUBfu8ob8GjlBFpDu5F5zdL77k5RBSNjMRYLJ7Wk,false,"Software Engineer with 5.5+ years of experience building scalable software systems, distributed infrastructure, multi-cloud systems, and data-driven solutions.Previously, I worked as a Software Engineer III at Google, where I contributed to the global-scale distributed bandwidth enforcement infrastructure within Google Cloud. Prior to Google, I worked at Tata Steel, in the Software Development Practices Group, where my focus areas were Internet of Things (IoT), multi-cloud based software development, data-driven systems, and digital twins for industrial monitoring. I led several end-to-end engineering initiatives spanning architecture, development, deployment, monitoring, and stakeholder adoption, while collaborating closely with cross-functional teams to drive business impact.I hold an M.Tech in Computer Science & Engineering (Spl. in Information Security) from IIT (ISM) Dhanbad, graduating with a Gold Medal for Academic Excellence. My academic work resulted in multiple research publications in image forensics and security.Beyond engineering, I am a passionate mentor, guiding aspiring and early-career software engineers in problem solving, system architecture, and software engineering fundamentals, helping them grow and build strong technical foundations.Disclaimer: All opinions here are my own and do not reflect any employer or organization.",2067,2026-09-01 17:03:38.642 +0530,Google,https://www.linkedin.com/company/google,1778,https://topmate.io/srilekhapaul,2017,2019,"{""Indian Institute of Technology (Indian School of Mines), Dhanbad""}",,,,,,,,,,1883,
Jayanta Kumar Das,Jayanta Kumar,Das,https://www.linkedin.com/in/jayanta-kumar-das-240971379,urn:li:member:1570028304,jayanta-kumar-das-240971379,Ahmedabad,Gujarat,India,"Ahmedabad, Gujarat, India",ONGC Foundation,Group General Manager,10+yoe_global,member_urn,,,,,,,,,,,,false,https://media.licdn.com/dms/image/v2/D5603AQEgIRECNj_cAw/profile-displayphoto-scale_100_100/B56ZiSvUfiHQAc-/0/1754808536875?e=1788998400&v=beta&t=faBFwRn94JG81xStZiAf2XeGT90y3XfZ9JbPGg5QS8M,false,"I am a Petroleum Engineering graduate from IIT (ISM) Dhanbad, India, with over 34 years of distinguished experience in the upstream oil & gas industry, specializing in reservoir engineering, field development planning, IOR/EOR implementation, and asset management. Throughout my career at Oil & Natural Gas Corporation Limited (ONGC), India, I have held diverse technical and leadership roles, culminating in my retirement in June 2023 as Sub Surface Manager (Group General Manager). My professional journey reflects a blend of deep technical expertise, strategic management capabilities, and a consistent record of delivering operational excellence.",2082,2026-09-01 17:03:38.642 +0530,ONGC Foundation,https://in.linkedin.com/company/ongc-foundation,0,jk_das63@yahoo.co.in,1984,1988,"{""Indian Institute of Technology (Indian School of Mines), Dhanbad""}",,,,,,,,,,2256,
nanduri murthy raju,nanduri,murthy raju,https://www.linkedin.com/in/nanduri-murthy-raju-85412420,urn:li:member:71962048,nanduri-murthy-raju-85412420,Hyderabad,Telangana,India,"Hyderabad, Telangana, India",,"Retired as Assistant General Manager(Chemical) from Potlines, Smelter Plant at Angul, Orissa",10+yoe_global,member_urn,,,,,,,,,,,,false,https://media.licdn.com/dms/image/v2/C4D03AQEttwoqYSLaDw/profile-displayphoto-shrink_100_100/profile-displayphoto-shrink_100_100/0/1516887608491?e=1788998400&v=beta&t=qsoe8QamG090Si4DyRZciSjwJJwIzVjlRkU48qpXLXg,false,,4060,2026-09-01 17:03:38.642 +0530,Retired Assistant General Manager(Chemical) at NALCO,,,,,,,,,,,,,,,,,
Sanjeev K.,Sanjeev,K.,https://www.linkedin.com/in/sanjeev-kum,urn:li:member:10665718,sanjeev-kum,,,India,India,RPSG (FMCG) - Guiltfree Industries Limited,Head Of Supply Chain Management,10+yoe_global,member_urn,,,,,,,,,,,,false,https://media.licdn.com/dms/image/v2/D5603AQE3orOFVw4xJQ/profile-displayphoto-shrink_100_100/profile-displayphoto-shrink_100_100/0/1725191037866?e=1788998400&v=beta&t=ZDxiasejAl64b2I9mqdTyu2Wb6zoQgd1LG6jDm2AN_w,false,"Supply Chain professional experience across bluechips like Godrej Group, Colgate Palmolive, Diageo India, MTR foods, RPSG FMCG (TOO YUMM!) Part of Company Leadership Team Areas of expertise: Sourcing/ Procurement, Planning, Logistics, Imports/ Exports.",2888,2026-09-01 17:03:38.642 +0530,SUPPLY CHAIN HEAD-RPSG-FMCG(TOO YUMM!) || MTR FOODS || DIAGEO INDIA || COLGATE PALMOLIVE || GODREJ || IIM (NITIE) || IIT,,,,,,,,,,,,,,,,2379,
Asit Kumar Singh,Asit Kumar,Singh,https://www.linkedin.com/in/asit-kumar-singh-9b818348,urn:li:member:167636444,asit-kumar-singh-9b818348,Bengaluru,Karnataka,India,"Bengaluru, Karnataka, India",Regrow Ag,Senior Software Engineer,6-10yoe_global_indian,member_urn,,,,,,,,,,,,false,https://media.licdn.com/dms/image/v2/C5103AQHFMmZnh4l6uA/profile-displayphoto-shrink_100_100/profile-displayphoto-shrink_100_100/0/1586270597080?e=1788998400&v=beta&t=ld3FEW8BYpzfSAH7H08yNt5jJgyy59CycTqajGCDc_g,false,"First and Foremost, I am obsessed with the idea of using software to solve practical problems. Software engineering is a never ending puzzle that I am passionately engaged in solving. I believe in the power of programming to transform and improve the lives of people around the world. For my first actual task in professional field, I was given the opportunity to build the website for customer and vendors for a small startup. My second project in another company involved in machine learning and data science application. Today, I am a senior software engineer at Acko Technologies working on creating unified payment system for Acko. Most recently, we have implemented a payout service for claims payment. My specialties include quickly learning new skills and programming languages, problem solving, and learning new methods of organising code. So far I have used Python, Rust, Realm, Django, Flask, Postgresql, MongoDB, Jquery, Javascript, AngularJs, Django Rest Framework. I have started learning Java and Springboot. I am still enthusiastically grabbing onto any other programming languages, frameworks, or principles I can integrate into my head.",2070,2026-09-01 17:03:38.642 +0530,Regrow Ag,https://www.linkedin.com/company/regrowag,397,,2011,2015,"{""Indian Institute of Technology (Indian School of Mines), Dhanbad""}",,,,,,,,,,2351,
Rittik Baheti,Rittik,Baheti,https://www.linkedin.com/in/rittikbaheti313,urn:li:member:852275862,rittikbaheti313,Siliguri,West Bengal,India,"Siliguri, West Bengal, India",Elite Creators Hub,Co-Founder,founders,member_urn,"Elite Creators Hub | 2 followers on LinkedIn. Influencer Marketing and Social Media Management Agency | Elite Creators Hub (ECH) is a creator marketing and influencer solutions agency that connects brands with India's leading digital creators. We specialize in influencer marketing, YouTube campaigns, creator partnerships, talent management, and strategic brand collaborations. With a trusted network of high-performing creators reaching 10+ million people, we help brands build awareness, drive engagement, and achieve measurable business growth through authentic, performance-driven campaigns.",1,,Marketing Services,138314038,https://www.linkedin.com/company/elite-creators-hub,"Noida, Uttar Pradesh, India",,https://www.elitecreatorshub.com/,,8/2025,false,,false,"I'm a dynamic and motivated undergraduate student with a keen interest in the intersection of business and technology. My passion lies in harnessing the power of data to drive informed decision-making. As an aspiring Business Analyst, I'm proficient in a range of analytical tools, including MS Excel, SQL, and Python. I've gained practical experience in applying statistical techniques and machine learning algorithms to real-world problems. My recent project on various prediction model showcases my ability to extract valuable insights from complex datasets. Beyond my technical skills, I'm a strong communicator and team player. My leadership roles and extracurricular activities have honed my interpersonal skills, problem-solving abilities, and time management skills. I'm eager to contribute my enthusiasm and dedication to a collaborative and innovative team.",3033,2026-08-25 00:00:00.000 +0530,,,,,,,,,,17,28,,,,,,489,
Angshuman Majumder,Angshuman,Majumder,https://www.linkedin.com/in/angshuman-majumder-5917931,urn:li:member:4920445,angshuman-majumder-5917931,Bengaluru,Karnataka,India,"Bengaluru, Karnataka, India",Tata Consultancy Services,"AGM, Presales",10+yoe_global,member_urn,,,,,,,,,,,,false,https://media.licdn.com/dms/image/v2/C5103AQFOrfX6XjM9ow/profile-displayphoto-shrink_100_100/profile-displayphoto-shrink_100_100/0/1516317847945?e=1788998400&v=beta&t=lKusE2TDpd-fPAZEiDKQg-U4Lu3kYgTFgjpdRWKnjqY,false,"Experienced Assistant General Manager with a demonstrated history of working in the information technology and services industry. Skilled in Sales, Customer Relationship Management (CRM), Bid Preparation, RFP, and Proposal Writing. Strong administrative professional with a P.G.D.F.M focused in with; Marketing Management and GIS (Geographical Information System from Indian Institute of Forest Management.",2855,2026-09-01 21:00:56.853 +0530,Presales Professional,,,,,,,,,,,angshumanm@rediffmail.com,,,,,2554,
Suman Chandra,Suman,Chandra,https://www.linkedin.com/in/suman-chandra-638b52150,urn:li:member:611985932,suman-chandra-638b52150,Jhalda,West Bengal,India,"Jhalda, West Bengal, India",University of Liverpool,"Research Associate at University of Liverpool, UK",6-10yoe_global_indian,member_urn,,,,,,,,,,,,true,https://media.licdn.com/dms/image/v2/C5603AQGbL1DznPkFFA/profile-displayphoto-shrink_100_100/profile-displayphoto-shrink_100_100/0/1603535150477?e=1788998400&v=beta&t=OHjJ0gA31FRWZHhE2uPxw8Rfxm9BvdtgmXc3fsxr43A,false,"As a research associate at the University of Liverpool, UK, I am part of the ExxonMobil project that aims to address the global challenge of climate change and energy transition. I design and synthesize novel crystalline materials for selective CO2 gas capture and separation (CO2/H2O) separation. As a AvH Fellow at TU Berlin, I have developed crystalline porous materials for photochemical H2 evolution and H2O2 production from water. I have worked in industrial project like Saudi ARAMCO for large scale production of MOFs and their shaping for CO2 capture and toxic gas (H2S, SO2) removal from flue gas. I also worked on crystalline materials based electrochemical transistor. With a Ph.D. in Chemical Sciences from CSIR–National Chemical Laboratory, Pune, India, I have extensive experience and knowledge in porous materials like covalent organic frameworks (COFs), metal-organic frameworks (MOFs), hydrogen-bonded frameworks (HOFs), and other kinds of conjugated polymers. I have applied these materials to various fields, such as gas and liquid separation, fuel cell, supercapacitor, battery, and photocatalysis, working in multidisciplinary collaborative research projects in India, Saudi Arabia, Germany, and UK. I have also developed skills in organic and inorganic synthesis, method development, materials characterization techniques, and computer competency. My goal is to contribute to the advancement of science and technology through innovative and sustainable solutions.",2087,2026-09-01 17:03:38.642 +0530,University of Liverpool,https://uk.linkedin.com/school/university-of-liverpool/,472,,,,"{""CSIR–National Chemical Labratory, Pune""}",,,,,,,,,,2619,
surjit ahuja,surjit,ahuja,https://www.linkedin.com/in/surjit-ahuja-1014497,urn:li:member:21995857,surjit-ahuja-1014497,West Delhi,Delhi,India,"West Delhi, Delhi, India",,Retred from GAIL(India) Limited,10+yoe_global,member_urn,,,,,,,,,,,,false,,false,,4110,2026-09-01 17:03:38.642 +0530,Oil & Energy Professional,,,,,,,,,,,,,,,,,
Yash Khattar,Yash,Khattar,https://www.linkedin.com/in/yash-khattar-04188a152,urn:li:member:617286577,yash-khattar-04188a152,Gurugram,Haryana,India,"Gurugram, Haryana, India",WILSYNTH GLOBAL,Founder,founders,member_urn,,,,,,,,,,,,false,https://media.licdn.com/dms/image/v2/C4E03AQEeFKiszC-p0Q/profile-displayphoto-shrink_400_400/profile-displayphoto-shrink_400_400/0/1530338143606?e=1789603200&v=beta&t=jedrvK2n9UCbBCZlanCl4ZQ_vc1E8n0dd3XHfRxemGU,false,"Experienced algorithmic trader specializing in Indian index derivatives. Proficient in developing scalable trading models, risk management, and tight hedge mechanisms. Co-founded a startup, driving innovation at the intersection of finance and technology. Passionate about leveraging generative AI.",3569,2026-09-01 17:36:28.613 +0530,Algorithmic Trader | Index Derivatives Trading Specialist | Quantitative Strategies Developer | Proprietary Trading Architect,,,,,,,,,17,28,,,,,,2667,
Shubham Sharma,Shubham,Sharma,https://www.linkedin.com/in/shubham-sharma-387ba5119,urn:li:member:495641047,shubham-sharma-387ba5119,Mumbai,Maharashtra,India,"Mumbai, Maharashtra, India",mCaffeine,Manager - Strategy and Projects (CEO Office),6-10yoe_global_indian,member_urn,,,,,,,,,,,,false,https://media.licdn.com/dms/image/v2/D4D03AQEA2pEwnN3fPw/profile-displayphoto-scale_200_200/B4DZrWUbNhGsAY-/0/1764532272237?e=1788998400&v=beta&t=awJShH6vUGxmQrgwD9lyvv8t3OhPr5bWHvB16KelS8A,false,"MBA from IIT (ISM) | 5+ years in Strategy , project management & business operations. Managed 36+ product launches generating ₹120+ Cr in revenue, built PMO systems from scratch, and worked directly with leadership in CEO office environments. Skilled in Excel, SQL, Power BI, and Python — have built KPI dashboards, conducted cost analysis, and tracked NPS to drive business decisions. Also built an AI-powered project management tool using Claude. Looking for high-ownership roles in Founder's Office, Business Analysis, or Project Management.",2072,2026-09-01 17:03:38.642 +0530,mCaffeine,https://in.linkedin.com/company/mcaffeine,7418,,2022,2024,"{""Indian Institute of Technology (Indian School of Mines), Dhanbad""}",,,,,,,,,,2139,
Nitish Roy Chowdhury,Nitish,Roy Chowdhury,https://www.linkedin.com/in/nitish-roy-chowdhury,urn:li:member:962777080,nitish-roy-chowdhury,Ahmedabad,Gujarat,India,"Ahmedabad, Gujarat, India",Oil & Natural Gas Corporation Limited (Ongc),,10+yoe_global,member_urn,,,,,,,,,,,,false,https://media.licdn.com/dms/image/v2/C5603AQFD0HsezzfPXQ/profile-displayphoto-shrink_100_100/profile-displayphoto-shrink_100_100/0/1643328856433?e=1788998400&v=beta&t=lmFqUNYJdOHbez7TBkQR434XOExHfo9KGQY7X4peRWo,false,,4077,2026-09-01 17:03:38.642 +0530,Geological Consultant | Applied Geologist with 30+ years of Experience | Rt. General Manager ONGC,,,,,,,,,,,,,,,,2249,
CHANCHAL KUMAR MITRA,CHANCHAL KUMAR,MITRA,https://www.linkedin.com/in/chanchal-kumar-mitra-01453517,urn:li:member:58048720,chanchal-kumar-mitra-01453517,Kolkata,West Bengal,India,"Kolkata, West Bengal, India",National Aluminium Company Limited - NALCO,Retirement,10+yoe_global,member_urn,,,,,,,,,,,,false,https://media.licdn.com/dms/image/v2/D5603AQEAW1sHAVAkEw/profile-displayphoto-shrink_100_100/profile-displayphoto-shrink_100_100/0/1707754488048?e=1788998400&v=beta&t=y8QuxXLHFMPaZZ7dtRmQvMhdUXs9kpH4bp-zjCeBrxU,false,,4076,2026-09-01 17:03:38.642 +0530,38+ years Coal Mining expert,,,,,,,,,,,,,,,,2194,
dipak jha,dipak,jha,https://www.linkedin.com/in/dipak-jha-32723473,urn:li:member:260347855,dipak-jha-32723473,Ranchi,Jharkhand,India,"Ranchi, Jharkhand, India",,general manager,10+yoe_global,member_urn,,,,,,,,,,,,false,,false,,4106,2026-09-01 17:03:38.642 +0530,Mining & Metals Professional,,,,,,,,,,,,,,,,,
Himanshu Khurana,Himanshu,Khurana,https://www.linkedin.com/in/khurana-himanshu,urn:li:member:199525881,khurana-himanshu,Bengaluru,Karnataka,India,"Bengaluru, Karnataka, India",Blackhawk Network,Senior Software Engineer,6-10yoe_global_indian,member_urn,,,,,,,,,,,,false,https://media.licdn.com/dms/image/v2/D5603AQFXgfNvwUoKPw/profile-displayphoto-scale_200_200/B56Z55tW_MKkAc-/0/1780158396083?e=1788998400&v=beta&t=jN97LBmVhvBn3_YfJcqqF4Fbsn_SsRdg7H974Jsr5es,false,"Hello! I am Himanshu Khurana, a Senior Software Engineer with over 6 years of experience specializing in Java, Spring Boot, Microservices, and Fintech products solutions. My expertise lies in building secure and scalable backend systems, as well as system design, both at high and low levels. I thrive in collaborative environments, working closely with cross-functional and global teams to deliver innovative solutions. My strong analytical and problem-solving skills have been honed through participation in various hackathons and coding competitions, where I have consistently achieved recognition. Throughout my career, I have successfully led projects that have significantly improved system performance and user experience. For instance, I orchestrated the design of a Promotion Engine that achieved 80% cost savings during peak seasons and automated services that enhanced operational efficiency. I am passionate about leveraging technology to solve complex problems and drive business success, and I am always eager to learn and adapt to new challenges. Key Achievements: - Achieved 80% cost savings on orders through the design of a Promotion Engine at Blackhawk Networks. - Automated processes at PayPal, saving approximately $235,000 in operational expenses annually. - Recognized with the “GEM” Award at PayPal for outstanding performance and leadership in project implementations. - Qualified for Round 2 of Facebook Hacker Cup and Google Code Jam, showcasing my competitive programming skills.",2059,2026-09-01 17:03:38.642 +0530,Blackhawk Network,https://www.linkedin.com/company/blackhawk-network,4251,https://github.com/hkhur,2013,2018,"{""Indian Institute of Technology (Indian School of Mines), Dhanbad""}",,,,,,,,,,1602,
Nikhil Kumar,Nikhil,Kumar,https://www.linkedin.com/in/nikhil-kumar-2078a0421,urn:li:member:1796774695,nikhil-kumar-2078a0421,Hyderabad,Telangana,India,"Hyderabad, Telangana, India",Qlass Edtech,,10+yoe_global,member_urn,,,,,,,,,,,,false,https://media.licdn.com/dms/image/v2/D4D03AQFdCpkbOaU0nA/profile-displayphoto-scale_200_200/B4DZ.0bk39I4Ac-/0/1785438558302?e=1788998400&v=beta&t=lMpoMOTzc4qMgxtm3KVOUdc02qGWt1CPOVhw0OkED30,false,,3450,2026-09-01 17:03:38.642 +0530,Co-Founder at Qlass Edtech,,,,,,,,,,,,,,,,2330,
Ashish Pratap Ranjan,Ashish Pratap,Ranjan,https://www.linkedin.com/in/ashish-pratap-ranjan-02b52629,urn:li:member:99833507,ashish-pratap-ranjan-02b52629,Chennai,Tamil Nadu,India,"Chennai, Tamil Nadu, India","Indian Institute of Technology, Madras",Teaching Assistant,6-10yoe_global_indian,member_urn,,,,,,,,,,,,false,https://media.licdn.com/dms/image/v2/D4D03AQGirVQnZeBP3w/profile-displayphoto-shrink_100_100/profile-displayphoto-shrink_100_100/0/1669475769844?e=1788998400&v=beta&t=YsBQs0VNBfXzHhNFxV94SPIs8xmc-yv_VW95LTOKZME,false,,3227,2026-09-01 21:00:56.853 +0530,Research Scholar @ IIT Madras,,,,,,,,,,,"er.apranjan@gmail.com, erapranjan@gmail.com",,,,,1991,
Arvind Arya,Arvind,Arya,https://www.linkedin.com/in/arvind-arya-793871281,urn:li:member:1151742495,arvind-arya-793871281,Mumbai,Maharashtra,India,"Mumbai, Maharashtra, India",Parlor Company,Founder,founders,member_urn,,,,,,,,,,Go to parlor.cc for more info.,11/2022,false,,false,,3580,2026-08-25 00:00:00.000 +0530,,,,,,,,,,17,28,,,,,,2273,
Karan Shah,Karan,Shah,https://www.linkedin.com/in/karan-shah0806,urn:li:member:491812597,karan-shah0806,,,India,India,Yubi,Senior Director and Co-Head - CEO’s Office,founders,member_urn,"Yubi Group is the world’s only AI-powered operating system (OS) for financial services, founded in 2020 by CEO Gaurav Kumar. At its core is YuVerse, an applied AI suite powering four specialized companies - Yubi, YuVerse, Accumn, Spocto X, and YuCollect - that together deliver end-to-end AI-based solutions in lending, underwriting, and collections. Backed by leading investors including Peak XV, Insight Partners, Lightspeed, B Capital Group, Dragoneer, and TVS Capital, Yubi has facilitated over ₹3.2 lakh crore in credit and 3.5 crore transactions, serving 17,000+ enterprises and 6,200+ investors & lenders while reducing collections costs by 57%. The company is redefining transparency, compliance, and performance across India’s financial services sector. Join us on this journey to #MakeGreatHappen.",1202,2020,Financial Services,81839696,https://in.linkedin.com/company/go-yubi,"Chennai, Tamil Nadu, India","Financial Markets, Debt Raise, Supply Chain Finance, Marketplace, Securitization, Co-Lending, Business Loans, Bonds, Fixed Income Instruments, Capital, Risk Assessment, Collections, and Data Analytics",,Strategy and growth for Wealth OS & Collections OS,7/2026,false,,false,,3623,2026-08-25 00:00:00.000 +0530,,,,,,,,,,,28,,,,,,141,
Kunal Behl,Kunal,Behl,https://www.linkedin.com/in/kunal-behl-16851272,urn:li:member:258063200,kunal-behl-16851272,Faridabad,Haryana,India,"Faridabad, Haryana, India",GROCTAURANT,Co Founder,founders,member_urn,,,,,13230825,,,,,,5/2016,false,,false,,3618,2026-08-25 00:00:00.000 +0530,,,,,,,,,,17,28,,,,,,1910,
Tanisha Panigrahi,Tanisha,Panigrahi,https://www.linkedin.com/in/tanisha-panigrahi-36976a207,urn:li:member:882749313,tanisha-panigrahi-36976a207,Marmagao,Goa,India,"Marmagao, Goa, India",TATA Advanced Systems Limited,Graduate Engineer Trainee,6-10yoe_global_indian,member_urn,,,,,,,,,,,,false,https://media.licdn.com/dms/image/v2/D4D03AQHPvowpBp0gaQ/profile-displayphoto-scale_400_400/B4DZ_B0VSwKgAo-/0/1785663149950?e=1788998400&v=beta&t=3M4KkGbh0R5X09wADjPYxDvqfjhOkom9-4WGp-4FSSQ,false,"A Chemical Engineering graduate currently pursuing Masters at IIT (ISM) Dhanbad. I have gained a strong foundation in chemical engineering principles, including thermodynamics, transport phenomena, process design, and chemical kinetics. Through internships, research and academic projects, I have developed technical, analytical and problem-solving skills. Having attended several Services Selection Board (SSB) for the Armed Forces, I developed resilience, perseverance, adaptability, leadership and the ability to perform under pressure. I have also actively participated in student organizations, volunteering, and leadership roles, strengthening my communication, teamwork, and leadership skills, which are valuable in any professional environment.",2088,2026-09-01 17:03:38.642 +0530,TATA Advanced Systems Limited,https://in.linkedin.com/company/tataadvanced,776,,2026,2028,"{""Indian Institute of Technology (Indian School of Mines), Dhanbad""}",,,,,,,,,,2551,
Kota Rama Mohan,Kota,Rama Mohan,https://www.linkedin.com/in/kota-rama-mohan-6a669013,urn:li:member:46470366,kota-rama-mohan-6a669013,Hyderabad,Telangana,India,"Hyderabad, Telangana, India",MM Insurance,Founder,founders,member_urn,,,,,,,,,,Reach us at www.mminsurance.co.in,6/2014,false,,false,,3637,2026-08-25 00:00:00.000 +0530,,,,,,,,,,17,28,,,,,,2173,
Ashok Varma,Ashok,Varma,https://www.linkedin.com/in/ashok-varma-5894201b,urn:li:member:69715257,ashok-varma-5894201b,,,Greater Delhi Area,Greater Delhi Area,ONGC Mangalore Petrochemicals Ltd,Director,10+yoe_global,member_urn,,,,,,,,,,,,false,https://media.licdn.com/dms/image/v2/C4D03AQHhIIPCGlrR-Q/profile-displayphoto-shrink_100_100/profile-displayphoto-shrink_100_100/0/1516868130539?e=1788998400&v=beta&t=-2E4nLJ2Pg578Q0hkjCBfvJk10YIbx-q3sJwLfVO3_o,false,,3974,2026-09-01 21:00:56.853 +0530,"Ex-Director, ONGC",,,,,,,,,,,ashokovl@hotmail.com,,,,,2258,
Noopur Pathak,Noopur,Pathak,https://www.linkedin.com/in/noopur-pathak,urn:li:member:396650370,noopur-pathak,Hyderabad,Telangana,India,"Hyderabad, Telangana, India",Uber,Data Scientist II,6-10yoe_global_indian,member_urn,,,,,,,,,,,,false,https://media.licdn.com/dms/image/v2/C5103AQHir66n2UA3OQ/profile-displayphoto-shrink_100_100/profile-displayphoto-shrink_100_100/0/1586592321250?e=1788998400&v=beta&t=VQmPTUXQ-F-VfY_VZDS6jTlKrcN25W3i-JeGIKib0lk,false,"Thorough and meticulous Data Analyst passionate about helping businesses succeed. Possessing strong analytical skills rooted in substantial training as an engineer. Completed Bachelors from IIT (ISM), Dhanbad and Masters from Carnegie Mellon University (CMU), Pittsburgh in the field of Energy & Data Analytics.",2090,2026-09-01 17:03:38.642 +0530,Uber,https://www.linkedin.com/company/uber-com,1147,,,,"{""Carnegie Mellon University""}",,,,,,,,,,2607,
Avinash Jatoth,Avinash,Jatoth,https://www.linkedin.com/in/avinash-jatoth-536961393,urn:li:member:1623755706,avinash-jatoth-536961393,Mumbai,Maharashtra,India,"Mumbai, Maharashtra, India",Trading Automation SaaS,Founder,founders,member_urn,,,,,,,,,,"I help traders and investors put strategies to work — automating them end to end so that execution is driven by strategic rules. The biggest cost in trading isn't strategy; it's human execution error — moved stop losses, decisions made on a bad day. I remove that variable entirely. With 6+ years of trading experience and 2+ years in algorithmic trading, I take a strategy from idea to live, automated execution across crypto, forex, equity, F&O and metals. How I work — Automate. Guard. Prove. Automate — your strategy is hand-coded and deployed as a complete, end-to-end system. Entries, exits, sizing and risk are all handled automatically, with no human execution error. Guard — built-in risk infrastructure protects capital: defined drawdown caps, daily loss limits and a one-command kill switch. Your downside is set before you begin, not discovered on a bad day. Prove — every strategy is backtested across 10+ years of real market data, with full reporting on equity curve, drawdown, win rate and trade-by-trade results. You see exactly how it performs before a rupee is committed. Always-on operation: systems run 24/7 on secured, dedicated server infrastructure — no dependency on your own device or screen time. For traders: removes the emotional leaks that quietly erode an otherwise profitable strategy. For investors: a disciplined, transparent, rules-based way to deploy capital — fully visible, risk-controlled, and run on your own account, in your name, with you in complete control. Every system is custom-built to the client's exact specification and adapted as their needs evolve — fully bespoke, and entirely your own. avinashjatoth2898@gmail.com",5/2024,false,,false,,3639,2026-08-25 00:00:00.000 +0530,,,,,,,,,,17,28,,,,,,2592,
Dr.Vartika Rao,Dr.Vartika,Rao,https://www.linkedin.com/in/dr-vartika-rao-0081b511,urn:li:member:39303368,dr-vartika-rao-0081b511,Noida,Uttar Pradesh,India,"Noida, Uttar Pradesh, India",IKTARA Foundation,Co Founder,founders,member_urn,,,,,,,,,,,12/2024,false,,false,,3643,2026-08-25 00:00:00.000 +0530,,,,,,,,,,17,28,,,,,,1968,
Yogesh Pandey,Yogesh,Pandey,https://www.linkedin.com/in/yogesh-pandey-b2745326b,urn:li:member:1108905871,yogesh-pandey-b2745326b,,,Greater Bengaluru Area,Greater Bengaluru Area,Vingo,Founding Member - Product & Growth,founders,member_urn,"For 150 crore Indians, buying and selling from each other should be effortless, Today, it isn't! Today’s peer-to-peer commerce ecosystem is broken: manual listings, pricing inefficiencies, endless negotiation loops, trust deficits, safety concerns, and payment fraud make transacting unnecessarily hard. The result - massive intent, but very low conversion into successful transactions. At Vingo, we are solving this from first principles by building for trust, liquidity, convenience, payments, and seamless user experience - tailored for India’s unique behavioral and economic realities. Our mission is simple: make peer-to-peer commerce safe, seamless, and scalable for the next 1.5 billion Indians. Access. Affordability. Upward mobility. At scale. We're hiring across design, product, engineering, and growth. careers@justvingo.com",8,2026,"Technology, Information and Internet",110252664,https://in.linkedin.com/company/justvingo,"Bengaluru, Karnataka, India",,https://justvingo.com/,ನಾವೆಲ್ಲರೂ ಸೇರಿ ಒಂದು C2C ಪ್ಲಾಟ್‌ಫಾರ್ಮ್ ನಿರ್ಮಿಸುತ್ತಿದ್ದೇವೆ.,6/2026,true,,true,"Entrepreneurial-minded, passionate about tech, research, and building ideas.Constantly experimenting, learning fast, and turning concepts into real value. Still exploring and shipping a few early products…....",3103,2026-08-25 00:00:00.000 +0530,,,,,,,,,,17,28,,,,,,173,
shubham srivastava,shubham,srivastava,https://www.linkedin.com/in/shubhamsrivastava1,urn:li:member:13295135,shubhamsrivastava1,Gurugram,Haryana,India,"Gurugram, Haryana, India",Discvrai,"Discvr.ai | Building Agentic AI for Commerce, Analytics & Enterprise Automation",founders,member_urn,"In today's world, we're drowning in data but often starving for genuine insight. Finding trustworthy, deep information quickly is a significant challenge, whether you're researching market trends, exploring complex technologies, or seeking to understand global events. Traditional search often leaves you scrolling through endless links, struggling to synthesize information. Introducing Discvr.ai (www.discvr.ai) – your intelligent search and research partner, built to cut through the noise. We go beyond surface-level results by combining powerful AI capabilities into a seamless platform: * AI Search Agent: Need quick answers? Our efficient general web search delivers relevant results fast. But Discvr.ai truly shines when you need to go deeper. * Specialized Deep Research: - US Equities: Leverage our AI agent for sophisticated analysis of US stocks and equities. Get insights on valuation metrics, comparative analysis against competitors, growth driver assessments, risk factor summaries, and recent performance impact – information crucial for informed decision-making, delivered concisely. * Interactive AI-Generated Articles: Explore a diverse and expanding library of research articles created by our AI across finance, technology, politics, and more. What makes them unique? You can ask clarifying questions directly within any article and receive immediate, context-aware answers from our AI. Click on key entities to explore them further. It's research that becomes a conversation, enabling true understanding. Stop searching, start understanding. Visit us and join the beta today: www.discvr.ai",10,,"Technology, Information and Internet",106472571,http://www.linkedin.com/company/discvrai,"Gurugram, Haryana, India",,https://www.discvr.ai,"Building DiscvrAI focused on enabling enterprises to move from fragmented, Excel-driven operations to integrated, intelligence-led execution systems. We work with organizations across BFSI, manufacturing, energy, industrial, and EPC sectors, helping digitize core workflows, unify siloed data, and enable analytics and AI-driven decision-making on top of existing systems. Our work typically involves: Digitizing operational and business workflows across functions Creating a unified, decision-ready data layer Enabling real-time visibility across planning, operations, and performance Embedding analytics and AI into day-to-day execution DiscvrAI acts as a lightweight intelligence layer; bridging the gap between existing systems and real-world decision-making. Currently working with enterprises in energy and industrial sectors to drive measurable improvements in: Operational efficiency Production visibility Planning and execution cycles",4/2024,false,,false,"Most organizations don’t have an AI problem they have a data and execution problem. I’m building DiscvrAI a platform focused on transforming how organizations move from fragmented operations to AI-enabled, data-driven decision systems. At its core, DiscvrAI helps enterprises digitize workflows, unify data across functions, and layer intelligence (AI and non-AI) on top to drive faster, more effective decision-making. From Excel-heavy processes to complex operational environments, we enable businesses to transition into scalable, real-time execution systems. We work across sectors including BFSI, manufacturing, energy, industrial, and EPC, where the biggest opportunity lies not just in deploying AI but in structuring data, workflows, and decision layers end-to-end. Our approach is simple: Digitize fragmented processes Integrate data across systems Enable intelligence through analytics and AI Drive outcomes via better decisions and execution Over time, this creates a compounding data + intelligence layer that becomes central to how organizations operate and scale. Prior to this, I’ve worked across technology, digital transformation, and business operations, giving me a cross-functional view of how systems break and how they can be rebuilt for scale. Now focused on building DiscvrAI into a full-stack execution and decision intelligence platform for the next generation of enterprises. Always open to connecting with operators, leaders, and investors working at the intersection of technology, AI, and real-world business transformation.",3102,2026-08-25 00:00:00.000 +0530,,,,,,,,,,17,28,,,,,,993,
Deepak Khatri,Deepak,Khatri,https://www.linkedin.com/in/dkdocs,urn:li:member:292353447,dkdocs,Bengaluru,Karnataka,India,"Bengaluru, Karnataka, India",Topledger,Co-Founder & CTO,founders,member_urn,,,,,,,,,,"Top Ledger is an end-to-end blockchain analytics platform which allows web3 growth, analytics & data science teams to create powerful dashboards from decoded blockchain data. Product Demo - https://twitter.com/ledger_top/status/1658506534211715072 Top Ledger platform is currently being used by projects like Solana Foundation, Metaplex, Squads, Orca, Drift, Switchboard, Drip, Frakt, and more.",5/2022,false,,false,,3645,2026-08-25 00:00:00.000 +0530,,,,,,,,,,17,28,,,,,,2583,
Jaideep singh,Jaideep,singh,https://www.linkedin.com/in/jaideep-singh-9914191b,urn:li:member:69710653,jaideep-singh-9914191b,South Delhi,Delhi,India,"South Delhi, Delhi, India",Konnection.in,Co-founder,founders,member_urn,,,,,2618150,,,,,,1/2012,false,,false,,3652,2026-08-25 00:00:00.000 +0530,,,,,,,,,,17,28,,,,,,2074,
Abhijit Guha,Abhijit,Guha,https://www.linkedin.com/in/abhijit-guha-consultant,urn:li:member:1366424645,abhijit-guha-consultant,Dhanbad,Jharkhand,India,"Dhanbad, Jharkhand, India",Guha Classes,"Founder , CEO",founders,member_urn,,,,,,,,,,,1/2025,false,,false,,3657,2026-08-25 00:00:00.000 +0530,,,,,,,,,,17,28,,,,,,1915,
Rochak Gupta,Rochak,Gupta,https://www.linkedin.com/in/rochak-gupta-a9149395,urn:li:member:338604877,rochak-gupta-a9149395,,,India,India,TransBit,Founder,founders,member_urn,,,,,82583992,,,,,,7/2022,false,,false,,3658,2026-08-25 00:00:00.000 +0530,,,,,,,,,,17,28,,,,,,2593,
Subhasish Panda,Subhasish,Panda,https://www.linkedin.com/in/subhasishpanda,urn:li:member:486061057,subhasishpanda,Pune,Maharashtra,India,"Pune, Maharashtra, India",LUMIQ,Project Delivery Manager,6-10yoe_global_indian,member_urn,,,,,,,,,,,,false,https://media.licdn.com/dms/image/v2/D4D03AQEA8K7gQVUdfA/profile-displayphoto-shrink_100_100/profile-displayphoto-shrink_100_100/0/1688205887964?e=1788998400&v=beta&t=H9Q-zRA8Q2vh7g6sible0EqdE1-lqfSnkma8RfdNucU,false,"A self trained techie, consultant, economist, free thinker. Interests in technology, Consulting, business, strategic planning, economics. Enthusiast about learning new skills and using it to solve business problems across various domains. Travelling, coding, sketching are few of my hobbies.",2093,2026-09-01 17:03:38.642 +0530,LUMIQ,https://in.linkedin.com/company/lumiqai,772,,,,"{""Indian Institute of Management Ahmedabad""}",,,,,,,,,,2117,
Avishek Jha,Avishek,Jha,https://www.linkedin.com/in/avishek-jha-54841a179,urn:li:member:708712328,avishek-jha-54841a179,,,Dhanbad-Ranchi Area,Dhanbad-Ranchi Area,Patliputra Multispeciality Hospital,Human Resources Manager,6-10yoe_global_indian,member_urn,,,,,,,,,,,,false,https://media.licdn.com/dms/image/v2/C5603AQFVDx_Les1eXg/profile-displayphoto-shrink_100_100/profile-displayphoto-shrink_100_100/0/1617079147546?e=1788998400&v=beta&t=Es8UksktUXEQyzMo255luTO3ZB4hoDxMWUk0bmIMEaU,false,"MBA in Human Resources with hands-on experience in Hospital HR, Recruitment, Employee Relations, HR Operations, and Administration.Beyond HR, I am an independent author passionate about workplace insights, mythology, and psychological crime fiction. Published Books: Beyond the Offer Letter – HR & Workplace Main Hoon Ravan – Hindi Mythological Fiction Chhayadand – Hindi Psychological Crime ThrillerMy books are available on Amazon KDP and Gumroad.",2091,2026-09-01 17:03:38.642 +0530,Patliputra Multispeciality Hospital,https://in.linkedin.com/company/patliputramultispecialityhospital,1167,,2017,2019,"{""Indian Institute of Technology (Indian School of Mines), Dhanbad""}",,,,,,,,,,2277,
Yash Dediya,Yash,Dediya,https://www.linkedin.com/in/yash-dediya-162237166,urn:li:member:663460634,yash-dediya-162237166,Mumbai,Maharashtra,India,"Mumbai, Maharashtra, India",Tatvic ®,Account Manager,6-10yoe_global_indian,member_urn,,,,,,,,,,,,true,https://media.licdn.com/dms/image/v2/D4D03AQFrKMYqqiIDxA/profile-displayphoto-scale_200_200/B4DaAkUT1xKQAg-/0/1787315699905?e=1788998400&v=beta&t=Oly95njfXFOrGHUb8deO3xGUlO5rtrWA7QaZe0uvicE,false,"As a techno-business consultant with 5+ years of experience, I specialize in bridging the gap between strategic enterprise growth and advanced technical execution. My core expertise lies in architecting diverse, data-driven solutions that solve complex business challenges across multiple technological domains. I act as a strategic partner to businesses, taking full ownership of customer success across the entire lifecycle, driving engagements right from initial prospecting and tailored solutioning, to complex commercial negotiations and ultimate value realization.​My career spans a wide spectrum of technology consulting, featuring strong, proven experience in both high-stakes sales and strategic pre-sales. From managing enterprise account portfolios to acting as SME for designing and adoption of AI-powered solutions, I am highly agile and adaptive. I constantly evolve alongside rapid technological shifts to quickly translate emerging, complex capabilities into tangible business outcome.In a nutshell, ​Whether I’m whiteboarding solution logic with end users or driving strategic negotiations in the boardroom, I give my best to pitch the future",2095,2026-09-01 17:03:38.642 +0530,Tatvic ®,https://in.linkedin.com/company/tatvic,1595,,2017,2021,"{""Indian Institute of Technology (Indian School of Mines), Dhanbad""}",,,,,,,,,,2560,
Anmol Khandelwal,Anmol,Khandelwal,https://www.linkedin.com/in/khandelwal-anmol,urn:li:member:941222997,khandelwal-anmol,Jaipur,Rajasthan,India,"Jaipur, Rajasthan, India",GrainSpan Nutrients Pvt. Ltd.,Business Associate,founders,member_urn,"- & At GrainSpan Nutrients Pvt. Ltd., we specialize in producing premium corn and rice-based ingredients, ethanol, DDGS, and food-grade CO₂ for the food, beverage, animal feed, and biofuel industries. Backed by over a decade of expertise, our advanced milling and processing facilities deliver clean, consistent, and high-quality products that nourish communities and power sustainable energy solutions across global markets. Our commitment to innovation, sustainability, and ethical practices ensures superior quality, reliable supply chains, and a greener future— . ? ✅1000+ metric tons daily of - products. ✅Produce ethanol in our , with by-products like (for animal feed) and (for carbonated drinks and dry ice). ? High-quality corn and rice products for food and feed industries, backed by international certifications including , , -, , , , . Ethanol production to support initiatives. for animal nutrition and for industrial applications. ? By choosing GrainSpan, you are partnering with a company that is dedicated to nourishing lives, empowering industries, and protecting the planet. ✔️ to Africa, the Middle East, South Asia, Southeast Asia, and East Asia, delivering excellence worldwide. ✔️Robust / mechanisms to maintain the highest industry standards. ✔️Committed to a through sustainable and clean energy initiatives. ✔️Follows a aligned with Section 135 of the Companies Act, 2013, contributing to community development.",154,2012,Manufacturing,75587410,https://in.linkedin.com/company/grainspan-nutrients,"Ahmedabad, Gujarat, India","milling, flaking grits, brewery grits, snack food grits, corn dry milling, rice milling, biofuel, renewable energy, and ethanol",https://www.grainspan.com,,7/2026,false,,true,"I enjoy working at the intersection of product, strategy and technology, turning ideas into solutions that make a real impact. From building a sports booking marketplace and a student productivity app to refining features for billing and e-commerce tools, I’ve always tried to blend problem-solving with execution. Along the way, I’ve gained experience in market analysis, go-to-market strategy and product development, while working with diverse teams to create solutions that are both user friendly and business ready. Beyond internships, I’ve been active in entrepreneurial spaces. As Head of the Entrepreneurship Cell at IIT Dhanbad, I brought back the flagship E-Summit after eight years, bringing together founders, investors and industry leaders to inspire a culture of innovation on campus. This experience, along with my projects, has shaped the way I approach product building and balancing vision with execution. Curiosity and adaptability keep me moving. Whether it’s analyzing new trends, shaping product journeys or crafting strategies for growth, I’m always excited to take on challenges where technology, business and user experience come together.",1776,2026-08-25 00:00:00.000 +0530,,,,,,,,,,,,,,,,,143,
Naresh Kumar Saha,Naresh Kumar,Saha,https://www.linkedin.com/in/naresh-kumar-saha-819122386,urn:li:member:1594810389,naresh-kumar-saha-819122386,Ranchi,Jharkhand,India,"Ranchi, Jharkhand, India",Eastern Coalfields Limited,General Manager,10+yoe_global,member_urn,,,,,,,,,,,,false,https://media.licdn.com/dms/image/v2/D5603AQG1BK4mLvEewQ/profile-displayphoto-shrink_400_400/B56ZltWu_wI4Ag-/0/1758476300548?e=1788998400&v=beta&t=5EEgJ2JS97254m-0JZCvZ9N_Wb1tgkd8QfS61wW_83A,false,,3451,2026-09-01 17:03:38.642 +0530,General Manager (Retired) at Coal India Limited,,,,,,,,,,,,,,,,1780,
Chaitanya Sharma,Chaitanya,Sharma,https://www.linkedin.com/in/chaitanya-sharma-7a932224,urn:li:member:84400113,chaitanya-sharma-7a932224,Madhya Pradesh,,India,"Madhya Pradesh, India",Self-employed,Beggar and Bastard,10+yoe_global,member_urn,,,,,,,,,,,12/2021,false,https://media.licdn.com/dms/image/v2/D5603AQGO50_w2U8SUQ/profile-displayphoto-shrink_100_100/profile-displayphoto-shrink_100_100/0/1696487381942?e=1788998400&v=beta&t=QBFQVIRgLPVFra6LzBh7OpK2zGOAaiI4XHs7BDozlmQ,false,Osho ♥️,174,2026-09-01 21:00:56.853 +0530,,,,,,,,,,,,"chaitanya.sharma@tatasteel.com, sharchaitanya@gmail.com",chaitanya.sharma@tatasteel.com,,,,2433,
Dr. Mohana Rao kadagala,Dr. Mohana Rao,kadagala,https://www.linkedin.com/in/mohana-rao-kadagala,urn:li:member:463827216,mohana-rao-kadagala,Vizianagaram,Andhra Pradesh,India,"Vizianagaram, Andhra Pradesh, India","Indian Institute of Technology (Indian School of Mines), Dhanbad",Research Scholar,6-10yoe_global_indian,member_urn,,,,,,,,,,,,false,https://media.licdn.com/dms/image/v2/C4E03AQEoyvQVpR_jcw/profile-displayphoto-shrink_100_100/profile-displayphoto-shrink_100_100/0/1607407810753?e=1788998400&v=beta&t=33mmVpPIQPn7Pf-tatc3mYSyUIElBPyJLRZfmGOo8Fo,false,"A highly motivated Mineral Processing specialist with over 8 years of combined experience in flotation reagent development, mineral beneficiation research, and process engineering. My expertise encompasses the reagent formulation, evaluation, and optimization of flotation reagent systems, alongside the development and improvement of beneficiation flowsheets for low-grade iron ores from both Indian and Canadian deposits. Key competencies include development of mass and water balance, PFD’s, Amine water treatment schemes, equipment sizing and selection (Flotation cells). Currently I am involved in the development of beneficiation solutions for upgrading Iron ore (Feed-64.1% Fe, 5.5% SiO₂) aimed at producing DR-grade pellet feed concentrate (69.0% Fe, <1% SiO₂) through Column flotation techniques using cationic and anionic reverse flotation methods comparatively. Leveraging my Ph.D. research focused on the development of different bio-degradable and novel mixed collector systems for oxidized coal. In addition, worked with collaborative research ventures (between India and China) in the area of coal gasification fine/coarse slag to recover the carbon values, and my industrial experience in beneficiation plant design (particularly for column flotation technology), can advance efficient and sustainable clean coal (from coal and Coal gasification fine/coarse slag)/mineral recovery technologies.",2129,2026-09-01 17:03:38.642 +0530,"Indian Institute of Technology (Indian School of Mines), Dhanbad",https://in.linkedin.com/school/iitism/,1221,,2017,2023,"{""Indian Institute of Technology (Indian School of Mines), Dhanbad""}",,,,,,,,,,1988,
"Dr. Anurag Sharma , PhD",Dr. Anurag,"Sharma , PhD",https://www.linkedin.com/in/dr-anurag-sharma-phd-0125a4155,urn:li:member:625529102,dr-anurag-sharma-phd-0125a4155,Kanpur,Uttar Pradesh,India,"Kanpur, Uttar Pradesh, India",Indian Institute of Technology (IIT) Kanpur,Doctoral Researcher,6-10yoe_global_indian,member_urn,,,,,,,,,,,,false,https://media.licdn.com/dms/image/v2/D5603AQFaJZndWCXaRA/profile-displayphoto-crop_800_800/B56Zg.F7NWG4AM-/0/1753388399807?e=1788998400&v=beta&t=dH01MbdUjn_KLPf0hFfPqi8BMI7ucZRW6NgqAFvHhJ8,false,"I have completed my PhD with expertise in membrane biophysics, lipid nanoparticle (LNP) design for gene delivery, and virus–membrane interactions. My research involved understanding fusion dynamics with the help of biomimetic membrane system(SLB). Engineering fusion peptide-functionalized LNPs to improve endosomal escape and evaluating LNP performance through in vitro and in vivo studies.I also established supported lipid bilayer (SLB) platforms using complex lipid mixtures to mimic cellular membranes and investigated the binding kinetics of SARS-CoV-2 to terminal sialic acid-containing SLBs, providing insights into early viral attachment and host membrane recognition. My work bridges biophysics, nanomedicine, and virology through quantitative, high-resolution studies of membrane interactions. Techniques & ToolsTIRF Microscopy (Total Internal Reflection Fluorescence)Confocal microscopy for live cell imaging Dynamic Light Scattering (DLS)LNP formulation via microfluidicsLiposome preparation (extrusion, sonication)Supported lipid bilayer assemblyBiochemical analysis (SDS-PAGE, BCA assay)in vivoEducation:B.Sc. (Hons) Industrial chemistry—> Aligarh muslim University, 2015-2018M.Sc. (Chemistry)—> IIT(ISM) Dhanbad, 2018-2020PhD in Biophysical Chemistry—> IIT Kanpur, 2020-2026",2097,2026-09-01 17:03:38.642 +0530,Indian Institute of Technology (IIT) Kanpur,,2204,,,,"{""Indian Institute of Technology, Kanpur""}",,,,,,,,,,1986,
Avinash W.,Avinash,W.,https://www.linkedin.com/in/avinash-w-4128673,urn:li:member:11085710,avinash-w-4128673,Mumbai,Maharashtra,India,"Mumbai, Maharashtra, India",Blue Lake Finserve LLP,Founder,founders,member_urn,,,,,,,,,,"Blue Lake Finserve LLP is AMFI Registered Mutual Fund and SIF distributor [ARN-183391] and AMPI Registered PMS Distributor [APRN-02274]. We offer customised investment solutions based on your financial goals. Unbiased views, regular monitoring and portfolio rebalancing are foundation of our investment philosophy. Ours is an open investment platform with wide options of investment solution across Mutual Funds, SIF, PMS and AIF. Our investment solutions are based on deep understanding of financial markets, portfolio theories and performance data. We select investments having solid performance record and are likely to perform better than the rest based on economic scenario going forward. We suggest Goal Based Investment approach. Every individual has different investment objectives and this can be fulfilled only if we set the goal and design the investment portfolio which can achieve that goal within risk appetite of the investor. Start your investment journey with us and see the difference.",10/2021,false,,false,,3664,2026-08-25 00:00:00.000 +0530,,,,,,,,,,17,28,,,,,,1605,
Anubhav Gangwar,Anubhav,Gangwar,https://www.linkedin.com/in/anubhavvv,urn:li:member:402714255,anubhavvv,Bengaluru,Karnataka,India,"Bengaluru, Karnataka, India",Pixfirst,"Bengaluru, Karnataka, India | Professional Profile",6-10yoe_global_indian,member_urn,,,,,,,,,,,,false,https://media.licdn.com/dms/image/v2/D4E03AQE6Zc8Rt-yxDw/profile-displayphoto-shrink_100_100/profile-displayphoto-shrink_100_100/0/1630051818194?e=1788998400&v=beta&t=TZ5yTiu_oQFFgw87gtqC23uhVZGCvRVquPAmmLv44N8,false,"Data-driven Business Intelligence & E-commerce Analyst with 5 years of experience driving revenue growth, pricing optimization, funnel performance, and operational efficiency for D2C and marketplace brands. Proven expertise in SQL, Power BI, Looker Studio, and advanced analytics to translate complex datasets into actionable business strategies. Strong track record in scaling categories, boosting conversion rates, optimizing supply chains, and maximizing profitability.",2104,2026-09-01 17:03:38.642 +0530,"Bengaluru, Karnataka, India | Professional Profile",,711,,2019,2021,"{""Indian Institute of Technology (Indian School of Mines), Dhanbad""}",,,,,,,,,,2294,
Bhavna Joshi,Bhavna,Joshi,https://www.linkedin.com/in/joshi-bhavna,urn:li:member:529079248,joshi-bhavna,Gurugram,Haryana,India,"Gurugram, Haryana, India",GE Aerospace,Lead Engineer - Turbomachinery Aerodynamics,6-10yoe_global_indian,member_urn,,,,,,,,,,,,false,https://media.licdn.com/dms/image/v2/D4D03AQG-qGAm3XNxNA/profile-displayphoto-shrink_100_100/profile-displayphoto-shrink_100_100/0/1709488214794?e=1788998400&v=beta&t=dw34a884uWObwmbGXr4FiASCwlitsebOWwpm3sjHqqE,false,"PhD in Mechanical Engineering from IIT (ISM) Dhanbad with expertise in fluid instabilities, turbulence, and high-accuracy flow simulations. I have worked with high-fidelity parallel CFD solvers (including artificial compressibility method based unstructured mesh FVM CFD solvers) and performed DNS in HPC environments. Now at GE Aerospace, I’m applying my research experience to real-world challenges in gas turbine technology. I bring strong analytical thinking, clear communication, and a collaborative mindset. Skills: CFD | HPC | C, C++, Fortran | Linux | Problem Solving | Communication | Teamwork",2123,2026-09-01 17:03:38.642 +0530,GE Aerospace,https://www.linkedin.com/company/geaerospace,1705,,,,{},,,,,,,,,,1859,
AMAN BHARDWAJ,AMAN,BHARDWAJ,https://www.linkedin.com/in/amaniitdhanbad,urn:li:member:638178619,amaniitdhanbad,South Delhi,Delhi,India,"South Delhi, Delhi, India","Alumni Relations Cell DMS, IIT (ISM) Dhanbad",Junior Event Team Management Core Member,6-10yoe_global_indian,member_urn,,,,,,,,,,,,true,https://media.licdn.com/dms/image/v2/C4E03AQEJDqMHR28APw/profile-displayphoto-shrink_100_100/profile-displayphoto-shrink_100_100/0/1660073063128?e=1788998400&v=beta&t=KrXg8Ak54QbJAerkMs4Irevb6AGMFHdE7Cxs9l2QElE,false,PROBING...,2121,2026-09-01 17:03:38.642 +0530,"Alumni Relations Cell DMS, IIT (ISM) Dhanbad",https://www.linkedin.com/company/alumni-relations-cell-dms-iit-ism-dhanbad,6591,www.geetanjli.cf,,,{},,,,,,,,,,1536,
Shreyansh Maloo,Shreyansh,Maloo,https://www.linkedin.com/in/shreyansh-maloo-a138b081,urn:li:member:291860655,shreyansh-maloo-a138b081,Gurugram,Haryana,India,"Gurugram, Haryana, India",Siemens,Area Sales Manager,6-10yoe_global_indian,member_urn,,,,,,,,,,,,false,https://media.licdn.com/dms/image/v2/D4D03AQGLQad0eLmxlQ/profile-displayphoto-shrink_100_100/profile-displayphoto-shrink_100_100/0/1692674801587?e=1788998400&v=beta&t=a81FjSyqBGlBZPaTKJhxeD2rd4-2t6I_NiQFYqzFv7w,false,"I am proud to be in the business of nation building. I am in independent lead role for Tendering and Contracts for Power Distribution Projects. My portfolio includes Client & Vendor liaisoning, Tendering, Contract Vetting & Signing, Costing, Techno-Commercial Discussion with Various Stakeholders, Data Analysis, Facts Presentation, Project Management & Planning, Risk Analysis, System improvement, Data accretion, Database Management, Managing & Training associates, etc. Prior to my current role, I have hands-on experience of Project Execution and 3M Management. This complete experience is backed by certified rigorous Training and classroom course at IIT-Delhi (M.Tech) & IIT (ISM) – Dhanbad (B.Tech) in Construction Technology and Management & Electrical Engineering respectively. I am looking for a challenging role where I can continue to prove my skills as well as gain more as we move together in a mutually beneficial endeavor.",2102,2026-09-01 17:03:38.642 +0530,Siemens,https://de.linkedin.com/company/siemens,1132,,,,"{""Indian Institute of Technology, Delhi""}",,,,,,,,,,2460,
Dr. Nikki Chanda,Dr. Nikki,Chanda,https://www.linkedin.com/in/dr-nikki-chanda-57795569,urn:li:member:244217323,dr-nikki-chanda-57795569,Dhanbad,Jharkhand,India,"Dhanbad, Jharkhand, India",National Institute of Technology Jamshedpur,PHD,6-10yoe_global_indian,member_urn,,,,,,,,,,,,false,https://media.licdn.com/dms/image/v2/D5603AQG9zGd_sEfSnA/profile-displayphoto-scale_100_100/B56Zw4rz90KcAc-/0/1770477547930?e=1788998400&v=beta&t=WFWRTeDIBKjWSTxL605rIRogQPJOUcl9tdKXhn6Ksu0,false,"Hey, welcome to my page!If you found me through a PhD or Post-Doc opportunity post, a free dataset, or a research tool — that's exactly why I'm here.I'm Dr. Nikki Chanda — a hydrology and climate researcher with a PhD from NIT and an M.Tech. from IIT, trained additionally at IIT Kharagpur, IIT Gandhinagar, and NIH Roorkee (SERB).My research sits at the intersection of hydrology, climate change, and AI/ML — specifically, understanding how mountainous river basins respond to future climate scenarios using SWAT, LSTM, CMIP6 multi-GCM ensembles, GIS, and Remote Sensing. I've also spent time teaching at the undergraduate level. Along the way, I’ve also realized that many students and early researchers struggle not because of a lack of ability, but because it’s often unclear where to start, what tools to use, or how to approach a problem.That's what I try to share here: Research data sources (GIS, climate, hydrology) Tools and methods that are actually useful in practice AI/ML applications in environmental research PhD guidance and research strategies Opportunities, courses, and resources Beyond the posts, I work directly with students and researchers who want focused guidance on: Finding and applying for PhD / postdoc positions Research methodology and tool selection Manuscript preparation and journal selection Building a research profile that gets noticedTo discuss your requirements, please send a direct message with your research area and specific need.Happy to discuss ideas, research directions, or opportunities—DMs are always open.",2101,2026-09-01 17:03:38.642 +0530,National Institute of Technology Jamshedpur,https://in.linkedin.com/school/national-institute-of-technology-jamshedpur/,5002,,2015,2017,"{""Indian Institute of Technology (Indian School of Mines), Dhanbad""}",,,,,,,,,,2199,
Sanjeev Vermani,Sanjeev,Vermani,https://www.linkedin.com/in/sanjeev-vermani-781b02134,urn:li:member:552162769,sanjeev-vermani-781b02134,Gurgaon,Haryana,India,"Gurgaon, Haryana, India",Cairn Vedanta Oil and Gas,,10+yoe_global,member_urn,,,,,,,,,,,,false,https://media.licdn.com/dms/image/v2/C5103AQFkxow4F6gXDA/profile-displayphoto-shrink_100_100/profile-displayphoto-shrink_100_100/0/1534096308931?e=1788998400&v=beta&t=NORl7svuXwOjmyOX4mS4gP8VRWf7EKL39SI35hroDz8,false,,3540,2026-09-01 17:03:38.642 +0530,"Head - Drilling, Pet Engg & Projects at Cairn Oil and Gas",,,,,,,,,,,,,,,,1626,
ashish kumar,ashish,kumar,https://www.linkedin.com/in/ashish-kumar-810460288,urn:li:member:1171626636,ashish-kumar-810460288,Lucknow,Uttar Pradesh,India,"Lucknow, Uttar Pradesh, India",NeoSOFT,Senior Software Engineer,6-10yoe_global_indian,member_urn,,,,,,,,,,,,false,https://media.licdn.com/dms/image/v2/D5603AQEqqCqf061RrA/profile-displayphoto-shrink_100_100/profile-displayphoto-shrink_100_100/0/1691923573715?e=1788998400&v=beta&t=-ZRRG8yA-F7N54H5ANOnFgWYyJGZhqbcTv-ioSvquHc,false,"AI & Data Science Engineer with 8+ years of experience and B.Tech in Electronics & Communication engineering and M.Tech in Computer Science , specializing in intelligent systems, robotics, and applied machine learning. My expertise spans computer vision, NLP, time series forecasting, predictive maintenance, optimization algorithms, and control systems, with a strong focus on deploying data-driven solutions for real-world engineering problems. I have hands-on experience developing time series models for forecasting, anomaly detection, and condition monitoring, applying techniques such as statistical modeling, deep learning, and hybrid approaches for predictive maintenance in industrial and cyber-physical systems. My work includes early fault detection, remaining useful life (RUL) estimation, and reliability analysis to reduce downtime and improve operational efficiency. My broader research interests include robotics kinematics and dynamics, SLAM, model predictive control (MPC), metaheuristic algorithms, and bio-inspired systems. I actively work on building intelligent robotic systems from scratch—covering simulation, mechanical design, sensing, control, and embedded AI. Currently, I am focused on advanced robotics and AI research, algorithm development, and scholarly publications, with a long-term goal of contributing to deep-tech robotics innovation through doctoral research and entrepreneurial ventures. I view AI, forecasting, and predictive intelligence as core enablers for autonomous and self-maintaining systems. Interests: Robotics | Autonomous Systems | Time Series Forecasting | Predictive Maintenance | AI & Machine Learning | Control Systems | Optimization Open to: Research collaborations, PhD opportunities, and deep-tech robotics projects",2132,2026-09-01 17:03:38.642 +0530,NeoSOFT,https://in.linkedin.com/company/neosoft,87,,2026,2030,"{""Indian Institute of Technology (Indian School of Mines), Dhanbad""}",,,,,,,,,,2203,
Gajavada Sanjeevkumar,Gajavada,Sanjeevkumar,https://www.linkedin.com/in/skgajawada,urn:li:member:1407624508,skgajawada,Dhanbad,Jharkhand,India,"Dhanbad, Jharkhand, India",Sabudh Foundation,Data Science Industry Trainee,6-10yoe_global_indian,member_urn,,,,,,,,,,,,false,https://media.licdn.com/dms/image/v2/D5603AQFpU913bsOb3Q/profile-displayphoto-scale_400_400/B56Z6HJaiFJkAg-/0/1780383854603?e=1788998400&v=beta&t=HxUYICR67XYJO54uTay0POyqugnq1U_5hBOoh77zyGM,false,"I am an educator, mechanical design engineer, and researcher bridging core mechanical engineering with advanced data science methodologies. Currently a PhD Scholar in Design at IIT (ISM) Dhanbad, I focus on integrating computational intelligence, machine learning, and data‑driven frameworks into engineering design to solve complex, real‑world problems. With over 7 years of academic and leadership experience as an Assistant Professor, I have mentored engineering students, led departmental initiatives, and coordinated experiential projects such as SAE BAJA / Go‑Karting. Alongside institutional teaching, I also have hands‑on experience in home tuitions for B.Tech students and contributing to educational coaching centers, strengthening my ability to guide learners across diverse settings. Research Focus- Flutter analysis & aeroelastic control of cantilever plates/wings - Computational modeling & structural dynamics - Intelligent data‑driven frameworks for predictive engineering systems ️ Technical Expertise- Engineering: Mechanical Design, FEA, Fluid Mechanics, Thermodynamics, Robotics, Structural Dynamics - Data Science: Python, MATLAB, SQL, Power BI, Tableau, Dataiku workflows (MLOps & Generative AI) - Credentials: AICTE QIP PG Certificate in Data Science (IIT Bhilai), Six Sigma, Business Analytics I thrive at the intersection of traditional engineering and emerging digital technologies. Driven by analytical thinking, innovation, and continuous learning, I am passionate about advancing smart manufacturing, predictive modeling, and intelligent engineering systems to create meaningful academic and technological impact.",2100,2026-09-01 17:03:38.642 +0530,Sabudh Foundation,https://in.linkedin.com/company/sabudh-foundation,233,https://skgajawada.github.io/,,,{},,,,,,,,,,2387,
Pijush Deka,Pijush,Deka,https://www.linkedin.com/in/pijush-deka-55023310b,urn:li:member:463393356,pijush-deka-55023310b,,,India,India,Malwarebytes,Marketing Operations Analyst,founders,member_urn,,,,,,,,,,,,false,,false,"Marketing Operations Specialist with proficiency in Marketo, SQL, HTML/CSS, and Python. Demonstrated knowledge in lead lifecycle processes and extensive involvement in lead scoring and funnel design projects. Skilled in utilizing SQL for segmentations and targeting prospects and customers.",3588,2026-09-01 17:03:38.642 +0530,Marketing Technology Expert | Marketing Operations & Automation | Turning Data into Action,,,,,,,,,,,,,,,,2130,
Anamitra Chattopadhyay,Anamitra,Chattopadhyay,https://www.linkedin.com/in/anamitra-chattopadhyay-0532101a4,urn:li:member:800762175,anamitra-chattopadhyay-0532101a4,Dhanbad,Jharkhand,India,"Dhanbad, Jharkhand, India","Indian Institute of Technology (Indian School of Mines), Dhanbad",Researcher,6-10yoe_global_indian,member_urn,,,,,,,,,,,,false,https://media.licdn.com/dms/image/v2/D4D03AQHfQNEugJXv_Q/profile-displayphoto-shrink_100_100/profile-displayphoto-shrink_100_100/0/1666769795411?e=1788998400&v=beta&t=XTGOK5dNJXNi29wgRJHHr2khywu3PhBOj7TfKykNyz0,false,"I am a Ph.D. in Physics from the Indian Institute of Technology (ISM) Dhanbad with expertise in semiconductor materials, thin-film devices, electrical characterization, and experimental research. My research focused on oxide-based functional materials, encompassing material synthesis, device fabrication, electrical measurements, dielectric spectroscopy, gas sensing, and structure–property correlation.To complement my experimental background, I have developed strong computational skills in Python, machine learning, and engineering data analytics. My recent work includes semiconductor reliability analytics, Weibull analysis, Kaplan–Meier survival analysis, Arrhenius lifetime modeling, predictive modeling, and AI-assisted analysis of engineering data through open-source projects.My technical interests span semiconductor process technology, device physics, materials engineering, reliability engineering, process integration, characterization, and data-driven engineering. I enjoy applying scientific fundamentals, statistical analysis, and computational methods to solve complex engineering problems and contribute to next-generation semiconductor technologies.",2136,2026-09-01 17:03:38.642 +0530,"Indian Institute of Technology (Indian School of Mines), Dhanbad",https://in.linkedin.com/school/iitism/,2204,https://www.researchgate.net/profile/Anamitra-Chattopadhyay,,,{},,,,,,,,,,1988,
Gulshan Kumar Mishra,Gulshan,Kumar Mishra,https://www.linkedin.com/in/gulshanmba,urn:li:member:868169311,gulshanmba,Dhanbad,Jharkhand,India,"Dhanbad, Jharkhand, India",RJPT Informatics,Content Creator Intern,6-10yoe_global_indian,member_urn,,,,,,,,,,,,false,https://media.licdn.com/dms/image/v2/D4D03AQGbPmWljTo0NA/profile-displayphoto-shrink_100_100/profile-displayphoto-shrink_100_100/0/1715261660378?e=1788998400&v=beta&t=odl_pAlu3plsLObKv5iHe9CbSKovdj6EobPWDXVgfvE,false,"MBA(2026-28) Candidate at IIT ISM DHANBAD with background in Pharmaceutical Sciences.Bachelor of Pharmacy graduate with hands-on industry experience as a Bioanalytical Officer at Jindal Life Sciences Pvt. Ltd., a premier contract research organization delivering bioequivalence study services to the pharmaceutical and biotechnology sectors.Currently pursuing a Master’s in Pharmacology with a specialized focus on clinical research, animal screening methodologies, toxicological assessments, pharmacovigilance, and regulatory-compliant clinical trials.",2134,2026-09-01 17:03:38.642 +0530,RJPT Informatics,https://in.linkedin.com/company/rjpt-informatics,7959,,2026,2028,"{""Indian Institute of Technology (Indian School of Mines), Dhanbad""}",,,,,,,,,,2374,
Gopal Paliwal,Gopal,Paliwal,https://www.linkedin.com/in/gopalpaliwal1993,urn:li:member:387281855,gopalpaliwal1993,Pali,Rajasthan,India,"Pali, Rajasthan, India",Vedantu,Caregiving,6-10yoe_global_indian,member_urn,,,,,,,,,,,,false,https://media.licdn.com/dms/image/v2/D5603AQEFNxGqKR615w/profile-displayphoto-scale_200_200/B56Ze_m11VHQAY-/0/1751266320364?e=1788998400&v=beta&t=lB8_hPgIimix5pOEJEbbp1wszv2KK-6YigSLkmwaiI8,false,"Curriculum and Assessment Specialist with around 8 years of experience in K-12 Mathematics education, EdTech, instructional design, academic operations, and content development. Proven expertise in curriculum planning, assessment design, teacher mentoring, learning analytics, and academic program execution. Experienced in collaborating with cross-functional teams to improve learner engagement, academic quality, and educational outcomes across digital and classroom environments. IIT (ISM) Dhanbad graduate with strong analytical, leadership, and stakeholder management capabilitiesIn my leisure time, a rock song lover, dancer and a good cook.",2159,2026-09-01 17:03:38.642 +0530,Vedantu,https://in.linkedin.com/company/vedantu,325,,2011,2015,"{""Indian School of Mines""}",,,,,,,,,,2640,
Sri Ramya Sai Bandlamudi,Sri Ramya Sai,Bandlamudi,https://www.linkedin.com/in/ramya-bandlamudi,urn:li:member:1009894591,ramya-bandlamudi,Dhanbad,Jharkhand,India,"Dhanbad, Jharkhand, India",Tata Consultancy Services,Quality Assurance Tester,6-10yoe_global_indian,member_urn,,,,,,,,,,,,false,https://media.licdn.com/dms/image/v2/D5603AQG5cWtseyhefg/profile-displayphoto-scale_100_100/B56Z_3hg8cKEAY-/0/1786564187476?e=1788998400&v=beta&t=IUVJI5Yx31jZnkMw9J8m-WyFuBbMQHkm-E4UiLBcMMs,false,"QA professional turned MBA candidate, pursuing my MBA at IIT(ISM) Dhanbad after 6+ years in software quality assurance at Tata Consultancy Services, where I worked with a leading British telecom multinational. I specialized in functional, regression, integration, and UAT testing for SaaS applications, and collaborated across teams to resolve integration issues and improve release quality.Now building on that foundation with business, strategy, and leadership skills at IIT(ISM) Dhanbad . I bring a detail-oriented, quality-first mindset and strong stakeholder communication to whatever I take on next.",2156,2026-09-01 17:03:38.642 +0530,Tata Consultancy Services,https://in.linkedin.com/company/tata-consultancy-services,42,,,,{},,,,,,,,,,2554,
Dr. Abhik Saha,Dr. Abhik,Saha,https://www.linkedin.com/in/dr-abhik-saha,urn:li:member:395644058,dr-abhik-saha,Tarakeswar,West Bengal,India,"Tarakeswar, West Bengal, India",Adamas University,Assistant Professor,6-10yoe_global_indian,member_urn,,,,,,,,,,,,false,https://media.licdn.com/dms/image/v2/D4D03AQGzAvYJqvxP2Q/profile-displayphoto-shrink_100_100/profile-displayphoto-shrink_100_100/0/1707563352351?e=1788998400&v=beta&t=XUi51DImclVlmc0rsnfzjsCwp0De0OHal6vvvjdIuDk,false,"A computer science engineer turned geospatial researcher with a strong academic foundation — B.Tech in CSE, M.Tech in Geomatics, and a PhD in multidiscipline research from IIT(ISM) Dhanbad. My core expertise lies in applying machine learning and remote sensing for geohazard assessment, especially landslide susceptibility mapping in the Himalayan region. My doctoral work, carried out in collaboration with ISRO-IIRS, resulted in multiple Q1/Q2 publications and a patent in cloudburst forecasting using CNN and Gramian Angular Fields. I’ve also contributed to international conferences (ACRS, ISRS) and mentored students during my tenure as a Teaching Assistant and Assistant Professor. I thrive at the intersection of data science, GIS, and environmental risk modelling. With hands-on experience in Python, MATLAB, ArcGIS, QGIS, and satellite image processing, I’m passionate about building intelligent systems that support sustainable development and disaster preparedness. Always open to collaboration, research consultancy, and knowledge exchange in AI-driven geospatial analytics.",2150,2026-09-01 17:03:38.642 +0530,Adamas University,https://in.linkedin.com/school/adamas-university/,798,https://orcid.org/0000-0002-9850-2951,2017,2023,"{""Indian Institute of Technology (Indian School of Mines), Dhanbad""}",,,,,,,,,,1499,
Dr. Soumyadip Patra,Dr. Soumyadip,Patra,https://www.linkedin.com/in/dr-soumyadip-patra-385845a9,urn:li:member:387274709,dr-soumyadip-patra-385845a9,Baduria,West Bengal,India,"Baduria, West Bengal, India",Sustech Solutions FZCO,Research And Development Scientist,6-10yoe_global_indian,member_urn,,,,,,,,,,,,false,https://media.licdn.com/dms/image/v2/D5603AQHuQLnW-J5QOQ/profile-displayphoto-shrink_800_800/B56ZSNEWohGQAc-/0/1737533516913?e=1788998400&v=beta&t=HbILa1CB9iZuBEIfw33sTtBGCtRGUKNpcvKu6xT7apA,false,"Research Scientist in the area of organic ligand synthesis, catalyst development, hydrogen production and CO2 hydrogenation with teaching experience at the university level. I have Postdoctoral research experience in synthetic organometallic catalysis for diverse applications. Passionate chemist with expertise in designing and developing synthetic routes to organic and organometallic compounds, handling air-sensitive reactions, and operating analytical instruments. Contributed extensively to several research projects during postdoctoral and doctoral studies by synthesizing novel and efficient molecular catalysts for hydrogen production from liquid hydrogen storage materials (LOHCs) and CO2 hydrogenation reaction. Demonstrated ability to work independently, design experiments, and guided students in their project work. A strong team player with a track record of scientific publishing. Always committed to learning new techniques and outreach activities beyond the laboratory. Looking for a challenging position to utilize my strong scientific background in synthesis and chemical catalysis to help accelerate the solution toward the direction we need to go for our sustainable future.",2158,2026-09-01 17:03:38.642 +0530,Assistant Professor | Research Scientist | Sustainability | AIST Japan | IIT Indore | Researcher | Metal-Complexes | Organic Synthesis | Catalysis | Hydrogen Production | CO2 hydrogenation,,,,,,,,,,,,,,,,2537,
A. P. Sayyed,A. P. Sayyed,,https://www.linkedin.com/in/a-p-sayyed,urn:li:member:518537998,a-p-sayyed,Mumbai,Maharashtra,India,"Mumbai, Maharashtra, India",Tech Mahindra,,6-10yoe_global_indian,member_urn,,,,,,,,,,,,true,https://media.licdn.com/dms/image/v2/D5603AQH5Tiuuk-cU_g/profile-displayphoto-scale_100_100/B56Z01f.aoH8Ac-/0/1774719069947?e=1788998400&v=beta&t=sUkSDAsjgaPGBDSKt8M6W1ft2XUyR-RNcE05l0SgLd8,false,"Strategic Business Growth professional with 6.5 years of proven record of accomplishment in APJ markets, driving revenue expansion of $1.5M+ annually through portfolio optimization, account planning, and client-centric solutions.Drove the adoption of digital workflows, developed automated reporting dashboards, and streamlined tools to boost operational efficiency, improve visibility, and enable more effective stakeholder collaboration across APAC operations.Closed deals with 95%+ on-time delivery, ensuring high client satisfaction and retention.Skilled in enhancing deal profitability by 3–5% through data-driven pricing strategies, contract diagnostics, and revenue leakage recovery, safeguarding margins across enterprise engagements.Introduced digitized workflow, dashboards, and standardized templates, reducing bid turnaround times and enhancing operational efficiency",2161,2026-09-01 17:03:38.642 +0530,Strategy & Consulting | Commercial Excellence | Pricing & Deal Structuring | Digital & Ops Transformation,,,,,,,,,,,,,,,,2562,
Lopamudra Pattnaik,Lopamudra,Pattnaik,https://www.linkedin.com/in/lopamudra-pattnaik-a03b75114,urn:li:member:480649827,lopamudra-pattnaik-a03b75114,Kolkata,West Bengal,India,"Kolkata, West Bengal, India",Accenture,,10+yoe_global,member_urn,,,,,,,,,,,,false,https://media.licdn.com/dms/image/v2/C4D03AQFxKpBMMM_LhA/profile-displayphoto-shrink_100_100/profile-displayphoto-shrink_100_100/0/1612292681452?e=1788998400&v=beta&t=qX6UalKCs4OUuHKtPci-EAC5X6ISGbMF0WMicnfL2Hc,false,,3599,2026-09-01 17:03:38.642 +0530,Manager at Accenture,,,,,,,,,,,,,,,,1492,
Subhajit B.,Subhajit,B.,https://www.linkedin.com/in/subhajit--bhattacharya,urn:li:member:132629507,subhajit--bhattacharya,Bengaluru,Karnataka,India,"Bengaluru, Karnataka, India",Commercial Bank,Sr. Cyber Security Analyst,10+yoe_global,member_urn,,,,,,,,,,,,false,,false,"Security Operations, Cyber Incident Management, Managed Security Services, SIEM Engineering, Threat Management, Threat Modelling, Project Management",3603,2026-09-01 17:03:38.642 +0530,Cyber Security Professional,,,,,,,,,,,,,,,,1693,
Amit Sharma,Amit,Sharma,https://www.linkedin.com/in/amit-sharma-17a9a942,urn:li:member:151761838,amit-sharma-17a9a942,Hyderabad,Telangana,India,"Hyderabad, Telangana, India",GlobalData Plc,,10+yoe_global,member_urn,,,,,,,,,,,,false,https://media.licdn.com/dms/image/v2/D5603AQGTwWR695jQvQ/profile-displayphoto-shrink_800_800/B56ZcvJkZYHEAg-/0/1748842727435?e=1788998400&v=beta&t=Hy-Jtnid8kGugWhtSsH4cozcs6ChsexScs3g8sBVNkc,false,,3604,2026-09-01 21:00:56.853 +0530,"Indian Institute of Technology ( IIT-ISM) | Consulting, Research, Data Analysis | Energy, Industrials, Automotive, Chemicals | AI Quality Analyst",,,,,,,,,,,amitsharma_ism@yahoo.co.in,,,,,1875,
Dr. Sudish Mishra,Dr. Sudish,Mishra,https://www.linkedin.com/in/dr-sudish-mishra-9b8304208,urn:li:member:884606108,dr-sudish-mishra-9b8304208,Jodhpur,Rajasthan,India,"Jodhpur, Rajasthan, India",Swa Consultancy,Senior Expert,6-10yoe_global_indian,member_urn,,,,,,,,,,,,false,https://media.licdn.com/dms/image/v2/D4D03AQHhUgwhDNXzow/profile-displayphoto-shrink_100_100/B4DZaklUWlG8AU-/0/1746517969195?e=1788998400&v=beta&t=k6HU6LYofPMp51jwgrGRvU9627Z97zUw3b49Qeo6mYc,false,"With a strong academic foundation and a passion for advancing material science, I have completed my Ph.D. in Mechanical Engineering at IIT Jodhpur, where my research focuses on laser spectroscopy, welding metallurgy, corrosion behavior, and microstructural analysis. My work integrates both theoretical understanding and experimental investigation, utilizing advanced tools such as SEM, XRD, and DSC-TGA to explore the performance and integrity of pipeline steels and corrosion-resistant alloys in marine environments. Throughout my academic journey, I have consistently demonstrated analytical precision, scientific curiosity, and a deep commitment to research excellence. My MTech from IIT (ISM) Dhanbad further strengthened my expertise in microstructure-property relationships, while my B.E. instilled in me a hands-on approach to problem-solving through innovative projects and technical competitions. Beyond academics, I have actively contributed to institutional development through leadership roles such as Sponsorship and Food Management Head at the FMFP Conference, and as the Ph.D. Placement Representative, roles that have sharpened my communication, coordination, and organizational skills. I value integrity, lifelong learning, and collaborative growth, and I am eager to contribute meaningfully to academia or research-intensive industries.",2139,2026-09-01 17:03:38.642 +0530,IIT Jodhpur 25? | IIT (ISM) Dhanbad,,,,,,,,,,,,,,,,2542,
Dr. Priya Kumari,Dr. Priya,Kumari,https://www.linkedin.com/in/dr-priya-kumari-84a66533,urn:li:member:118080634,dr-priya-kumari-84a66533,Ghaziabad,Uttar Pradesh,India,"Ghaziabad, Uttar Pradesh, India","Shree Shree Laxmi narayan trust College, Dhanbad",Assistant Professor,6-10yoe_global_indian,member_urn,,,,,,,,,,,,false,https://media.licdn.com/dms/image/v2/C5603AQGClobwt_CGFQ/profile-displayphoto-shrink_100_100/profile-displayphoto-shrink_100_100/0/1516536504994?e=1788998400&v=beta&t=PYfRFkgX1pxX-dw-W2JU5uf9Yj7e_pPxGelUBsX8-ag,false,"Experienced Assistant Professor with a demonstrated history of working in the higher education industry. Skilled in Data Analysis, Editing, Curriculum Development, Public Speaking, and Microsoft Office. Strong education professional with a M.Phil afocusednd a PhD in English from Indian School of Mines with specialization in english for specific purposes.",2135,2026-09-01 17:03:38.642 +0530,"Shree Shree Laxmi narayan trust College, Dhanbad",,123,,2009,2013,"{""Indian School of Mines""}",,,,,,,,,,2455,
Smriti Shourya,Smriti,Shourya,https://www.linkedin.com/in/smriti-shourya-40b81b107,urn:li:member:452914571,smriti-shourya-40b81b107,Gurugram,Haryana,India,"Gurugram, Haryana, India",Amazon,ACES Manager,6-10yoe_global_indian,member_urn,,,,,,,,,,,,true,https://media.licdn.com/dms/image/v2/D5603AQFZljpCW0Avtw/profile-displayphoto-scale_200_200/B56ZuY19SQHYAY-/0/1767795841763?e=1788998400&v=beta&t=EhTsU54UilQlefDVZTsv_nAEOSN_t1l6t43-I2EcDow,false,"Engineering Post-Graduate from IIT (ISM) Dhanbad with 6+ years of experience driving Business Excellence, Operational Analytics, and Industrial Engineering across e-commerce and manufacturing. Skilled in shaping strategy and executing transformation using Lean, Six Sigma, and Kaizen. Proven expertise in building governance mechanisms, optimizing resources, and leading cross-functional programs to deliver sustainable gains in productivity, quality, cost, and efficiency. Currently leading Amazon’s ACES program for an XL site, steering strategic initiatives that strengthen performance, scalability, and continuous improvement culture. - Lean & Six Sigma: Lean Manufacturing, Six Sigma (Green Belt), Kaizen, Continuous Improvement (CI) - Process Excellence: SOP Development, Process Standardization, Time & Motion Study, Value Stream Mapping (VSM), Root Cause Analysis, Structured Problem Solving - Project & Program Leadership: Project Management, Program Execution, Stakeholder Engagement, Cross-Functional Collaboration - Resource & Cost Optimization: Capacity Planning, Manpower Planning, Cost Rationalization, Resource Optimization - Organizational Development: Organizational Structuring, Workforce Planning, Job Rotation & Succession Planning - Analytics & Reporting: Power BI, Advanced Excel, Data-Driven Insights - Tools & Techniques: Capacity Models, Turnaround Time Analysis, Process Bottleneck Identification - Performance Management: KPI Tracking, Bell Curve Implementation, Attrition & Productivity Analysis, Performance Appraisal Systems",2163,2026-09-01 17:03:38.642 +0530,Amazon | Shyam SEL | JSPL,,,,,,,,,,,,,,,,392,
Ankita Bhelwa,Ankita,Bhelwa,https://www.linkedin.com/in/ankita-bhelwa-68aa4939,urn:li:member:136957066,ankita-bhelwa-68aa4939,Bengaluru,Karnataka,India,"Bengaluru, Karnataka, India",PhonePe,Full-time parenting,6-10yoe_global_indian,member_urn,,,,,,,,,,,,false,https://media.licdn.com/dms/image/v2/C5603AQGJyPTloKCjSg/profile-displayphoto-shrink_100_100/profile-displayphoto-shrink_100_100/0/1630479729267?e=1788998400&v=beta&t=ejQzwjdgVtFgj21vBFTjYjucLt3MkgXO3h1iIbVnYi8,false,"Extensive experience in leading category growth and strategic initiatives across FMCG, BFSI, and Fintech e-commerce. Proven expertise in category and portfolio management, and building high-value partnerships. Demonstrated success in scaling brands, owning P&Ls, and delivering strong bottom-line impact through data-driven strategies and cross-functional leadership.",2098,2026-09-01 21:00:56.853 +0530,PhonePe,https://in.linkedin.com/company/phonepe-internet,2371,,,,"{""Indian Institute of Management, Lucknow""}",,,,,ankita.bhelwa@udaan.com,ankita.bhelwa@udaan.com,,,,2288,
Vishnu Kant Gupta,Vishnu Kant,Gupta,https://www.linkedin.com/in/vishnu-kant-gupta,urn:li:member:232909313,vishnu-kant-gupta,Noida,Uttar Pradesh,India,"Noida, Uttar Pradesh, India",PW (PhysicsWallah),Senior Program Manager,6-10yoe_global_indian,member_urn,,,,,,,,,,,,true,https://media.licdn.com/dms/image/v2/D5603AQHl8SJD9Ba4yQ/profile-displayphoto-scale_200_200/B56Z4w6D2JIEAc-/0/1778936989829?e=1788998400&v=beta&t=XggdP_y9ZbnOU5m-Y7opXO1PY76EhG5t9RCxqgj5uoA,false,"I build and scale complex programs, platforms, and operations that power business growth.With 9+ years of experience across high-growth startups and technology companies, I've led large cross-functional programs spanning Product, Engineering, Operations, Business, and Customer Success. My work has included scaling platforms serving 80K+ users, leading organizations of 270+ cross-functional stakeholders, improving operational efficiency by 30%+, delivering 95%+ SLA compliance, and building execution frameworks that support rapid, sustainable growth.I enjoy solving ambiguous business problems whether it's scaling a new product, improving platform reliability, optimizing operational workflows, or driving execution across multiple teams. My strength lies in turning strategy into measurable outcomes through structured program management, data-driven decision-making, and operational excellence.I'm most energized by environments where scale, ownership, and execution matter.Open to opportunities in Program Management, Platform Operations, Business Operations, and Strategy.",2138,2026-09-01 17:03:38.642 +0530,"Growth, Program Management & Operations | B2C Product | Driving 0?1 & Scale | Ex-Embibe, Ex-ByteDance | IIT (ISM) Dhanbad",,,,,,,,,,,,,,,,2328,
Prakhar Joshi,Prakhar,Joshi,https://www.linkedin.com/in/prakhar-joshi-44815389,urn:li:member:313886648,prakhar-joshi-44815389,Bengaluru,Karnataka,India,"Bengaluru, Karnataka, India",Nyun AI,"CEO, Co-Founder",6-10yoe_global_indian,member_urn,,,,,,,,,,,,false,https://media.licdn.com/dms/image/v2/C5103AQHXY50TYMoOuA/profile-displayphoto-shrink_100_100/profile-displayphoto-shrink_100_100/0/1540895134226?e=1788998400&v=beta&t=Mv7_JzYSYjeHTVnkU_X-IxxlxlkPWlWt00dQDh41kFU,false,"MBA with specialization in Marketing and Operations. Have thrived in functions like operations, supply chain management, and project management. Have demonstrated strong leadership, people management, problem-solving, process improvement, and analytical skills.",2166,2026-09-01 17:03:38.642 +0530,Nyun AI,https://www.linkedin.com/company/nyunai,2510,,,,"{""Indian School of Business""}",,,,,,,,,,2241,
koustav ghosal,koustav,ghosal,https://www.linkedin.com/in/koustav-ghosal-a5012b112,urn:li:member:472096284,koustav-ghosal-a5012b112,Kolkata,West Bengal,India,"Kolkata, West Bengal, India",Nyun AI,,6-10yoe_global_indian,member_urn,,,,,,,,,,,,false,https://media.licdn.com/dms/image/v2/C4E03AQGChs3kbUetPg/profile-displayphoto-shrink_100_100/profile-displayphoto-shrink_100_100/0/1611376809276?e=1788998400&v=beta&t=DccC1WwuujD1MrcmcUHyHwjGPsiGVdmNyUEFpGM4h0k,false,"A PhD student of Applied Geophysics at IIT (ISM) Dhanbad. I am enthusiastic to work in Oil & Gas industry and analytics sector. I want to fully utilize my training, skills, and geophysical study background to the maximum. Eager to progress quickly and work on a wide range of projects to enhance knowledge and skills as a geophysicist. Fluent in oral and written English and hands-on experience in data analysis.",2191,2026-09-01 17:03:38.642 +0530,"Geophysical inversion, Deep learning, and Machine learning",,,,,,,,,,,,,,,,2241,
HARI NARAYAN PANDEY,HARI NARAYAN,PANDEY,https://www.linkedin.com/in/hari-narayan-pandey-09999615,urn:li:member:53198325,hari-narayan-pandey-09999615,,,Greater Kolkata Area,Greater Kolkata Area,GEOM Mining Services,Founder,founders,member_urn,"GEOM Mining Services | 1,007 followers on LinkedIn. Mine Consultancy Services, Mining Software Training, Mine Planning Support, Mine Digitalization | GEOM is a specialized mining consultancy and project assistance partner, delivering end-to-end technical excellence across the entire mining value chain. From initial exploration to optimized production and quality control, we integrate deep industry expertise with data-driven methodologies and cutting-edge software. Our mission is to maximize resource value, enhance operational efficiency, and drive sustainable performance for our partners.",5,,Mining,121714039,https://www.linkedin.com/company/geom-mining-services,"Kolkata, West Bengal, India",,https://www.geom.co.in/,,2/2026,false,,false,"Founder – GEOM Mining ServicesA seasoned mining professional with 18+ years of comprehensive experience in the mining industry, including over 11+ years of specialized expertise in mining software consulting and 6+ years of hands-on mining consultancy experience, consistently delivering practical, performance-driven, and profit-focused solutions to mining companies.He brings strong expertise in integrating technical mine planning with financial and operational optimization, ensuring projects are both technically sound and commercially viable.Core Expertise✔ Strategic Mine Planning & Design – From concept to detailed execution planning✔ Pit Optimization & Production Strategy – Maximizing NPV and resource utilization✔ Short & Long-Term Mine Scheduling – Operational efficiency with cost control✔ Bankable Feasibility Reports – Data-driven and investment-ready✔ Mine Automation & Digital Mining – Smart mining solutions for modern operations✔ Industry 4.0 Integration for Mining – Digital transformation, simulation & advanced analyticsProfessional Experience11+ Years in Mining Software Implementation , Digital Project, & Software Training6+ Years in Core Mining Consultancy & Project Evaluation2+ Years in Mining Financial ModelingHe has successfully delivered numerous consultancy assignments involving resource evaluation, optimization studies, production planning, and digital mining transformation.Software ExpertiseAdvanced proficiency in industry-leading mining and simulation platforms:* GEOVIA Surpac* GEOVIA Minex* GEOVIAWhittle* GEOVIA MineSched*Vulcan*Simulia ISight* 3DEXPERIENCE PlatformIndustry BackgroundPrior to founding GEOM Mining Services, he worked with globally recognized organizations including:Dassault Systèmes India Pvt LimitedDassault Systèmes – GEOVIATATA Consulting Engineers LimitedS&T Mining Company LimitedJaiprakash Associates LimitedDuring his tenure, he led and supported multiple high-value mining consultancy projects across planning, optimization, and digital mining solutions.What Sets Him ApartHe combines:Technical mine planning expertiseFinancial modeling capabilityAdvanced mining software masteryDigital transformation visionThis integrated approach ensures clients receive practical, cost-effective, and future-ready mining solutions.",3221,2026-08-25 00:00:00.000 +0530,,,,,,,,,,17,28,,,,,,515,
Dr. Dharmendra Kumar,Dr. Dharmendra,Kumar,https://www.linkedin.com/in/dr-dharmendra-kumar-95114327,urn:li:member:92903821,dr-dharmendra-kumar-95114327,Gorakhpur,Uttar Pradesh,India,"Gorakhpur, Uttar Pradesh, India","Indian School of Mines, Dhanbad",Ph.D,6-10yoe_global_indian,member_urn,,,,,,,,,,,,false,https://media.licdn.com/dms/image/v2/C4D03AQGkZ2llg0yVbA/profile-displayphoto-shrink_100_100/profile-displayphoto-shrink_100_100/0/1517438909145?e=1788998400&v=beta&t=jR3Mi1SnlK2u8QO9WsRoxtyfmVFKhv8dlFum0c3uUns,false,,3702,2026-09-01 17:03:38.642 +0530,Assistant Professor at Madan Mohan Malaviya University of Technology Gorakhpur,,,,,,,,,,,,,,,,1999,
Anoop Singh,Anoop,Singh,https://www.linkedin.com/in/anoop-singh-iit5798,urn:li:member:668609723,anoop-singh-iit5798,Kolkata,West Bengal,India,"Kolkata, West Bengal, India",Sandvik,AM Sales - Crushing and Screening solution ( mining and construction) East India,6-10yoe_global_indian,member_urn,,,,,,,,,,,,false,https://media.licdn.com/dms/image/v2/D4D03AQHFq9RZQwKdUw/profile-displayphoto-shrink_100_100/profile-displayphoto-shrink_100_100/0/1683125404484?e=1788998400&v=beta&t=ds8DNzGqH9gnDVqZgn6rbYXQaD29WADaqibQLFiK0WE,false,"Dedicated Project (Crusher and Screen plant solution) sales professional with a background in mining machinery engineering from IIT (ISM) Dhanbad and 5 years of hands-on experience in maintenance operations within the mining equipment sector. Leveraging this expertise, I've transitioned into a role specializing in Crusher and Screen plant and equipment sales, where i thrive on delivering innovative solutions to meet client needs. With a strong foundation in both technical knowledge and customer relations, I'm committed to driving success in the mining, steel and construction industries. Let's connect to discuss how I can help streamline your crushing and screening processes and how i can contribute to your new projects.",2171,2026-09-01 17:03:38.642 +0530,Sandvik,https://se.linkedin.com/company/sandvik,1043,,2014,2018,"{""Indian Institute of Technology (Indian School of Mines), Dhanbad""}",,,,,,,,,,2402,
Sajid Hussain,Sajid,Hussain,https://www.linkedin.com/in/sajid2803,urn:li:member:202194563,sajid2803,Bengaluru,Karnataka,India,"Bengaluru, Karnataka, India",Abnormal AI,Tech Lead,6-10yoe_global_indian,member_urn,,,,,,,,,,,,false,https://media.licdn.com/dms/image/v2/D5603AQE9ysmbWxGJmA/profile-displayphoto-shrink_100_100/profile-displayphoto-shrink_100_100/0/1720961283006?e=1788998400&v=beta&t=2aV70DpsGbDSKTbft51IWCE_cjA3XAVPuoyt3Ee4I-g,false,"Highly driven and curious software engineer with a proven track record in building and scaling complex systems across diverse domains, including Dynamic Pricing, Last Mile, Supply Chain, Search, OrderManagement and Platforms.",2184,2026-09-01 17:03:38.642 +0530,Abnormal AI,https://www.linkedin.com/company/abnormal-ai,1404,,2012,2016,"{""Indian Institute of Technology (Indian School of Mines), Dhanbad""}",,,,,,,,,,1490,
saurabh kumar,saurabh,kumar,https://www.linkedin.com/in/saurabh-kumar-02911719b,urn:li:member:785595489,saurabh-kumar-02911719b,Hyderabad,Telangana,India,"Hyderabad, Telangana, India",Nissan Motor India Private Limited,Software Engineer,6-10yoe_global_indian,member_urn,,,,,,,,,,,,false,https://media.licdn.com/dms/image/v2/C4D03AQHBUUrLXwHKhg/profile-displayphoto-shrink_100_100/profile-displayphoto-shrink_100_100/0/1656488646030?e=1788998400&v=beta&t=vKv0qCcY6-cumRBp6z2-SPG7YWScE9ppBoFE5G3NMc8,false,,3737,2026-09-01 17:03:38.642 +0530,Graduated @ IIT(ISM) Dhanbad 2021,,,,,,,,,,,,,+917061901396,,,2222,
Amit Joshi,Amit,Joshi,https://www.linkedin.com/in/amit-joshi-a85381167,urn:li:member:666790085,amit-joshi-a85381167,,,India,India,Eriez,,6-10yoe_global_indian,member_urn,,,,,,,,,,,,false,https://media.licdn.com/dms/image/v2/D4D03AQFi7BUIOPyfHg/profile-displayphoto-shrink_100_100/profile-displayphoto-shrink_100_100/0/1707575477367?e=1788998400&v=beta&t=_12zovWSoqTYURT0NIYmkrL9BiIfJGeJj2dSptFAbzU,false,,3730,2026-09-01 17:03:38.642 +0530,"Sales ,Mining ,process",,,,,,,,,,,,,,,,1804,
Bhushan Kulkarni,Bhushan,Kulkarni,https://www.linkedin.com/in/bhushan-kulkarni,urn:li:member:83097103,bhushan-kulkarni,Pune City,Maharashtra,India,"Pune City, Maharashtra, India",Siemens Digital Industries Software,,6-10yoe_global_indian,member_urn,,,,,,,,,,,,false,,false,"Senior C++ Software Engineer with 8+ years of experience at Siemens Digital Industries. Expert in architecting performance-critical systems for the Siemens NX platform, with a niche focus on Model-Based Definition (MBD). I specialize in optimizing multi-million line codebases using Modern C++ (14/17/20), STL, and SOLID principles to solve complex industrial bottlenecks. My background includes deep expertise in MBD, PMI, rule-based design, and high-performance software architecture.",3752,2026-09-01 17:03:38.642 +0530,C++ | Ex. Siemens DISW | Software Developer | IIT Dhanbad,,,,,,,,,,,,,,,,2461,
Aman Gaurav,Aman,Gaurav,https://www.linkedin.com/in/aman-gaurav-2b8b87106,urn:li:member:450813164,aman-gaurav-2b8b87106,Pune City,Maharashtra,India,"Pune City, Maharashtra, India",bp,Petroleum Engineer,6-10yoe_global_indian,member_urn,,,,,,,,,,,,false,https://media.licdn.com/dms/image/v2/D4D03AQFlwZVQRiXIpA/profile-displayphoto-scale_100_100/B4DZhKJczYHsAc-/0/1753590649914?e=1788998400&v=beta&t=eUSFeK_Gqr7oU2LeajcswzpfnJXVFjDtAw_dG3SXRU8,false,,3793,2026-09-01 17:03:38.642 +0530,ISB PGP Co?27 | IIT(ISM),,,,,,,,,,,,,,,,1612,
Parivel S S,Parivel,S S,https://www.linkedin.com/in/parivel,urn:li:member:562591060,parivel,Tamil Nadu,,India,"Tamil Nadu, India",1hat,Co-Founder,founders,member_urn,"Solving Healthcare's 3A Crisis with an AI-First Ecosystem Healthcare is facing a 3A Crisis and we're here to solve it. THE 3A CRISIS Availability – Doctors and nurses are overwhelmed by paperwork, spending more time typing than treating. Burnout is rising, and patient time is lost to documentation. Accessibility – Patients struggle to reach verified medical advice, leading to self-diagnosis, delayed treatment, and unnecessary emergencies. Affordability – Families are burdened by hidden costs, complex insurance, and inefficiencies that make quality care unaffordable. OUR APPROACH: AN AI ECOSYSTEM FOR CONTINUOUS CARE We're building a connected, intelligent ecosystem that addresses the root of each crisis. Our AI assistants form a seamless bridge between hospitals, doctors, insurers, and patients. Restoring Availability - AI Triage Nurse – Streamlines patient intake - AI Scribe – Reduces documentation time by 70% - AI Medical Coder – Automates billing and compliance - AI Health Analyst – Delivers real-time clinical insights - AI Consultant – Acts as doctor's digital twin - AI Health Advisor – Enhances patient engagement Doctors spend time healing, not typing Enabling Accessibility - AI Nurse/Caretaker – Provides 24/7 continuous care - AI Pharmacist – Manages prescriptions and refills Reliable care, anytime, anywhere Ensuring Affordability - AI Insurance Advisor – Simplifies claims and coverage - AI Purchase Navigator – Identifies cost-effective options Better outcomes at lower costs OUR VISION A healthcare system where doctors focus on patients, not paperwork; where trusted medical advice is always within reach; and where families receive excellent care without financial strain. At 1HAT, we're reimagining how care flows. From hospital to home, diagnosis to recovery, we're building a continuous ecosystem that makes healthcare humane, efficient, and accessible for all.",4,2023,"Technology, Information and Internet",97192323,https://in.linkedin.com/company/1hat,"Coimbatore, Tamil Nadu, India",Healthtech,https://1hat.in,Head of Business Development and Product,1/2024,true,,false,"After diving into the startup world right after college, I'm now working on my second venture, 1hat, with my school friend. We're united by a shared vision to revolutionise healthcare by transforming health outcomes through personalised care. Looking to connect with fellow founders who are passionate about making a profound impact in the new-age tech world.",3229,2026-08-25 00:00:00.000 +0530,,,,,,,,,,17,28,,,,,,35,
Puneet Bansal,Puneet,Bansal,https://www.linkedin.com/in/puneetismd,urn:li:member:199929298,puneetismd,Delhi,,India,"Delhi, India",Gradeup (Gradestack Learning Pvt Ltd),Senior Manager,6-10yoe_global_indian,member_urn,,,,,,,,,,,,false,https://media.licdn.com/dms/image/v2/C5603AQF3u3Ntpw0HMw/profile-displayphoto-shrink_100_100/profile-displayphoto-shrink_100_100/0/1589482496110?e=1788998400&v=beta&t=a7-DvY2MVN3QWlmXi0cWixPF8BQmugsSJG5LWun5CUA,false,,3788,2026-09-01 17:03:38.642 +0530,GST Inspector | Ed-tech | IITian,,,,,,,,,,,,,,,,1902,
MIHIR RANJAN SAHOO,MIHIR RANJAN,SAHOO,https://www.linkedin.com/in/mihir-ranjan-sahoo-413b4a27,urn:li:member:95403471,mihir-ranjan-sahoo-413b4a27,Odisha,,India,"Odisha, India",RPTU Kaiserslautern-Landau,Postdoctoral Researcher,10+yoe_global,member_urn,,,,,,,,,,,,false,https://media.licdn.com/dms/image/v2/C5603AQEEj96ozY0Viw/profile-displayphoto-shrink_100_100/profile-displayphoto-shrink_100_100/0/1584075411917?e=1788998400&v=beta&t=FL4C8VnTpyEI1LpaUhMQBJHM7EWsL_A6lrK_-BuVzrA,false,,3973,2026-09-01 17:03:38.642 +0530,,,,,,,,,,,,,,,,,2380,
Rajeev Singh,Rajeev,Singh,https://www.linkedin.com/in/rajeev-singh-964977141,urn:li:member:578693020,rajeev-singh-964977141,,,India,India,Reliance Nippon Life Insurance,Business Development Manager,10+yoe_global,member_urn,,,,,,,,,,,,false,https://media.licdn.com/dms/image/v2/C5103AQEh_w1nDsUjKA/profile-displayphoto-shrink_100_100/profile-displayphoto-shrink_100_100/0/1527478406696?e=1788998400&v=beta&t=Wiy283RYnXbCRl3dJ7OmYvlD3lgOAeLAOtW0S6Mk4_0,false,,4061,2026-09-01 17:03:38.642 +0530,--,,,,,,,,,,,,,,,,2357,
Pradeep Paul,Pradeep,Paul,https://www.linkedin.com/in/pradeep-paul-513502110,urn:li:member:467061855,pradeep-paul-513502110,,,Greater Delhi Area,Greater Delhi Area,Oil India Limited / ??? ?????? ???????,General Manager,10+yoe_global,member_urn,,,,,,,,,,,,false,,false,Dynamic Geophysicist looking for post Retirement Engagement with both technical and Managerial capability.,4019,2026-09-01 17:03:38.642 +0530,Retired as General Manager from Oil India Limited,,,,,,,,,,,,,,,,2247,
Sanjay Dutta,Sanjay,Dutta,https://www.linkedin.com/in/sanjay-dutta-7b6349366,urn:li:member:1523697978,sanjay-dutta-7b6349366,Patna,Bihar,India,"Patna, Bihar, India",Geological Survey of India,Deputy Director General,10+yoe_global,member_urn,,,,,,,,,,,,false,https://media.licdn.com/dms/image/v2/D4D03AQGj_6_S7kPDWw/profile-displayphoto-shrink_100_100/B4DZbXjuo.G8AU-/0/1747373189993?e=1788998400&v=beta&t=lMqmsOK1WxdhUXBDMZpuB-8aEPqT4qr7TarmihtADfw,false,,4035,2026-09-01 17:03:38.642 +0530,--,,,,,,,,,,,,,,,,1867,
Vivek Kumar Singh,Vivek Kumar,Singh,https://www.linkedin.com/in/vivek-kumar-singh-78509b14b,urn:li:member:606361493,vivek-kumar-singh-78509b14b,,,India,India,FIITJEE,Fellow,10+yoe_global,member_urn,,,,,,,,,,,,false,https://media.licdn.com/dms/image/v2/D5603AQEUElm-rWu-dw/profile-displayphoto-shrink_200_200/B56ZSI9dS3GoAY-/0/1737464600357?e=1788998400&v=beta&t=axsgDBtlccTVopYYESXEKy43g35bp3Ce5gUYwAD95nU,false,,4063,2026-09-01 17:03:38.642 +0530,Co-founder and Director Physics at ACE4,,,,,,,,,,,,,,,,1831,
shiba kant jha,shiba kant,jha,https://www.linkedin.com/in/shiba-kant-jha-b93569199,urn:li:member:780727647,shiba-kant-jha-b93569199,Kolkata,West Bengal,India,"Kolkata, West Bengal, India",COAL INDIA LTD GOVT OF INDIA UNDERTAKING,,10+yoe_global,member_urn,,,,,,,,,,,,false,https://media.licdn.com/dms/image/v2/C5603AQEDCF8j27XWWA/profile-displayphoto-shrink_100_100/profile-displayphoto-shrink_100_100/0/1590680446380?e=1788998400&v=beta&t=AN0W5hRDumpS0huCAHTeYbWUBXer23mfo9yOPd3SdRg,false,,4065,2026-09-01 17:03:38.642 +0530,General Manager at COAL INDIA LTD GOVT OF INDIA UNDERTAKING,,,,,,,,,,,,,,,,1687,
Chaitanya Chaganti,Chaitanya,Chaganti,https://www.linkedin.com/in/chaitanyachaganti,urn:li:member:240023856,chaitanyachaganti,Hyderabad,Telangana,India,"Hyderabad, Telangana, India",Teachmint,SDE III,6-10yoe_global_indian,member_urn,,,,,,,,,,,,false,https://media.licdn.com/dms/image/v2/C5603AQG6Q6hKcsp2pQ/profile-displayphoto-shrink_100_100/profile-displayphoto-shrink_100_100/0/1517395352455?e=1788998400&v=beta&t=mjyG4ZYu6QnlBtrJK87wbsIPUGK2t_HQjPiw4mizAEU,false,,3787,2026-09-01 21:00:56.853 +0530,Lead Software Engineer @ Granicus,,,,,,,,,,,chaitanya.chaganti@droom.in,chaitanya.chaganti@droom.in,,,,2561,
Dhananjai Rai,Dhananjai,Rai,https://www.linkedin.com/in/dhananjai-rai-624b9220,urn:li:member:74591740,dhananjai-rai-624b9220,Mumbai,Maharashtra,India,"Mumbai, Maharashtra, India",currently not working,Ex DGM(GP),10+yoe_global,member_urn,,,,,,,,,,,8/2016,false,https://media.licdn.com/dms/image/v2/C4D03AQH4Dx1PqSFitw/profile-displayphoto-shrink_100_100/profile-displayphoto-shrink_100_100/0/1516927532125?e=1788998400&v=beta&t=vmW1qDJM6pp5D8jUHg5YHTJOgC0Jl0bX--JG8m3OMTU,false,Superannuated from ONGC on 31.07.2016,248,2026-09-01 21:00:56.853 +0530,,,,,,,,,,,,drai562001@yahoo.co.in,,,,,1719,
jitendra prasad,jitendra,prasad,https://www.linkedin.com/in/jitendra-prasad-3336542b,urn:li:member:106113495,jitendra-prasad-3336542b,Mumbai,Maharashtra,India,"Mumbai, Maharashtra, India",Self-Employed,Independent Energy professional,10+yoe_global,member_urn,,,,,1237238,,,,,,1/2017,false,https://media.licdn.com/dms/image/v2/C5603AQELUvCzAJAdug/profile-displayphoto-shrink_100_100/profile-displayphoto-shrink_100_100/0/1517623705541?e=1788998400&v=beta&t=AD8Fk7yVeoJie7KHeO9EGCJ642VSpSnn8kW0FOBcD_o,false,"Had wide experience in E&P Industry in R&D as well as in operational area. Mainly in drilling fluid & cementing, Flow Assurance, Petrophysical Analysis of reservoir cores and Laboratory Management. Also had experience in teaching and management of petroleum engineering education",221,2026-09-01 21:00:56.853 +0530,,,,,,,,,,,,j_p_sharma@hotmail.com,,,,,2436,
Mahesh Kumar,Mahesh,Kumar,https://www.linkedin.com/in/maheshkurakula,urn:li:member:333442863,maheshkurakula,Hyderabad,Telangana,India,"Hyderabad, Telangana, India",Bajaj Auto Credit Limited,Assistant Manager,6-10yoe_global_indian,member_urn,,,,,,,,,,,,false,https://media.licdn.com/dms/image/v2/C4E03AQF9KvOWePfiiQ/profile-displayphoto-shrink_100_100/profile-displayphoto-shrink_100_100/0/1517542371519?e=1788998400&v=beta&t=3khkdAAIPt-5hVgst9QRaT_n1ryrh-c2leglduN53Cg,false,"Result-driven sales and finance professional with over 6.5 years of experience in the two-wheeler industry, Specially with Bajaj Auto and Bajaj Auto Finance. Proven track record in driving market share - Notably doubling segment share from 17% to 35%. and Managing large scale dealer network across Telangana and Andhra Pradesh. Expert in strategic planning, activity-based lead generation, and team mentoring. Adept at leveraging data-driven MIS to support regional Business growth and recognized as an extraordinary contributor for consistent high performance. IIT (ISM) Dhanbad and University of Hyderabad alumnus.",2282,2026-09-01 21:00:56.853 +0530,Regional Sales and Finance leader | Ex Bajaj Auto | Proven Record of Increasing Market share from 17% to 35% | 6+ years Driving two wheeler Market growth and dealer operations | IIT (ISM) Dhanbad & UoH Alumnus.,,,,,,,,,,,mahesh.kzp@gmail.com,,,,,1569,
Dheeraj Kumar Arora,Dheeraj Kumar,Arora,https://www.linkedin.com/in/dheeraj-kumar-arora-47483237,urn:li:member:130454296,dheeraj-kumar-arora-47483237,Delhi,,India,"Delhi, India",SARAJ Drilling Solutions - Self employed,"Founder, Managing Director",founders,member_urn,,,,,,,,,,"SARAJ Drilling Solutions, floated by an experienced Mining Expert with a demonstrated history of working in the mining & construction industry. Step in for all your requirements for Rock Drilling Tools , Rock- Reinforcement drilling, Tunnelling solutions with Services. Our experienced, passionate, and committed team is dedicated to working closely alongside our customers to help increase added value to their business. Whatever challenge we face, we work endlessly to find new and innovative ways to deliver the right solution to make efficient progress with your mining and tunneling operations.",4/2021,false,,false,"SARAJ Drilling Solutions, floated by an experienced Mining Expert with a demonstrated history of working in the mining & construction industry. Step in for all your requirements for Rock Drilling Tools , Rock- Reinforcement drilling tools, Tunnelling solutions with Services. Our experienced, passionate, and committed team is dedicated to working closely alongside our customers to help increase added value to their business. Whatever challenge we face, we work endlessly to find new and innovative ways to deliver the right solution to make efficient progress with your mining and tunneling operations.",2997,2026-08-25 00:00:00.000 +0530,,,,,,,,,,17,28,,,,,,2408,
Deep Biswas,Deep,Biswas,https://www.linkedin.com/in/deep-biswas-48106119,urn:li:member:62832481,deep-biswas-48106119,,,Greater Bengaluru Area,Greater Bengaluru Area,organizer.ai,Co-Founder and CTO,founders,member_urn,,,,,,,,,,"Impact & Achievements: End‑to‑End Delivery: Conceptualized, architected, and launched a multi‑tenant SaaS application enabling users to digitize wardrobes and receive instant AI‑driven fashion styling suggestions. Hybrid AI Architecture: Built a dual‑model LLM inference engine leveraging Groq (Llama 4) for high‑speed vision‑based wardrobe cataloging (detecting category, color, material, condition, style) and Google Gemini for vector embeddings and conversational styling. Backend Engineering: Developed robust backend services with Java 25, Spring Boot 3.4.1, PostgreSQL, Redis, applying Domain‑Driven Design (DDD) principles for scalability and maintainability. Frontend Experience: Delivered responsive clients using React 19 (Web) and React Native / Expo (Mobile), ensuring seamless cross‑platform user experience. SaaS Infrastructure: Engineered secure multi‑tenant database isolation in PostgreSQL, paired with MinIO object storage for scalable file uploads. DevOps & Cloud Deployment: Deployed production‑grade containerized builds with Docker & Nginx on Oracle Cloud (OCI), maintaining a clean monorepo architecture for backend APIs, web, and mobile clients.",5/2026,false,,false,"Experienced Full Stack Developer with proficiency in Java and Node.js, specializing in system design, code review, interview facilitation, and scoping discussions. Successfully led the transformation of a highly scalable monolithic application into a distributed microservices architecture. Proficient in hybrid microservice communication strategies, utilizing both REST and event-driven approaches as per project requirements. Skilled in integrating Retrieval Augmented Generation techniques for generating insightful data. Implemented various design patterns to enhance code maintainability. Extensive experience with search engines like Solr and integration with analytics tools such as Google Analytics, Adobe, and Tealium. Formerly served as a Rest API Developer at Livehive Inc. and Android Developer at Pecule Innovation. During tenure at TCS, Chennai, demonstrated leadership capabilities as a Module Lead, overseeing a team of six individuals and delivering multiple successful projects in the telecommunications domain, earning recognition for the best project among peers.",3014,2026-08-25 00:00:00.000 +0530,,,,,,,,,,17,28,,,,,,2265,
Pradeep Gautam,Pradeep,Gautam,https://www.linkedin.com/in/pradeep-gautam-6998111b,urn:li:member:70691733,pradeep-gautam-6998111b,Gurugram,Haryana,India,"Gurugram, Haryana, India",,Senior Research Associate,10+yoe_global,member_urn,,,,,,,,,,,,false,https://media.licdn.com/dms/image/v2/C4D03AQFsp3BpRzXSYA/profile-displayphoto-shrink_100_100/profile-displayphoto-shrink_100_100/0/1663176399724?e=1788998400&v=beta&t=8XVobonK88uPYIl_Qu8YPHtuVecYT8kh5Oi9-LCtPgI,false,,3482,2026-09-01 21:00:56.853 +0530,Research Head,,,,,,,,,,,pradeepgautam.elex@gmail.com,,,,,,
R.B. PRASAD,R.B.,PRASAD,https://www.linkedin.com/in/r-b-prasad-92a0a01ba,urn:li:member:854200114,r-b-prasad-92a0a01ba,Ranchi,Jharkhand,India,"Ranchi, Jharkhand, India",Zorba The Budha Academy,Founder,founders,member_urn,,,,,,,,,,,2/2025,false,,false,"At NTPC Mining Limited, our team's focus is on leveraging comprehensive operational knowledge to streamline mining processes. With a history of achieving 86 Million Tonne coal production ( 23-24)at Central Coalfields Limited during my tenure there as Director Technical Operations , I am dedicated to enhancing efficiency and productivity in the sector. My educational foundation in mining engineering from the prestigious Indian Institute of Technology, coupled with advanced degrees in finance and management, enables me to approach operational challenges with a unique blend of technical expertise and strategic financial insight. We're committed to fostering an environment where communication and team motivation are paramount. These core competencies, cultivated through extensive experience managing diverse projects and teams across India, are instrumental in meeting and surpassing organizational goals. Emphasizing sustainable practices, I carry the experience from international exposure with the World Bank team, studying the Just Energy Transition approach in Poland, Germany & Australia , to contribute meaningfully to the energy sector's evolution.",3015,2026-08-25 00:00:00.000 +0530,,,,,,,,,,17,28,,,,,,2692,
Sourabh Modi,Sourabh,Modi,https://www.linkedin.com/in/sourabh-modi-54293723,urn:li:member:82936130,sourabh-modi-54293723,Rohtak,Haryana,India,"Rohtak, Haryana, India",Bold N Elegant,Co-Founder,founders,member_urn,,,,,,,,,,,1/2021,false,,false,"Current - Senior Associate at Cognizant Technology Solutions Overall 3 years of Experience in Management Consulting , Business Analytics and IT Studied PGDM at Inding Institute of Management, Rohtak Studied B.Tech at Indian School of Mines Dhanbad in Computer Science and Engineering Specialties: Sales Management Consulting , Market Research, Business Analytics , Data Analytics, SPSS, Excel, VBA , PowerPoint",3016,2026-08-25 00:00:00.000 +0530,,,,,,,,,,17,28,,,,,,1608,
Dr. Ashim Kumar Sinha,Dr. Ashim Kumar,Sinha,https://www.linkedin.com/in/dr-ashim-kumar-sinha-2a897818,urn:li:member:62118560,dr-ashim-kumar-sinha-2a897818,Kolkata,West Bengal,India,"Kolkata, West Bengal, India",AKS Consultants,Founder,founders,member_urn,,,,,,,,,,"Former Deputy Director General of Mines Safety, DGMS, has made significant contributions in the field of rock enforcement, strata control, mine safety engineering & research, legislative & institutional reforms and, innovation in mines safety management. He has also established safety standards with the help of Digital India platform (web/mobile app-based systems)",9/2019,false,,false,"Dr. Sinha is a National merit scholar and completed Intermediate Science from prestigious Science College, Patna with a first class. His interest in earth sciences drawn him to iconic IIT-Indian School of Mines, an institution of international repute, from where he obtained B. Tech., DISM, M. Tech., and Ph. D in Mining Engineering discipline with excellent academic bench marks (first class/distinction). He is a holder of first class mine managers certificate of competency (coal & metal). He has over forty two years’ experience in OSH Management in mines, Mining operation & Research, Legislative Reforms, Administration of the Mines Act and allied legislation, Project planning and execution at national and international level, and Human Resource Management in mines. He has authored forty technical reports and published a total of forty-two technical papers in national and international seminars/symposium and mining journals. He has also published three monographs. He has authored two books titled “Development of Safety Management Plan for coal & metal mines” (publisher: Books & Journals Private Limited, Kolkata) and “Rock Bolting in Indian Mines” (Publisher: Central Mining Planning and Design Limited, Ranchi). He has developed copyrighted approach and processes for OSH management in coal and metal mines. He visited Canada, Germany, Australia and China (twice) for presentation of technical papers, bilateral dialogue on technology transfer and study of cutting-edge training methods. He has been nominated as member of Prime Minister's Sectoral Innovation Council on OSH. He was a member of the task force set up by FIMI to facilitate skill development and capacity building in Mining Sector. He was also a member of the Task force set up by Govt. of India to review the National Policy on Safety, Health and Environment at workplace. He is a Fellow, Institution of Engineers (India) and member, Institution of Surveyors. Govt. of India has conferred ‘National Geoscience Award-2018’ to Dr. Ashim K Sinha, in recognition of his outstanding contribution in the field of Geoscience. Dr. Ashim K Sinha has been conferred ‘Life Time Achievement Award’, in recognition of his outstanding contribution to mining industry by The Indian Mining & Engineering Journal, Bhubaneswar (Knowledge partner: AKS University, Satna, M.P.), India. He is engaged in OSH consultancy work with UCIL, Tata Steel Ltd., Vedanta, IMFA & SNM Group. He is founder & Chief facilitator, AKS Consultants, Kolkata. [E-mail: aksconsultants.official@gmail.com ; Website: akscon.in ]",3275,2026-08-25 00:00:00.000 +0530,,,,,,,,,,17,28,aksconsultants.official@gmail.com,,,,,1522,
Raju Kumar,Raju,Kumar,https://www.linkedin.com/in/raju-kumar-679b84141,urn:li:member:579205821,raju-kumar-679b84141,Delhi,,India,"Delhi, India",Rabindra Pratima Research Institute,Co-Founder,founders,member_urn,,,,,,,,,,,4/2019,false,,false,I am good at handling people and making them work efficiently in order to drive the overall business. I believe that learning is continuous process and in order to add on skills you should be a good student irrespective of the position. In short run I want to learn the managerial work at the same time seek the guidance from senior and peers to get holistic view and ultimately contribute to the organisation.,3044,2026-08-25 00:00:00.000 +0530,,,,,,,,,,17,28,,,,,,2334,
Deepak Singh,Deepak,Singh,https://www.linkedin.com/in/deepakkrsingh,urn:li:member:66351247,deepakkrsingh,Patna,Bihar,India,"Patna, Bihar, India",7 Mantras of Organic Success,Co Author - 7 Mantras of Organic Success,founders,member_urn,,,,,,,,,,"This book talks about my journey, from being an employee to becoming a successful entrepreneur. The book is about to release on all major online platforms by last week of July 2020",7/2020,false,,false,"It was 11.00 pm and we were about to retire for the day. Suddenly, my wife felt a pain in her stomach. Within half an hour, the pain grew uncontrollable. She came close to fainting & I had to admit her to a hospital. The doctor informed me next morning that there was an infection in the stomach. He asked if she had eaten any outside food that day. The aaloo chaat and paani puri that we had that evening was to blame. That night as I waited in the hospital with my wife, I told her that, I would one day start my own food joint, which will offer HEALTHY & TASTY food options to the customers. Being a foodie myself, my love for food & this incident made me start my food joint in 2016, after working for 9 years in the corporate world. Now my mission is to MAKE INDIA HEALTHIER. I want to make people lead a Healthy & Happy life, by enabling them to create a balance between PHYSICAL, MENTAL & EMOTIONAL elements, with the help of right Diet, Exercise & Mindset. Join me in my journey of MAKING INDIA HEALTHIER. Be a part of this community by connecting with me on LinkedIn to receive updates on being Healthy.",3046,2026-08-25 00:00:00.000 +0530,,,,,,,,,,17,28,,,,,,1485,
Ashok Chandra,Ashok,Chandra,https://www.linkedin.com/in/ashok-chandra-a3862b13a,urn:li:member:568891916,ashok-chandra-a3862b13a,Noida,Uttar Pradesh,India,"Noida, Uttar Pradesh, India",Potential Classes,Founder and CEO,founders,member_urn,,,,,,,,,,1. Experienced and Qualified Teachers 2. Regular Class Test (Topic Wise Assignment) 3. Special attention towards weak students. 4.100% Result (Special fees on Board Exam),12/2020,false,,false,"Experienced Senior Software Test Engineer with Keenly interested in pursuing a challenging career in QA in any leading corporate company with dynamic & result oriented team to learn and sharpen my competence. Capable of working in team and have a Never say die attitude. Skilled in Agile Methodologies, Test Automation, Java, Manual Testing, and Selenium. Strong engineering professional graduated from Indian Institute of Technology (Indian School of Mines), Dhanbad.",3047,2026-08-25 00:00:00.000 +0530,,,,,,,,,,17,28,,,,,,2306,
Gopal K,Gopal,K,https://www.linkedin.com/in/gopal-k-a10ba8265,urn:li:member:1092843948,gopal-k-a10ba8265,Bengaluru,Karnataka,India,"Bengaluru, Karnataka, India",The Freedom Triangle,Founder,founders,member_urn,,,,,,,,,,,8/2024,false,,false,"Seasoned business professional with 4+ years experience in Sales, strategy & operations roles, having worked in a logistics-tech startup & a PSU. An IIT Dhanbad graduate with MBA from IIM Mumbai (2019). He is an analytical person, a critical thinker and a problem solver. He has a keen interest in technological advancements. Currently, building The Freedom Triangle: helping people gain time, location, and financial freedom - and have fun doing it. Also, a short term trader in Indian stock market.",3048,2026-08-25 00:00:00.000 +0530,,,,,,,,,,17,28,,,,,,2569,
Rajesh Jindal,Rajesh,Jindal,https://www.linkedin.com/in/rajesh-jindal-78668821,urn:li:member:76323414,rajesh-jindal-78668821,Gurgaon,Haryana,India,"Gurgaon, Haryana, India",Leica Geosystems,Training & Operations Management  (Jigsaw Mining System),10+yoe_global,member_urn,,,,,,,,,,,,false,https://media.licdn.com/dms/image/v2/C4D03AQFCY09MsIuHBw/profile-displayphoto-shrink_100_100/profile-displayphoto-shrink_100_100/0/1516946602913?e=1788998400&v=beta&t=339vaDOaOO-OWlMFyXHTk4n23Gv3EziDExTCrIhWc6U,false,"Mining Engineer having experience of about 12 years in different profiles which includes open pit iron ore mining, sales & marketing ,project implementation,Contract Management; Planning system operation Training, software ware application , networking , customer relation , change management Organize & co-ordinate for Review Meetings ,analyzing data and information etc.",2636,2026-09-01 21:00:56.853 +0530,Fleet Management System Specialist  (Independent consultant),,,,,,,,,,,r_jindals@yahoo.com,,,,,2097,
Gopi Sutar,Gopi,Sutar,https://www.linkedin.com/in/gopisutar,urn:li:member:1360903,gopisutar,,,India,India,Entrepreneurial Venture India,Content Business Management,10+yoe_global,member_urn,,,,,,,,,,"Create and license original knowledge and entertainment content. Manage interactive user network and user engagement. The knowledge content decodes the decision making constructs of highly accomplished industry practitioners, through enlightening thought experiments that are inspired by interesting real-life experiences. Always looking for industry practice content partners and education industry distribution partners. The entertainment content offers interesting allegorical tales that appeal to the child-like.",4/2008,false,https://media.licdn.com/dms/image/v2/C5603AQHcA1l0H70ujQ/profile-displayphoto-shrink_100_100/profile-displayphoto-shrink_100_100/0/1592555105530?e=1788998400&v=beta&t=JDnDvJYw-28YyzjzK-1qaZ4zRFfIYHT5ITZ3gmcbCs0,false,"Always been fascinated by creative, management and technology excellence. Diverse corporate management experience worldwide of over 30 years in creating strategic change through demand & supply chain design and operations transformation, merger integration, and new business development, across new venture leadership role in consumer services, business consulting and client services leadership roles in Infosys USA, strategy & operations management consulting roles in Kearney India and Accenture India, sales & marketing management roles in Hindustan Unilever, and production process operations role in ONGC India. PGDM in General Management from Indian Institute of Management Ahmedabad and BTech in Petroleum Engineering from Indian Institute of Technology (Indian School of Mines) Dhanbad. Also create stories in various formats (samples at https://www.flickr.com/people/gopisutar, https://www.youtube.com/solidfunda); short-films officially presented in the Third Eye Asian Film Festival and the International Short Film Festival of India. Specialties: Creating strategic change through demand & supply chain design and operations transformation, merger integration, and new business development.",444,2026-09-01 21:00:56.853 +0530,,,,,,,,,,,,gopi_sutar@hotmail.com,,,,,1797,
Shweta Kumari,Shweta,Kumari,https://www.linkedin.com/in/shweta-kumari-4416921a6,urn:li:member:807899377,shweta-kumari-4416921a6,Dhanbad,Jharkhand,India,"Dhanbad, Jharkhand, India",VLSI POINT,Founder,founders,member_urn,,,,,,,,,,"Welcome to VLSI Point! Here, we delve into the fundamentals of electronics while transforming the self-study experience! As the semiconductor industry expands rapidly, the demand for skilled professionals has never been higher. If you're a student struggling to secure a job in core electronics, you’re in the right place! We’re committed to empowering you with valuable insights and practical tips that go beyond conventional learning. Our channel will guide you through the ever-evolving semiconductor landscape, equipping you with the essential knowledge and skills for success in this dynamic field. We’ll explore innovative study techniques to help you think outside the box and master the concepts that truly matter. Together, we’ll unlock your potential and provide the tools you need to thrive in the world of electronics and semiconductors. Join us on this exciting journey of growth and discovery! Subscribe now and elevate your learning experience!",5/2021,false,,false,"As a passionate VLSI enthusiast, I am dedicated to helping students grasp the fundamental concepts of VLSI design and technology. With the semiconductor industry booming in India, now is the perfect time to launch your career in this dynamic field. Through my social media platforms—YouTube, Instagram, Facebook, LinkedIn, and Telegram—I aim to provide valuable resources and insights that empower students to build a solid foundation in VLSI, paving the way for successful careers in core electronics. Currently, I am conducting research for the Ministry of Electronics and Information Technology while pursuing my PhD at IIT ISM Dhanbad. This unique blend of research and academic experience allows me to share cutting-edge knowledge and practical tips with aspiring professionals. Let’s connect and explore the exciting opportunities in VLSI together!",3059,2026-08-25 00:00:00.000 +0530,,,,,,,,,,17,28,,,,,,2654,
Sandeep Mitra,Sandeep,Mitra,https://www.linkedin.com/in/sandeep-mitra-153ba724,urn:li:member:86564367,sandeep-mitra-153ba724,Govardhan,Uttar Pradesh,India,"Govardhan, Uttar Pradesh, India",Kolobrat Ecosystem,Founder,founders,member_urn,,,,,,,,,,"Built around the real Kolobrat ecosystem: women-led Section 8 + Govardhan rural impact + 30-year infrastructure credential + IIT (ISM) Dhanbad. Aligned with active Swiss/TEPA, DEG, Acumen, and Beyond Capital conversations.",11/2025,false,,false,"Strategic architect with 30+ years building infrastructure that lasts — from telecomand transmission towers across six Indian states to a women-led enterpriseecosystem rooted in Govardhan.As Director of Omega Towers and Infrastructures Pvt Ltd, I have delivered telecomand transmission projects for Airtel, Vodafone, Reliance Jio, L&T, East Central Railway(₹86.79 Cr), and a 100 km Defence NFS optical-fibre network on the Shimla–RampurBushar corridor.In 2025 I founded the Kolobrat Ecosystem — two registered entities working intandem: Kolobrat SaaS Chakra Pvt Ltd (KSC) — a model-neutral AI orchestrator and NGOoperating system Kolobrat Allianz Foundation (KAF) — a Section 8 non-profitrunning a women-led wellness centre, the GP-OS pilgrim platform, and ruralregeneration programmes in the Govardhan parikrama regionThe ecosystem is governed by a women-led board (Chairperson: Beena Mitra) and iscurrently in active partnership conversations with Swiss institutions under TEPA,alongside an FDI round for KSC.",3063,2026-08-25 00:00:00.000 +0530,,,,,,,,,,17,28,,,,,,2073,
Samaresh Chakraborty,Samaresh,Chakraborty,https://www.linkedin.com/in/samaresh-chakraborty-95401582,urn:li:member:292657168,samaresh-chakraborty-95401582,West Bengal,,India,"West Bengal, India",CGG,,6-10yoe_global_indian,member_urn,,,,,,,,,,,,false,https://media.licdn.com/dms/image/v2/C4E03AQGieLvm4-Tlkg/profile-displayphoto-shrink_100_100/profile-displayphoto-shrink_100_100/0/1575676542626?e=1788998400&v=beta&t=e5ZuXfm_FpJepg7Evlu42mOqLIsIaZoF5uQb4tlcFCw,false,"I am now seeking an opportunity to secure a challenging position where my technical skills, knowledge, interpersonal skills and experience can be utilised, and where I can make a positive contribution to the team.",2386,2026-09-01 21:00:56.853 +0530,Geoscience Shift Leader (Offshore)  at CGG,,,,,,,,,,,samaresh.chakraborty@cgg.com,samaresh.chakraborty@cgg.com,,,,1650,
Sailesh kumar saw (PLUGMAN),Sailesh kumar saw,(PLUGMAN),https://www.linkedin.com/in/sailesh-kumar-saw-plugman-004b49179,urn:li:member:710513860,sailesh-kumar-saw-plugman-004b49179,Dhanbad,Jharkhand,India,"Dhanbad, Jharkhand, India",PLUGMAN (KuFu Plugman Electronics Pvt. Ltd.),Founder & Innovation Lead,founders,member_urn,,,,,,,,,,"> Founded PLUGMAN to solve safety, cost, and accessibility challenges in Indian households through smart, heat-resistant electrical plugs. Designed a patented plug using porcelain and melamine, reducing the risk of short circuits and fire hazards. Developed a vision-aligned, women-led decentralized assembling model to generate rural employment. Incubated at ACIC IIT (ISM) Dhanbad and awarded by Icons of Asia 2022 and Startup India Jharkhand Yatra 2018. Currently leading R&D, supply chain coordination, branding, and strategic partnerships.",5/2024,false,,false,make 16amp 3pin smart plug which can't burn in any circumstances for life time,3070,2026-08-25 00:00:00.000 +0530,,,,,,,,,,17,28,,,,,,2298,
Sangram Sabat (ସଂଗ୍ରାମ ସାବତ),Sangram,Sabat (ସଂଗ୍ରାମ ସାବତ),https://www.linkedin.com/in/sangramsabat,urn:li:member:215042927,sangramsabat,,,India,India,Self-employed,Strategic Advisor to AI companies,founders,member_urn,,,,,,,,,,"Advising AI companies on product roadmap, GTM, enterprise deployment strategy, and the execution reality of building AI companies, across high stakes regulated industries like BFSI and healthcare.",3/2026,false,,false,"I unlock enterprise value from frontier tech. Scaled Saarthi.ai to a category-defining Agentic AI platform used by India’s largest financial institutions to collect $2.5B+ in unsecured debt. Engaging 50M+ customers, it became the backbone of high-volume customer communications in a highly regulated industry.The mandate expanded beyond technology: - Building a resilient organization (peaking at 160+ FTEs)- Shaping a business model in alignment with client CXO priorities- Fundraising (~$4.2M aggregate) and driving industry advocacyI'm a technologist turned operator who:- Directed the product evolution over multiple pivots - from a B2C AI Assistant to an Agentic AI OS - Delivered client success while optimizing P&L and steering the org through growth and downturnsTraits that define my leadership:- Enterprise intrapreneur mindset - fostered by early high-agency roles at Fractal Analytics and Citibank- Spotting inflections in tech - and turning them into disproportionate value vs. the status quo- Adaptability across contexts - Fortune-500 boardrooms to the 0 1 trenches, and the 1 10 grind of dealmaking, ops, scaling, and tough callsCore motto: Increase the impact value of time.If you're building AI products or deploying them into enterprises, and want to go from promise to production, let's connect",3085,2026-08-25 00:00:00.000 +0530,,,,,,,,,,17,28,,,,,,2433,
Premanand Srivastava,Premanand,Srivastava,https://www.linkedin.com/in/premanand-srivastava-9baa4b379,urn:li:member:1570233310,premanand-srivastava-9baa4b379,Dhanbad,Jharkhand,India,"Dhanbad, Jharkhand, India",GURUKUL / ACHARYA VATSALYA,Founder,founders,member_urn,,,,,,,,,,"Education entrepreneur & IIT-JEE educator with over 16 years of experience in teaching, mentoring and institution building. Founder and Director of Gurukul Coaching Institute, Dhanbad, which has grown from a small study centre into one of Jharkhand’s premier institutes for JEE Main/Advanced & NEET preparation. Founder – Acharya Vatsalya (Online Education Portal) Founded Acharya Vatsalya, an online education platform focused on high-quality result oriented study pattern for competitive examinations. Integrated digital pedagogy, structured content, and ethical teaching practices to support self-paced and guided learning. Recognized for combining academic excellence with entrepreneurial leadership, scaling Gurukul into a trusted education brand. ENTREPRENEURSHIP & EDUCATIONAL LEADERSHIP Founder & Director, Gurukul Coaching Institute, Dhanbad (2009–Present)  Founded Gurukul during undergraduate studies at IIT Dhanbad and transformed it into a premier coaching institute.  Scaled Gurukul from its inception to serving over 10,000 students with consistent genuine results in JEE & NEET year over year.  Built and managed a significant team of faculty members and admin/marketing staff , implementing structured training and performance frameworks.  Mentored both students and faculty members, creating a multiplier effect that has expanded educational impact across the region. CAREER HIGHLIGHTS  Over 16 years of entrepreneurial success in establishing and scaling Gurukul Institute.  Guided thousands of students into IITs, NITs, AIIMS and top universities in India and abroad.  Declined high-profile corporate and academic opportunities (Campus selection in Jindal Steel, PSU roles based upon top GATE Rank, Ph.D. at IIT) to pursue education entrepreneurship full-time.",4/2009,false,,false,"Premanand Srivastava I Founder & Director – Gurukul /Acharya Vatsalya | IIT (ISM) Dhanbad | Senior Mathematics Faculty (JEE Advanced/JEE Main) | Education Entrepreneur I 16 years of experience in JEE/NEET preparation, faculty mentoring & academic leadership. I am the Founder & Director of Gurukul Coaching Institute, Dhanbad, established during my undergraduate studies at IIT (ISM) Dhanbad. Since inception, the institute has delivered genuine and consistent IIT-JEE results every academic year, built on academic integrity, strong fundamentals, and disciplined pedagogy—without result gaps or inflated claims. In addition, I am the Founder of Acharya Vatsalya, an online education portal focused on delivering concept-driven education to a wider learner base. Over the years, I have mentored 10,000+ students across offline and online platforms, guiding successful students into IITs, NITs, AIIMS, and leading universities in India and abroad. I secured All India Rank 08 in GATE 2010 and consciously chose education entrepreneurship over PSU, corporate, and Ph.D. opportunities to focus on long-term academic impact, institution building, and ethical education practices. Core Focus Areas: Senior Mathematics Faculty – IIT-JEE (JEE Advanced / JEE Main) Education Entrepreneurship (Offline & Online Models) Academic Leadership & Faculty Mentorship Consistent result oriented study pattern",3088,2026-08-25 00:00:00.000 +0530,,,,,,,,,,17,28,,,,,,1918,
Manoj K.,Manoj,K.,https://www.linkedin.com/in/ekumarmanoj,urn:li:member:1537903328,ekumarmanoj,,,India,India,FTPL,Chief Value Officer (AI & Analytics)) + Founding Member,founders,member_urn,,,,,,,,,,"As a Chief Value Officer (AI & Analytics) and founding member, I sit at the intersection of enterprise strategy, AI platforms, and monetization, ensuring that what gets built is not only technically sound but commercially viable, scalable, and outcome-driven. - Enable clear ROI articulation for AI products, supporting enterprise buying decisions and board-level approvals. - Shift AI adoption from POCs to scaled deployments across multiple clients and use cases. - Improve deal win rates by aligning AI offerings to CXO-level business priorities (revenue, cost, risk, ESG). - Establish outcome tracking mechanisms to ensure post-deployment value realization. - Shape AI platforms and products around repeatable value patterns, not one-off custom builds. - Define use case prioritization frameworks that balance feasibility, impact, and scalability. - Ensure AI roadmaps align with long-term product vision and market expansion. - Support founders and sales teams in enterprise pre-sales, strategic pursuits, and large deal closures. - Create value narratives, case studies, and benchmarks that accelerate customer trust. - Influence pricing and commercial models, including outcome-based and value-linked pricing. - Mentor teams to think beyond models and toward business impact and adoption. - Act as a strategic partner to founders, investors, and boards on AI value realization.",9/2025,false,,false,"I am a senior leader with 25+ years of global experience enabling enterprise-scale digital transformation, value creation, and performance improvement across capital-intensive industries. My focus is on translating complex data and emerging technologies into strategic decisions, measurable financial outcomes, and sustainable competitive advantage. I operate at the intersection of business strategy, advanced analytics, and AI platforms, supporting executive leadership teams and boards in moving from pilots and experimentation to scaled, governed, ROI-driven AI adoption. I have built analytics and AI functions from the ground up, scaled high-performing teams of 20+ specialists, and led multi-year digital transformation programs with annual investments exceeding ₹400 Cr anchored in a long-term value creation vision of ₹4,000+ Cr. Core strengths ↳ Enterprise AI & Analytics Strategy aligned to corporate objectives ↳ Digital Transformation & Platform Architecture, Scale, and Governance ↳ Capital Allocation & ROI-led Use Case Identification & Prioritization ↳ CXO-level and Regulator Stakeholder Engagement ↳ Embedding Sustainable Data-Driven Decision-Making Cultures Selected achievements ↳ Delivered sustainable, technology-enabled performance improvements across natural resources, mining, manufacturing, retail, and infrastructure sectors ↳ Led complex, cross-functional stakeholder ecosystems to deliver time- and value-critical outcomes ↳ Strengthened enterprise decision-making, ESG reporting, and risk transparency across capital-intensive operations ↳ Accelerated a delayed greenfield iron ore project by two months through decisive leadership and execution excellence I specialize in transforming underperforming units into agile, analytics-powered organizations, aligning strategy, operations, and technology to unlock long-term growth. My academic foundation - DBA, an MBA, and B.Tech. in Mining & Machinery Engineering, provides a rare blend of strategic insight and deep technical grounding. As a frequent speaker at global forums, I advocate for responsible AI adoption, AI-driven transformation in mining and heavy industries, and the creation of sustainable, future-ready industrial ecosystems.",3092,2026-08-25 00:00:00.000 +0530,,,,,,,,,,17,28,,,,,,1850,
Yathindranath(Yogi) Thakur,Yathindranath(Yogi),Thakur,https://www.linkedin.com/in/yathindranath-yogi-thakur-35633916,urn:li:member:54572466,yathindranath-yogi-thakur-35633916,Delhi,,India,"Delhi, India",CRADLE INDIKA LLP (website www.thecradleindika.com under re-design),"Managing Partner, Founder and CIO",founders,member_urn,,,,,,,,,,"Leading the new start up, conceived as ""Cradle to Knowledge"" for FIVE TATVAs(Sun, Fire, Water, Earth and Air). It envisions to pursue its mission for research, develop/acquire and disseminate know-how/technologies for Clean Energy, Climate Reality and Eco-Solutions as Climate Change Initiative, dual-use technologies for disaster rescue,/security, Education, Infrastructure, Petroleum and Minerals; strategic consulting, digital solutions(resources management using ERP solutions for managing resources) for UNis, Government and Corporate; develop solar, offshore Wind, tidal energy; solar/wind powered houses; acquire/develop and disseminate dual -use technologies for disaster rescue/security; coastal Engineering for protection of Coastlines, design floating concrete houses on coastal shallow waters, ocean engineering ; develop oil, gas and strategic minerals resources/assets using Gated Process for E&P, EPCI from Exploration thru' Production to Step Out, emergency response to Disaster (earthquake, Oil spills on high sea with India coast guard, Oil wells fire), ocean engineering; Framework for Policy on Oil spills Disaster management for Government of India, papers presented to International/national Conferences on Energy Security, GHG emissions reduction as Climate Change initiative; mentoring/coaching & training workshops on Energy, oil/gas asset investment risk management; Program and Project/Contract Management, Project Controls using Shell CTR , PDN using IBM 370 PROJACS program, Global Best Practices, Bench-marking and Performance management; School for languages (French, Greek, Hebrew, Japanese), research on history of Civilization,; SAVE THE WORLD DIALOGUE, CHANGE OTHERS' BELIEF AND MINDSET CAMPAIGN.",12/2014,false,,false,"A Tertiary B.Sc.Hons-I (Geology), a B. Tech. with P.G. studies in Petroleum Eng. from Unis/Institutes of excellence with experience spanning four decades plus in academic, research and industry in Academia, Climate and Eco-solutions; Defense /Security, Disaster management(Dual - use technologies for disaster rescue/security), Energy, Infrastructure, Petroleum & Minerals with Ministries/Governments, TNCs, R &D leaders in diverse geographic regions such as India, Africa, USA, Europe, Central Asia, South East Asia and the Middle East. Strategy and JV, M&A, Due Diligence, Re-structure, Change Management, digital solutions(strategic consulting, digital solutions(resources management using ERP solutions for managing resources) for UNis, Defense/Security, Government and Corporate; Programs and projects delivered: Clean energy, Climate Reality projects and Eco-solutions, highly classified defense projects for Indian Navy, DRDO/Ministry of Defense, R&D Program for Tidal energy form Indian Ocean, disaster response to oil spills on high sea, oil-wells fire etc.; technologies for offshore wind, solar energy, carbon capture & sequestration, GHG emissions reduction & CDM projects as Climate Change Initiative; oil, gas assets, LNG plants, refineries, etc.; strategic materials(Copper/ Titanium/ Lead/Zinc) mining, smelting/refining); Papers published and presented in International/national conferences , Mentoring / Training Workshops, Lessons Learnt Program; Worked under Regulatory Regimes, PSAs of various countries, ExxonMobil, BP and Shell Codes and Practices, etc.; Visiting faculty for U/G Program in Mechanical & Production Engineering(Engineering Science, Continuum Mechanics, Metallurgy and Materials Eng., Operations Research, Operations Management), with BITS, a leading Institute in India.",3096,2026-08-25 00:00:00.000 +0530,,,,,,,,,,17,28,,,,,,1703,
Dr. Akanksha Mishra,Dr. Akanksha,Mishra,https://www.linkedin.com/in/dr-akanksha-mishra-78387387,urn:li:member:309698451,dr-akanksha-mishra-78387387,Noida,Uttar Pradesh,India,"Noida, Uttar Pradesh, India",Ajivika Career Counselling,Founder & Career Counsellor,founders,member_urn,,,,,,,,,,"Provide personalised career counselling for students (Class 6–12) based on interests, aptitude, and future goals Guide students in stream selection (Science, Commerce, Humanities) after Class 10 Support students and parents in making informed, pressure-free career decisions Conduct career awareness sessions, workshops, and seminars in schools and educational institutions Offer structured guidance on career options, subject combinations, and future pathways Work closely with parents to help them understand their child’s strengths and potential Develop customised career roadmaps and academic planning strategies Collaborating with schools and colleges for career guidance programs and student development initiatives",11/2025,false,,false,"Over 11 years of experience in teaching, research, curriculum designing & content writing in the arears related to mechanical engineering. I have published various research papers in peer-reviewed journals. Presented more than 10 papers in International and national conferences. I am always looking forward to upgrade myself by attending faculty development programs, short term courses etc. Associate Member of American Society of Heating, Refrigeration and Air-conditioning Engineers. Professional member of International Association of Engineers. I have a rich expertise to work for NAAC, NBA & NIRF accreditation.",3111,2026-08-25 00:00:00.000 +0530,,,,,,,,,,17,28,,,,,,1520,
Vishal Bagale,Vishal,Bagale,https://www.linkedin.com/in/vishal-bagale-2228021b6,urn:li:member:844041914,vishal-bagale-2228021b6,Pune Division,Maharashtra,India,"Pune Division, Maharashtra, India",Shivaraj Ground Water Services,Co-Founder & Consultant,founders,member_urn,,,,,,,,,,,1/2008,false,,false,"An IITian, Fellow of Research Board of Government of India with experience as an Executive with SAIL, Maharatna, (Govt. of India). I have a vision of collaborating with the technical and management experts from all domains and work together as one family. I have excellent research capabilities and experience in solving critical issues of Production Industries. As a director of LemonVB, my constant endeavor is to give exhaustive and inclusive solutions to the challenges faced by the clients and bring about the positive change that clients desire.",3139,2026-08-25 00:00:00.000 +0530,,,,,,,,,,17,28,,,,,,2452,
Irum Raza,Irum,Raza,https://www.linkedin.com/in/irum-raza-iitism,urn:li:member:343686815,irum-raza-iitism,Bhubaneswar,Odisha,India,"Bhubaneswar, Odisha, India",Pioneer Agritech,Designated Partner,founders,member_urn,,,,,,,,,,"Pioneer Agritech is an emerging manufacturer of food processing (grain roasting, processing and milling) machinery in Odisha. Designed, prototyped and tested a grain roaster that won the Krushi Odisha’23 award for achieving 0% grain wastage as compared to the industry average of 2.5%. Successfully transformed the SCM by modelling and setting up two machining factories which reduced the input costs by 28%.",11/2021,false,,false,A design thinker who aspires to create memorable visuals and experiences for the everyday individual. Has over 5+ years of design experience across varied areas which was largely fueled by coffee and the dread of deadlines.,3140,2026-08-25 00:00:00.000 +0530,,,,,,,,,,17,28,,,,,,2292,
Shanti Das Bhattacharjee,Shanti Das,Bhattacharjee,https://www.linkedin.com/in/sdbhattacharjee,urn:li:member:32415493,sdbhattacharjee,Jharkhand,,India,"Jharkhand, India",The Institution of Engineers (India),Honorary Secretary,10+yoe_global,member_urn,,,,,,,,,,,,false,https://media.licdn.com/dms/image/v2/D5603AQEdHd3V-J_Oxg/profile-displayphoto-scale_200_200/B56Z4rm5vSIQAc-/0/1778848079811?e=1788998400&v=beta&t=cy06KDdJUsWn5TnzvgbW7GglYgDj4Ziuzs_zAbWuVbA,false,"With a background in chemical operation and environmental management, my tenure at Tata Power as Head of Chemical & Environment was marked by driving significant advancements in sustainable practices.",2716,2026-09-01 21:00:56.853 +0530,Retd . Head (Chemical & Environment) Tata Power Jamshedpur,,,,,,,,,,,sdbbeg@sify.com,,,,,2573,
Atul Raj,Atul,Raj,https://www.linkedin.com/in/atul0909,urn:li:member:342363641,atul0909,South Delhi,Delhi,India,"South Delhi, Delhi, India",ShudhVayu Technologies Pvt Ltd,Co-Founder and CEO,founders,member_urn,,,,,,,,,,"ShudhVayu Technologies Pvt Ltd is a startup founded with a vision to clean air pollution in both outdoor and indoor space, at minimal cost using passive energy through innovations. My role in ShudhVayu Tech Pvt Ltd includes: 1. Strategy Building for market capture and a competitive edge in product development 2. Responsible for structuring and managing both human and economic resources 3. Dividing problems in solvable chunks, and mentoring teams throughout the solution finding 4. Business building and market analysis for determination of suitability of idea 5. Approaching Angel Funding and giving Investor's pitch 6. Strategizing on visibility and relevance in the dynamic market situation 7. Data analysis to find key insights in purchase trends 8. Conducting motivation and communication sessions to improve team cohesion and performance 9. Roles in product R&D, production, sales and operation Sector: CleanTech",9/2017,false,,false,"Experienced Co-Founder in CleanTech with a demonstrated history of working in Environment industry. Skilled in Research, Strategy, Energy, Operations, and Marketing. Strong problem-solving acumen by breaking down complex problems into smaller solvable chunks. Research and Strategy professional with a Masters of Technology - MTech and BTech focused in Petroleum Engineering from IIT Dhanbad.",3154,2026-08-25 00:00:00.000 +0530,,,,,,,,,,17,28,,,,,,2458,
Sanjay Kumar Shrivastava,Sanjay Kumar,Shrivastava,https://www.linkedin.com/in/skshri,urn:li:member:65628056,skshri,Mumbai,Maharashtra,India,"Mumbai, Maharashtra, India",Turntopper Learning Solutions Pvt. Ltd.,Founder Director of a Learning Solution Company,founders,member_urn,,,,,,,,,,Building to provide innovative e-learning tools for medium and higher education including professional trainings and certifications.,10/2017,false,,false,"Recently resigned from Repsol as Advisor in central Q&A, Team to review all investment proposals from assets across the global portfolio for technical due diligence. Past assignmnet was as Head Development Planning (Subsurface) for two business units having cluster of discoveries under development. I am a subsurface professional with about 30 yrs of experience. Have worked in various multi disciplinary teams for various development and production for both clastic and carbonate reservoirs. Have good exposure to fields and their complexities across the globe. Have long working experience in 3D geological modelling with good knowledge of algorithms behind the machine. Have deep interest in deep water depositional system and its controversies. My special interest is in resource estimation for fit to ""business""​ purpose using true probabilistic methods to suit economic analysis and make assets average out for base case and also across the portfolio. It requires innovative ideas to go beyond well driven geostatistical analysis for modeling, as average and trends from available wells may not be true P50/Pmean scenarios. Any amount of data alone is not enough to conclusively define a discovery and its parameters. Current conventional method of business scenario modeling requires true end member subsurface uncertainties, physical models for further study and range of estimates for variety of economic considerations beyond discounted NPV and generate scenarios for real options. Current deterministic methods are liable to see surprises as we tend to ignore other possibilities. Expected value or expected utility value for a few or one project should not entirely depend on discrete P50 or Pmean scenarios. There is no one good and other not so good field. It's the mix of projects that make a balanced portfolio that ultimately delivers.",3203,2026-08-25 00:00:00.000 +0530,,,,,,,,,,17,28,,,,,,2606,
Ram B. Upadhyay,Ram B.,Upadhyay,https://www.linkedin.com/in/ram-b-upadhyay-22b998b,urn:li:member:35286083,ram-b-upadhyay-22b998b,Delhi,,India,"Delhi, India",Krishna Consultants,CEO,founders,member_urn,,,,,,,,,,"Mining Plan preparation, Mine Planning, Contract Management, Mine evaluation, Management Consultant etc.",11/2015,false,,false,"Operation of coal mines including coal washing and coal preparation. 35 years Operation of the mines at high productivity, high quality, cost control and regard to human values like safety etc.The skill includes operation of very difficult fiery and gassy under ground mines. land acquisition, handling tough political and human environment.evaluating mines for suitability and usefulness. Specialized as safety and disaster expert. Educating engineers in safety and disaster management. Negotiating people for mine acquisition, fetching Mining lease and other statutory clearances and licences. Specialties: All aspects of operation of a mine as leader of the company'",3214,2026-08-25 00:00:00.000 +0530,,,,,,,,,,17,28,,,,,,2083,
Anupam Singh Bagri,Anupam,Singh Bagri,https://www.linkedin.com/in/anupam-singh-bagri-b507b4219,urn:li:member:924647532,anupam-singh-bagri-b507b4219,Satna,Madhya Pradesh,India,"Satna, Madhya Pradesh, India",G7reen Guidance,Co-Founder,founders,member_urn,,,,,,,,,,,,false,https://media.licdn.com/dms/image/v2/D4D03AQEijwoVGRVXMA/profile-displayphoto-scale_400_400/B4DZktc4pJIEAk-/0/1757404173525?e=1789603200&v=beta&t=vOJBrIw5YWzrtcfmhCufZaVfPHzJS88NDsVhcT8HHhU,false,"I am a Chemical Engineering undergraduate at IIT (ISM) Dhanbad (Batch 2026), with a strong foundation in process dynamics, data analytics, and control systems. I’ve developed projects using MATLAB for closed-loop control, visualizing stability with Bode/Nyquist plots, and am skilled in Python, SQL, Power BI, Tableau, Aspen Plus, and C++. My passion lies in solving real-world problems through a blend of engineering and analytics. Certified by Google (Data Analytics) and IBM (AI), I have also been recognized in national competitions like HP Power Lab and IOCL’s Sustain-a-thon. I'm actively involved in student events, volunteering, and sports like cricket and table tennis. With a strong interest in energy systems, sustainability, and data-driven innovation, I am seeking opportunities to apply my interdisciplinary knowledge and leadership abilities through jobs, research collaborations, and consulting roles.",3587,2026-09-01 17:36:28.613 +0530,IIT Dhanbad ?26 | Data Analytics | GenAI | Green Energy Enthusiast |  Web Developer | Editor | Program Management | Speaker,,,,,,,,,17,28,,,,,,1853,
Abhijit Debnath,Abhijit,Debnath,https://www.linkedin.com/in/abhijitdebnathiit,urn:li:member:140055011,abhijitdebnathiit,Varanasi,Uttar Pradesh,India,"Varanasi, Uttar Pradesh, India",International Water Association,SG Coordinator- IWA YWP India,6-10yoe_global_indian,member_urn,,,,,,,,,,,,false,https://media.licdn.com/dms/image/v2/D4D03AQFjVzFHi3q4Mw/profile-displayphoto-shrink_100_100/profile-displayphoto-shrink_100_100/0/1710454255683?e=1788998400&v=beta&t=OL-c-cqknEtpmh7pCuLhrjNbc48Rb2Y2o0KNnInqo9o,false,"Abhijit Debnath is currently pursuing his PhD in Environmental Engineering from the Department of Civil Engineering, IIT (BHU) Varanasi. The topic of his Ph.D. thesis was ""Risk Assessment of Metallic Contamination in River Sediments and their Remediation Using Combined Approach of Adsorption and Phytoextraction"". Prior to that, he had completed my M. Tech in Environmental Engineering from IIT (ISM) Dhanbad. His areas of interest are metallic contamination in river sediments, risk assessment, and transport dynamics in subsurface environments. -Water and wastewater treatment using various eco-friendly and cost-effective viable hybrid methods.-Removal of metals from sediments/aqueous solutions; Bioremediation, sorption studies-Water quality analysis, experimental using various parameters; Microplastics in Rivers/Lakes -Env. Remediation of contaminated sediments through conversion of lignocellulosic feedstocks, etc. -Synthesis of biochar; reactor design & development.-Traffic Noise pollution and Modelling; Noise Control; Artificial Neural Networks; Noise Mapping- Operating knowledge of analytical instruments like Atomic Absorption Spectrophotometer, XRD: Rigaku, TGA: PE 6000, SLM, UV-Vis Spectroscopy, IRMS, Zeta meter, etc.- Environmental sustainabilityReach out to me for research collaborations or publishing articles, reviews, and book chapters.",2198,2026-09-01 17:03:38.642 +0530,International Water Association,https://uk.linkedin.com/company/international-water-association,11185,https://www.scopus.com/authid/detail.uri?authorId=57195279906,,,"{""Indian Institute of Technology (Banaras Hindu University), Varanasi""}",,,,,,,,,,2022,
Sunil Dalapati,Sunil,Dalapati,https://www.linkedin.com/in/sunil-dalapati-74890271,urn:li:member:256052648,sunil-dalapati-74890271,Bengaluru,Karnataka,India,"Bengaluru, Karnataka, India",Scaledge Technology,Account Manager,6-10yoe_global_indian,member_urn,,,,,,,,,,,,false,https://media.licdn.com/dms/image/v2/C4E03AQGGDu1BLeN8CQ/profile-displayphoto-shrink_100_100/profile-displayphoto-shrink_100_100/0/1516447047384?e=1788998400&v=beta&t=66IPBZzgeZGzwLpKNkBrr4Tre1x6EUyF_4L05ClQKM4,false,"Technical Account Management professional with 7 Years of industry experience. Proven experience in Account Management, Customer Success, Client Relationships Management, Problem-solving, Trust Building, Retention, Pre & Post Sales activities, Business Development, Business Operations, Critical deliverance, Planning & Prioritizing, and Business insights.",2190,2026-09-01 17:03:38.642 +0530,"Technical Account Manager, Customer Success",,,,,,,,,,,,,,,,2422,
Bandana Bawri,Bandana,Bawri,https://www.linkedin.com/in/bandana-bawri-304aba118,urn:li:member:492435508,bandana-bawri-304aba118,Gurugram,Haryana,India,"Gurugram, Haryana, India",KPMG India,Team Leader,6-10yoe_global_indian,member_urn,,,,,,,,,,,,false,https://media.licdn.com/dms/image/v2/D5603AQF7rwyB40tdPg/profile-displayphoto-scale_400_400/B56ZylA.Q.IcAg-/0/1772295022449?e=1788998400&v=beta&t=pDhrPQc1UCkqojmTbIo3QXFklT6JLBDUJ90-Zuvn3Z8,false,"A GCC-focused business development and client engagement professional with 9+ years of experience across India’s Global Capability Centers (GCCs) and franchise consulting, specializing in client acquisition, account management, and identifying new growth opportunities. Skilled in building CXO-level relationships and delivering solutions tailored to client needs.",2183,2026-09-01 17:03:38.642 +0530,Business Excellence l Global business Advisory I Digital Business Transformation I Procurement and supply Chain I Global Capability Centers (GCC),,,,,,,,,,,,,,,,2079,
Abhishek Agrawal,Abhishek,Agrawal,https://www.linkedin.com/in/abhishekagrawal001,urn:li:member:279551952,abhishekagrawal001,,,India,India,Technumen,SDET,6-10yoe_global_indian,member_urn,,,,,,,,,,,,false,https://media.licdn.com/dms/image/v2/D5603AQGYtFf2nBD8Dw/profile-displayphoto-shrink_100_100/profile-displayphoto-shrink_100_100/0/1719667827570?e=1788998400&v=beta&t=ybUet7LY24SvJ-X_rQl2NA54mXLM2i48YBsiNCFs2Wo,false,"QA Automation Engineer / SDET with 8+ years of experience building and scaling test automation frameworks from the ground up. Experienced in Cypress, Selenium, and BDD with Cucumber, web, mobile, and API testing, with a strong record of improving test coverage, speeding up regression cycles, and mentoring teams on automation best practices. Skilled in translating business requirements into robust test strategies, test cases, and reports while working in Agile environments.​I have built enterprise-grade frameworks (including 2200+ test cases automated across multiple customer configurations) and led the adoption of automation in teams moving from manual-heavy testing to robust, data-driven regression suites. I enjoy mentoring QA engineers on clean coding practices, reviewing automation PRs, and collaborating closely with developers, product managers to embed quality into every release.I am open to QA Automation / SDET opportunities across India (onsite or hybrid) and fully remote roles worldwide, particularly with product companies, SaaS startups, and engineering-driven teams.",2201,2026-09-01 17:03:38.642 +0530,Senior Automation QA Engineer | Cypress | Selenium | Playwright | UI & API Testing | Built Scalable Test Frameworks | Improving Release Quality & Speed,,,,,,,,,,,,,,,,2564,
Suchandrika Dey,Suchandrika,Dey,https://www.linkedin.com/in/suchandrika-dey-9a8171216,urn:li:member:914108240,suchandrika-dey-9a8171216,Kolkata,West Bengal,India,"Kolkata, West Bengal, India",Oil and Natural Gas Corporation Limited (ONGC),Summer Intern,6-10yoe_global_indian,member_urn,,,,,,,,,,,,false,https://media.licdn.com/dms/image/v2/D5603AQFNFqh_geiCxQ/profile-displayphoto-scale_400_400/B56Zx2r4vRIIAg-/0/1771517743843?e=1788998400&v=beta&t=odvcSaEgq_8jZfCCkAVp_O-2O-bXMBHNPAecIbcW0A0,false,"I'm a final year student at the Indian Institute of Technology (Indian School of Mines), Dhanbad, pursuing MSc-Tech in Applied Geology. I have fascination for the Earth's history, particularly the captivating world of Petroleum Geology, Coal Geology and Sedimentology. Beyond academia, I find balance in my life through a love of sports, the thrill of quizzing, playing flute . These diverse interests contribute to a well-rounded personality and a strong work ethic, allowing me to approach any endeavor with enthusiasm and determination.",2199,2026-09-01 17:03:38.642 +0530,Oil and Natural Gas Corporation Limited (ONGC),https://in.linkedin.com/company/oil-and-natural-gas-corporation-limited-ongc-,10488,,2024,2027,"{""Indian Institute of Technology (Indian School of Mines), Dhanbad""}",,,,,,,,,,2244,
simranjeet arora,simranjeet,arora,https://www.linkedin.com/in/simranjeet-arora-997a5517,urn:li:member:59335747,simranjeet-arora-997a5517,Ludhiana,Punjab,India,"Ludhiana, Punjab, India",,simranjeet,10+yoe_global,member_urn,,,,,,,,,,,,false,https://media.licdn.com/dms/image/v2/C4D03AQGCoxZtKBE6gA/profile-displayphoto-shrink_100_100/profile-displayphoto-shrink_100_100/0/1516770017655?e=1788998400&v=beta&t=wdW2Sphss6Z1kXv4Eejiy6nE7s-6eA47UvZB3pxqqsQ,false,,4017,2026-09-01 21:00:56.853 +0530,Student at Guru Gobind Singh Indraprastha University,,,,,,,,,,,simranjeetkaurnamdhari@gmail.com,,,,,,
Himani S.,Himani,S.,https://www.linkedin.com/in/hs-himani-singh,urn:li:member:653478351,hs-himani-singh,Jamshedpur,Jharkhand,India,"Jamshedpur, Jharkhand, India","Alumni Relations Cell DMS, IIT (ISM) Dhanbad","Jamshedpur, Jharkhand, India | Professional Profile",6-10yoe_global_indian,member_urn,,,,,,,,,,,,false,https://media.licdn.com/dms/image/v2/D5603AQEsEwJWOXbNRQ/profile-displayphoto-scale_400_400/B56Z4g.oQ2GUAg-/0/1778669750316?e=1788998400&v=beta&t=xYdsoox3Ao0E3V_aCP3WsPPa4Rl8WaFoGmA9qwOJIFk,false,"Business Analytics and Operations professional with 4+ years of experience driving business transformation across technology, manufacturing, and AI-enabled environments. An MBA in Business Analytics from IIT (ISM) Dhanbad, I have worked with Infosys, Tata Steel, and AI product development teams to solve complex business problems through analytics, process optimization, and cross-functional collaboration. Throughout my career, I have led initiatives involving operational excellence, business analysis, supply chain process improvement, stakeholder management, product development, and digital transformation. My experience includes designing analytical dashboards, optimizing workflows, translating business requirements into scalable solutions, and leveraging AI technologies to improve operational performance and customer experience. My recent work includes contributing to the development of an AI-powered institutional chatbot using Hybrid RAG architecture, where I collaborated across product and engineering teams to define requirements, improve retrieval quality, and support deployment. I am passionate about transforming data into strategic business decisions and enjoy working at the intersection of business, technology, and operations. I am currently seeking opportunities in Supply Chain, Product Management, Program Management, Project Management, Business Analytics, and Management Consulting, where I can drive measurable business impact through data-driven decision-making and operational excellence.",2189,2026-09-01 17:03:38.642 +0530,"Jamshedpur, Jharkhand, India | Professional Profile",,2526,,,,{},,,,,,,,,,1536,
rameshwar prasad,rameshwar,prasad,https://www.linkedin.com/in/rameshwar-prasad-79677878,urn:li:member:276612450,rameshwar-prasad-79677878,Vadodara,Gujarat,India,"Vadodara, Gujarat, India",consultant,Free Lancer,10+yoe_global,member_urn,,,,,,,,,,,,false,https://media.licdn.com/dms/image/v2/C4E03AQGP1oz3sK_pDw/profile-displayphoto-shrink_100_100/profile-displayphoto-shrink_100_100/0/1516657143019?e=1788998400&v=beta&t=-emF56kK3KoC_0qsn2gLDw34usYmJSoO_n28QK7bQz8,false,"PROJECT Manager: Management of OIL&GAS Fields, processing of Oil & Natural Gas, distribution, Monitoring of Gas sales contract agreement,Overlooking of manpower and its optimum utility, H.S.E implementation as per Standard Petroleum Industry Practices, Over view of Tech training for Staff & officer, Review of project activity progress in monthly meetings, over view of Budget and control of Inventory, Review of Annual Maintenance of Plant vis -a -vis to gas supply to consumers. Commissioning and environment overview and monitoring.",2213,2026-09-01 17:03:38.642 +0530,consultant,,170,,1960,1964,"{""Indian Institute of Technology (Indian School of Mines), Dhanbad""}",,,,,,,,,,1698,
Jalaj Tripathi,Jalaj,Tripathi,https://www.linkedin.com/in/jalajtripathi,urn:li:member:640670935,jalajtripathi,Bengaluru,Karnataka,India,"Bengaluru, Karnataka, India",EY,Senior Consultant,6-10yoe_global_indian,member_urn,,,,,,,,,,,,false,https://media.licdn.com/dms/image/v2/D5603AQHHcYiABdQXOA/profile-displayphoto-shrink_100_100/profile-displayphoto-shrink_100_100/0/1715968310071?e=1788998400&v=beta&t=nPLVCuZzKG6GEKKs6qwYWOGu52IpkuLXbTS9AungCkE,false,"As Associate Manager at Cairn Oil and Gas, I oversee a $72 million Operations & Maintenance contract for crude oil processing and power plant operations. My responsibilities include managing performance-based payment calculations, implementing procurement procedures, and driving cost optimization through strategic sourcing, which has resulted in significant savings for the organization. A B.Tech graduate in Petroleum Engineering from IIT (ISM) Dhanbad, I have honed my skills in supplier relationship management, strategic sourcing, and negotiation. My career is driven by data-informed decisions and collaborative initiatives, ensuring impactful outcomes for complex projects.",2203,2026-09-01 17:03:38.642 +0530,Senior Consultant at - Strategic & Commercial Operations | Procurement Transformation | Strategic Sourcing | Supply Chain | S2P | SAP Ariba,,,,,,,,,,,,,,,,1823,
Tarun Mishra,Tarun,Mishra,https://www.linkedin.com/in/tarun-mishra-3b487729,urn:li:member:100685944,tarun-mishra-3b487729,,,Greater Delhi Area,Greater Delhi Area,DIVITSON,Chief Executive Officer,founders,member_urn,"DIVITSON | Divitson Pvt. Ltd. is a technology-driven enterprise delivering advanced Industrial Technologies, Systems & Applications | Divitson Pvt. Ltd. is a technology-driven enterprise delivering advanced Industrial Technologies, IT infrastructure solutions, enterprise software platforms, and industrial equipment sourced from world-leading OEM partners. Divitson delivers cutting-edge technology infrastructure solutions designed to power modern enterprises and industrial operations.",0,2026,"Technology, Information and Internet",115054310,https://www.linkedin.com/company/divitson,"Delhi, India",,https://www.divitson.com/,"Divitson Pvt. Ltd. is a technology-driven enterprise delivering advanced Industrial Technologies, Equipment, Systems & Applications",3/2026,false,,false,"We make enterprises more productive with advanced IT Solutions, like ERP, Cloud, Cybersecurity, and AI.We deliver cutting-edge Industrial Technologies (Hardware and Equipment) from leading global OEMs and Product companies with the best value proposition.",3346,2026-08-25 00:00:00.000 +0530,,,,,,,,,,17,28,,,,,,481,
Tejomai Kandru,Tejomai,Kandru,https://www.linkedin.com/in/tejomai-kandru-97116227,urn:li:member:92943589,tejomai-kandru-97116227,Bengaluru,Karnataka,India,"Bengaluru, Karnataka, India",Amazon,"Bengaluru, Karnataka, India | Professional Profile",6-10yoe_global_indian,member_urn,,,,,,,,,,,,false,https://media.licdn.com/dms/image/v2/C4D03AQFoaAK4nl1Yuw/profile-displayphoto-shrink_100_100/profile-displayphoto-shrink_100_100/0/1517439557292?e=1788998400&v=beta&t=6eKu-3pZA2LPxv_VoTB415XgrGyedAnn6IL6GE9Xhqc,false,"Location: Bengaluru · 346 connections on LinkedIn. View Tejomai Kandru’s profile on LinkedIn, a professional community of 1 billion members.",2202,2026-09-01 17:03:38.642 +0530,"Bengaluru, Karnataka, India | Professional Profile",,342,,2008,2012,"{""Indian Institute of Technology (Indian School of Mines), Dhanbad""}",,,,,,,,,,392,
PRATIVA SWAIN,PRATIVA,SWAIN,https://www.linkedin.com/in/prativa-swain-8727812aa,urn:li:member:1250051990,prativa-swain-8727812aa,Dhanbad,Jharkhand,India,"Dhanbad, Jharkhand, India","Indian Institute of Technology (Indian School of Mines), Dhanbad",,6-10yoe_global_indian,member_urn,,,,,,,,,,,,false,https://media.licdn.com/dms/image/v2/D5603AQErV73bKUh06A/profile-displayphoto-scale_400_400/B56Z6iSWV.IQAg-/0/1780839181055?e=1788998400&v=beta&t=fkvL0SfLqbe9w58qdEjPzpjMC3eB5iqacECyYdEvd38,false,"I am recently submitted my Ph.D. Thesis in RF and Microwave Engineering (submission date: 04-08-2026) from the Department of Electronics Engineering at Indian Institute of Technology (Indian school of Mines) Dhanbad, Dhanbad, India. My research expertise lies in the Dual-Beam and self-Diplexing antennas based on SIW technology for millimeter-wave communication, passive coupler, power divider, matching network. My research focuses on the development of high-performance, miniaturized RF, microwave, and millimeter-wave antennas. Through this work, I have hands-on experience with PCB-based antenna design, simulation, optimization, RF validation, technical documentation, publication, vector network analyzer (VNA), spectrum network analyzer (SNA), and anechoic chamber. I have practical experience with the necessary precautions and measurement procedures for accurate far-field radiation pattern, gain, and axial-ratio characterization in an anechoic chamber.I am also passionate about teaching, mentoring, and collaborative research, and I am eager to explore opportunities in R&D, academia, or industry where I can apply my expertise to real-world technological innovations.",2241,2026-09-01 17:03:38.642 +0530,"Indian Institute of Technology (Indian School of Mines), Dhanbad",,,,,,,,,,,,,,,,1988,
Sevak Kumar,Sevak,Kumar,https://www.linkedin.com/in/georgian3330,urn:li:member:978945277,georgian3330,Bihar Sharif,Bihar,India,"Bihar Sharif, Bihar, India",LiveTalksISM,Media and Design,6-10yoe_global_indian,member_urn,,,,,,,,,,,,false,https://media.licdn.com/dms/image/v2/D5603AQGcBYfToXPPYg/profile-displayphoto-scale_400_400/B56aAI9ZkuG4Ag-/0/1786856709863?e=1788998400&v=beta&t=W3tkqxe3zx71nEJbOMB2BYBj8qcj1JdIQkMtPZZS4ok,false,"With a strong interest in data science, analytics, and machine learning. My journey began with a curiosity to understand how data can uncover insights and drive smarter decisions — a curiosity that has evolved into hands-on experience building analytical and predictive models. I’ve developed and deployed projects such as: Celebrity Image Classification using Convolutional Neural Networks (CNNs) with TensorFlow and Keras. Airbnb New User Booking Prediction, leveraging Pandas, Scikit-learn, and XGBoost to extract meaningful patterns and predict user behavior. Library Management System demonstrating my understanding of data structures, algorithms, and system design through object-oriented principles. My technical skill set includes Python (NumPy, Pandas, Matplotlib, Seaborn, Scikit-learn, TensorFlow, Keras), C++, SQL, and data visualization tools like Tableau, Power BI, and Excel. I’m also comfortable with core concepts like statistics, probability, regression, and clustering — and I’m passionate about using these to turn complex datasets into actionable insights.",2232,2026-09-01 17:03:38.642 +0530,M.Tech (Mine Environment) | IIT (BHU) Varanasi || Mining Engg. Graduate | IIT (ISM) Dhanbad || Georgian | RMS Dholpur,,,,,,,,,,,,,,,,2106,
Ashish Bansal,Ashish,Bansal,https://www.linkedin.com/in/ashish-bansal-64112256,urn:li:member:197369617,ashish-bansal-64112256,Jaipur,Rajasthan,India,"Jaipur, Rajasthan, India",Samsung Electronics,Caregiving,6-10yoe_global_indian,member_urn,,,,,,,,,,,,false,https://media.licdn.com/dms/image/v2/C5103AQHs7TiganftGA/profile-displayphoto-shrink_100_100/profile-displayphoto-shrink_100_100/0/1577890222775?e=1788998400&v=beta&t=1MD7tzCVsOA10mlTZ1q__A8rSvkbk4SB1kd6geXGhjc,false,"Results-driven engineer with extensive experience in the consumer electronics industry. Possesses s expertise in LTE, 3G, and 2G wireless communication technologies, along with a deep understanding of protocol stack architecture and 3GPP standards. Experienced in working on Samsung devices powered by Unisoc, MediaTek, and Shannon chipsets. Demonstrates excellent analytical and troubleshooting skills, with a proactive approach to problem-solving and a strong passion for learning and adopting emerging technologies.Specialities :5G , LTE, , 3G, 2G,.Good understanding of NAS layer procedures (EMM, ESM, MM, GMM) and AS layer functioning including RRC layers.Debugging of GCF/PTCRB test cases in compliance with TS 36.523-1, TS 34.123-1.Debugging of ATT (10776), TMO (v26) and VZW test cases.Hands on experience of test equipments such as R&S CMW500, Anritsu MDM8475A, Agilent 8960.",2217,2026-09-01 17:03:38.642 +0530,"Lead Engineer at Samsung Electronics, India",,,,,,,,,,,,,,,,2399,
