full_name,first_name,last_name,linkedin_url,member_urn,public_identifier,city,state,country,location,company,job_title,source_file,dedup_key_used,company_description,company_employees,company_founded_year,company_industry,company_linkedin_id,company_linkedin_url,company_location,company_specialities,company_website,job_description,job_started_on,premium,profile_picture_url,recently_hired,summary,id,last_updated,headline,company_url,followers_count,personal_website,ism_batch_start,ism_batch_end,colleges,mobile_number,remark,category_1,category_2,personal_email,work_email,assumed_mobile_no,branch,degree,company_id,lead_status
Govind Kr Sonar,Govind Kr,Sonar,https://www.linkedin.com/in/govind-kr-sonar-0209a7158,urn:li:member:635487576,govind-kr-sonar-0209a7158,Sambalpur,Odisha,India,"Sambalpur, Odisha, India",Aditya Birla Group - Hindalco Industries Limited,Area Head - Geologist,founders,member_urn,,,,,,,,,,"Ensure Coal Quality and Coal Logistics from different mines of CIL,NLC and OCPL. QCI monitoring and grade reconciliation.",11/2022,false,,false,,3531,2026-08-25 00:00:00.000 +0530,,,,,,,,,,,,,,,,,1503,
Ankur Kumar,Ankur,Kumar,https://www.linkedin.com/in/ankur-kumar-12b322b4,urn:li:member:406885427,ankur-kumar-12b322b4,Ranchi,Jharkhand,India,"Ranchi, Jharkhand, India",Coal India Limited,Deputy Manager,6-10yoe_global_indian,member_urn,Notice - This is not an official page of Coal India Limited. We are in the process of taking it down. Thanks,8112,1975,Mining,574498,https://in.linkedin.com/company/coal-india-limited,"Kolkata, West Bengal, India",,,,2/2026,false,https://media.licdn.com/dms/image/v2/C5603AQEdQ_0HGkDvHw/profile-displayphoto-shrink_100_100/profile-displayphoto-shrink_100_100/0/1637246445202?e=1788998400&v=beta&t=QOM_zB8OcloHJbVntJESFTYplVDXFD2BsOa0lh91UNY,false,,2590,2026-08-25 00:00:00.000 +0530,,,,,,,,,,,,,,,,,86,
Vaishnav Gangasagar,Vaishnav,Gangasagar,https://www.linkedin.com/in/vaishnav-gangasagar-665808126,urn:li:member:521566637,vaishnav-gangasagar-665808126,Madhya Pradesh,,India,"Madhya Pradesh, India",Coal India Limited,Deputy Manager,6-10yoe_global_indian,member_urn,Notice - This is not an official page of Coal India Limited. We are in the process of taking it down. Thanks,8112,1975,Mining,574498,https://in.linkedin.com/company/coal-india-limited,"Kolkata, West Bengal, India",,,,1/2025,false,https://media.licdn.com/dms/image/v2/D5603AQGL571xBiu7LQ/profile-displayphoto-shrink_100_100/B56ZOYXasXGgAY-/0/1733428097907?e=1788998400&v=beta&t=PW7PL7qNzF36MJu8Pqd-5UcM9HeJ6EzujuZtgoJDR88,false,,2589,2026-08-25 00:00:00.000 +0530,,,,,,,,,,,,,,,,,86,
Bhanuchandar Banothu,Bhanuchandar,Banothu,https://www.linkedin.com/in/bhanuchandar-banothu-036a44103,urn:li:member:441517866,bhanuchandar-banothu-036a44103,,,India,India,Coal India Limited,Assistant Manager,6-10yoe_global_indian,member_urn,Notice - This is not an official page of Coal India Limited. We are in the process of taking it down. Thanks,8112,1975,Mining,574498,https://in.linkedin.com/company/coal-india-limited,"Kolkata, West Bengal, India",,,,7/2016,false,https://media.licdn.com/dms/image/v2/C5603AQHKnWyNrXhlWA/profile-displayphoto-shrink_100_100/profile-displayphoto-shrink_100_100/0/1517075763787?e=1788998400&v=beta&t=HJDfJHJeIJ_6PrttqSTh3wgrGEW80K76eGrl7DhoCsM,false,,2596,2026-08-25 00:00:00.000 +0530,,,,,,,,,,,,,,,,,86,
Anurag Kumar,Anurag,Kumar,https://www.linkedin.com/in/anurag-kumar-132a79a6,urn:li:member:378883190,anurag-kumar-132a79a6,Dhanbad,Jharkhand,India,"Dhanbad, Jharkhand, India",Coal India Limited,Assistant Manager,6-10yoe_global_indian,member_urn,Notice - This is not an official page of Coal India Limited. We are in the process of taking it down. Thanks,8112,1975,Mining,574498,https://in.linkedin.com/company/coal-india-limited,"Kolkata, West Bengal, India",,,,11/2017,false,https://media.licdn.com/dms/image/v2/C5103AQFHhBEdwBTmpw/profile-displayphoto-shrink_100_100/profile-displayphoto-shrink_100_100/0/1537113058873?e=1788998400&v=beta&t=DM-itqmEzu99jgqyKpnOx8-eQqKbLzQTzXST8_6SbVQ,false,,2595,2026-08-25 00:00:00.000 +0530,,,,,,,,,,,,,,,,,86,
Abhishek Biswas,Abhishek,Biswas,https://www.linkedin.com/in/abhishekb93,urn:li:member:309238427,abhishekb93,Gurgaon,Haryana,India,"Gurgaon, Haryana, India",Alvarez & Marsal,Director,6-10yoe_global_indian,member_urn,"Alvarez & Marsal is a leading global professional services firm dedicated to helping organizations tackle their most complex business issues, maximize stakeholder value, and deliver sustainable change. Privately held since its founding in 1983, clients select us for our deep expertise and proven ability to create and deliver practical solutions to their unique problems. Leveraging A&M’s restructuring heritage, our fact-driven, action-oriented approach empowers organizations to drive transformation and unlock value at every stage of growth. Our worldwide network extends across six continents, with over 10,000 people comprised of experienced operators, world-class consultants, former regulators and industry authorities. We foster a uniquely collaborative environment that embraces our peoples’ diverse perspectives and A&M’s entrepreneurial spirit to deliver end-to-end capabilities that span advisory, business performance improvement, and turnaround management. When action matters, find us at www.alvarezandmarsal.com.",14191,,Business Consulting and Services,162399,https://www.linkedin.com/company/alvarez-&-marsal,"New York, New York, United States","professional services, performance improvement, turnaround and restructuring, tax advisory, real estate advisory, litigation support, financial services advisory, transaction advisory, private equity services, valuation services, healthcare, retail, energy, insurance, Arbitration services, consulting, travel and hospitality, and digital",http://www.alvarezandmarsal.com,Business Transformation Services - Energy & Resources,12/2024,true,https://media.licdn.com/dms/image/v2/D5603AQHwj-r5RJk32w/profile-displayphoto-scale_200_200/B56Zrnt8DDLMAc-/0/1764824171977?e=1788998400&v=beta&t=67pN3UAIJPZLvvelfkOB9PA3ryOsxqjQXHfjfKXrowA,false,,2594,2026-08-25 00:00:00.000 +0530,,,,,,,,,,,,,,,,,390,
Imran Shaik,Imran,Shaik,https://www.linkedin.com/in/imran-shaik-930127a0,urn:li:member:358621812,imran-shaik-930127a0,Hyderabad,Telangana,India,"Hyderabad, Telangana, India",CustomerInsights.AI,Director,6-10yoe_global_indian,member_urn,"Insights, Democratized. CustomerInsights.AI is a platform-led analytics as a service company built exclusively for the life sciences industry. Founded in 2018 by pharma and analytics leaders, we believe insights should not live in silos. They should be democratized across the organization using Agentic AI to improve commercial performance and create a sustainable competitive advantage. We bring together deep expertise in life sciences commercial operations with advanced Agentic AI, AI/ML, and automation capabilities to help teams transform complex data into trusted, actionable intelligence faster and at scale. Our clients range from emerging biotech companies to some of the world’s leading global pharma organizations. Our solutions are purpose-built to eliminate analytics friction & enable autonomous, explainable decision-making across the commercial value chain. ™: A modular Commercial Analytics Cloud powering 40+ configurable applications across commercial operations, marketing, market access, and advanced analytics. Designed specifically for life sciences. : Our next-generation Agentic AI platform that transforms how insights are discovered, orchestrated, and shared. Built on life sciences data and workflows, ciATHENA uses specialized AI agents to enable teams to interact with data using natural language, collaborate seamlessly, and drive decisions without reliance on technical or central analytics teams. Agentic AI sits at the core of our vision for autonomous, explainable, and trusted commercial intelligence. CustomerInsights.AI is a rapidly growing global organization with teams across North America and India, leveraging deep domain expertise and advanced technologies to drive measurable and repeatable business impact. Recognized by Gartner and featured in the Inc. 5000 list of fastest-growing private companies, we are shaping the next generation of Agentic AI-powered commercial intelligence for life sciences.",179,2018,"Technology, Information and Internet",14065864,http://www.linkedin.com/company/customer-insights-ai,"Scottsdale, Arizona, United States","Life Sciences Experts, AI Solutions, Dashboards, Reporting, Automation, Data Management, AI Driven Insights, Machine Learning, Sales and Marketing, Enterprise Software Platforms, Sales Operations, Incentive Compensation Design, Market Access, Sales Force Effectiveness, Managed Care, Revenue Forecasting, Territory Design, MDM, BioPharma, Pharma, and Agentic AI",https://www.customerinsights.ai/,,4/2026,false,https://media.licdn.com/dms/image/v2/D5603AQEJkc4jJuZ-PQ/profile-displayphoto-shrink_800_800/B56ZRTsvycHwAc-/0/1736571027262?e=1788998400&v=beta&t=mL_bW03TOqTz7SoQw_kuCNwjgLbV4-du8a0goj0_Tis,false,,2606,2026-08-25 00:00:00.000 +0530,,,,,,,,,,,,,,,,,967,
Bishal Sarkar,Bishal,Sarkar,https://www.linkedin.com/in/bishal-sarkar-2b4634125,urn:li:member:518137768,bishal-sarkar-2b4634125,Mumbai,Maharashtra,India,"Mumbai, Maharashtra, India",Oil and Natural Gas Corporation Limited (ONGC),Executive Engineer (Production),founders,member_urn,External link for Oil and Natural Gas Corporation Limited (ONGC),2585,,Oil and Gas,33619057,http://www.linkedin.com/company/oil-and-natural-gas-corporation-limited-ongc-,"Delhi Cantonment, Delhi, India",,https://ongcindia.com/,,1/2025,false,,false,,3551,2026-08-25 00:00:00.000 +0530,,,,,,,,,,,,,,,,,1251,
Kumar Manish,Kumar,Manish,https://www.linkedin.com/in/kumar-manish-33b4734,urn:li:member:13090079,kumar-manish-33b4734,,,India,India,Self-employed,"M&A, ESG, Funds raise, consulting",10+yoe_global,member_urn,,,,,,,,,,,7/2024,false,,false,"Specialties: Institutional Equity, Equity Research, Consulting, ESG",2598,2026-08-25 00:00:00.000 +0530,,,,,,,,,,,,,,,,,2433,
Hemanta Mukherjee,Hemanta,Mukherjee,https://www.linkedin.com/in/hemanta-mukherjee-7297372b,urn:li:member:106326609,hemanta-mukherjee-7297372b,,,Greater Kolkata Area,Greater Kolkata Area,iPoint LLC,"President, Consultant",10+yoe_global,member_urn,,,,,,,,,,"A consulting company specializing in all aspects of petroleum production, completion and artificial lift engineering, due diligence, expert witness and engineering training.",1/2005,false,,false,"Forty plus years' of experience in the areas of Petroleum Production, Well Completion and Reservoir Engineering Operations, Marketing and R&D in the US and in many parts of the world with publications of numerous articles in reputable Journals and a SPE Monograph. Presently runs iPoint LLC as a consultant to Oil and Gas Production and Service companies around the world. As a consultant this company also provides engineering support in production optimization. Dr. Mukherjee also offers engineering training courses in areas of his expertise mentioned earlier - often customised for individual client requirements. Example of courses offerred, Petroleum Production Engineering (Nodal Analysis), Artificial Lift Methods (Plunger Lift, Gas Lift, ESP, PCP and Beam or Rod Pump), Basic Reservoir Engineering, Fracture Design and Evaluation, Production Log Interpretation etc.",2599,2026-08-25 00:00:00.000 +0530,,,,,,,,,,,,,,,,,2024,
Mukesh Verma,Mukesh,Verma,https://www.linkedin.com/in/mukesh-verma-426a8217,urn:li:member:59391966,mukesh-verma-426a8217,Delhi,,India,"Delhi, India",SAP MARINE INTERNATIONAL,Director,10+yoe_global,member_urn,,,,,,,,,,,6/2024,false,https://media.licdn.com/dms/image/v2/D5603AQEf5JrjZFo_Cw/profile-displayphoto-shrink_100_100/profile-displayphoto-shrink_100_100/0/1730111293723?e=1788998400&v=beta&t=ge886eJ1gGCj2W5160seuDDdNBhh9KBXan8RUegprow,false,,2637,2026-08-25 00:00:00.000 +0530,,,,,,,,,,,,,,,,,2407,
mukesh kumar,mukesh,kumar,https://www.linkedin.com/in/mukesh-kumar-07497730,urn:li:member:109892248,mukesh-kumar-07497730,Wani,Maharashtra,India,"Wani, Maharashtra, India",Coal India Limited,mining engineer,founders,member_urn,Notice - This is not an official page of Coal India Limited. We are in the process of taking it down. Thanks,8168,1975,Mining,574498,https://in.linkedin.com/company/coal-india-limited,"Kolkata, West Bengal, India",,,,,false,,false,,3557,2026-08-25 00:00:00.000 +0530,,,,,,,,,,,,,,,,,86,
Ashish Jha,Ashish,Jha,https://www.linkedin.com/in/ashishj96,urn:li:member:477511385,ashishj96,Gurgaon,Haryana,India,"Gurgaon, Haryana, India",Skydda.ai,Principal Software Engineer,6-10yoe_global_indian,member_urn,"Skydda.ai | 247 followers on LinkedIn. Attackers now move at machine speed. Skydda helps defenders keep up. | Purpose: Revolutionizing Cybersecurity: Our innovative platform robustly guards against privileged abuse and data breaches, ensuring your data's utmost protection. Etymology: “Skydda” is Swedish for Protect. Join Us: jobs@skydda.ai",5,2024,Software Development,102571129,https://www.linkedin.com/company/skydda-ai,"Seattle, Washington, United States",Cybersecurity and Artificial Intelligence,https://skydda.ai/,Building next-gen agentic cybersecurity solutions.,4/2026,false,https://media.licdn.com/dms/image/v2/C5103AQFzpniXQzVucQ/profile-displayphoto-shrink_100_100/profile-displayphoto-shrink_100_100/0/1537534035803?e=1788998400&v=beta&t=TYIj21Z96iaOfGSLNscVSuHwtPyYJsJJvGA2Es_7N6Q,false,,2612,2026-08-25 00:00:00.000 +0530,,,,,,,,,,,,,,,,,712,
Sukoushal Jain,Sukoushal,Jain,https://www.linkedin.com/in/sukoushal-jain,urn:li:member:156928300,sukoushal-jain,Jabalpur,Madhya Pradesh,India,"Jabalpur, Madhya Pradesh, India",My App Broker,Co-Founder,founders,member_urn,India's Premier App Brokrage & Growth Accelerator,3,2025,IT Services and IT Consulting,106014127,http://www.linkedin.com/company/my-app-broker,"Jabalpur, Madhya Pradesh, India","merger and acquisition, app sell, and app buy",http://myappbroker.com/,,2/2025,false,,false,,3561,2026-08-25 00:00:00.000 +0530,,,,,,,,,,17,28,,,,,,1218,
Shubham Modi,Shubham,Modi,https://www.linkedin.com/in/shubham-modi-829b6710b,urn:li:member:465702369,shubham-modi-829b6710b,Kolkata,West Bengal,India,"Kolkata, West Bengal, India",Subham Oils and Resins Pvt Ltd,Managing Director,6-10yoe_global_indian,member_urn,"With an experience of almost 25 years and strong team we have been successfully catering to the paint and printing ink industry for decades. Our expertise lies in synthetic resin and specialty resins such as phenolic resin, acrylic resin and polyester resin. We work on a pan india basis and are one of the largest exporters of synthetic resin to Nepal.",17,2008,Chemical Manufacturing,27931301,http://www.linkedin.com/company/subham-oils-&-resins-private-limited,,,http://subhamoils.com,,3/2020,false,https://media.licdn.com/dms/image/v2/C5603AQGK4fhcxdCQRg/profile-displayphoto-shrink_100_100/profile-displayphoto-shrink_100_100/0/1604560466726?e=1788998400&v=beta&t=KphPEo8V4UQU_9-tEftxceWGkuv19KGBvBMMRpolN18,false,,2610,2026-08-25 00:00:00.000 +0530,,,,,,,,,,,,,,,,,1387,
Vivek Sharma,Vivek,Sharma,https://www.linkedin.com/in/vivek-sharma-35942054,urn:li:member:192140277,vivek-sharma-35942054,Mumbai,Maharashtra,India,"Mumbai, Maharashtra, India",Tata Steel,Sr. Area Manager HRBP,6-10yoe_global_indian,member_urn,"Tata Steel is one of the world’s most diversified integrated steel producers, with a capacity of 35 million tonnes per annum (MTPA) across India, the Netherlands, the UK, and Thailand. The World Economic Forum has recognised Tata Steel’s Jamshedpur, Kalinganagar and IJmuiden plants as Manufacturing Lighthouses. With over 76,000 employees worldwide, Tata Steel is a Great Place to Work®-certified organisation. In India, Tata Steel operates in Jamshedpur and Gamharia in Jharkhand, and in Kalinganagar (including Neelachal Ispat Nigam Limited) and Meramandali in Odisha, with an overall capacity of 26.6 MTPA. The Company has captive mining operations in India, including collieries in Jharia and West Bokaro, as well as iron ore mines in Noamundi, Katamati, Joda East, Khondbond, Vijaya II, and Koida. It also operates iron ore assets in Labrador and Northern Quebec, Canada. Tata Steel aims to achieve Net Zero emissions by 2045. The upcoming 0.75 MTPA electric arc furnace-based steelmaking facility in Ludhiana is the Company’s first low-emission plant in India. In the UK, Tata Steel is transitioning to a 3.2 MTPA EAF-based steelmaking route, following the decommissioning of its heavy-end assets in 2024. In 2025, the Government of the Netherlands and Tata Steel signed a non-binding Joint Letter of Intent for the first phase of the transition to low-emission steel production at IJmuiden. Focused on sustainability, innovation, agility, and fostering deep relationships with customers and communities, Tata Steel aspires to become the most respected and valuable metals and mining company globally.",58348,,Mining,166262,https://fr.linkedin.com/company/tatasteelltd,"Mumbai, Maharashtra, India","steelmaking, engineering, mining, steel products, steel solutions, steel research et engineering",https://www.tatasteel.com,,7/2025,false,,false,"Steering Tata Steel's productivity improvement journey as Area Manager, my expertise in industrial engineering propels organizational effectiveness. Specializing in strategic human resource planning and restructuring, I've honed a distinctive skill set that includes lean management and Six Sigma methodologies. Our team's commitment to operational excellence has been instrumental in enhancing productivity. With a strong foundation in human resource development, I advocate for continuous improvement and strategic agility within our dynamic industry.",2629,2026-08-25 00:00:00.000 +0530,,,,,,,,,,,,,,,,,29,
Pradeep Kumar A.,Pradeep Kumar,A.,https://www.linkedin.com/in/pradeepkumaraki,urn:li:member:341807957,pradeepkumaraki,Bengaluru,Karnataka,India,"Bengaluru, Karnataka, India",Morgan Stanley,Director(SDE-3),6-10yoe_global_indian,member_urn,"Morgan Stanley is a leading global financial services firm providing investment banking, securities, wealth management and investment management services. With a 90-year history, Morgan Stanley today operates in 42 countries serving corporations, governments, institutions, families and individuals. Morgan Stanley is a talent business that demands ongoing investment in our people. Key drivers of our success have been the breadth and tenure of our talent, as well as a unique culture and a set of values that guide our employees. We view Morgan Stanley’s talent and culture as a key competitive advantage enabling the Firm to achieve its potential and drive future success. As an integrated firm with scaled capabilities, we partner with clients at every stage of their financial journey. Our ability to do so is grounded in four pillars that define Morgan Stanley: a clear and consistent strategy to help clients raise, manage and allocate capital; a culture grounded in rigor, humility and partnership; financial strength through capital, earnings power and durability; and growth driven by smart, strategic investment globally. These pillars enable Morgan Stanley to provide trusted advice, operate with resilience across market cycles and deliver long-term value to our clients and shareholders. Social Media Disclosures: mgstn.ly/SocialDisclosure",102982,,Financial Services,497017,https://www.linkedin.com/company/morgan-stanley,"New York, New York, United States","Sales & Trading, Investment Banking, Investment Management, Prime Brokerage, Research, Institutional Consulting, Wealth Management, and Private Wealth Management",http://www.morganstanley.com,"- Leading the architecture, design, and development of cloud-native backend services on AWS and Azure, aligned with enterprise security and governance standards. - Collaborating closely with cross-functional stakeholders to deliver reliable, high-performance solutions.",1/2025,false,,false,"As a Director at Morgan Stanley with over seven years of experience in software development, I specialize in designing and implementing high-performance, scalable DataStore solutions. My work prioritizes advanced features such as bitemporality and referential transparency, supported by expertise in operating systems, computer networks, and data structures. At Morgan Stanley, I lead the design and enhancement of the Data Access Layer (DAL), ensuring seamless integration and scalability across Azure and AWS cloud platforms. My focus remains on leveraging innovative data architecture strategies to deliver impactful, robust, and efficient solutions that align with organizational objectives.",2626,2026-08-25 00:00:00.000 +0530,,,,,,,,,,,,,,,,,616,
Anmol Gupta,Anmol,Gupta,https://www.linkedin.com/in/anmol-gupta7,urn:li:member:701008984,anmol-gupta7,,,India,India,Atlassian,Software Engineer II,founders,member_urn,"Atlassian powers the collaboration that helps teams accomplish what would otherwise be impossible alone. From space missions and motor racing to bugs in code and IT requests, no task is too large or too small with the right team, the right tools, and the right practices. Over 300,000 global companies and 80% of the Fortune 500 rely on Atlassian’s software, like Jira, Confluence, Loom, and Trello, to help their teams work better together and deliver quality results on time. With our 300,000+ customers and team of 10,000+ Atlassians, we are building the next generation of team collaboration and productivity software. We believe the power of teams has the potential to change the world — one that is more open, authentic, and inclusive.",16886,2002,Software Development,22688,https://www.linkedin.com/company/atlassian,"Millers Point, New South Wales, Australia","b2b enterprise software, bug tracker, issue tracker, enterprise wiki, corporate wiki, business wiki, team collaboration, project management, downtime communication, work management, teamwork, and personal productivity",https://atlassian.com/,,2/2025,false,,false,"Are my posts Getting So Good that People are coming to read my Bio ? Sorry for the Bad Joke . So Basically : - I am a Software Engineer working in Atlassian. During my Software Engineering Career, I've worked with multiple programming languages, frameworks, and technologies such as Java, Python, TypeScript, React, Kafka, Elastic Search, Redis, Docker and GCP. - I have started and failed 5 startups before my first successful startup that scaled to 50+ customers. If you are an early stage startup founder, I can help you with tech and growth strategy !! - I have pursued B.Tech in Computer Science and Engineering from IIT(ISM) Dhanbad and graduated in 2022 - I have been an investor from the past 4 years across equity, crypto ,real-estate and gold - I have been a gym rat for the last 3 years - I also fell in love with writing articles on LinkedIn as well In short, just a normal human being living life !! I write posts regarding Software Engineering, Agentic AI, Health, Wealth, Dark Comedy, Solar System and anything that exists. Still there, Do you have a secret crush on me ? Just kidding, I am always just a DM away !!",2654,2026-08-25 00:00:00.000 +0530,,,,,,,,,,,,,,,,,410,
ABHISHEK CHAUDHARY,ABHISHEK,CHAUDHARY,https://www.linkedin.com/in/abhishek-chaudhary-9b2374137,urn:li:member:559278998,abhishek-chaudhary-9b2374137,Bengaluru,Karnataka,India,"Bengaluru, Karnataka, India",Red Hat,Senior Software Engineer,6-10yoe_global_indian,member_urn,"Red Hat is the world’s leading provider of enterprise open source solutions, using a community-powered approach to deliver high-performing Linux, hybrid cloud, edge, and Kubernetes technologies. We hire creative, passionate people who are ready to contribute their ideas, help solve complex problems, and make an impact. Opportunities are open. Join us.",19501,1993,Software Development,3545,https://www.linkedin.com/company/red-hat,"Raleigh, North Carolina, United States","cloud computing, hybrid cloud management, Linux, open source, virtualization, storage, middleware, containers, mobile, and OpenStack",http://www.redhat.com,,1/2025,false,https://media.licdn.com/dms/image/v2/C5103AQFzQM9p8GMdRw/profile-displayphoto-shrink_100_100/profile-displayphoto-shrink_100_100/0/1549302861524?e=1788998400&v=beta&t=DSbzrCtwxQXAJ--tF4Jssr1DRK24AuYh2FoISICfs8A,false,,2641,2026-08-25 00:00:00.000 +0530,,,,,,,,,,,,,,,,,680,
Alok Rai,Alok,Rai,https://www.linkedin.com/in/alok-rai-5bb4416,urn:li:member:18996767,alok-rai-5bb4416,Bengaluru,Karnataka,India,"Bengaluru, Karnataka, India",TeXeeD,"CEO, TeXeeD",founders,member_urn,,,,,,,,,,"TeXeeD has been founded with a vision to bring together two aspects of the IT field : new product development and software service offerings. We believe that the technology is growing so fast that concentrating on a single products for quite few years is not a good synonym for GROWTH, and only providing services to the other giants mean being at the tail of technology. Bringing both these together under one shed makes sure, you are in touch with 100s of prospectives in your client companies, and incorporate all these prospectives in your next niche product.",1/2009,false,,false,,3576,2026-08-25 00:00:00.000 +0530,,,,,,,,,,17,28,,,,,,2567,
Kanailal Mukherjee,Kanailal,Mukherjee,https://www.linkedin.com/in/mukhkan,urn:li:member:48488750,mukhkan,,,India,India,Consultant,Cloud Solutions Architect,10+yoe_global,member_urn,,,,,,,,,,,,false,,false,"As a Cloud Solutions Architect with over 20 years of experience, I specialize in transforming complex business challenges into scalable, cost-optimized cloud solutions for Fortune 500 clients in BFSI, retail, and capital markets. I’ve led teams of 15–20+ members to architect enterprise-grade AWS/Azure/GCP environments, reducing infrastructure costs by 25%+ through rightsizing, serverless adoption, and FinOps governance. My work includes designing CI/CD pipelines, modernizing legacy systems, and aligning cloud strategies with Well-Architected Framework pillars. Certifications: AWS Solutions Architect – Pro, Azure Solutions Architect Expert, CKA, Terraform Associate. Let’s connect to discuss cloud strategy, DevSecOps, or hybrid cloud innovation!",2631,2026-08-25 00:00:00.000 +0530,,,,,,,,,,,,,,,,,1699,
hima bindu,hima,bindu,https://www.linkedin.com/in/hima-bindu-b13b621a2,urn:li:member:797138367,hima-bindu-b13b621a2,Baripada,Odisha,India,"Baripada, Odisha, India",MSCB UNIVERSITY Baripada Odisha,Professor,10+yoe_global,member_urn,,,,,,,,,,,7/2012,false,https://media.licdn.com/dms/image/v2/C5103AQG0gJ5B3-YiOw/profile-displayphoto-shrink_100_100/profile-displayphoto-shrink_100_100/0/1582084518795?e=1788998400&v=beta&t=H6fHacM3wZdKDt-l57JgLfn7KseNvxoAzkgXuyXXjz8,false,,2634,2026-08-25 00:00:00.000 +0530,,,,,,,,,,,,,,,,,2181,
Ankur Shandilya,Ankur,Shandilya,https://www.linkedin.com/in/ankur-shandilya-b602a6112,urn:li:member:472502520,ankur-shandilya-b602a6112,Darbhanga,Bihar,India,"Darbhanga, Bihar, India",Tata Steel,Area Manager Operations,6-10yoe_global_indian,member_urn,"Tata Steel is one of the world’s most diversified integrated steel producers, with a capacity of 35 million tonnes per annum (MTPA) across India, the Netherlands, the UK, and Thailand. The World Economic Forum has recognised Tata Steel’s Jamshedpur, Kalinganagar and IJmuiden plants as Manufacturing Lighthouses. With over 76,000 employees worldwide, Tata Steel is a Great Place to Work®-certified organisation. In India, Tata Steel operates in Jamshedpur and Gamharia in Jharkhand, and in Kalinganagar (including Neelachal Ispat Nigam Limited) and Meramandali in Odisha, with an overall capacity of 26.6 MTPA. The Company has captive mining operations in India, including collieries in Jharia and West Bokaro, as well as iron ore mines in Noamundi, Katamati, Joda East, Khondbond, Vijaya II, and Koida. It also operates iron ore assets in Labrador and Northern Quebec, Canada. Tata Steel aims to achieve Net Zero emissions by 2045. The upcoming 0.75 MTPA electric arc furnace-based steelmaking facility in Ludhiana is the Company’s first low-emission plant in India. In the UK, Tata Steel is transitioning to a 3.2 MTPA EAF-based steelmaking route, following the decommissioning of its heavy-end assets in 2024. In 2025, the Government of the Netherlands and Tata Steel signed a non-binding Joint Letter of Intent for the first phase of the transition to low-emission steel production at IJmuiden. Focused on sustainability, innovation, agility, and fostering deep relationships with customers and communities, Tata Steel aspires to become the most respected and valuable metals and mining company globally.",58348,,Mining,166262,https://fr.linkedin.com/company/tatasteelltd,"Mumbai, Maharashtra, India","steelmaking, engineering, mining, steel products, steel solutions, steel research et engineering",https://www.tatasteel.com,,6/2026,false,https://media.licdn.com/dms/image/v2/D4D03AQGWwlc1cXFtzw/profile-displayphoto-shrink_100_100/profile-displayphoto-shrink_100_100/0/1692543827837?e=1788998400&v=beta&t=BELmYS7_QuEZBszr1OGGjRcLzqOoApS9CEsx4v2GTfo,false,,2643,2026-08-25 00:00:00.000 +0530,,,,,,,,,,,,,,,,,29,
Rajat Poonia,Rajat,Poonia,https://www.linkedin.com/in/contactrajatpoonia,urn:li:member:1156640956,contactrajatpoonia,Jaipur,Rajasthan,India,"Jaipur, Rajasthan, India",180 Degrees Consulting IIT(ISM),Associate,founders,member_urn,,54,,Business Consulting and Services,108375933,https://www.linkedin.com/company/180-degrees-consulting-iit-ism,,,,,9/2025,false,,false,,3592,2026-08-25 00:00:00.000 +0530,,,,,,,,,,,,,,,,,373,
Prabhakar Jha,Prabhakar,Jha,https://www.linkedin.com/in/prabhakar-jha-181272361,urn:li:member:1508568433,prabhakar-jha-181272361,Delhi,,India,"Delhi, India",Pointers,Founder,founders,member_urn,,,,,,,,,,"To empower the world with cutting-edge technology and education, blending IIT precision with global innovation. We’re here to redefine possibilities, one solution at a time.",7/2024,false,,false,,3589,2026-08-25 00:00:00.000 +0530,,,,,,,,,,17,28,,,,,,2300,
Nayan Hoonka,Nayan,Hoonka,https://www.linkedin.com/in/nayan-hoonka-95867018b,urn:li:member:751121492,nayan-hoonka-95867018b,,,India,India,Vutto,Entrepreneur in Residence,founders,member_urn,,,,,,,,,,,8/2025,false,,false,,3593,2026-08-25 00:00:00.000 +0530,,,,,,,,,,,,,,,,,2657,
Anupam Kumar,Anupam,Kumar,https://www.linkedin.com/in/anupam-kr,urn:li:member:305640366,anupam-kr,Hyderabad,Telangana,India,"Hyderabad, Telangana, India",Nava,Principal Engineer,6-10yoe_global_indian,member_urn,"Nava (formerly Kluisz) is building the next generation of cloud infrastructure: simple, secure, and built for the AI era. We are creating an autonomous, AI-native cloud platform that removes the complexity of running enterprise and AI workloads. From infrastructure to orchestration, every layer is designed for speed, security, and ease of use so you can focus on building, not managing! Whether you are training large models, running real-time inference, or scaling enterprise applications, Nava gives you the power to do it faster and more securely across on-prem, edge, and hybrid environments. In a world powered by intelligence, your infrastructure should be intelligent too. That is what we are building at Nava.",63,2025,"Technology, Information and Internet",107938032,https://in.linkedin.com/company/nava-cloud,"Singapore, Singapore","Cloud Computing, Edge Computing, Sovereign Cloud, GPU Orchestration, Private & Hybrid Cloud, Zero-Trust Security, and Software Defined Networking",https://nava.com/,,8/2025,false,https://media.licdn.com/dms/image/v2/D5603AQFSgIJU6aLwyw/profile-displayphoto-scale_400_400/B56ZfB8fMyGQAo-/0/1751305550663?e=1788998400&v=beta&t=yxbYUNzcgsstFleZ3grOziVOiHj_voSZHKP9nXqNyMU,false,,2657,2026-08-25 00:00:00.000 +0530,,,,,,,,,,,,,,,,,216,
Muhammed Hyzam Abdurahman,Muhammed,Hyzam Abdurahman,https://www.linkedin.com/in/muhammed-hyzam,urn:li:member:923058682,muhammed-hyzam,Malappuram,Kerala,India,"Malappuram, Kerala, India",Within,EA to CEO,founders,member_urn,"Within | 582 followers on LinkedIn. Transform from Within | Within helps enterprises transform from the inside. We build the Company Brain: a living map of how work actually happens across people, systems, decisions, handoffs, and exceptions. It captures the tacit knowledge inside your organization and turns it into the operating intelligence needed to redesign work, deploy AI agents, and build dream teams of people and AI.",68,2017,Software Development,136654342,https://www.linkedin.com/company/withinai,,,https://www.within.ai/,"- Serve as end-to-end strategic partner to the CEO — spanning investor coordination, executive communications, and cross-functional operations. - Reclaimed ~12 hours/week for the CEO through strategic calendar redesign, inbox triage, and priority-based scheduling. - Served as the CEO's intelligence layer — synthesizing updates from Sales, Marketing, and Customer Success into executive briefings and pre-meeting memos. - Owned executive travel, budget oversight, expense reporting, and corporate card management (Brex/Ramp). - Drove CEO's LinkedIn campaigns that increased brand visibility and inbound lead generation.",7/2024,false,,false,"Strategic Executive Assistant and Chief of Staff with 3+ years supporting CEOs of U.S.-based, venture-backed startups.MBA from IIT Dhanbad. BBA, LLB (Hons) from CUSAT — Enrolled Advocate, Bar Council of Kerala. This blend of business strategy and law lets me operate across fundraising, GTM, investor relations, HR, legal, and financial ops in ways most EAs can't.At Klarity Intelligence, I serve as an end-to-end strategic partner to the CEO — managing everything from executive operations and investor coordination to brand and cross-functional communications. At Xena Intelligence, I was promoted from EA intern to Chief of Staff and helped scale the company from 5 to 62 paying customers through a $1.5M pre-seed round.I'm not a gatekeeper. I'm a force multiplier — I anticipate needs, eliminate friction, and help CEOs operate at their highest leverage.Open to EA and Chief of Staff roles at high-growth startups.",2655,2026-08-25 00:00:00.000 +0530,,,,,,,,,,,,,,,,,773,
Rohit Tandon,Rohit,Tandon,https://www.linkedin.com/in/rohit-tandon-2642a549,urn:li:member:170915116,rohit-tandon-2642a549,Gurgaon,Haryana,India,"Gurgaon, Haryana, India",Selan Exploration Technology Limited,General Manager Operations,founders,member_urn,External link for Antelopus Selan Energy Limited,123,1985,Oil and Gas,13256114,http://www.linkedin.com/company/antelopus-selan-energy-limited,"Gurugram, Haryana, India","Oil and Gas Exploration, development & Production",http://www.selanoil.com,,10/2022,false,,false,,3610,2026-08-25 00:00:00.000 +0530,,,,,,,,,,,,,,,,,873,
Suraj Kumar,Suraj,Kumar,https://www.linkedin.com/in/suraj-kumar-6383977a,urn:li:member:281628620,suraj-kumar-6383977a,Dhanbad,Jharkhand,India,"Dhanbad, Jharkhand, India",Government of Jharkhand,State Tax Officer (Jharkhand Finance Service),founders,member_urn,,2179,,Hospitality,67910577,http://www.linkedin.com/company/government-of-jharkhand-administration,,,http://www.jharkhand.gov.in,,12/2025,false,,false,"Sincere, hardworking, creative, an able optimistic leader and a good orator. I like ideation and brainstorming with a team, attacking every idea without prejudice and deciding the best course of action.",2669,2026-08-25 00:00:00.000 +0530,,,,,,,,,,,,,,,,,1063,
Aditya Upadhyay,Aditya,Upadhyay,https://www.linkedin.com/in/aditya-upadhyay-3ab852144,urn:li:member:587351219,aditya-upadhyay-3ab852144,Bengaluru,Karnataka,India,"Bengaluru, Karnataka, India",HackElite Pvt Ltd,CCP 2,6-10yoe_global_indian,member_urn,External link for HackElite Pvt Ltd,32,2023,IT Services and IT Consulting,105411382,http://www.linkedin.com/company/hackelite-pvt-ltd,"Noida, Uttar Pradesh, India",,https://hack-elite.com/,,2/2025,false,,false,"Experienced System Designer with a demonstrated history of working in the semiconductors industry. Skilled in Rust, Shell Scripting, Distributed Systems, C (Programming Language), and C++. Strong engineering professional with a Master of Technology - MTech focused in Computer Science from Indian Institute of Technology (Indian School of Mines), Dhanbad.",2659,2026-08-25 00:00:00.000 +0530,,,,,,,,,,,,,,,,,1077,
Mithilesh Chaubey,Mithilesh,Chaubey,https://www.linkedin.com/in/mithilesh-chaubey-b60776145,urn:li:member:590137848,mithilesh-chaubey-b60776145,West Bengal,,India,"West Bengal, India",ECL,General Manager,10+yoe_global,member_urn,,,,,,,,,,,4/2004,false,https://media.licdn.com/dms/image/v2/C5103AQEFJrZRDT4atw/profile-displayphoto-shrink_100_100/profile-displayphoto-shrink_100_100/0/1516991968795?e=1788998400&v=beta&t=mtOFKMyUWOxRa3d-U9KJ-lSuNVnlH4GlGufT2JlK2OQ,false,,2660,2026-08-25 00:00:00.000 +0530,,,,,,,,,,,,,,,,,1783,
DR. PRAMOD KUMAR,DR. PRAMOD,KUMAR,https://www.linkedin.com/in/dr-pramod-kumar-78147434,urn:li:member:120587857,dr-pramod-kumar-78147434,Delhi,,India,"Delhi, India",SP,"Head, Research Scientist",10+yoe_global,member_urn,,,,,,,,,,"SP3 Technologies is an innovative and insightful technological company in field of Lab Grown Diamonds Founded in 2016, our Incredible Team have worked tirelessly to bring SP3 to the forefront of the industry. In order to provide excellent Solutions in Lab Grown Diamonds we dedicate time and resources in R & D to give High consistent quality with short lead time and an attractive price. Using our unique technology and products, our company will continue to take on the challenge of tomorrow's need of Lab Grown diamonds for gem, semiconductor, industrial optical etc. application.",10/2023,false,https://media.licdn.com/dms/image/v2/D4D03AQHAmCjDm5lyDg/profile-displayphoto-shrink_100_100/profile-displayphoto-shrink_100_100/0/1706180964889?e=1788998400&v=beta&t=Unwr3y-iEO2Z0gUPRvjZAecAxg-fjYrnS0aACE49FAw,false,,2662,2026-08-25 00:00:00.000 +0530,,,,,,,,,,,,,,,,,2496,
Dr Parveen Kumar Sharma,Dr Parveen Kumar,Sharma,https://www.linkedin.com/in/dr-parveen-kumar-sharma-82a58236,urn:li:member:126826018,dr-parveen-kumar-sharma-82a58236,New Delhi,Delhi,India,"New Delhi, Delhi, India",Gurukul Kurukshetra,Director,10+yoe_global,member_urn,,,,,,,,,,,7/2023,false,https://media.licdn.com/dms/image/v2/C5603AQHpjYPCM9ijaQ/profile-displayphoto-shrink_100_100/profile-displayphoto-shrink_100_100/0/1516630961625?e=1788998400&v=beta&t=nqNosHtuwzvy3Si__fz8H9SJ9fn28vUYDFdUjfDzw2s,false,,2667,2026-08-25 00:00:00.000 +0530,,,,,,,,,,,,,,,,,1919,
ISHA PANDIT,ISHA,PANDIT,https://www.linkedin.com/in/isha-pandit-41347389,urn:li:member:314674575,isha-pandit-41347389,Noida,Uttar Pradesh,India,"Noida, Uttar Pradesh, India",Tata Steel,Manager,6-10yoe_global_indian,member_urn,"Tata Steel is one of the world’s most diversified integrated steel producers, with a capacity of 35 million tonnes per annum (MTPA) across India, the Netherlands, the UK, and Thailand. The World Economic Forum has recognised Tata Steel’s Jamshedpur, Kalinganagar and IJmuiden plants as Manufacturing Lighthouses. With over 76,000 employees worldwide, Tata Steel is a Great Place to Work®-certified organisation. In India, Tata Steel operates in Jamshedpur and Gamharia in Jharkhand, and in Kalinganagar (including Neelachal Ispat Nigam Limited) and Meramandali in Odisha, with an overall capacity of 26.6 MTPA. The Company has captive mining operations in India, including collieries in Jharia and West Bokaro, as well as iron ore mines in Noamundi, Katamati, Joda East, Khondbond, Vijaya II, and Koida. It also operates iron ore assets in Labrador and Northern Quebec, Canada. Tata Steel aims to achieve Net Zero emissions by 2045. The upcoming 0.75 MTPA electric arc furnace-based steelmaking facility in Ludhiana is the Company’s first low-emission plant in India. In the UK, Tata Steel is transitioning to a 3.2 MTPA EAF-based steelmaking route, following the decommissioning of its heavy-end assets in 2024. In 2025, the Government of the Netherlands and Tata Steel signed a non-binding Joint Letter of Intent for the first phase of the transition to low-emission steel production at IJmuiden. Focused on sustainability, innovation, agility, and fostering deep relationships with customers and communities, Tata Steel aspires to become the most respected and valuable metals and mining company globally.",58348,,Mining,166262,https://fr.linkedin.com/company/tatasteelltd,"Mumbai, Maharashtra, India","steelmaking, engineering, mining, steel products, steel solutions, steel research et engineering",https://www.tatasteel.com,,8/2024,false,https://media.licdn.com/dms/image/v2/C5603AQFDdVJWWU-JrA/profile-displayphoto-shrink_100_100/profile-displayphoto-shrink_100_100/0/1659181363989?e=1788998400&v=beta&t=8XU33jT0XUlc7Fww0oLoMlJ1Rnnn_wMhGRyVpT4pvTw,false,,2673,2026-08-25 00:00:00.000 +0530,,,,,,,,,,,,,,,,,29,
Dr Shamsul Hassan,Dr Shamsul,Hassan,https://www.linkedin.com/in/dr-shamsul-hassan-b7592497,urn:li:member:345677705,dr-shamsul-hassan-b7592497,Chennai,Tamil Nadu,India,"Chennai, Tamil Nadu, India",Silicon Photonics CoE-CPPICS IIT Madras,Senior Principal Engineer,6-10yoe_global_indian,member_urn,External link for Silicon Photonics CoE-CPPICS IIT Madras,25,2021,Research Services,76454191,https://www.linkedin.com/company/cppics,"Chennai, Tamil Nadu, India","Integrated Photonics, Silicon Photonics, Photonic IC Packaging, In-House Fabrication Facilities, Programmable Photonics, Silicon On Insulator, and Silicon Nitride On Insulator",https://cppics.iitm.ac.in/,,5/2026,false,https://media.licdn.com/dms/image/v2/D5603AQEGqultOv7dzw/profile-displayphoto-shrink_100_100/profile-displayphoto-shrink_100_100/0/1671611441950?e=1788998400&v=beta&t=hzA3NNMLyWMPaVYYzxrtfy_4z3bp1V4xnzO6EhKjt0c,false,,2671,2026-08-25 00:00:00.000 +0530,,,,,,,,,,,,,,,,,464,
Md Arshad,Md,Arshad,https://www.linkedin.com/in/md-arshad-893b7334b,urn:li:member:1469006895,md-arshad-893b7334b,Noamundi,Jharkhand,India,"Noamundi, Jharkhand, India",Tata Steel,Area Manager,6-10yoe_global_indian,member_urn,"Tata Steel is one of the world’s most diversified integrated steel producers, with a capacity of 35 million tonnes per annum (MTPA) across India, the Netherlands, the UK, and Thailand. The World Economic Forum has recognised Tata Steel’s Jamshedpur, Kalinganagar and IJmuiden plants as Manufacturing Lighthouses. With over 76,000 employees worldwide, Tata Steel is a Great Place to Work®-certified organisation. In India, Tata Steel operates in Jamshedpur and Gamharia in Jharkhand, and in Kalinganagar (including Neelachal Ispat Nigam Limited) and Meramandali in Odisha, with an overall capacity of 26.6 MTPA. The Company has captive mining operations in India, including collieries in Jharia and West Bokaro, as well as iron ore mines in Noamundi, Katamati, Joda East, Khondbond, Vijaya II, and Koida. It also operates iron ore assets in Labrador and Northern Quebec, Canada. Tata Steel aims to achieve Net Zero emissions by 2045. The upcoming 0.75 MTPA electric arc furnace-based steelmaking facility in Ludhiana is the Company’s first low-emission plant in India. In the UK, Tata Steel is transitioning to a 3.2 MTPA EAF-based steelmaking route, following the decommissioning of its heavy-end assets in 2024. In 2025, the Government of the Netherlands and Tata Steel signed a non-binding Joint Letter of Intent for the first phase of the transition to low-emission steel production at IJmuiden. Focused on sustainability, innovation, agility, and fostering deep relationships with customers and communities, Tata Steel aspires to become the most respected and valuable metals and mining company globally.",58348,,Mining,166262,https://fr.linkedin.com/company/tatasteelltd,"Mumbai, Maharashtra, India","steelmaking, engineering, mining, steel products, steel solutions, steel research et engineering",https://www.tatasteel.com,"Quality Enrichment in Product Alumina Using Dispersant – Sekhar Project (Registered) Leading process improvement initiative to enhance product alumina quality through dispersant application at wet plant Identified potential annual cost saving of INR 119 Crore (approx. USD 14M) through process optimization Analysed alumina/silica content, dispersant dosage rates, and process flow data using Python to model the relationship between dispersant application and product quality outcomes Applied Machine Learning regression techniques to predict optimal dispersant dosage, enabling data-driven process control and quality improvement",2/2025,false,,false,"Mineral Processing Engineer with 5+ years driving operational excellence at large-scale iron ore beneficiation plants (6–8 MTPA).Currently Area Manager at Tata Steel’s Noamundi plant, I lead process optimization across crushing, classification, and thickening circuits — combining hands-on plant expertise with data-driven decision-making.Process Analytics & Digital Tools:Developed structured monitoring frameworks for hydrocyclones, thickeners, and crushers — tracking KPIs, diagnosing inefficiencies, and translating sensor data into operational action. Exposure to Infinite Uptime IIoT platform (500+ MTR sensors) and Sandvik crusher monitoring dashboards.IT/OT Integration:Hands-on experience bridging operational technology (plant instrumentation, sensor networks) with analytical workflows — enabling real-time performance tracking and predictive maintenance thinking.Key Achievements:Reduced slime losses INR 25 Cr savings (Sekhar Project)Quality Enrichment in Product Alumina Using Dispersant - 119 Cr saving (Sekhar project) ♻️ Zero Effluent Discharge implementation (GB/DEMAC) RTFE Certified | SAP Exposure Published researcher – Journal of Dispersion Science & Technolog",2674,2026-08-25 00:00:00.000 +0530,,,,,,,,,,,,,,,,,29,
Sushant Kumar,Sushant,Kumar,https://www.linkedin.com/in/sushant-kumar-186b8139,urn:li:member:137274294,sushant-kumar-186b8139,Pune District,Maharashtra,India,"Pune District, Maharashtra, India",Barclays,Assistant Vice President,founders,member_urn,"Our vision is to be the UK-centred leader in global finance. We are a diversified bank with comprehensive UK consumer, corporate and wealth and private banking franchises, a leading investment bank and a strong, specialist US consumer bank. Through these five divisions, we are working together for a better financial future for our customers, clients, and communities. For further information about Barclays, please visit home.barclays.",84153,1690,Financial Services,1426,https://uk.linkedin.com/company/barclays-bank,"London, England, United Kingdom","Banking, Wealth and Investment Management, Private Equity and Investment Management, Retail Banking, Investment Banking, Credit Cards, and Corporate Banking",http://www.home.barclays,Solution Architect Project - Integrated Financial Crime,12/2025,false,,false,"Sushant Kumar is a results-oriented professional with strong experience in Program Management, Product Management, and Business Analysis across global banking, technology, and industrial domains. He has successfully led multi-million-dollar projects, optimized processes, and delivered data-driven solutions that strengthen efficiency, compliance, and overall business value. Armed with an MBA in Business Analytics from IIT (ISM) Dhanbad and an engineering background, he blends technical expertise with strategic business acumen. His capabilities span stakeholder management, Agile/SDLC, data analytics, AI/ML integration, cloud migration initiatives, and cross-functional leadership. Sushant has been recognized multiple times for innovation, service excellence, and measurable business impact, reflecting his commitment to driving outcomes while fostering collaboration and alignment across teams. He thrives in dynamic, cross-functional environments where he can connect business needs with technology-driven solutions. He is passionate about building scalable products, leading transformation programs, and solving complex challenges that deliver meaningful and lasting impact for organizations.",2678,2026-08-25 00:00:00.000 +0530,,,,,,,,,,,,,,,,,356,
Paras Sethia,Paras,Sethia,https://www.linkedin.com/in/paras-sethia-55811b16,urn:li:member:54037076,paras-sethia-55811b16,Gurugram,Haryana,India,"Gurugram, Haryana, India",airtel,BPA Head | West Bengal & Orissa,founders,member_urn,"Airtel was founded to provide global connectivity and unlock endless opportunities. Our organization embodies a unique blend of energy, innovation, creativity, dedication, scale, and ownership, all aimed at being limitless. At Airtel, we strive to go beyond our duties to create impactful solutions for our consumers. Our team is highly skilled and constantly growing, actively developing infrastructure to introduce cutting-edge technologies like 5G, IoT, IQ, and Airtel Black. We have successfully launched 5G services in over 5,000 cities and towns nationwide, with 10 million unique customers on the 5G network nationally. Airtel Black is another convenient consumer service that provides combined billing for family and friends under a single bill. We also offer enterprise solutions, including national and international long-distance services for carriers. With a subscriber base exceeding 574 million as of 2023, we are committed to delivering effective products that contribute to the realization of a 'Digital India', enabling millions of individuals to connect and thrive for a brighter future. Our presence spans 7,915 census and 802,577 non-census towns and villages, covering almost 96% of the country's population with 388,726 Rkms of optical fiber and an extensive distribution network of 1.2 million outlets. We've also implemented conservation initiatives that have saved 14,676 MWh of electricity, 4412 tonnes of paper through our e-bill initiatives, and recycled 3330 tonnes of e-waste. At Airtel, we believe in taking early ownership, delivering quality, and experimenting with various career paths to boost our trajectories and gain valuable insights into the business, making us the best in the industry. We are committed to creating the ultimate experience for our consumers while maintaining an ecological balance in the world.",106373,,Telecommunications,3583,http://www.linkedin.com/company/airtel,"Gurugram, Haryana, India","Mobile Voice & Data Services, Broadband (Fixed, 3G and 4G), Digital TV, Enterprise & International Carrier Services, Payments Bank, Music, Entertainment, and Internet TV",https://careers.airtel.com/,,11/2022,false,,false,"Currently part of Bharti Airtel Young Leader's General Management Program & working as Business Analyst at ACE Office (Airtel Center of Excellence - Global Shared Services). Have worked across Sales, Marketing, Customer Service, SCM & Finance as part of the YL Program. Working on process automation, business analysis, management review decks, program management & ACE transformation agenda.",2679,2026-08-25 00:00:00.000 +0530,,,,,,,,,,,,,,,,,859,
Vidhu Trivedi,Vidhu,Trivedi,https://www.linkedin.com/in/vidhu-trivedi-09a249326,urn:li:member:1380120886,vidhu-trivedi-09a249326,Delhi,,India,"Delhi, India",New Topppers Academy,Founder,founders,member_urn,,,,,,,,,,Teaching physics and managing academics,9/2021,false,,false,,3626,2026-08-25 00:00:00.000 +0530,,,,,,,,,,,28,,,,,,2208,
Arun Deoras,Arun,Deoras,https://www.linkedin.com/in/arun-deoras-582b983b,urn:li:member:143279666,arun-deoras-582b983b,Pune,Maharashtra,India,"Pune, Maharashtra, India",M/S D.P.Rai,Mining Consultant,10+yoe_global,member_urn,,,,,,,,,,Transition from Opencast to Underground method of Mining,4/2012,false,https://media.licdn.com/dms/image/v2/C5103AQFp1LRb8puI2w/profile-displayphoto-shrink_800_800-alternative/profile-displayphoto-shrink_800_800-alternative/0/1529599314310?e=1788998400&v=beta&t=aFQORcWkzrRiHf2Uky-mG6y0b2CCnKlU2TVyCZG4iBc,false,,2708,2026-08-25 00:00:00.000 +0530,,,,,,,,,,,,,,,,,2182,
Atul Kumar,Atul,Kumar,https://www.linkedin.com/in/atul-kumar-6502506,urn:li:member:18518172,atul-kumar-6502506,Gurgaon,Haryana,India,"Gurgaon, Haryana, India","XYZ Limited (a Global EPC, Enginering Giant)",Group CIO and President Shared Services,10+yoe_global,member_urn,,,,,,,,,,Aligning business with technology for competitive advantage and improving the company's bottom-line;,1/2012,false,,false,"An endeavoring business and technology strategist supported by over two decades of accomplished global career with well-known business, technology and consulting organizations. A thought leader with never-ending quest to learn an excel Specialties: Proficiency in running and managing a professional services associated with operational and business excellence; assist corporates in their endeavour to manage heterogeneous inorganic/organic growth through process innovation, change management and technology adaptation.",2686,2026-08-25 00:00:00.000 +0530,,,,,,,,,,,,,,,,,2682,
Abhijit Rudra,Abhijit,Rudra,https://www.linkedin.com/in/abhijit-rudra-776a5356,urn:li:member:199673226,abhijit-rudra-776a5356,Kolkata,West Bengal,India,"Kolkata, West Bengal, India",FTS Consultants Pvt. Ltd. (FTS Group),"Advisor (Generation, EHV Transmission & Substation)",10+yoe_global,member_urn,,,,,,,,,,"Consultancy Service for Project Implementation & Management Support in existing 220/15 kV SWYD SS of AISCO/ADA (Steel Bar Manufacturing Company, $ 300 M World Bank Funded) at DANDE, BENGO, LUANDA, ANGOLA, AFRICA. To assess the conditions of existing 220/15 kV, 48 & 30 MVA Power Transformers, Functional checking of existing SWYD equipment including Substation Control System & the Network of SPCC Communication and Establish the functional System including all control/protections in existing 220kV SWYD SS, Site Inspection Report",9/2023,false,https://media.licdn.com/dms/image/v2/C5103AQFvBNaIEO4kJQ/profile-displayphoto-shrink_100_100/profile-displayphoto-shrink_100_100/0/1540671208736?e=1788998400&v=beta&t=zhR3wSus-QboJ0uay4SSnIrCBkZ8nVHdwvvgNgteMiM,false,,2690,2026-08-25 00:00:00.000 +0530,,,,,,,,,,,,,,,,,1851,
Sopan Chaudhari,Sopan,Chaudhari,https://www.linkedin.com/in/sopan-chaudhari-63120a112,urn:li:member:472301317,sopan-chaudhari-63120a112,Jamshedpur,Jharkhand,India,"Jamshedpur, Jharkhand, India",Tata Steel,Sr. Manager Bhelatand Amalgamated colliery,6-10yoe_global_indian,member_urn,"Tata Steel is one of the world’s most diversified integrated steel producers, with a capacity of 35 million tonnes per annum (MTPA) across India, the Netherlands, the UK, and Thailand. The World Economic Forum has recognised Tata Steel’s Jamshedpur, Kalinganagar and IJmuiden plants as Manufacturing Lighthouses. With over 76,000 employees worldwide, Tata Steel is a Great Place to Work®-certified organisation. In India, Tata Steel operates in Jamshedpur and Gamharia in Jharkhand, and in Kalinganagar (including Neelachal Ispat Nigam Limited) and Meramandali in Odisha, with an overall capacity of 26.6 MTPA. The Company has captive mining operations in India, including collieries in Jharia and West Bokaro, as well as iron ore mines in Noamundi, Katamati, Joda East, Khondbond, Vijaya II, and Koida. It also operates iron ore assets in Labrador and Northern Quebec, Canada. Tata Steel aims to achieve Net Zero emissions by 2045. The upcoming 0.75 MTPA electric arc furnace-based steelmaking facility in Ludhiana is the Company’s first low-emission plant in India. In the UK, Tata Steel is transitioning to a 3.2 MTPA EAF-based steelmaking route, following the decommissioning of its heavy-end assets in 2024. In 2025, the Government of the Netherlands and Tata Steel signed a non-binding Joint Letter of Intent for the first phase of the transition to low-emission steel production at IJmuiden. Focused on sustainability, innovation, agility, and fostering deep relationships with customers and communities, Tata Steel aspires to become the most respected and valuable metals and mining company globally.",58348,,Mining,166262,https://fr.linkedin.com/company/tatasteelltd,"Mumbai, Maharashtra, India","steelmaking, engineering, mining, steel products, steel solutions, steel research et engineering",https://www.tatasteel.com,"Bhelatand Amalgamated Colliery, Sijua Group",7/2024,false,https://media.licdn.com/dms/image/v2/D4E03AQFMAPJK0s5O8g/profile-displayphoto-shrink_800_800/B4EZONrgUvHwAg-/0/1733248813735?e=1788998400&v=beta&t=RNIE_pbPfJSk_rAWw8A_Dg4NhlUdRmB5HBUzLVLaHzY,false,,2688,2026-08-25 00:00:00.000 +0530,,,,,,,,,,,,,,,,,29,
Chandan Budhiraja,Chandan,Budhiraja,https://www.linkedin.com/in/chandan-budhiraja,urn:li:member:457617048,chandan-budhiraja,Bengaluru,Karnataka,India,"Bengaluru, Karnataka, India",PW (PhysicsWallah),Associate Director of Analytics,6-10yoe_global_indian,member_urn,"PhysicsWallah (PW), an Education company, was founded in 2020 by Alakh Pandey and Prateek Maheshwari. Headquartered in Noida, Uttar Pradesh, PW aims to democratize education through online, offline and hybrid platforms. Initially launched as a YouTube channel in 2014, PW now offers education to students through its YouTube channels in multiple vernacular languages. PW aims to create a hybrid education ecosystem in the country by establishing tech-enabled offline and hybrid centers in cities nationwide. PW’s offerings span various educational segments, including test preparation in multiple categories, a skilling vertical, higher education, and study abroad. Additionally, the company also has an Institute of Innovation (IOI) that provides residential job-ready programs. PW has raised funding from investors, including Hornbill Capital, Lightspeed Ventures, Westbridge and GSV Ventures.",33857,2016,Education,78087354,https://in.linkedin.com/company/physicswallah,"Sadar, Uttar Pradesh, India",,https://www.pw.live/,Product Analytics,3/2025,false,https://media.licdn.com/dms/image/v2/D5603AQHxVD0IM9QUKA/profile-displayphoto-shrink_100_100/profile-displayphoto-shrink_100_100/0/1688626583603?e=1788998400&v=beta&t=wX9gkTixcH0glkRcNfF-PFhW4cs6sMvUI1Vdv2QyVOI,false,,2691,2026-08-25 00:00:00.000 +0530,,,,,,,,,,,,,,,,,240,
anil kumar,anil,kumar,https://www.linkedin.com/in/anil-kumar-941167102,urn:li:member:436340353,anil-kumar-941167102,South Delhi,Delhi,India,"South Delhi, Delhi, India","Start up, E-commerce",Co-Founder,founders,member_urn,,,,,,,,,,,3/2018,false,,false,,3651,2026-08-25 00:00:00.000 +0530,,,,,,,,,,,28,,,,,,2514,
Pradeep Kumar,Pradeep,Kumar,https://www.linkedin.com/in/pradeep-kumar-8b11b573,urn:li:member:260267461,pradeep-kumar-8b11b573,Ranchi,Jharkhand,India,"Ranchi, Jharkhand, India",CMPDI / Coal India Limited,General Manager ICT,10+yoe_global,member_urn,,,,,,,,,,,10/1980,false,https://media.licdn.com/dms/image/v2/D5603AQHwNtw4g17FGw/profile-displayphoto-shrink_100_100/profile-displayphoto-shrink_100_100/0/1708072330606?e=1788998400&v=beta&t=Ew6lWRWRmbl2MFEoOApdwi4rQj2dRbKkmZN4To7yaj4,false,,2694,2026-08-25 00:00:00.000 +0530,,,,,,,,,,,,,,,,,1678,
Shreya Bhageria,Shreya,Bhageria,https://www.linkedin.com/in/shreya-367,urn:li:member:501669211,shreya-367,Bengaluru,Karnataka,India,"Bengaluru, Karnataka, India",Jaipur Weaves,Founder,founders,member_urn,,,,,,,,,,,1/2023,false,,false,,3654,2026-08-25 00:00:00.000 +0530,,,,,,,,,,17,28,,,,,,2038,
Manish Joshi,Manish,Joshi,https://www.linkedin.com/in/manish-joshi-103a05101,urn:li:member:435464787,manish-joshi-103a05101,Nainital,Uttarakhand,India,"Nainital, Uttarakhand, India",Physics Wallah,Assistant Professor,6-10yoe_global_indian,member_urn,,,,,31069354,http://www.linkedin.com/company/digital-hub-talk-future,,,,Academics -Physics,4/2023,false,https://media.licdn.com/dms/image/v2/C4D03AQHHHb8vVizGOg/profile-displayphoto-shrink_100_100/profile-displayphoto-shrink_100_100/0/1660374729566?e=1788998400&v=beta&t=fekwgOpuWHeWmxisj_qVC2b4O7UW2uPVyNqiRsmvTN4,false,,2953,2026-08-25 00:00:00.000 +0530,,,,,,,,,,,,,,,,,988,
Ajay Kumar,Ajay,Kumar,https://www.linkedin.com/in/ajay-kumar-74981528,urn:li:member:97572585,ajay-kumar-74981528,Delhi,,India,"Delhi, India",government,Information Security Officer,10+yoe_global,member_urn,,,,,,,,,,,1/2019,false,https://media.licdn.com/dms/image/v2/D5603AQE_vLAzmyDaCw/profile-displayphoto-shrink_400_400/B56ZVzX8ytHQAg-/0/1741397413566?e=1788998400&v=beta&t=cDyjKaPlDsL3vBnGmGBoqQxx3Rqq9lZCc_0DKSX37A0,false,,2714,2026-08-25 00:00:00.000 +0530,,,,,,,,,,,,,,,,,1891,
Abhijit Som,Abhijit,Som,https://www.linkedin.com/in/abhijit-som-88114625,urn:li:member:86936929,abhijit-som-88114625,,,Pune/Pimpri-Chinchwad Area,Pune/Pimpri-Chinchwad Area,Fayat Road Equipment Division,Managing Director FRED India,10+yoe_global,member_urn,,,,,,,,,,"Responsible for Fayat Road Equipment business in India that includes Dynapac Compaction & Paving equipment, Marini asphalt plants & Fayatec.",8/2020,false,https://media.licdn.com/dms/image/v2/D4D03AQHJ6aRjIOIjIw/profile-displayphoto-shrink_100_100/profile-displayphoto-shrink_100_100/0/1689071408694?e=1788998400&v=beta&t=oL4jwox7684Ahtpu2smaJMbaiIv5Ktj6F8hjFSzpi8Y,false,,2717,2026-08-25 00:00:00.000 +0530,,,,,,,,,,,,,,,,,1827,
Vatsal Mittal,Vatsal,Mittal,https://www.linkedin.com/in/vatsal-mittal-b193b714,urn:li:member:48764037,vatsal-mittal-b193b714,Bengaluru,Karnataka,India,"Bengaluru, Karnataka, India",Ati Robotics,Founder office - Growth & Strategy,founders,member_urn,"Ati Robotics makes autonomous electric vehicles for material movement in industrial environments like factories, warehouses, etc. Both indoor and outdoors.",70,2018,Automation Machinery Manufacturing,109670470,https://www.linkedin.com/company/atirobotics,"Madison Heights, Michigan, United States",,https://www.atirobotics.ai/,Building Ati - Disrupting industrial material mobility thru AMR,4/2024,false,,false,,2703,2026-08-25 00:00:00.000 +0530,,,,,,,,,,,,,,,,,409,
Saurabh Prakash,Saurabh,Prakash,https://www.linkedin.com/in/saurabh-prakash-68937318,urn:li:member:60617481,saurabh-prakash-68937318,Gurgaon,Haryana,India,"Gurgaon, Haryana, India",Indiabulls,Dy General Manager,6-10yoe_global_indian,member_urn,"Sammaan Capital is committed to being the most preferred choice for financial services, built on reliability, transparency, and a deep culture of respect. With over 25 years of expertise and the trust of 1.4 million customers, we provide financial solutions designed to offer not just support but a genuine sense of security, dignity, and convenience at every step of the lending journey. Our mission is to deliver responsible and trustworthy financial services rooted in integrity and customer care. Our vision is to enhance stakeholder value while fostering respect internally and externally. At Sammaan Capital, we are more than a financial institution. We are a community where every story is valued and every dream is supported with empathy and understanding.",7667,2000,Financial Services,10359,https://www.linkedin.com/company/sammaancapital,"Mumbai, Maharashtra, India","2nd Largest Private Housing Finance Company, 'AAA'​ Rated, 10,000+ Pre-approved Projects, Fixed and Floating Rate Options, Loan Sanction in 48 hours*, Online Account Access, Doorstep Service, and No Hidden Charges",https://www.sammaancapital.com/,,,false,,false,,3671,2026-08-25 00:00:00.000 +0530,,,,,,,,,,,,,,,,,690,
Chandra Bhushan Kumar B.,Chandra Bhushan Kumar,B.,https://www.linkedin.com/in/chandra-bhushan-kumar-b-401756b4,urn:li:member:407950273,chandra-bhushan-kumar-b-401756b4,Gurugram,Haryana,India,"Gurugram, Haryana, India",Maruti Suzuki India Limited,Manager,6-10yoe_global_indian,member_urn,"Maruti Suzuki was established with a dream to provide the 'Joy of Mobility' in the early 1980s. With a humble start of manufacturing about 20,000 cars in a year, the Company has grown leaps and bounds, manufacturing close to 2 million cars a year in FY 2022-23. Over the last four decades, the Company has served over 27 million happy customers in India and around 100 countries of the world. It maintained its market leadership in India throughout–reflecting the Company’s obsession with creating customer delight and demonstrating its agility to adapt to the changing times. This was possible by leveraging the unique ability of Suzuki Motor Corporation (parent company) to design feature-rich, safer, environment-friendly products, delivering world-class quality at an affordable price. In FY 2023-24, Maruti Suzuki embarked on an ambitious path in terms of manufacturing scale, while simultaneously transiting towards a low-carbon path. This marks a new phase for the Company.",50398,,Motor Vehicle Manufacturing,8412,http://www.linkedin.com/company/maruti-udyog-limited,"Delhi, India",Low cost and Flexible manufacturing,http://www.marutisuzuki.com,,4/2024,false,,false,"Almost 7 years of experience in product design and development for 4W and 3W in Auto OEMs Experience in nx cadd for design for structural mounting .people management, project management, proto parts development Teamcenter Efficiency, Very good in Catia team center integration.",2718,2026-08-25 00:00:00.000 +0530,,,,,,,,,,,,,,,,,1188,
Deepesh Malviya,Deepesh,Malviya,https://www.linkedin.com/in/deepesh-malviya-63b202143,urn:li:member:582768911,deepesh-malviya-63b202143,Dhanbad,Jharkhand,India,"Dhanbad, Jharkhand, India",Maruti Suzuki India Limited,Deputy Manager,6-10yoe_global_indian,member_urn,"Maruti Suzuki was established with a dream to provide the 'Joy of Mobility' in the early 1980s. With a humble start of manufacturing about 20,000 cars in a year, the Company has grown leaps and bounds, manufacturing close to 2 million cars a year in FY 2022-23. Over the last four decades, the Company has served over 27 million happy customers in India and around 100 countries of the world. It maintained its market leadership in India throughout–reflecting the Company’s obsession with creating customer delight and demonstrating its agility to adapt to the changing times. This was possible by leveraging the unique ability of Suzuki Motor Corporation (parent company) to design feature-rich, safer, environment-friendly products, delivering world-class quality at an affordable price. In FY 2023-24, Maruti Suzuki embarked on an ambitious path in terms of manufacturing scale, while simultaneously transiting towards a low-carbon path. This marks a new phase for the Company.",50398,,Motor Vehicle Manufacturing,8412,http://www.linkedin.com/company/maruti-udyog-limited,"Delhi, India",Low cost and Flexible manufacturing,http://www.marutisuzuki.com,,5/2024,false,https://media.licdn.com/dms/image/v2/C4E03AQERbh7h8CeMVA/profile-displayphoto-shrink_100_100/profile-displayphoto-shrink_100_100/0/1595047458204?e=1788998400&v=beta&t=PMgrHJJJup9iYNemq59CKEK272MWQXqJnAAEnQR5wdE,false,,2719,2026-08-25 00:00:00.000 +0530,,,,,,,,,,,,,,,,,1188,
SANDEEP KARN,SANDEEP,KARN,https://www.linkedin.com/in/sandeep-karn-7816a5114,urn:li:member:479467537,sandeep-karn-7816a5114,Dhanbad,Jharkhand,India,"Dhanbad, Jharkhand, India",Coal India Limited,Deputy Manager,6-10yoe_global_indian,member_urn,"This is the official page of Coal India Limited. Coal India Limited (CIL) the state-owned coal mining corporate, came into being in November 1975. With a modest production of 79 Million Tonnes (MTs) at the year of its inception Coal India, today is the single largest coal producer in the world and one of the largest corporate employer with manpower of 2,12,066 (as on 1st April, 2026). Spread across eight Indian states, CIL operates in 85 mining areas, managing a total of 295 working mines, consisting of 121 underground, 163 opencast, and 11 mixed mines along with other establishments like workshops, hospitals, and so on. CIL is a Maharatna company – a privileged status conferred by the Government of India to select state-owned enterprises in order to empower them to expand their operations and emerge as global giants. CIL has thirteen subsidiary companies viz. Eastern Coalfields Limited (ECL), Bharat Coking Coal Limited (BCCL), Central Coalfields Limited (CCL), Western Coalfields Limited (WCL), South Eastern Coalfields Limited (SECL), Northern Coalfields Limited (NCL), Mahanadi Coalfields Limited (MCL), Central Mine Planning & Design Institute Limited (CMPDIL), CIL Navi Karniya Urja Limited (for development of non-conventional/clean & renewable energy), Bharat Coal Gasification and Chemicals Ltd. (for development of Coal-to-Ammonium Nitrate project in India), Coal Gas India Ltd. (for coal gasification projects) & CIL Rajasthan Akshay Urja Limited (for renewable business). CIL has a foreign subsidiary in Mozambique namely Coal India Africana Limitada (CIAL) (for acquiring, exploration, and development of overseas coal assets). Further, CIL has six joint venture companies – Hindustan Urvarak & Rasayan Limited, Talcher Fertilizers Ltd., CIL NTPC Urja Pvt. Ltd., Coal Lignite Urja Private Limited, International Coal Venture Private Limited & DVC CIL Power Private Ltd. The mines in Assam i.e. North Eastern Coalfields (NEC), are managed directly by CIL.",2666,1975,Mining,90357974,https://in.linkedin.com/company/coalindialtd,"Baruipur, West Bengal, India","Coal Mining, Energy Provider, and Foraying into Renewables",https://www.coalindia.in,,10/2017,false,https://media.licdn.com/dms/image/v2/D5603AQEFYMW2bCiWpw/profile-displayphoto-shrink_100_100/profile-displayphoto-shrink_100_100/0/1702448320187?e=1788998400&v=beta&t=eh6MbvgZIeNAoXD6Azsfe42MjPFIV3woauYWWqvfFkY,false,,2721,2026-08-25 00:00:00.000 +0530,,,,,,,,,,,,,,,,,88,
Koustubh Bhardwaj,Koustubh,Bhardwaj,https://www.linkedin.com/in/koustubh-bhardwaj-14901782,urn:li:member:292659465,koustubh-bhardwaj-14901782,Suratgarh,Rajasthan,India,"Suratgarh, Rajasthan, India",Hindustan Petroleum Corporation Limited,Assistant Manager,6-10yoe_global_indian,member_urn,Hindustan Petroleum Corporation Limited (HPCL) is a Maharatna Central Public Sector Enterprise (CPSE) and a S&P Global Platts Top 250 Global Energy Company. HPCL has a strong presence in downstream hydrocarbon sector of the country with a sizable share in petroleum product marketing and also has business footprints across other energy verticals & various overseas geographies.,14680,1974,Oil and Gas,11668,https://in.linkedin.com/company/hpcl,India,"Oil and Gas Refining and Marketing, Exploration & Production, Energy, Oil, Gas, Renewable Energy, Biofuels, and Electric Mobility Solutions",http://www.hindustanpetroleum.com,,11/2018,false,,false,,3683,2026-08-25 00:00:00.000 +0530,,,,,,,,,,,,,,,,,152,
Vamsi Phaneendra,Vamsi,Phaneendra,https://www.linkedin.com/in/vamsi-phaneendra-10846518a,urn:li:member:747624536,vamsi-phaneendra-10846518a,Srikakulam,Andhra Pradesh,India,"Srikakulam, Andhra Pradesh, India",Maruti Suzuki India Limited,Territory service manager,6-10yoe_global_indian,member_urn,"Maruti Suzuki was established with a dream to provide the 'Joy of Mobility' in the early 1980s. With a humble start of manufacturing about 20,000 cars in a year, the Company has grown leaps and bounds, manufacturing close to 2 million cars a year in FY 2022-23. Over the last four decades, the Company has served over 27 million happy customers in India and around 100 countries of the world. It maintained its market leadership in India throughout–reflecting the Company’s obsession with creating customer delight and demonstrating its agility to adapt to the changing times. This was possible by leveraging the unique ability of Suzuki Motor Corporation (parent company) to design feature-rich, safer, environment-friendly products, delivering world-class quality at an affordable price. In FY 2023-24, Maruti Suzuki embarked on an ambitious path in terms of manufacturing scale, while simultaneously transiting towards a low-carbon path. This marks a new phase for the Company.",50398,,Motor Vehicle Manufacturing,8412,http://www.linkedin.com/company/maruti-udyog-limited,"Delhi, India",Low cost and Flexible manufacturing,http://www.marutisuzuki.com,,1/2026,false,https://media.licdn.com/dms/image/v2/C5103AQFK1jc-zfrGQw/profile-displayphoto-shrink_100_100/profile-displayphoto-shrink_100_100/0/1561795084295?e=1788998400&v=beta&t=0oTlJeC7lU8CpFtLqA3V-Xna7eH8mWOj_WKgLs2klwU,false,,2720,2026-08-25 00:00:00.000 +0530,,,,,,,,,,,,,,,,,1188,
Sushil Agarwal,Sushil,Agarwal,https://www.linkedin.com/in/agarwal-sushil-kumar,urn:li:member:280384645,agarwal-sushil-kumar,Pune Division,Maharashtra,India,"Pune Division, Maharashtra, India",Mastercard,Director at Mastercard,10+yoe_global,member_urn,"Mastercard powers economies and empowers people in 200+ countries and territories worldwide. Together with our customers, we’re building a sustainable economy where everyone can prosper. We support a wide range of digital payments choices, making transactions secure, simple, smart and accessible. Our technology and innovation, partnerships and networks combine to deliver a unique set of products and services that help people, businesses and governments realize their greatest potential.",51576,,IT Services and IT Consulting,3015,https://fr.linkedin.com/company/mastercard,"Purchase, New York, United States","global digital payments/commerce, technology, innovative mobile payment solutions et processing",http://www.mastercard.com,,8/2022,false,https://media.licdn.com/dms/image/v2/C4E03AQG4Zh__yEfv1g/profile-displayphoto-shrink_100_100/profile-displayphoto-shrink_100_100/0/1516694165985?e=1788998400&v=beta&t=0-291cEeapIsKFVDHslxxB8xRlpb-mzUgCSpNnCSM5E,false,,2724,2026-08-25 00:00:00.000 +0530,,,,,,,,,,,,,,,,,27,
Navneet Yadav,Navneet,Yadav,https://www.linkedin.com/in/navneet-yadav-b33413a2,urn:li:member:365312919,navneet-yadav-b33413a2,,,India,India,Bharat Petroleum Corporation Limited,Manager,6-10yoe_global_indian,member_urn,"Fortune Global 500 Company, Bharat Petroleum is the second largest Indian Oil Marketing Company and one of the premier integrated energy companies in India, engaged in refining of crude oil and marketing of petroleum products, with a significant presence in the upstream and downstream sectors of the oil and gas industry. The company attained the coveted Maharatna status, joining the elite club of companies having greater operational & financial autonomy. Bharat Petroleum’s Refineries at Mumbai & Kochi and Bina at Madhya Pradesh have a combined refining capacity of around 35.3 MMTPA. Its marketing infrastructure includes a network of installations, depots, energy stations, aviation service stations and LPG distributors. Its distribution network comprises over 20,000 Energy Stations, over 6,200 LPG distributorships, 733 Lubes distributorships, and 123 POL storage locations, 54 LPG Bottling Plants, 60 Aviation Service Stations, 4 Lube blending plants and 4 cross-country pipelines. Bharat Petroleum is integrating its strategy, investments, environmental and social ambitions to move towards a sustainable planet. The company has chalked out the plan to offer electric vehicle charging stations at around 7000 energy stations over next 5 years. With a focus on sustainable solutions, the company is developing a vibrant ecosystem and a road-map to become a Net Zero Energy Company by 2040, in Scope 1 and Scope 2 emissions. Bharat Petroleum has been partnering communities by supporting innumerable initiatives connected primarily in the areas of education, water conservation, skill development, health, community development, capacity building and employee volunteering. With ‘Energising Lives’ as its core purpose, Bharat Petroleum’s vision is to be the most admired global energy company leveraging talent, innovation & technology.",22548,1976,Oil and Gas,14911,http://www.linkedin.com/company/bpcl,"Mumbai, Maharashtra, India",,http://www.bharatpetroleum.in,,4/2025,false,,false,"Key Areas of Interest: Tribology, Plant and Machinery Reliability, Lubricant Research & Development, Predictive Maintenance & Data Driven Condition Monitoring, AI & IOT Driven Reliability Solutions Hobbies: Music Composition, Fiction & Non-Fiction Writing, Travelling, Competitive Gaming, Programming",2733,2026-08-25 00:00:00.000 +0530,,,,,,,,,,,,,,,,,923,
Dr. Abhishek Sharma,Dr. Abhishek,Sharma,https://www.linkedin.com/in/dr-abhishek-sharma-a87520100,urn:li:member:431268871,dr-abhishek-sharma-a87520100,,,Greater Delhi Area,Greater Delhi Area,"Business houses in metals, mining, chemicals","Business Leader - Mining, Mineral Processing, Manufacturing, Projects",10+yoe_global,member_urn,,,,,,,,,,"Business Delivery, P&L, Capex, Project Leadership, Mentoring",12/2021,true,https://media.licdn.com/dms/image/v2/D5603AQFYy7VNuTw5Aw/profile-displayphoto-scale_200_200/B56Z1mKehoKwAY-/0/1775535521280?e=1788998400&v=beta&t=s_1RaLZ_q9sClFgzmr1HLzTLOo5Fk9eMgBCSBVzA9pA,false,,2725,2026-08-25 00:00:00.000 +0530,,,,,,,,,,,,,,,,,1620,
SANJAY KUMAR,SANJAY,KUMAR,https://www.linkedin.com/in/sanjay-kumar-48a5b9b9,urn:li:member:422512234,sanjay-kumar-48a5b9b9,Chhattisgarh,,India,"Chhattisgarh, India",Coal India Limited,Coal india limited,6-10yoe_global_indian,member_urn,"This is the official page of Coal India Limited. Coal India Limited (CIL) the state-owned coal mining corporate, came into being in November 1975. With a modest production of 79 Million Tonnes (MTs) at the year of its inception Coal India, today is the single largest coal producer in the world and one of the largest corporate employer with manpower of 2,12,066 (as on 1st April, 2026). Spread across eight Indian states, CIL operates in 85 mining areas, managing a total of 295 working mines, consisting of 121 underground, 163 opencast, and 11 mixed mines along with other establishments like workshops, hospitals, and so on. CIL is a Maharatna company – a privileged status conferred by the Government of India to select state-owned enterprises in order to empower them to expand their operations and emerge as global giants. CIL has thirteen subsidiary companies viz. Eastern Coalfields Limited (ECL), Bharat Coking Coal Limited (BCCL), Central Coalfields Limited (CCL), Western Coalfields Limited (WCL), South Eastern Coalfields Limited (SECL), Northern Coalfields Limited (NCL), Mahanadi Coalfields Limited (MCL), Central Mine Planning & Design Institute Limited (CMPDIL), CIL Navi Karniya Urja Limited (for development of non-conventional/clean & renewable energy), Bharat Coal Gasification and Chemicals Ltd. (for development of Coal-to-Ammonium Nitrate project in India), Coal Gas India Ltd. (for coal gasification projects) & CIL Rajasthan Akshay Urja Limited (for renewable business). CIL has a foreign subsidiary in Mozambique namely Coal India Africana Limitada (CIAL) (for acquiring, exploration, and development of overseas coal assets). Further, CIL has six joint venture companies – Hindustan Urvarak & Rasayan Limited, Talcher Fertilizers Ltd., CIL NTPC Urja Pvt. Ltd., Coal Lignite Urja Private Limited, International Coal Venture Private Limited & DVC CIL Power Private Ltd. The mines in Assam i.e. North Eastern Coalfields (NEC), are managed directly by CIL.",2666,1975,Mining,90357974,https://in.linkedin.com/company/coalindialtd,"Baruipur, West Bengal, India","Coal Mining, Energy Provider, and Foraying into Renewables",https://www.coalindia.in,,3/2023,false,https://media.licdn.com/dms/image/v2/C5603AQE1Ow9OktW7sg/profile-displayphoto-shrink_100_100/profile-displayphoto-shrink_100_100/0/1594122221698?e=1788998400&v=beta&t=4-xxezlLhRxqFbeHjBht5Nw0wWEfDGTWwza1BgU0YtY,false,,2765,2026-08-25 00:00:00.000 +0530,,,,,,,,,,,,,,,,,88,
Mukesh chauhan,Mukesh,chauhan,https://www.linkedin.com/in/mukesh-chauhan-b378b3b6,urn:li:member:414291355,mukesh-chauhan-b378b3b6,,,Greater Delhi Area,Greater Delhi Area,RPSG Solvanta,Deputy Manager,6-10yoe_global_indian,member_urn,,72,,Renewable Energy Equipment Manufacturing,109381662,https://www.linkedin.com/company/rpsg-solvanta,,,www.rpsgsolvanta.com,,8/2026,false,https://media.licdn.com/dms/image/v2/D4D03AQFYlxCr0RboLw/profile-displayphoto-shrink_100_100/profile-displayphoto-shrink_100_100/0/1681839554661?e=1788998400&v=beta&t=qXuGGzSOga7mJGdKCUam4i6FH6wIFKCz_IYdGVq128Q,true,,2748,2026-08-25 00:00:00.000 +0530,,,,,,,,,,,,,,,,,684,
Cyril Bhasker Reddy Gopu,Cyril Bhasker Reddy,Gopu,https://www.linkedin.com/in/cyril-bhasker-reddy-gopu-b709a9120,urn:li:member:504109380,cyril-bhasker-reddy-gopu-b709a9120,Digboi,Assam,India,"Digboi, Assam, India",Oil India Limited,Senior Officer,6-10yoe_global_indian,member_urn,"Oil India Limited (OIL) is a fully integrated Exploration & Production company in the upstream sector, with origin dating back to the glorious year (1889) of oil discovery in India. Oil India Limited which was accorded ""MAHARATNA"" status on 04th August, 2023, is a state-owned enterprise of the Government of India, under the administrative control of the Ministry of Petroleum and Natural Gas and is the second largest national oil and gas company in India. Oil India Private Limited was incorporated on 18th February 1959, to expand and develop the newly discovered oil fields of Naharkatiya and Moran in the North-Eastern region of India. In 1961, it became a joint venture company of Government of India and Burmah Oil Company Limited, UK. In 1981, OIL became a wholly owned Government of India enterprise. In FY 2022-23, OIL achieved highest ever Revenue & Profit after Tax (PAT) and also achieved highest ever Natural Gas production during the year. In 2021, OIL acquired additional 54.16% ownership interest in Numaligarh Reìnery Limited (NRL) making OIL the promoter & holding company of NRL. OIL has carved a niche as a leading oil and gas company in the upstream sector with a legacy of hydrocarbon exploration for over six decades and having a share of around 9% of the country’s total crude oil and natural gas production. The company has significant presence across the entire value chain in the hydrocarbon sector, it also produces Liquefied Petroleum Gas (LPG) and transports crude oil and refined petroleum products through cross-country pipelines. The company’s In-Country operations are spread over the areas in the states of Assam, Arunachal Pradesh, Mizoram, Tripura, Nagaland, Odisha, Andhra Pradesh and Rajasthan and offshore areas in Andaman, Kerala-Konkan and KG shallow waters. The company operates a 1157 Km long crude oil pipeline in the Northeast for transportation of crude oil produced by both OIL and ONGCL in the region to feed refineries.",1610,1959,Oil and Gas,100502053,http://www.linkedin.com/company/oilindialimited,"Noida, Uttar Pradesh, India",,http://www.oil-india.com,,6/2022,false,https://media.licdn.com/dms/image/v2/C5103AQF0TtPESgGMUA/profile-displayphoto-shrink_100_100/profile-displayphoto-shrink_100_100/0/1527498964173?e=1788998400&v=beta&t=KsOFbGwPbiAQL3flso3I8xEWR0jUWlUiszg2-QqNVVg,false,,2736,2026-08-25 00:00:00.000 +0530,,,,,,,,,,,,,,,,,1252,
Narendra Nath Chattopadhyay,Narendra Nath,Chattopadhyay,https://www.linkedin.com/in/narendra-nath-chattopadhyay-22562116,urn:li:member:55284221,narendra-nath-chattopadhyay-22562116,Kolkata,West Bengal,India,"Kolkata, West Bengal, India",SICORP(India),Managing Director,10+yoe_global,member_urn,,,,,,,,,,"Presently concentrated our business in middle east, Saudi Arabia and Qatar. We are providing solutions to POWER, MINERAL, OIL & GAS, STEEL and CEMENT. Solving Critical Engineering problem which includes, Parts Identification, Document Management, Maintenance management, Project Management and assesment of CO2 generation and solution.",11/1997,false,https://media.licdn.com/dms/image/v2/C5603AQF3sdynP47bhw/profile-displayphoto-shrink_100_100/profile-displayphoto-shrink_100_100/0/1517799781953?e=1788998400&v=beta&t=4Bo-o1xmtiSaR8IR8F6j5adyBfB7OlQ47UawHhSFI2w,false,,2744,2026-08-25 00:00:00.000 +0530,,,,,,,,,,,,,,,,,2459,
Tanmay Sutay,Tanmay,Sutay,https://www.linkedin.com/in/tanmay-sutay-4aa88a99,urn:li:member:351534658,tanmay-sutay-4aa88a99,Dibrugarh East,Assam,India,"Dibrugarh East, Assam, India",Oil India Limited / ऑयल इंडिया लिमिटेड,Deputy Chief,6-10yoe_global_indian,member_urn,"Oil India Limited (OIL) is a fully integrated Exploration & Production company in the upstream sector, with origin dating back to the glorious year (1889) of oil discovery in India. Oil India Limited which was accorded ""MAHARATNA"" status on 04th August, 2023, is a state-owned enterprise of the Government of India, under the administrative control of the Ministry of Petroleum and Natural Gas and is the second largest national oil and gas company in India. Oil India Private Limited was incorporated on 18th February 1959, to expand and develop the newly discovered oil fields of Naharkatiya and Moran in the North-Eastern region of India. In 1961, it became a joint venture company of Government of India and Burmah Oil Company Limited, UK. In 1981, OIL became a wholly owned Government of India enterprise. In FY 2022-23, OIL achieved highest ever Revenue & Profit after Tax (PAT) and also achieved highest ever Natural Gas production during the year. In 2021, OIL acquired additional 54.16% ownership interest in Numaligarh Reìnery Limited (NRL) making OIL the promoter & holding company of NRL. OIL has carved a niche as a leading oil and gas company in the upstream sector with a legacy of hydrocarbon exploration for over six decades and having a share of around 9% of the country’s total crude oil and natural gas production. The company has significant presence across the entire value chain in the hydrocarbon sector, it also produces Liquefied Petroleum Gas (LPG) and transports crude oil and refined petroleum products through cross-country pipelines. The company’s In-Country operations are spread over the areas in the states of Assam, Arunachal Pradesh, Mizoram, Tripura, Nagaland, Odisha, Andhra Pradesh and Rajasthan and offshore areas in Andaman, Kerala-Konkan and KG shallow waters. The company operates a 1157 Km long crude oil pipeline in the Northeast for transportation of crude oil produced by both OIL and ONGCL in the region to feed refineries.",1610,1959,Oil and Gas,100502053,http://www.linkedin.com/company/oilindialimited,"Noida, Uttar Pradesh, India",,http://www.oil-india.com,,1/2026,false,https://media.licdn.com/dms/image/v2/C5603AQGYSeoBrTSyDg/profile-displayphoto-shrink_100_100/profile-displayphoto-shrink_100_100/0/1619270912266?e=1788998400&v=beta&t=Cb4ReBWJAG6ETEyPGGHjFEa5rr7MS2D0VGa_9-svKuA,false,,2735,2026-08-25 00:00:00.000 +0530,,,,,,,,,,,,,,,,,1252,
Tapas Kumar Sinha,Tapas Kumar,Sinha,https://www.linkedin.com/in/tapas-kumar-sinha-2192963b,urn:li:member:141036213,tapas-kumar-sinha-2192963b,Kolkata,West Bengal,India,"Kolkata, West Bengal, India","Freelance, Consultant in Coal Mining Projects.","Handling issues related to Land Acq, Environment and Implementation.",10+yoe_global,member_urn,,,,,,,,,,,2/2019,false,https://media.licdn.com/dms/image/v2/C5603AQFkDj_rKoArfg/profile-displayphoto-shrink_100_100/profile-displayphoto-shrink_100_100/0/1587663138716?e=1788998400&v=beta&t=0X9p_Zh9E4lhpWGMIahcosop20G8kDWp7CZYki5fbxw,false,,2764,2026-08-25 00:00:00.000 +0530,,,,,,,,,,,,,,,,,1844,
Sai Santhosh kumar Irrinki,Sai Santhosh kumar,Irrinki,https://www.linkedin.com/in/sai-santhosh-kumar-irrinki-44a424288,urn:li:member:1171550074,sai-santhosh-kumar-irrinki-44a424288,Chennai,Tamil Nadu,India,"Chennai, Tamil Nadu, India","O/o CGPDTM,Ministry of commerce and industry",Examiner of patents and designs,6-10yoe_global_indian,member_urn,,,,,,,,,,,7/2019,false,,false,,3716,2026-08-25 00:00:00.000 +0530,,,,,,,,,,,,,,,,,2261,
Ashish Ranjan,Ashish,Ranjan,https://www.linkedin.com/in/ashish-ranjan-a39b4424,urn:li:member:86436045,ashish-ranjan-a39b4424,Patna,Bihar,India,"Patna, Bihar, India",Coal India Limited,Assistant Manager,6-10yoe_global_indian,member_urn,"This is the official page of Coal India Limited. Coal India Limited (CIL) the state-owned coal mining corporate, came into being in November 1975. With a modest production of 79 Million Tonnes (MTs) at the year of its inception Coal India, today is the single largest coal producer in the world and one of the largest corporate employer with manpower of 2,12,066 (as on 1st April, 2026). Spread across eight Indian states, CIL operates in 85 mining areas, managing a total of 295 working mines, consisting of 121 underground, 163 opencast, and 11 mixed mines along with other establishments like workshops, hospitals, and so on. CIL is a Maharatna company – a privileged status conferred by the Government of India to select state-owned enterprises in order to empower them to expand their operations and emerge as global giants. CIL has thirteen subsidiary companies viz. Eastern Coalfields Limited (ECL), Bharat Coking Coal Limited (BCCL), Central Coalfields Limited (CCL), Western Coalfields Limited (WCL), South Eastern Coalfields Limited (SECL), Northern Coalfields Limited (NCL), Mahanadi Coalfields Limited (MCL), Central Mine Planning & Design Institute Limited (CMPDIL), CIL Navi Karniya Urja Limited (for development of non-conventional/clean & renewable energy), Bharat Coal Gasification and Chemicals Ltd. (for development of Coal-to-Ammonium Nitrate project in India), Coal Gas India Ltd. (for coal gasification projects) & CIL Rajasthan Akshay Urja Limited (for renewable business). CIL has a foreign subsidiary in Mozambique namely Coal India Africana Limitada (CIAL) (for acquiring, exploration, and development of overseas coal assets). Further, CIL has six joint venture companies – Hindustan Urvarak & Rasayan Limited, Talcher Fertilizers Ltd., CIL NTPC Urja Pvt. Ltd., Coal Lignite Urja Private Limited, International Coal Venture Private Limited & DVC CIL Power Private Ltd. The mines in Assam i.e. North Eastern Coalfields (NEC), are managed directly by CIL.",2666,1975,Mining,90357974,https://in.linkedin.com/company/coalindialtd,"Baruipur, West Bengal, India","Coal Mining, Energy Provider, and Foraying into Renewables",https://www.coalindia.in,,8/2022,false,https://media.licdn.com/dms/image/v2/D4D03AQFC5rYOE3uy9A/profile-displayphoto-shrink_100_100/profile-displayphoto-shrink_100_100/0/1689169460524?e=1788998400&v=beta&t=wRZQDDNidpqFCAf_oFbSHyj-KpjxX6ln4ToUTIngx2k,false,,2752,2026-08-25 00:00:00.000 +0530,,,,,,,,,,,,,,,,,88,
Ashish Meena,Ashish,Meena,https://www.linkedin.com/in/ashish-meena-74229464,urn:li:member:227627042,ashish-meena-74229464,Nagpur,Maharashtra,India,"Nagpur, Maharashtra, India",Coal India Limited,Manager,6-10yoe_global_indian,member_urn,"This is the official page of Coal India Limited. Coal India Limited (CIL) the state-owned coal mining corporate, came into being in November 1975. With a modest production of 79 Million Tonnes (MTs) at the year of its inception Coal India, today is the single largest coal producer in the world and one of the largest corporate employer with manpower of 2,12,066 (as on 1st April, 2026). Spread across eight Indian states, CIL operates in 85 mining areas, managing a total of 295 working mines, consisting of 121 underground, 163 opencast, and 11 mixed mines along with other establishments like workshops, hospitals, and so on. CIL is a Maharatna company – a privileged status conferred by the Government of India to select state-owned enterprises in order to empower them to expand their operations and emerge as global giants. CIL has thirteen subsidiary companies viz. Eastern Coalfields Limited (ECL), Bharat Coking Coal Limited (BCCL), Central Coalfields Limited (CCL), Western Coalfields Limited (WCL), South Eastern Coalfields Limited (SECL), Northern Coalfields Limited (NCL), Mahanadi Coalfields Limited (MCL), Central Mine Planning & Design Institute Limited (CMPDIL), CIL Navi Karniya Urja Limited (for development of non-conventional/clean & renewable energy), Bharat Coal Gasification and Chemicals Ltd. (for development of Coal-to-Ammonium Nitrate project in India), Coal Gas India Ltd. (for coal gasification projects) & CIL Rajasthan Akshay Urja Limited (for renewable business). CIL has a foreign subsidiary in Mozambique namely Coal India Africana Limitada (CIAL) (for acquiring, exploration, and development of overseas coal assets). Further, CIL has six joint venture companies – Hindustan Urvarak & Rasayan Limited, Talcher Fertilizers Ltd., CIL NTPC Urja Pvt. Ltd., Coal Lignite Urja Private Limited, International Coal Venture Private Limited & DVC CIL Power Private Ltd. The mines in Assam i.e. North Eastern Coalfields (NEC), are managed directly by CIL.",2666,1975,Mining,90357974,https://in.linkedin.com/company/coalindialtd,"Baruipur, West Bengal, India","Coal Mining, Energy Provider, and Foraying into Renewables",https://www.coalindia.in,,2/2026,false,https://media.licdn.com/dms/image/v2/D4D03AQHX6qfe-6oEHg/profile-displayphoto-shrink_100_100/profile-displayphoto-shrink_100_100/0/1664299306605?e=1788998400&v=beta&t=sDLVDTmQICCGEaLat8iI-AnxzJkhunhZ8CjsvZ6mrAk,false,,2751,2026-08-25 00:00:00.000 +0530,,,,,,,,,,,,,,,,,88,
Ujjwal Kumar G.,Ujjwal Kumar,G.,https://www.linkedin.com/in/ujjwal-kumar-g-178221101,urn:li:member:433508780,ujjwal-kumar-g-178221101,,,Greater Delhi Area,Greater Delhi Area,NGM,Project Head,10+yoe_global,member_urn,,,,,,,,,,,7/2023,false,,false,"(1) 22 Years of experience (2) Education: MBA (PGD General Management) - XLRI Jamshedpur; B. Tech. (Mineral Engg.) - IIT Dhanbad; (3) Sector Experience: Management Consultancy, Cement, WHRS, Thermal Power, Energy, OEM, Manufacturing, Mining, EPC, CHP, Infrastructure ; (4) Functional Experience: Project Management, Project control, Procurement & Supply Chain Management, Contract management, Techno-commercial, Business Development, Strategy; (5) Specialties:  Capital Projects: EPC, Planning & Control, Scheduling (L1/L2/L3/L4 level baseline schedule) Critical Chain Project Management Project Commercial Project Accounting; Revenue recognition during project life cycle Project Execution, Site establishment, Pre-construction, Construction, Post construction, commissioning, Handing Over,  Power & Energy: Power Tariff calculation based on RFP/PPA, Energy Management Economic / Financial Model preparation, Financial Analysis, Project appraisal, Project Finance exposure  Business process: Business Analysis, Data Analytics Change management Business Process Restructuring, Procurement & Sourcing, Material Management, Contract management, Risk analysis Logistics & Supply chain management  Business development & Strategy: Bidding and Proposal submission Market segmentation analysis and research; Porter 5 Forces analysis and entry strategy in business plan Growth Share analysis & implementation (BCG Matrix) Brainstorming Blue ocean strategy  Software: Software for project planning & control:  MS Project, Primavera P6, TILOS, Asta Power Project, SAP PS Module ERP and Business process software:  SAP (MM, PS, FICO Module), Software for engineering drawing:  Auto Cad 2010, MS Office; Tableau  Mineral Beneficiation / Mining: Mineral Processing & Mineral Economics, Open cast iron ore mining exposure",2776,2026-08-25 00:00:00.000 +0530,,,,,,,,,,,,,,,,,2213,
Prakhar Rastogi,Prakhar,Rastogi,https://www.linkedin.com/in/prakharism,urn:li:member:81143398,prakharism,,,Greater Bengaluru Area,Greater Bengaluru Area,Manhattan Associates,"Technical Lead, Software Engineer - R&D",founders,member_urn,"For more than 35 years we have earned a reputation for building technology solutions that solve the most complex business problems in supply chain, inventory and retail.",4211,1990,Software Development,4376,https://www.linkedin.com/company/manhattan-associates,"Atlanta, Georgia, United States","Supply Chain Management, Supply Chain Optimization, Warehouse Management, Transportation Management, Professional Services, Consulting Services, Order Management, Point of Sale, Replenishment, Store Fulfillment, Store Inventory, Tablet Retailing, Warehouse Management, Customer Engagement, Inventory Management, Retail Technology, Store Solutions, Customer Experience, and Retail Sales",http://www.manh.com,"❖ Leading a high-impact project in the Order Management System, concentrating on integrating new features into existing workflows. Overseeing the entire development lifecycle, from requirements analysis and design to deployment, while mentoring the team and actively contributing as a developer. ❖ Resolved critical defects identified by both customers and internal teams, ensuring seamless operations and high customer satisfaction. Demonstrated exceptional problem-solving skills, keen attention to detail, and effective collaboration in addressing issues and implementing solutions. ❖ Proactively identified potential future defects, providing strategic oversight to other team members for resolution while developing and enhancing order management systems, familiarizing myself with the company’s Order Management and related supply chain products. ❖ Initially conducted comprehensive testing of core functionalities to ensure system reliability and seamless integration. Currently responsible for testing new developments and fixes led by me, including documenting changes as needed.",5/2024,false,,false,"❖ 9+ years experienced professional with a demonstrated history of working in Software Development. Contributions in Product Development for telecom, banking & finance, and e-commerce industry. ❖ Frontend & backend engineering for desktop and web applications.❖ Skilled in technologies like Java, Angular, TypeScript, Oracle PL/SQL etc. with a good knowledge of Data Structures, and Algorithms. ❖ Experience with tools like Jira, Confluence, SonarQube, IntelliJ, VSCode, SOAP-UI, PostMan, Bitbucket, Git etc.❖ Led the UI team in Code Quality Monitoring, bringing a 20% decrease in technical debt and a 25% increase in code coverage as per SonarQube tracking, enhancing overall project quality.❖ Enhanced team’s legacy regression testing orchestration system by providing innovative solutions to existing problems, hence improving efficiency by 15%.❖ Strong communication skills, excellent academic background with a 5 Year Integrated M.Tech. focused in Mathematics and Computing from Indian Institute of Technology (Indian School of Mines), Dhanbad.❖ Passionate about leading and mentoring junior developers.❖ Enthusiastic about competitive programming with a LeetCode contest rating exceeding 1800. Continuously honing problem-solving skills and algorithmic expertise to tackle complex challenges and drive innovative solutions.",2768,2026-08-25 00:00:00.000 +0530,,,,,,,,,,,,,,,,,597,
Jayant Jaychy,Jayant,Jaychy,https://www.linkedin.com/in/jayant-jaychy-3a124375,urn:li:member:266338921,jayant-jaychy-3a124375,Ranchi,Jharkhand,India,"Ranchi, Jharkhand, India","COAL INDIA LIMITED, (CENTRAL MINE PLANNING AND DESIGN INSTITUTE LIMITED)",Regional Director,10+yoe_indian,member_urn,"COAL INDIA LIMITED, (CENTRAL MINE PLANNING AND DESIGN INSTITUTE LIMITED) | 2,321 followers on LinkedIn. Coal exploration",322,,Government Relations Services,1183762,https://www.linkedin.com/school/coal-india-limited-central-mine-planning-and-design-institute-limited-/,"Bhubaneswar, Odisha, India",,https://www.cmpdi.co.in/,,7/2021,false,,false,,3872,2026-08-25 00:00:00.000 +0530,,,,,,,,,,,,,,,,,788,
Vaibhav Gupta,Vaibhav,Gupta,https://www.linkedin.com/in/vaibhav-env,urn:li:member:96958715,vaibhav-env,South Delhi,Delhi,India,"South Delhi, Delhi, India",Uniqus Consultech Inc.,Director - Sustainability and Climate Consulting,10+yoe_global,member_urn,"Uniqus Consultech is an AI and global tech-enabled consulting company that specializes in Accounting & Reporting Consulting, Governance, Risk & Compliance, Sustainability & Climate Consulting, Tech Consulting, and Valuations. The Company is co-founded by consulting veterans Jamil Khatri and Sandip Khetan and backed by marquee investors such as Nexus Venture Partners, Sorin Investments, and UST. Anu Chaudhary, a global sustainability and climate specialist with over 25 years of experience, serves as the Global Head of Sustainability & Climate Consulting. Uniqus has a global team of 800+ professionals led by 100+ Partners & Directors across 12 offices in the USA, the Middle East, and India. The company serves more than 400 clients, including marquee names in each of the markets it operates in. Uniqus is committed to leveraging technology and an integrated global delivery model to provide best-in-class consulting services to its clients.",793,2022,Business Consulting and Services,86473163,https://www.linkedin.com/company/uniqus-consultech,"San Jose, California, United States","ESG Advisory Services , Accounting & Reporting Consulting, Corporate Sustainability & Responsibility, ESG Standards and Disclosures, Climate Action, Smart Communities & Cities, ESG Diligence, ESG Training &Awareness, Technical Accounting Advisory, IPO & Transaction Accounting Advisory, Accounting Support, Tech-enabled ESG, Internal Control Over Financial Reporting and Internal Financial Control , and Finance Function Digitization & Automation",http://www.uniqus.com,,11/2025,false,https://media.licdn.com/dms/image/v2/D5603AQF5oBqmyxM3yQ/profile-displayphoto-scale_400_400/B56ZpAH7AZI4Ag-/0/1762012412326?e=1788998400&v=beta&t=dLEU2f1Z8V5S1GF_VO698SHCAS93ViP-IyHmHCHgMuY,false,,2785,2026-08-25 00:00:00.000 +0530,,,,,,,,,,,,,,,,,756,
BAIKUNTHA NATH TALUKDAR,BAIKUNTHA NATH,TALUKDAR,https://www.linkedin.com/in/baikuntha-nath-talukdar-b535b559,urn:li:member:207515439,baikuntha-nath-talukdar-b535b559,New Delhi,Delhi,India,"New Delhi, Delhi, India",Consultant,"Consultant & Arbritrator, Petroleum & Natural Gas",10+yoe_global,member_urn,,,,,,,,,,,2/2020,false,https://media.licdn.com/dms/image/v2/C5603AQFV7DJvXX0Npw/profile-displayphoto-shrink_100_100/profile-displayphoto-shrink_100_100/0/1589865197333?e=1788998400&v=beta&t=6i7gCbC7DTFlosB1NtuV8Y_5rAF6FuyZvStF6ThAEVM,false,,2778,2026-08-25 00:00:00.000 +0530,,,,,,,,,,,,,,,,,1699,
Subhash Reddy Pallela,Subhash Reddy,Pallela,https://www.linkedin.com/in/subhash-reddy-pallela-2722352b,urn:li:member:105078326,subhash-reddy-pallela-2722352b,Hyderabad,Telangana,India,"Hyderabad, Telangana, India",Midafrica Resources Ltd,Managing Director,10+yoe_global,member_urn,,,,,,,,,,controlling all mining activities,7/2025,false,https://media.licdn.com/dms/image/v2/D4D03AQGtoiQd1agTTw/profile-displayphoto-scale_100_100/B4DZvcECgRKEAc-/0/1768923607221?e=1788998400&v=beta&t=NngKR3Y9f351P5QJyddhqvwKpj9nnLTMwh2lmDtIMRw,false,,2779,2026-08-25 00:00:00.000 +0530,,,,,,,,,,,,,,,,,2153,
Jyoti Kandpal,Jyoti,Kandpal,https://www.linkedin.com/in/jyoti-kandpal-a0699719,urn:li:member:65145318,jyoti-kandpal-a0699719,Bengaluru,Karnataka,India,"Bengaluru, Karnataka, India",Shell Kuwait,Senior Operations Geomechanist,10+yoe_global,member_urn,,,,,,,,,,,4/2025,true,,false,"At Shell, leadership and innovation in Petrophysics and Geomechanics are the cornerstones of my role as Team Lead. Our team is at the forefront of managing the Techlog product line, enhancing real-time drilling support, and optimizing wellbore stability modeling—all aimed at minimizing non-productive time and maximizing safety. With a proven track record in delivering complex projects globally, my focus remains on cross-functional team leadership and stakeholder management. We leverage cutting-edge software solutions and a commitment to coaching and mentoring to foster a collaborative environment that values integrity, transparency, and accountability.",2782,2026-08-25 00:00:00.000 +0530,,,,,,,,,,,,,,,,,2449,
Buddha B. Tripathi,Buddha B.,Tripathi,https://www.linkedin.com/in/buddha-b-tripathi-a55b519a,urn:li:member:355190177,buddha-b-tripathi-a55b519a,Chitrakoot,Uttar Pradesh,India,"Chitrakoot, Uttar Pradesh, India",Zeel Renewables Pvt. Ltd.,Technical Director,10+yoe_global,member_urn,,,,,,,,,,,4/2026,false,https://media.licdn.com/dms/image/v2/C5603AQHuco-iwjgyhQ/profile-displayphoto-shrink_100_100/profile-displayphoto-shrink_100_100/0/1643556603674?e=1788998400&v=beta&t=-q5p3SKBL_AY7rOumqAxkWCIMiOmru1AjQ9E5BK6c8w,false,,2783,2026-08-25 00:00:00.000 +0530,,,,,,,,,,,,,,,,,2686,
Krishna Roy,Krishna,Roy,https://www.linkedin.com/in/krishna-roy-352206b0,urn:li:member:394658414,krishna-roy-352206b0,,,India,India,Jio-bp,General Manager,6-10yoe_global_indian,member_urn,"Jio-bp is an iconic joint venture between Reliance Industries Limited, an energy and retail powerhouse with new-age digital technology and bp, the global expert in fuel and convenience.",2640,,Oil and Gas,70545099,https://in.linkedin.com/company/jio-bp,"Navi Mumbai, Maharashtra, India",,https://www.jiobp.com/,,7/2022,false,https://media.licdn.com/dms/image/v2/C5103AQHI47H5zAbNQg/profile-displayphoto-shrink_100_100/profile-displayphoto-shrink_100_100/0/1526266941588?e=1788998400&v=beta&t=xrqw0x5NX4fAQMRC6D5_Ql3u2zmqEe4UcjGue6Wxdjs,false,,2788,2026-08-25 00:00:00.000 +0530,,,,,,,,,,,,,,,,,170,
Anshuman Sharma,Anshuman,Sharma,https://www.linkedin.com/in/anshuman-sharma-22a23752,urn:li:member:185703298,anshuman-sharma-22a23752,Mumbai,Maharashtra,India,"Mumbai, Maharashtra, India",Securities and Exchange Board of India (SEBI),Assistant General Manager,6-10yoe_global_indian,member_urn,"Securities and Exchange Board of India (SEBI) was first established in 1988 as a non-statutory body for regulating the securities market. It became an autonomous body on 30 January 1992 and was accorded statutory powers with the passing of the SEBI Act 1992 by the Parliament of India. SEBI has its headquarters at the business district of Bandra Kurla Complex in Mumbai and has Northern, Eastern, Southern and Western Regional Offices in New Delhi, Kolkata, Chennai, and Ahmedabad respectively. It has opened local offices at Jaipur and Bangalore and has also opened offices at Guwahati, Bhubaneshwar, Patna, Kochi and Chandigarh in Financial Year 2013–2014.",472,,Financial Services,34208618,https://in.linkedin.com/company/securities-and-exchange-board-of-india,"Mumbai, Maharashtra, India",,https://www.sebi.gov.in/,,3/2026,false,https://media.licdn.com/dms/image/v2/C4D03AQFTgb2Xq5yN-w/profile-displayphoto-shrink_100_100/profile-displayphoto-shrink_100_100/0/1645359548302?e=1788998400&v=beta&t=xHbXl2D7JiLwPgfrxCbRlMLsKgUfs_lm2K3O4O-YkMY,false,,2790,2026-08-25 00:00:00.000 +0530,,,,,,,,,,,,,,,,,271,
Yeswanth Reddy,Yeswanth,Reddy,https://www.linkedin.com/in/yeswanth-reddy-7970676b,urn:li:member:247974307,yeswanth-reddy-7970676b,Hyderabad,Telangana,India,"Hyderabad, Telangana, India",Accordion,Senior Director,6-10yoe_global_indian,member_urn,"Accordion is the value creation partner for private equity. Our offerings span the modern CFO's agenda—strengthening finance functions, implementing data, technology, and AI, and driving the operational improvements that create value. From core accounting and FP&A to analytics, technology enablement, performance improvement, and transformation, we help portfolio companies build stronger foundations, drive end-to-end value creation, and deliver results across the investment lifecycle.",1367,2009,Business Consulting and Services,648101,https://www.linkedin.com/company/accordion-partners,"New York, New York, United States","Financial Services, Consulting, Strategic Finance, Finance Transformation, Transaction Execution Services, Financial Accounting & Advisory Services, Operational Accounting, Technical Accounting, and Performance Improvement",https://www.accordion.com/,,1/2026,false,https://media.licdn.com/dms/image/v2/C5603AQHtT5EZ_eQDZQ/profile-displayphoto-shrink_100_100/profile-displayphoto-shrink_100_100/0/1517465376331?e=1788998400&v=beta&t=4E2EeHG264vC-FjXwAbC2r7Bfj0U3Gdtg07pxYLzeOk,false,,2786,2026-08-25 00:00:00.000 +0530,,,,,,,,,,,,,,,,,377,
Pawan Kumar,Pawan,Kumar,https://www.linkedin.com/in/pawan-kumar-56581346,urn:li:member:163260509,pawan-kumar-56581346,Pune,Maharashtra,India,"Pune, Maharashtra, India",Reserve Bank of India (RBI),Manager,6-10yoe_global_indian,member_urn,"Official account of the central bank of India, the RBI. Visit us at Website : https://rbi.org.in X : https://twitter.com/RBI : https://twitter.com/RBIsays Instagram : https://www.instagram.com/reservebankofindia/ Facebook : https://www.facebook.com/therbimuseum : https://www.facebook.com/RBIsays YouTube : https://www.youtube.com/@reservebankofindia593",7845,1935,Banking,99053826,https://in.linkedin.com/company/reservebankofindia,"Mumbai, Maharashtra, India",,https://rbi.org.in,,1/2023,false,https://media.licdn.com/dms/image/v2/C5603AQFk3Dk42m9BzA/profile-displayphoto-shrink_100_100/profile-displayphoto-shrink_100_100/0/1517438621964?e=1788998400&v=beta&t=VbU7AA1XoXT-bq9n-iIgAZz8rBElKV1Tb9YPBYNmms0,false,,2798,2026-08-25 00:00:00.000 +0530,,,,,,,,,,,,,,,,,261,
Shanti Lata Das,Shanti Lata,Das,https://www.linkedin.com/in/shanti-lata-das-6607aa38,urn:li:member:133350696,shanti-lata-das-6607aa38,Bengaluru,Karnataka,India,"Bengaluru, Karnataka, India",Indian Oil Corporation Limited,Manager,6-10yoe_global_indian,member_urn,The official handle of IndianOil. IndianOil is ranked 127th among the world's largest corporate in Fortune ‘Global 500' listing for the year 2025.,41541,1959,Oil and Gas,19147574,http://www.linkedin.com/company/indian-oil-corp-limited,"Delhi, India",,http://www.iocl.com/,,9/2017,false,https://media.licdn.com/dms/image/v2/C5603AQHXMg1yyrzBBA/profile-displayphoto-shrink_100_100/profile-displayphoto-shrink_100_100/0/1516797679097?e=1788998400&v=beta&t=P-oXKSTs_1UrZ8hHQ1GGhV0wiZf_xXdXL6YoZMK9ilM,false,,2791,2026-08-25 00:00:00.000 +0530,,,,,,,,,,,,,,,,,1110,
Avinash Pandey,Avinash,Pandey,https://www.linkedin.com/in/avinash-pandey-29071993,urn:li:member:185530277,avinash-pandey-29071993,Mumbai,Maharashtra,India,"Mumbai, Maharashtra, India",ICICI Lombard,Deputy Vice President,6-10yoe_global_indian,member_urn,"ICICI Lombard is the leading private general insurance company in the country. The Company offers a comprehensive and well-diversified range of products through multiple distribution channels, including motor, health, crop, fire, personal accident, marine, engineering, and liability insurance. With a legacy of over 2 decades, ICICI Lombard is committed to customer centricity with its brand philosophy of ‘Nibhaye Vaade’. The company has issued over 39.2 million policies, over 3.4 million claims processed and has a Gross Written Premium (GWP) of ₹ 306.18 billion for the year ended March 31, 2026. ICICI Lombard has 341 branches and 15,008 employees, as on March 31, 2026. ICICI Lombard has been a pioneer in the industry, being the first large-scale insurance company in India to migrate its entire core systems to the cloud. With a strong focus on being digitally-led and agile, the company has introduced multiple AI-powered insurance solutions. The company’s flagship insurance and wellness app, IL TakeCare, which has received over 21.0 million downloads, also offers the industry’s first Face Scan feature. The company has won several prestigious awards- including the Insurance Asia, ICC Emerging Asia Insurance, ET BFSI Exceller, ET Corporate Excellence, Golden Peacock, FICCI Insurance, Assocham, Stevie Asia Pacific, and National CSR in recognition of its various initiatives. For more details log on to https://www.icicilombard.com/.",15400,2001,Insurance,164272,http://www.linkedin.com/company/icici-lombard,"Mumbai, Maharashtra, India","Health Insurance, Travel Insurance, Car Insurance, Home Insurance, Two wheeler Insurance, and NRI Insurance",http://www.icicilombard.com/,,7/2025,false,https://media.licdn.com/dms/image/v2/D4D03AQGiDongBlAHkw/profile-displayphoto-scale_100_100/B4DZf.fA7UGkAc-/0/1752321237610?e=1788998400&v=beta&t=kHXs8JNo88JcU0b4XqCzxDIqIRPGaIlbxUXM5E5VNaY,false,,2797,2026-08-25 00:00:00.000 +0530,,,,,,,,,,,,,,,,,1100,
Amit Kumar Mishra,Amit Kumar,Mishra,https://www.linkedin.com/in/amit-kumar-mishra-92260294,urn:li:member:335927978,amit-kumar-mishra-92260294,Varanasi,Uttar Pradesh,India,"Varanasi, Uttar Pradesh, India",Reserve Bank of India (RBI),Manager,6-10yoe_global_indian,member_urn,"Official account of the central bank of India, the RBI. Visit us at Website : https://rbi.org.in X : https://twitter.com/RBI : https://twitter.com/RBIsays Instagram : https://www.instagram.com/reservebankofindia/ Facebook : https://www.facebook.com/therbimuseum : https://www.facebook.com/RBIsays YouTube : https://www.youtube.com/@reservebankofindia593",7845,1935,Banking,99053826,https://in.linkedin.com/company/reservebankofindia,"Mumbai, Maharashtra, India",,https://rbi.org.in,,12/2021,false,https://media.licdn.com/dms/image/v2/C4E03AQEDsGZzdWRlSA/profile-displayphoto-shrink_100_100/profile-displayphoto-shrink_100_100/0/1517570412026?e=1788998400&v=beta&t=q6gSnQWhc_JiyOqzjrNge8tYuRc8DMdLT-U5BJ-ctfE,false,,2799,2026-08-25 00:00:00.000 +0530,,,,,,,,,,,,,,,,,261,
Akash Deep,Akash,Deep,https://www.linkedin.com/in/akash-deep-87a04b86,urn:li:member:304673566,akash-deep-87a04b86,Kolkata,West Bengal,India,"Kolkata, West Bengal, India",Reserve Bank of India (RBI),Manager,6-10yoe_global_indian,member_urn,"Official account of the central bank of India, the RBI. Visit us at Website : https://rbi.org.in X : https://twitter.com/RBI : https://twitter.com/RBIsays Instagram : https://www.instagram.com/reservebankofindia/ Facebook : https://www.facebook.com/therbimuseum : https://www.facebook.com/RBIsays YouTube : https://www.youtube.com/@reservebankofindia593",7845,1935,Banking,99053826,https://in.linkedin.com/company/reservebankofindia,"Mumbai, Maharashtra, India",,https://rbi.org.in,,12/2021,false,https://media.licdn.com/dms/image/v2/D4D03AQFXH43W_QnC8A/profile-displayphoto-shrink_100_100/profile-displayphoto-shrink_100_100/0/1683438699546?e=1788998400&v=beta&t=y0CfcQ1OrfDUsf4Q0K03Or51A7i8CBSTgK05jM_gpKM,false,,2800,2026-08-25 00:00:00.000 +0530,,,,,,,,,,,,,,,,,261,
Rishabh Pratika,Rishabh,Pratika,https://www.linkedin.com/in/rishabh-pratika-72167547,urn:li:member:165876937,rishabh-pratika-72167547,Mumbai,Maharashtra,India,"Mumbai, Maharashtra, India",Reserve Bank of India (RBI),Assistant General Manager,6-10yoe_global_indian,member_urn,"Official account of the central bank of India, the RBI. Visit us at Website : https://rbi.org.in X : https://twitter.com/RBI : https://twitter.com/RBIsays Instagram : https://www.instagram.com/reservebankofindia/ Facebook : https://www.facebook.com/therbimuseum : https://www.facebook.com/RBIsays YouTube : https://www.youtube.com/@reservebankofindia593",7845,1935,Banking,99053826,https://in.linkedin.com/company/reservebankofindia,"Mumbai, Maharashtra, India",,https://rbi.org.in,Responsible for managing IT infrastructure of critical payment systems of the country.,5/2025,false,https://media.licdn.com/dms/image/v2/D4D03AQE8EoHMtT6irw/profile-displayphoto-scale_200_200/B4DZfmIVJXHAAY-/0/1751912633577?e=1788998400&v=beta&t=Bs8IXP6ZE_6nRki5wNw0BGotxI3Jzrv_Om-wj1dF3is,false,,2801,2026-08-25 00:00:00.000 +0530,,,,,,,,,,,,,,,,,261,
Saurav M.,Saurav,M.,https://www.linkedin.com/in/saurav-m-37646410,urn:li:member:36958986,saurav-m-37646410,Kolkata,West Bengal,India,"Kolkata, West Bengal, India",Bridge And Roof Company India Ltd,Sr Manager,10+yoe_indian,member_urn,"Bridge & Roof Company (India) Limited was incorporated on 16th January, 1920 and has completed more than a hundred years of service to the nation. It is presently under the administrative control of the Ministry of Heavy Industries, Government of India. Over the years, the Company has grown into a premier Engineering and Construction Company in the country, committed to serve various project implementation authorities in the country and globally, both in Public and Private Sectors. Bridge & Roof undertakes all modes of project construction contracts including EPC (Engineering, Procurement and Construction), PMC (Project Management Consultancy), Unit Rate Contract and Open Book Estimate (OBE).",57,1920,Construction,86199039,http://www.linkedin.com/company/bridge-and-roof,"Kolkata, West Bengal, India",,https://www.bridgeroof.co.in/,,10/2023,false,,false,,3812,2026-08-25 00:00:00.000 +0530,,,,,,,,,,,,,,,,,926,
Riddhashirsha Ghosh,Riddhashirsha,Ghosh,https://www.linkedin.com/in/riddhashirsha-ghosh-997bb4172,urn:li:member:689749891,riddhashirsha-ghosh-997bb4172,Kolkata,West Bengal,India,"Kolkata, West Bengal, India",Lloyds Metals & Energy Ltd,Manager,6-10yoe_global_indian,member_urn,"Creating an ecosystem where growth is inclusive and for everyone At our heart lies growth. Growth which reflects in our journey of over 50 years. From commissioning one of the oldest DRI plants in Maharashtra, to pioneering iron ore production in the state while uplifting the places we operate in. Growth which has become synonymous with our performance. Growth which reflects in our ambitious plans of becoming a world class steel producer. Growth which is not only for us but for the nation at large.",1787,1977,Mining,1827025,https://in.linkedin.com/company/lloyds-metals-and-energy,"Mumbai, Maharashtra, India",,https://www.lloyds.in/,I am incharge of the quality of the production and despatch of Surjagarh Iron Ore mines. I supervise the overall QAQC activities at mines along with the short term & long term mine planning. Also providing MIS support related to monitoring and controlling the production quality.,6/2025,false,https://media.licdn.com/dms/image/v2/D4D03AQHIZMVbbmzlpA/profile-displayphoto-shrink_100_100/profile-displayphoto-shrink_100_100/0/1704716765523?e=1788998400&v=beta&t=bysSCsBMCP4XfxQbqedrKkYndtsy7QUCB_KOfLbku9c,false,,2804,2026-08-25 00:00:00.000 +0530,,,,,,,,,,,,,,,,,189,
Shashank Kumar,Shashank,Kumar,https://www.linkedin.com/in/shashank-kumar-b5770678,urn:li:member:276464371,shashank-kumar-b5770678,Mumbai,Maharashtra,India,"Mumbai, Maharashtra, India","Apollo Global Management, Inc.",Associate Director,6-10yoe_global_indian,member_urn,"Apollo is a high-growth, global alternative asset manager. In our asset management business, we seek to provide our clients excess return at every point along the risk-reward spectrum from investment grade credit to private equity. For more than three decades, our investing expertise across our fully integrated platform has served the financial return needs of our clients and provided businesses with innovative capital solutions for growth. Through Athene, our retirement services business, we specialize in helping clients achieve financial security by providing a suite of retirement savings products and acting as a solutions provider to institutions. Our patient, creative, and knowledgeable approach to investing aligns our clients, businesses we invest in, our employees, and the communities we impact, to expand opportunity and achieve positive outcomes. To learn more, please visit www.apollo.com. Nothing herein constitutes an offer to sell, or a solicitation of an offer to buy, any security or product of Apollo or any Apollo-managed fund. Disclosures: https://l.apollo.com/social",5842,1990,Financial Services,48414,https://www.linkedin.com/company/apollo-global-management-inc,"New York, New York, United States","Private Equity, Credit, and Real Assets",http://www.apollo.com,,7/2025,false,https://media.licdn.com/dms/image/v2/C4E03AQGQKmQw82fKVQ/profile-displayphoto-shrink_100_100/profile-displayphoto-shrink_100_100/0/1516655619193?e=1788998400&v=beta&t=97lsK2k13Ybt_dK8psa_PiqLYXn6M4LGfn5r5TOMEWE,false,,2802,2026-08-25 00:00:00.000 +0530,,,,,,,,,,,,,,,,,398,
Apoorv Bhardwaj,Apoorv,Bhardwaj,https://www.linkedin.com/in/bhardwaj-apoorv,urn:li:member:877222548,bhardwaj-apoorv,Bengaluru,Karnataka,India,"Bengaluru, Karnataka, India",Visa,Data Scientist,6-10yoe_global_indian,member_urn,"Visa (NYSE: V) is a world leader in digital payments, facilitating transactions between consumers, merchants, financial institutions and government entities across more than 200 countries and territories. Our purpose is to uplift everyone, everywhere by being the best way to pay and be paid. Learn more at Visa.com.",31601,,IT Services and IT Consulting,2190,https://www.linkedin.com/company/visa,"Foster City, California, United States",Global payments technology company,https://corporate.visa.com/en/careers.html,,9/2025,false,https://media.licdn.com/dms/image/v2/C4D03AQEb3km2fl7cow/profile-displayphoto-shrink_100_100/profile-displayphoto-shrink_100_100/0/1653912980311?e=1788998400&v=beta&t=Zfq_NB67vI5ToxA-k6IwWN9T2sgbZVvrG9H4DqFHsxw,false,,2805,2026-08-25 00:00:00.000 +0530,,,,,,,,,,,,,,,,,766,
Akshansh Tyagi,Akshansh,Tyagi,https://www.linkedin.com/in/akshansh-tyagi-a79960116,urn:li:member:486094845,akshansh-tyagi-a79960116,New Delhi,Delhi,India,"New Delhi, Delhi, India",Ministry of Electronics and Information Technology,Assistant Director(IT),6-10yoe_global_indian,member_urn,The Ministry of Electronics and Information Technology is an executive agency of the Union Government of the Republic of India.,745,1991,Government Administration,39291128,http://www.linkedin.com/company/meity-in,"Delhi, India",,https://www.meity.gov.in/,,3/2022,false,https://media.licdn.com/dms/image/v2/D4D03AQEbBTVySFX8EQ/profile-displayphoto-shrink_100_100/profile-displayphoto-shrink_100_100/0/1664890080459?e=1788998400&v=beta&t=vLGqH2GdOaJg6hQ9mTbrJiT4kWkjgfCUL9KLvF9_su0,false,,2806,2026-08-25 00:00:00.000 +0530,,,,,,,,,,,,,,,,,1192,
divyansh mittal,divyansh,mittal,https://www.linkedin.com/in/mittaldivyansh,urn:li:member:399544263,mittaldivyansh,Gurugram,Haryana,India,"Gurugram, Haryana, India",Axxela,Vice President,6-10yoe_global_indian,member_urn,External link for Axxela,335,,Research Services,31230738,http://www.linkedin.com/company/axxela-research-and-analytics,"Kolkata, West Bengal, India",,http://www.axxela.in,,1/2023,false,https://media.licdn.com/dms/image/v2/D5603AQE6mrPZ8-_Cuw/profile-displayphoto-shrink_400_400/B56ZORpzEaHYAk-/0/1733315475025?e=1788998400&v=beta&t=cQeBOke_mhH2Sh2PbktFZVwu0cF_XMJQriDUYpH6pAA,false,,2807,2026-08-25 00:00:00.000 +0530,,,,,,,,,,,,,,,,,894,
Joydeep M.,Joydeep,M.,https://www.linkedin.com/in/joydeep-mondal,urn:li:member:675029243,joydeep-mondal,Mumbai,Maharashtra,India,"Mumbai, Maharashtra, India",The Shipping Corporation of India Ltd,"Assistant Manager, Director's Secretariat",founders,member_urn,"As the country’s premier shipping line, the SCI owns and operates around one-third of the Indian tonnage, and has operating interests in practically all areas of the shipping business; servicing both national and international trades. In view of the demand from Indian trade, the SCI has diversified into a large number of areas. The SCI is today the only Indian shipping Company operating: break-bulk services, international container services, liquid/dry bulk services, offshore services, passenger services. In addition, the SCI mans and manages a large number of vessels on behalf of various government departments and organizations. The SCI has immensely contributed to the growth of India’s EXIM trade and the national exchequer, by being a net earner/saver of valuable foreign exchange. The Government of India has conferred “Navratna” status to SCI on 01.08.2008 - enhanced autonomy and delegation of powers to the Company towards capital expenditure, formation of Joint Ventures, mergers, etc. The SCI has heralded India’s entry into the specialized field of LNG transportation, by acquiring a stake in the two Indian LNG transportation agreements contracted till date, after a global bidding process. SCI is the only Indian shipping company engaged in transportation of LNG, a vital fuel for India’s power plant and chemical / petrochemical industry. For the same purpose, SCI has formed three Joint Ventures with one vessel each. On two of these LNG vessels, SCI is managing onboard operation and technical management and the remaining vessesl is fully manned by SCI. The SCI possesses all the ingredients essential for emerging as a truly world class international shipping Company. The endeavour of the management is to facilitate the release of boundless energy and initiative streams, which will be channelled for the growth and prosperity of the Company and the nation.",474,1961,"Transportation, Logistics, Supply Chain and Storage",74715565,https://in.linkedin.com/company/shippingcorpindia,"Mumbai, Maharashtra, India",,https://www.shipindia.com/,"1) Supporting the Director (Personnel & Administration) at Head Office level, I contribute to strategic decision-making, governance, and institutional effectiveness across personnel and administrative functions of a large CPSE. 2) Act as a strategic coordination hub between the Director (P&A), internal departments, government bodies, audit agencies, and parliamentary stakeholders, ensuring timely resolution of matters with strict confidentiality. 3) Review and vet departmental proposals and policy notes across multiple functions, ensuring alignment with CPSE guidelines, internal frameworks, and organisational priorities before leadership consideration. 4) Support Board, Audit Committee, and statutory processes through preparation of agendas, progress reports, Action Taken Reports (ATRs), and executive submissions. 5) Analyse and synthesise personnel and administrative data for leadership reviews, Board notes, and management reporting, enabling evidence-based decision-making. 6) Drive process improvement by contributing to SOPs, standard templates, and reporting frameworks to enhance governance, efficiency, and compliance. 7) Designed a web-based task-tracking system for the P&A Division to strengthen monitoring, accountability, and execution discipline.",6/2023,false,,false,"Dynamic and results-driven professional with extensive experience in market research, strategy, and cross-functional collaboration. Skilled at aligning go-to-market plans with business objectives, I work closely with sales, marketing, and product development teams to identify new opportunities, develop positioning strategies, and enhance customer satisfaction. Proficient in conducting in-depth market analysis, competitor benchmarking, and customer profiling, I leverage data-driven insights to support product growth and strategic initiatives. Passionate about building strong client relationships and delivering impactful presentations, I am dedicated to driving business success and innovation in a fast-paced environment.",2812,2026-08-25 00:00:00.000 +0530,,,,,,,,,,,,,,,,,272,
SURAJ KUMAR,SURAJ,KUMAR,https://www.linkedin.com/in/suraj-kumar-5b1810a2,urn:li:member:366302293,suraj-kumar-5b1810a2,Lucknow,Uttar Pradesh,India,"Lucknow, Uttar Pradesh, India",Propel Industries Private Limited,Manager - Sales & Marketing,founders,member_urn,"Propel Industries is one of the India’s Fastest Growing Crushing Equipment Manufacture company, provides innovative, technologically-sound and cost-effective solutions to the crushing and screening industry. We are the strategic business division of the 57-year-old Coimbatore-based AV Group. We provide a comprehensive range of products with high reliability and performance. The new-age work culture that we have adapted drives our team to exhibit results par excellence. We provide cost-effective spare parts because we make every part indigenously. Enhanced performance and versatile applications at optimal costs has made us the market leaders. Our product line includes a comprehensive range of Jaw crushers, Cone crushers, Vertical shaft impactors (VSI), Feeders, Vibrating Screens, Sand Washers and Air Classifiers. The nationwide presence of the company’s sales and service network and round-the-clock customer support make us the ultimate choice of customers. PROPEL INDUSTRIES is the first Indian company in this segment to get a CE (Conformitè Europëenne) certification.",1053,2009,Machinery Manufacturing,14608597,http://www.linkedin.com/company/propelind,"Sulur, Tamil Nadu, India","END TO END CRUSHING AND SCREENING SOLUTIONS, CRUSHERS, SCREENERS, MOBILE SERIES TRACK, SEMI MOBILE SERIES TRACK, EV DUMPER TRUCK, WASHING SYSTEMS, MINING EQUIPMENTS, and EV TRACTOR TRAILER",http://www.propelind.com,"State Head - Uttar Pradesh Looking after Sales of Crushing and Screening Plants, aggregate division.",4/2025,false,,false,"Completed B. Tech in Mining Machinery Engineering from IIT(ISM) Dhanbad. Currently, Working as Manager (State Head)- Sales & Marketing, Uttar Pradesh in Propel Industries Pvt Ltd , looking after the sales of Crushing and Screening Plants ( Aggregate Division) Worked as Sales engineer in SJ Biz Solutions Pvt.Ltd.(Sandvik) and looked after the Sales of Crushers and Screens in Mining and Industries division in the Odisha Region Co-founder @ Wasseteria , Good knowledge of customer engagement and relationship building. Worked as an Assistant Manager - Plant &Equipment at BGR MIPL .Responsible for managing fleet downtime and inventory and tracking the life of parts of machinery. Also, have knowledge about MS office & Excel.",2813,2026-08-25 00:00:00.000 +0530,,,,,,,,,,,,,,,,,1292,
Virendra Singh,Virendra,Singh,https://www.linkedin.com/in/virendra-singh-37a7383,urn:li:member:10776334,virendra-singh-37a7383,Thane,Maharashtra,India,"Thane, Maharashtra, India",RIL (OIl & GAS - E&P),Addl. Manager (Well Engineering),10+yoe_indian,member_urn,,,,,,,,,,,10/2005,false,,false,,3876,2026-08-25 00:00:00.000 +0530,,,,,,,,,,,,,,,,,2372,
Amit Kumar,Amit,Kumar,https://www.linkedin.com/in/amit-kumar-b9407225,urn:li:member:86743840,amit-kumar-b9407225,Amour,Bihar,India,"Amour, Bihar, India",NTPC,Assistant Manager,10+yoe_indian,member_urn,,,,,,,,,,,8/2013,false,,false,,3877,2026-08-25 00:00:00.000 +0530,,,,,,,,,,,,,,,,,2239,
Rohit Kumar,Rohit,Kumar,https://www.linkedin.com/in/rohit-kumar-064811a,urn:li:member:31873036,rohit-kumar-064811a,Gurgaon,Haryana,India,"Gurgaon, Haryana, India",Delhi International Airport (P) Limited,Associate Manager,10+yoe_indian,member_urn,,,,,,,,,,,8/2008,false,,false,,3880,2026-08-25 00:00:00.000 +0530,,,,,,,,,,,,,,,,,1738,
Prakhar Swarup,Prakhar,Swarup,https://www.linkedin.com/in/prakhar-swarup-17a56456,urn:li:member:198450670,prakhar-swarup-17a56456,Bengaluru,Karnataka,India,"Bengaluru, Karnataka, India",Dolby Laboratories,Staff Researcher,6-10yoe_global_indian,member_urn,"We're the rain on the roof in a movie. The music flowing through your earbuds when you're at the gym. The footsteps lurking behind you in a video game. The voice of a colleague on a call who seems to be right next to you. The sight of a breathtakingly bright and vivid sunset on your TV. Making experiences come alive through technology is what we do. It's been our mission since day one. It began with our founder, Ray Dolby, a visionary scientist and inventor. As a young engineer and music lover, he was driven to improve the listening experience. And with that simple motivation, plus countless hours of experimentation, he created a solution—a solution that was elegant and practical, highly sophisticated, and wholly devoted to the artist's vision. Even as we've become a global company, Dolby Laboratories continues to reflect Ray Dolby's values. Here, science meets art. And high tech goes far beyond computer code. Founded in 1965 and headquartered in San Francisco, Dolby has grown into a leading global innovator and developer of audio, imaging and voice technologies for cinema, home theaters, PCs, mobile phones, and games. Our products include Dolby Digital Plus, TrueHD, Dolby Voice, Dolby Atmos and Dolby Vision. Today, over 2,000 individuals around the globe share their talents and energy to enable the most immersive experiences that technology can deliver.",1979,,Computers and Electronics Manufacturing,6229,http://www.linkedin.com/company/dolbylaboratories,"San Francisco, California, United States","Audio, Video, Entertainment, Internet, Broadcast, Cinema, PC, Software, Hardware, Mobile, Voice, 3D, and Film",http://www.dolby.com,,6/2025,false,https://media.licdn.com/dms/image/v2/C5603AQHjf69NNoaPdw/profile-displayphoto-shrink_100_100/profile-displayphoto-shrink_100_100/0/1628153338783?e=1788998400&v=beta&t=w9G2O0uU9UwgSKOCxbC3lvruTiW7HFhx1BSOCvjN5Kc,false,,2816,2026-08-25 00:00:00.000 +0530,,,,,,,,,,,,,,,,,999,
Ravi Jha,Ravi,Jha,https://www.linkedin.com/in/ravi-jha-238b35204,urn:li:member:874715660,ravi-jha-238b35204,Muzaffarpur,Bihar,India,"Muzaffarpur, Bihar, India",ZS,Decision Analytics Associate,founders,member_urn,"ZS is a management consulting and technology firm that partners with companies to improve life and how we live it. We transform ideas into impact by bringing together data, science, technology and human ingenuity to deliver better outcomes for all. Founded in 1983, ZS has more than 15,000 employees in 40-plus offices worldwide. Everything we do is designed to strengthen your business strategy and product portfolio, turning insight into action and unlocking new opportunities for growth.",21699,1983,Business Consulting and Services,5240,https://www.linkedin.com/company/zs-associates,"Evanston, Illinois, United States","Deep industry expertise, Leading-edge analytics, and Technology and Strategy",http://www.zs.com,,6/2025,false,,false,Student,2814,2026-08-25 00:00:00.000 +0530,,,,,,,,,,,,,,,,,779,
S B Singh,S B,Singh,https://www.linkedin.com/in/s-b-singh-07778729,urn:li:member:100457371,s-b-singh-07778729,Mumbai,Maharashtra,India,"Mumbai, Maharashtra, India",Globex Energia Pvt Ltd,Senior Vice President,10+yoe_global,member_urn,,6,,Industrial Machinery Manufacturing,1649386,http://www.linkedin.com/company/globex-energia-pvt-ltd,,,http://www.globex.net.in,"Strategic Consulting, including business plan & sales strategy development",10/2010,false,,false,,3903,2026-08-25 00:00:00.000 +0530,,,,,,,,,,,,,,,,,1053,
M Satyamurty,M,Satyamurty,https://www.linkedin.com/in/m-satyamurty-9b9292223,urn:li:member:941274141,m-satyamurty-9b9292223,Gurugram,Haryana,India,"Gurugram, Haryana, India",Matrix Mining Solutions private Limited,Vice President,10+yoe_global,member_urn,,,,,,,,,,"Offer technical advisory service in mining sector ranging from geological exploration to mine closure including due diligence of coal and mineral blocks, techno-economic analysis of blocks, prepare feasibility reports and assist entrepreneurs in bidding for the coal / mineral blocks for mining, prepare Geological Report. Mining Plan & Mine Closure Plan and obtain their approval from Government, prepare Detailed Project Report, conduct Safety Audit for operating mines, prepare Safety Management Plans, assist in regulatory compliances and quality management etc.",5/2019,false,https://media.licdn.com/dms/image/v2/C5603AQFeMcxIrbbUjw/profile-displayphoto-shrink_100_100/profile-displayphoto-shrink_100_100/0/1633950937284?e=1788998400&v=beta&t=KLT5BbLfbPhooZm51AxZR26L8maG3htanY8fm4S2jYo,false,,2817,2026-08-25 00:00:00.000 +0530,,,,,,,,,,,,,,,,,2136,
Nuruddin Khan,Nuruddin,Khan,https://www.linkedin.com/in/nuruddinies,urn:li:member:49351625,nuruddinies,Dhanbad,Jharkhand,India,"Dhanbad, Jharkhand, India","Ministry of Defence, Govt of India",Assistant Director,10+yoe_global,member_urn,,341,,Civil Engineering,2099825,https://www.linkedin.com/company/ministry-of-defence-india,,,http://www.mes.gov.in,Involved in Planning of New projects.,5/2013,false,,false,,3910,2026-08-25 00:00:00.000 +0530,,,,,,,,,,,,,,,,,614,
Janakiram. Adapa,Janakiram.,Adapa,https://www.linkedin.com/in/janakiram-adapa-1071386,urn:li:member:18240919,janakiram-adapa-1071386,,,India,India,AIA Engineering,Associate Vice President,10+yoe_indian,member_urn,,,,,,,,,,Grinding Circuit and downstream metallurgy optimisation.,1/2018,false,,false,,3913,2026-08-25 00:00:00.000 +0530,,,,,,,,,,,,,,,,,1516,
Pamula Sanjay,Pamula,Sanjay,https://www.linkedin.com/in/pamula-sanjay-905b79232,urn:li:member:976329941,pamula-sanjay-905b79232,Bengaluru,Karnataka,India,"Bengaluru, Karnataka, India",Florzy,Business Operations Manager,founders,member_urn,"Florzy is a pioneering flooring platform, transforming how homeowners in India select and purchase flooring materials. Florzy seamlessly integrates online and offline experiences, guiding customers from design inspiration to discovery and final purchase. By leveraging large-format stores, we offer an expansive in-stock selection of top-quality flooring materials at the most affordable prices, ensuring a comprehensive and satisfying customer journey.",28,,"Technology, Information and Internet",104439806,https://www.linkedin.com/company/florzy,"Bengaluru, Karnataka, India",,,,1/2026,false,,false,"I am an IIT (ISM) Dhanbad graduate with experience across sales, marketing, and business strategy. I’ve worked with organizations like Swiggy, Socedge, and Inforida, where I collaborated with C-level management and cross-functional teams on projects involving business planning, sales growth, process improvements, and market expansion. Through these roles, I developed strong skills in business analysis, Excel, SQL, process optimization, and stakeholder management, along with soft skills in communication, negotiation, and leadership. I am now seeking opportunities in Business Analysis and Consulting, where I can apply my problem-solving approach, data-driven mindset, and startup experience to create measurable impact.",3212,2026-08-25 00:00:00.000 +0530,,,,,,,,,,,,,,,,,505,
kundan kumar,kundan,kumar,https://www.linkedin.com/in/kundan-kumar-8317a2104,urn:li:member:443879461,kundan-kumar-8317a2104,Dhanbad,Jharkhand,India,"Dhanbad, Jharkhand, India",MASTERS IN MANUFACTURING ENGG,Final Year Student,10+yoe_global,member_urn,,,,,,,,,,,6/2014,false,,false,,3937,2026-08-25 00:00:00.000 +0530,,,,,,,,+919471068454,,,,,,+919471068454,,,2135,
Dr. M. Akhtar,Dr. M.,Akhtar,https://www.linkedin.com/in/dr-m-akhtar-b2263926,urn:li:member:91151882,dr-m-akhtar-b2263926,South East Delhi,Delhi,India,"South East Delhi, Delhi, India",School of Business,Professor of Supply Chain and Operations Management,10+yoe_global,member_urn,,,,,,,,,,,7/2019,false,,false,"He is currently Professor of Supply Chain and Operations Management. He has taught courses such as Supply chain management, Warehousing management, Physical distribution and transportation management, Operations management, Service operations management, Global logistics, Supply chain Risk management, Quality management, Project management and Strategic management. He has 35 years of experience including 28 years of enriched industry experience with ONGC in different positions, 3 years management consulting abroad and 5 years of teaching and research. Sound experience of IT management including SAP R/3 implementation, corporate performance management, and productivity enhancement. Sound functional knowledge of strategic planning, performance management, finance and HR management. Well versed with industry sectors like Oil/Gas, petrochemicals, chemical, mining, engineering, and manufacturing. He is well organized, creative, innovative, and lateral thinker. Certified Project Management Professional (PMP) from PMI, USA & OCP from Oracle Corp. He has published papers in Scopus listed good ranking journals. His area of research include sustainability, agility, resilience, risk management and circular economy. Sound knowledge of teaching and learning, research and publication, academic administration, and examination & evaluation.",2829,2026-08-25 00:00:00.000 +0530,,,,,,,,,,,,,,,,,2423,
Omkar Nath Gyani,Omkar Nath,Gyani,https://www.linkedin.com/in/omkar-nath-gyani-777a75347,urn:li:member:1456817419,omkar-nath-gyani-777a75347,New Delhi,Delhi,India,"New Delhi, Delhi, India",ONGC Videsh Ltd,Director Operations,6-10yoe_global_indian,member_urn,Operates E&P Projects abroad,1,1965,Oil and Gas,980393,https://in.linkedin.com/company/ongc-videsh-ltd,"Delhi, India",,http://ongcvidesh.com,,3/2022,false,https://media.licdn.com/dms/image/v2/D5603AQGvUJNvWDbyDQ/profile-displayphoto-shrink_800_800/B56ZSETNeMH0Ag-/0/1737386417332?e=1788998400&v=beta&t=47B-W_3NYaUiC7KWu5d1zubN6k4JJzK7f9ZBnTnv8zE,false,,2837,2026-08-25 00:00:00.000 +0530,,,,,,,,,,,,,,,,,231,
Narendra Kumar Tripathi,Narendra Kumar,Tripathi,https://www.linkedin.com/in/narendra-kumar-tripathi-5b714618,urn:li:member:60062683,narendra-kumar-tripathi-5b714618,North 24 Parganas,West Bengal,India,"North 24 Parganas, West Bengal, India",S-4 Industrial Solutions & Services,Managing Partner,10+yoe_global,member_urn,,,,,,,,,,The company S-4 Industrial Solutions & Services is providing consultancy services as well as field services in mining and other industries in various parts of India. The company has entered into trade of coke and coal with domestic as well as overseas consumers.,11/2019,false,https://media.licdn.com/dms/image/v2/C4D03AQF4wi4Hhd9W0Q/profile-displayphoto-shrink_100_100/profile-displayphoto-shrink_100_100/0/1516776361876?e=1788998400&v=beta&t=VO0j-9lZ23l5g_cY5--QgwlIEf_55FN5nakZs1Wkv7o,false,,2831,2026-08-25 00:00:00.000 +0530,,,,,,,,,,,,,,,,,2385,
NIRMAL CHANDRA JHA,NIRMAL CHANDRA,JHA,https://www.linkedin.com/in/nirmal-chandra-jha-09730343,urn:li:member:153036979,nirmal-chandra-jha-09730343,,,Greater Kolkata Area,Greater Kolkata Area,Mining Professional,Independent Consultant,10+yoe_global,member_urn,,,,,,,,,,I provide solutions to Coal Mining problems from concept to commissioning and operation. I have a strong team of highly experienced individuals. We work in close coordination to provide solutions to any problem related to coal mining.,7/2017,false,https://media.licdn.com/dms/image/v2/C5603AQE7gP4PeHZxpg/profile-displayphoto-shrink_100_100/profile-displayphoto-shrink_100_100/0/1516996008901?e=1788998400&v=beta&t=OphzjwBd0tyPYXlfJqC4w4eHO5CbeF7ruuuXcJ6w0SA,false,,2840,2026-08-25 00:00:00.000 +0530,,,,,,,,,,,,,,,,,2160,
Kanhaiya Lal Gupta,Kanhaiya Lal,Gupta,https://www.linkedin.com/in/kanhaiya-lal-gupta-20214758,urn:li:member:203391074,kanhaiya-lal-gupta-20214758,Lucknow,Uttar Pradesh,India,"Lucknow, Uttar Pradesh, India",Police Deptt.,UP Police and Govt. of India,10+yoe_global,member_urn,,,,,,,,,,,7/1965,false,,false,,3952,2026-08-25 00:00:00.000 +0530,,,,,,,,,,,,,,,,,2301,
upendra K pandit,upendra K,pandit,https://www.linkedin.com/in/upendra-k-pandit-74711b20,urn:li:member:71953255,upendra-k-pandit-74711b20,Mumbai,Maharashtra,India,"Mumbai, Maharashtra, India",mumbaiamardeep,editor,10+yoe_global,member_urn,,,,,,,,,,,,false,,false,,3955,2026-08-25 00:00:00.000 +0530,,,,,,,,,,,,,,,,,2185,
Eklavya Singh M S,Eklavya,Singh M S,https://www.linkedin.com/in/eklavya-singh-ms,urn:li:member:524754797,eklavya-singh-ms,,,India,India,TransUnion CIBIL Limited,Manager,6-10yoe_global_indian,member_urn,"TransUnion CIBIL is India’s pioneer and leader in Credit Information. CIBIL’s content, insights, products and world-class solutions are helping businesses manage risk, devise appropriate lending strategies, reduce costs, maximize portfolio profitability and improve customer loyalty. CIBIL seeks to be the most trusted partner to the financial service sectors. Industry experts and researchers attribute the growth in retail loans (at 28% CAGR over the last three years) to CIBIL’s information insights. (Source: Mint*). CIBIL’s support has significantly contributed in driving growth in the retail credit segment and fuelling credit penetration.(Data Source: CIBIL Data Analysis March 2016): - The retail loans category has grown at an average CAGR of 28% over the last three years, while at the same time there is significant reduction in retail NPA Rates. - The number of loan enquiries in the credit industry has grown at a CAGR of 25% during the last 3 years. Significantly, 30% of the individuals were first-time borrowers. - Solutions to decide and approve loan applications in real time has helped reduce the average time required for approval of a loan – to around 3-4 days today from 7-9 days, three years back. - Enquiries at CIBIL for rural lending have steadily grown to 35% today vis-à-vis 25% over five years back. Access to finance is one of the most fundamental requirements to enable the fulfillment of aspirations of India's 1.2 billion citizens. CIBIL’s commitment is to be the underlying credit infrastructure to this growth, enabling faster and cheaper access to credit by accelerating our investment in information infrastructure to partner in the national momentum of helping drive higher financial literacy, inclusion and protection.",1011,2000,Information Services,137020,https://in.linkedin.com/company/credit-information-bureau-india-limited,"Mumbai, Maharashtra, India","Big Data Management and Analytics, Information Infrastructure and System Building, Content and Insights for business acceleration, Information Analytics, Data Intelligence and Reporting, Credit Information Management, Credit Scoring, and Risk Management/Modeling",https://www.transunioncibil.com/,Responsible for data reporting in operations team,5/2024,false,https://media.licdn.com/dms/image/v2/D4D03AQFcuTGF4_pyCA/profile-displayphoto-scale_100_100/B4DZ9mkueLIEAg-/0/1784132333548?e=1788998400&v=beta&t=5o5ezBQkQVndnVxbKRvrbDqeixO_aTapaBIKN7OiNws,false,,2848,2026-08-25 00:00:00.000 +0530,,,,,,,,,,,,,,,,,94,
shrey Singh,shrey,Singh,https://www.linkedin.com/in/shrey-singh-487106126,urn:li:member:519821095,shrey-singh-487106126,Udaipur,Rajasthan,India,"Udaipur, Rajasthan, India",Vedanta Resources Plc,GET,6-10yoe_global_indian,member_urn,"We operate on the belief that our people are our core assets and we consistently endeavour towards developing their potential to be our future leaders and key employees. We currently operate in India, South Africa, Liberia and Namibia, through our various subsidiaries. We seek to attract talent especially in mining, metallurgy, geology, smelting and sustainability for our worldwide operations. Empowerment of the community requires a synergic satisfaction of human needs and our view is that a shared destiny approach will benefit the community and boost economic prosperity. With a business model of growth, constant value creation and improved operations, the company's vision is focused towards sustainably satisfying the needs of all our stakeholders by engaging the community we operate in. We have adopted a positive attitude to make our Sustainable Development initiatives successful for all.",15644,,Manufacturing,439355,https://uk.linkedin.com/company/vedanta-group,"London Colney, England, United Kingdom","Natural Resources, Zinc, Copper, Aluminium, Oil & Gas, Lead, Iron Ore, Silver, Energy, Mining, and Technology",http://www.vedantalimited.com,,6/2017,false,https://media.licdn.com/dms/image/v2/C5103AQFUl3jKdqO1bw/profile-displayphoto-shrink_100_100/profile-displayphoto-shrink_100_100/0/1517485151094?e=1788998400&v=beta&t=EGrdsaYpsfz0An-TKnIQstP4zSkVYsZzSOEV6E73B8A,false,,2846,2026-08-25 00:00:00.000 +0530,,,,,,,,,,,,,,,,,370,
Srijan Pathak,Srijan,Pathak,https://www.linkedin.com/in/srijan-pathak-0212212a3,urn:li:member:1227780313,srijan-pathak-0212212a3,Patna,Bihar,India,"Patna, Bihar, India",Coal India Limited,Manager,6-10yoe_global_indian,member_urn,"Coal India Limited (CIL) the state owned coal mining corporate came into being in November 1975. With a modest production of 79 Million Tonnes (MTs) at the year of its inception CIL today is the single largest coal producer in the world. Operating through 82 mining areas CIL is an apex body with 7 wholly owned coal producing subsidiaries and 1 mine planning and consultancy company spread over 8 provincial states of India. CIL also manages 200 other establishments like workshops, hospitals etc. Further, it also owns 26 technical & management training institutes and 102 Vocational Training Institutes Centres. Indian Institute of Coal Management (IICM) as a state-of-the-art Management Training ‘Centre of Excellence’ the largest Corporate Training Institute in India, operates under CIL and conducts management development programmes. The producing Indian subsidiary companies of Coal India Limited are, 1. Eastern Coalfields Limited (ECL) 2. Bharat Coking Coal Limited (BCCL) 3. Central Coalfields Limited (CCL) 4. Western Coalfields Limited (WCL) 5. South Eastern Coalfields Limited (SECL) 6. Northern Coalfields Limited (NCL) 7. Mahanadi Coalfields Limited (MCL)",846,1975,Mining,14622412,https://in.linkedin.com/company/coal-india-ltd,"Kolkata, West Bengal, India",Mining and Coal Industry,http://www.coalindia.in,,1/2026,false,https://media.licdn.com/dms/image/v2/D5603AQGzs1-ULFThGA/profile-displayphoto-scale_400_400/B56Z0v_1F_JMAg-/0/1774626760088?e=1788998400&v=beta&t=yWSQ5orMZXUwp2ZjdhDGzTmEiGfzP6jZqN6lYHn5ehE,false,,2849,2026-08-25 00:00:00.000 +0530,,,,,,,,,,,,,,,,,87,
John Mathai,John,Mathai,https://www.linkedin.com/in/john-mathai-44612a33,urn:li:member:116761590,john-mathai-44612a33,Ernakulam,Kerala,India,"Ernakulam, Kerala, India",FREELANCE,MINING CONSULTANT,10+yoe_global,member_urn,,,,,,,,,,,9/1997,false,,false,,3975,2026-08-25 00:00:00.000 +0530,,,,,,,,,,,,,,,,,1842,
Ramesh Banga,Ramesh,Banga,https://www.linkedin.com/in/ramesh-banga-86103917a,urn:li:member:710743177,ramesh-banga-86103917a,Kolkata,West Bengal,India,"Kolkata, West Bengal, India",STEEL AUTHORITY OF INDIA LTD,Dy. General Manager,10+yoe_global,member_urn,,646,,Mining,1801205,http://www.linkedin.com/company/steel-authority-of-india-ltd,,,http://www.sail.co.in,,,false,,false,,3978,2026-08-25 00:00:00.000 +0530,,,,,,,,,,,,,,,,,1380,
Himanshu Srivastava,Himanshu,Srivastava,https://www.linkedin.com/in/himansrivastava,urn:li:member:58327708,himansrivastava,Dehradun,Uttarakhand,India,"Dehradun, Uttarakhand, India",AyantraPath Private Limited,Founder & CEO,founders,member_urn,,,,,,,,,,,4/2026,true,,false,"- More than 15 years of industry experience. - Full Stack Developer. - Extensive experience in Application Development, Database Design and Management, Cloud, Data Analytics, and Automation. Skill Set: - Back-End Development: Python | Django | Django Rest Framework - Front-End Web Development: jQuery | Javascript | Ajax | Html5 | CSS3 | Bootstrap - Database Development: PostgreSQL | MySQL | SQLite - Cloud: AWS | Azure - Docker | Nginx - CI-CD | GitHub Actions - Jira | Agile | Git - CLI | Bash",3003,2026-08-25 00:00:00.000 +0530,,,,,,,,,,17,28,,,,,,1565,
Vikas Chaudhary,Vikas,Chaudhary,https://www.linkedin.com/in/vikas-chaudhary-82475a4b,urn:li:member:178037020,vikas-chaudhary-82475a4b,Shahdol,Madhya Pradesh,India,"Shahdol, Madhya Pradesh, India",Tiger Connectors LLP,Managing Director,10+yoe_global,member_urn,,,,,,,,,,Oil and gas pipeline projects.,9/2019,false,https://media.licdn.com/dms/image/v2/C5603AQFHH3XrQDkMpQ/profile-displayphoto-shrink_100_100/profile-displayphoto-shrink_100_100/0/1517573407966?e=1788998400&v=beta&t=ygg3U6n7TXUd8IUFkygD8kth3S1ZN1unWxjVJdbA3hg,false,,2853,2026-08-25 00:00:00.000 +0530,,,,,,,,,,,,,,,,,2579,
Teekam Jindal,Teekam,Jindal,https://www.linkedin.com/in/teekam-jindal-057a9261,urn:li:member:220655299,teekam-jindal-057a9261,Dhanbad,Jharkhand,India,"Dhanbad, Jharkhand, India",NALCO,GET,10+yoe_global,member_urn,,,,,,,,,,,11/2014,false,,false,,3987,2026-08-25 00:00:00.000 +0530,,,,,,,,,,,,,,,,,2190,
SONU KUMAR,SONU,KUMAR,https://www.linkedin.com/in/sonu-kumar-1895b2120,urn:li:member:503121273,sonu-kumar-1895b2120,Bokaro,Jharkhand,India,"Bokaro, Jharkhand, India",Coal India Limited,Deputy Manager,6-10yoe_global_indian,member_urn,"Coal India Limited (CIL) the state owned coal mining corporate came into being in November 1975. With a modest production of 79 Million Tonnes (MTs) at the year of its inception CIL today is the single largest coal producer in the world. Operating through 82 mining areas CIL is an apex body with 7 wholly owned coal producing subsidiaries and 1 mine planning and consultancy company spread over 8 provincial states of India. CIL also manages 200 other establishments like workshops, hospitals etc. Further, it also owns 26 technical & management training institutes and 102 Vocational Training Institutes Centres. Indian Institute of Coal Management (IICM) as a state-of-the-art Management Training ‘Centre of Excellence’ the largest Corporate Training Institute in India, operates under CIL and conducts management development programmes. The producing Indian subsidiary companies of Coal India Limited are, 1. Eastern Coalfields Limited (ECL) 2. Bharat Coking Coal Limited (BCCL) 3. Central Coalfields Limited (CCL) 4. Western Coalfields Limited (WCL) 5. South Eastern Coalfields Limited (SECL) 6. Northern Coalfields Limited (NCL) 7. Mahanadi Coalfields Limited (MCL)",846,1975,Mining,14622412,https://in.linkedin.com/company/coal-india-ltd,"Kolkata, West Bengal, India",Mining and Coal Industry,http://www.coalindia.in,,1/2026,false,https://media.licdn.com/dms/image/v2/C4E03AQHCuEiF8HFEYg/profile-displayphoto-shrink_100_100/profile-displayphoto-shrink_100_100/0/1634049513360?e=1788998400&v=beta&t=QmsWJU6YnlG7003UCCTsrXrAHinIk2_RAnSUsDx6iNU,false,,2851,2026-08-25 00:00:00.000 +0530,,,,,,,,,,,,,,,,,87,
lakshmi rama prasad,lakshmi,rama prasad,https://www.linkedin.com/in/lakshmi-rama-prasad-6659b980,urn:li:member:289138541,lakshmi-rama-prasad-6659b980,Andhra Pradesh,,India,"Andhra Pradesh, India",ramky,get,10+yoe_global,member_urn,,,,,,,,,,,,false,,false,,3988,2026-08-25 00:00:00.000 +0530,,,,,,,,,,,,,,,,,2341,
Suraj Majumder,Suraj,Majumder,https://www.linkedin.com/in/suraj-majumder-ba01aa5,urn:li:member:15405096,suraj-majumder-ba01aa5,Delhi,,India,"Delhi, India",Central Bureau of Investigation,DSP,10+yoe_global,member_urn,,,,,1256995,,,,,,10/2003,false,,false,,3989,2026-08-25 00:00:00.000 +0530,,,,,,,,,,,,,,,,,1635,
shaha paul,shaha,paul,https://www.linkedin.com/in/shaha-paul-76077529,urn:li:member:100434168,shaha-paul-76077529,Mandvi,Gujarat,India,"Mandvi, Gujarat, India",ficl,DGM,10+yoe_global,member_urn,,,,,,,,,,,6/2007,false,,false,,3990,2026-08-25 00:00:00.000 +0530,,,,,,,,,,,,,,,,,1830,
amit dubey,amit,dubey,https://www.linkedin.com/in/amit-dubey-15275788,urn:li:member:312400142,amit-dubey-15275788,Meghalaya,,India,"Meghalaya, India",Lafarge umiam mining pvt ltd,head of mining operation,10+yoe_global,member_urn,,,,,,,,,,,1/2011,false,,false,,3998,2026-08-25 00:00:00.000 +0530,,,,,,,,,,,,,,,,,2091,
Aman Thakur,Aman,Thakur,https://www.linkedin.com/in/aman-thakur-13487682,urn:li:member:294772792,aman-thakur-13487682,Dhanbad,Jharkhand,India,"Dhanbad, Jharkhand, India",Power Grid Corporation of India Limited,Manager,6-10yoe_global_indian,member_urn,"Power Grid Corporation of India Limited (POWERGRID), is a 'Maharatna' Company operating under Ministry of Power, is engaged in power transmission business. POWERGRID is a listed Company, with 57.90% holding of Government of India and balance by Institutional Investors & public. Power Grid Corporation of India limited (POWERGRID) was incorporated on October 23, 1989. POWERGRID started functioning on management basis with effect from August, 1991 and it took over transmission assets from NTPC, NHPC, NEEPCO and other Central/Joint Sector Organizations during 1992-93 in a phased manner. POWERGRID has been implementing various transmission projects for generation capacity addition under central sector, Ultra Mega Power Projects (UMPPs), Independent Power Producers (IPPs) and other projects. With rapid increase in asset base of the organisation, National Transmission Asset Management Centre (NTAMC) has been established, which is manned by experts on 24x7 basis to provide expert handling to system & equipment.",6748,1989,Utilities,42911,https://in.linkedin.com/company/powergrid,"Faridabad, Haryana, India","Electric power transmission utility, Extra High Voltage & High Voltage Networks, Grid Management, Consultancy, Telecom, Energy Efficiency, and Smart Grid",http://www.powergrid.in,,9/2016,false,https://media.licdn.com/dms/image/v2/C4E03AQE42XpJOXrGjQ/profile-displayphoto-shrink_100_100/profile-displayphoto-shrink_100_100/0/1516873007599?e=1788998400&v=beta&t=hv_rt6ryhrzqIIpRgctkkIwDzTVwR8JVSbj0PCQq78s,false,,2858,2026-08-25 00:00:00.000 +0530,,,,,,,,,,,,,,,,,245,
PIYUSH KUMAR GUPTA,PIYUSH KUMAR,GUPTA,https://www.linkedin.com/in/piyush-kumar-gupta-9151a977,urn:li:member:272197601,piyush-kumar-gupta-9151a977,Karauli,Rajasthan,India,"Karauli, Rajasthan, India",Powergrid Corporation of India Ltd (a government of india enterprises),Assistant Manager,6-10yoe_global_indian,member_urn,"Power Grid Corporation of India Limited (POWERGRID), is a 'Maharatna' Company operating under Ministry of Power, is engaged in power transmission business. POWERGRID is a listed Company, with 57.90% holding of Government of India and balance by Institutional Investors & public. Power Grid Corporation of India limited (POWERGRID) was incorporated on October 23, 1989. POWERGRID started functioning on management basis with effect from August, 1991 and it took over transmission assets from NTPC, NHPC, NEEPCO and other Central/Joint Sector Organizations during 1992-93 in a phased manner. POWERGRID has been implementing various transmission projects for generation capacity addition under central sector, Ultra Mega Power Projects (UMPPs), Independent Power Producers (IPPs) and other projects. With rapid increase in asset base of the organisation, National Transmission Asset Management Centre (NTAMC) has been established, which is manned by experts on 24x7 basis to provide expert handling to system & equipment.",6748,1989,Utilities,42911,https://in.linkedin.com/company/powergrid,"Faridabad, Haryana, India","Electric power transmission utility, Extra High Voltage & High Voltage Networks, Grid Management, Consultancy, Telecom, Energy Efficiency, and Smart Grid",http://www.powergrid.in,,10/2018,false,https://media.licdn.com/dms/image/v2/C4E03AQElUiUU5prhMw/profile-displayphoto-shrink_100_100/profile-displayphoto-shrink_100_100/0/1516612561420?e=1788998400&v=beta&t=c5H92cWraQ4tVxR7PJzI4EjAKZ7D2MmVWXhZ0mjqdHs,false,,2859,2026-08-25 00:00:00.000 +0530,,,,,,,,,,,,,,,,,245,
Krishna Kulkarni,Krishna,Kulkarni,https://www.linkedin.com/in/krishna-kulkarni-1875591a,urn:li:member:67055287,krishna-kulkarni-1875591a,Ahmedabad,Gujarat,India,"Ahmedabad, Gujarat, India",EnergyIn & Enmobility,President,10+yoe_indian,member_urn,,,,,,,,,,"The company is marketing power plants & waste heat recovery plants, engineered & supplied by CMEC of China. The company is also developing & marketing productivity improvement software for process plants based on mobile platforms for a firm called Enmobility",2/2011,false,,false,,3873,2026-08-25 00:00:00.000 +0530,,,,,,,,,,,,,,,,,1792,
Yateen Suman,Yateen,Suman,https://www.linkedin.com/in/yateen-suman-business-coach,urn:li:member:1447057340,yateen-suman-business-coach,Patna,Bihar,India,"Patna, Bihar, India",Suman's Consulting,Business Coach,founders,member_urn,,,,,,,,,,"I work as a business coach and strategic thinking partner to founders, senior leaders, and professionals navigating complex decisions. My work involves advisory consulting, leadership coaching, and soundboarding across business strategy, financial management, and organisational challenges. Drawing from real-world experience in consulting and government, I help clients bring clarity to ambiguity, structure difficult problems, and make decisions they can stand by, without relying on generic frameworks or motivational coaching.",6/2024,true,,false,"Most leadership and business decisions don’t fail because of lack of intelligence. They fail because the situation is complex, the stakes are high, and clarity is missing at the leadership level. Moreover, an ‘inward bias’ does not allow evaluating the decision from a ‘third-eye point of view’. This leads to sub-optimal decision-making. Over the last two decades, I’ve worked inside some of the most demanding systems, strategy consulting firms, government institutions, public finance environments, and large organisations. Across McKinsey, PwC, EY, Accenture, the Government of Bihar, and the Ministry of Defence, I’ve seen one pattern repeat itself.Smart, capable leaders often struggle not with effort, but with judgment. Too many variables, too many opinions, too much pressure to get it right.That’s where my work begins.Today, I work as a Business Coach and Strategic Advisor, partnering with leaders and founders who need a clear-thinking partner while navigating complex decisions. My coaching is not motivational and not theoretical. It is grounded in real-world experience of policy, finance, strategy, and execution.I bring together three lenses in my work Business and strategy consulting Financial management and governance Leadership coaching and soundboardingThis allows me to help clients slow down their thinking, cut through noise, identify the real problem, and make decisions they can stand by.My role is not to tell you what to do - therefore it is not prescriptive.. It is to act as a trusted thinking partner, someone who challenges assumptions, brings structure to ambiguity, and helps you see the situation as it truly is.I work with Founders and business owners navigating growth and complexity Senior leaders handling high responsibility roles Professionals seeking clarity on direction, decisions, and prioritiesI am an MBA in Strategy and Public Policy from the Indian School of Business and a University Gold Medalist in Engineering from IIT. Beyond formal credentials, my credibility comes from having operated inside high stakes environments where decisions have real consequences.If you are looking for a coach who understands systems, not just individuals, and who brings calm, clarity, and structure to complex situations, we should talk.Book a Clarity Conversation: https://calendly.com/sumansconsulting/30min",3130,2026-08-25 00:00:00.000 +0530,,,,,,,,,,,,,,,,,2534,
Arun Kumar Prasad,Arun Kumar,Prasad,https://www.linkedin.com/in/arun-kumar-prasad-87b274ba,urn:li:member:424660703,arun-kumar-prasad-87b274ba,Dhanbad,Jharkhand,India,"Dhanbad, Jharkhand, India",BHARAT COOKING COAL LIMITED,General Manager (Mining),10+yoe_global,member_urn,,,,,,,,,,,9/2006,false,,false,,4011,2026-08-25 00:00:00.000 +0530,,,,,,,,,,,,,,,,,1589,
Uday Shekhar,Uday,Shekhar,https://www.linkedin.com/in/uday-shekhar-507814203,urn:li:member:870940375,uday-shekhar-507814203,Bokaro,Jharkhand,India,"Bokaro, Jharkhand, India",Government of Jharkhand,Deputy Collector (Prob) Jharkhand Administrative Service,founders,member_urn,,1178,,Government Administration,8782399,https://www.linkedin.com/company/government-of-jharkhand,"Bokaro Steel City, India",,http://daa.jharkhand.gov.in,,12/2025,false,,false,,4026,2026-08-25 00:00:00.000 +0530,,,,,,,,,,,,,,,,,525,
Sanjay Adhikary,Sanjay,Adhikary,https://www.linkedin.com/in/sanjay-adhikary-221926a4,urn:li:member:372553657,sanjay-adhikary-221926a4,Thane,Maharashtra,India,"Thane, Maharashtra, India",AI Engineering Services Ltd,AI Engineering Services Ltd,10+yoe_indian,member_urn,"AI Engineering Services Ltd. a biggest DGCA approved MRO Set up in India that can serve as a one-stop-shop for all engineering requirements at major Airports with pan India footprint i.e. Delhi, Mumbai, Hyderabad, Thiruvananthapuram, Kolkata ,Nagpur etc.",167,2015,Aviation and Aerospace Component Manufacturing,99853696,http://www.linkedin.com/company/ai-engineering-services-ltd,"Delhi, India",,www.aiesl.in,,10/2023,false,,false,,3818,2026-08-25 00:00:00.000 +0530,,,,,,,,,,,,,,,,,857,
Saksham Arora,Saksham,Arora,https://www.linkedin.com/in/saksham-arora1,urn:li:member:126952382,saksham-arora1,Bengaluru,Karnataka,India,"Bengaluru, Karnataka, India",BlackBuck (Zinka Logistics Solutions Ltd),Category Manager,6-10yoe_global_indian,member_urn,"Founded in 2015, BlackBuck is India’s largest trucking platform and a pioneer in bringing offline operations of trucking, online. We are committed to our mission of empowering every fleet owner in India to manage and grow his business efficiently. BlackBuck is the only player in India to bring end to end digital solutions for the trucking ecosystem. We leverage technology to solve critical pain points of truckers and shippers across India at scale. Data Science and Engineering is at the core of BlackBuck. With over 30 % of India’s truckers transacting on the platform, Blackbuck gathers huge data in terms of demand, preferred lanes, price etc. The comprehensive data gathered over time drives us to build ‘must have’ and ‘future ready’ products for the trucking ecosystem. Today, we have built a robust digital infrastructure aimed at solving every need of a trucker. From finding loads, enabling payments, analyzing driver behaviour using Telematics, to Financing his vehicle and working capital requirements, a trucker in India will have access to customized solutions on BlackBuck. Today, over 1 million truckers across 1 lakh villages transact on our platform.",4612,,"Transportation, Logistics, Supply Chain and Storage",10152397,http://www.linkedin.com/company/blackbuck,"Bengaluru, Karnataka, India",,https://www.blackbuck.com/,,6/2025,false,https://media.licdn.com/dms/image/v2/C4D03AQGRwnIROgjpIg/profile-displayphoto-shrink_100_100/profile-displayphoto-shrink_100_100/0/1601270962087?e=1788998400&v=beta&t=vXwuH7_U7dAuyYboq7Xi3wUpCyDi46MQpfkaYV5ZDLE,false,,2870,2026-08-25 00:00:00.000 +0530,,,,,,,,,,,,,,,,,917,
Uttam Bandhopadhyay,Uttam,Bandhopadhyay,https://www.linkedin.com/in/uttam-bandhopadhyay-526a0927,urn:li:member:95070126,uttam-bandhopadhyay-526a0927,Kolkata,West Bengal,India,"Kolkata, West Bengal, India",Self-employed,Sr. Management,10+yoe_global,member_urn,,,,,,,,,,30 years of work experience in Information Technology and Services,5/1988,false,,false,,4033,2026-08-25 00:00:00.000 +0530,,,,,,,,,,,,,,,,,2433,
Islavath Kumar Babu,Islavath Kumar,Babu,https://www.linkedin.com/in/islavath-kumar-babu-944754a2,urn:li:member:366143812,islavath-kumar-babu-944754a2,Hyderabad,Telangana,India,"Hyderabad, Telangana, India",NTPC Limited,Deputy Manager at NTPC Limited,6-10yoe_global_indian,member_urn,External link for NTPC Limited,25171,1975,Utilities,10898,http://www.linkedin.com/company/ntpc,"New Delhi, Delhi, India","Coal Based Power Stations, Gas Based Power Stations, Hydro Based Power Projects, Renewable Energy & Distributed Generation, Environment Management, Corporate Social Responsibility, and Consultancy",http://www.ntpc.co.in,,4/2023,false,https://media.licdn.com/dms/image/v2/D5603AQH1SOnUuOaRgw/profile-displayphoto-shrink_100_100/profile-displayphoto-shrink_100_100/0/1718213145729?e=1788998400&v=beta&t=Rs5eUFv0BKmot4cc0ly4cMSGdO5KVvJSIgx0GLzxoNk,false,,2873,2026-08-25 00:00:00.000 +0530,,,,,,,,,,,,,,,,,1244,
Pallav Anand,Pallav,Anand,https://www.linkedin.com/in/pallav-anand-38672831,urn:li:member:112279062,pallav-anand-38672831,Mumbai,Maharashtra,India,"Mumbai, Maharashtra, India",Self-employed,Management Consultant,10+yoe_global,member_urn,,,,,,,,,,,12/2021,false,https://media.licdn.com/dms/image/v2/D4D03AQG3RJyvQK0rYA/profile-displayphoto-shrink_100_100/profile-displayphoto-shrink_100_100/0/1664634128881?e=1788998400&v=beta&t=SnUGQ8Q9DQBdAAhXdWYKAmzqYOsoReeQa99ACEkovJg,false,,2877,2026-08-25 00:00:00.000 +0530,,,,,,,,,,,,,,,,,2433,
KAILASH PATI,KAILASH,PATI,https://www.linkedin.com/in/kailash-pati-9676b61b,urn:li:member:70410463,kailash-pati-9676b61b,Udaipur,Rajasthan,India,"Udaipur, Rajasthan, India",SK Khetan Group-Official,Vice President Engineering Services,10+yoe_global,member_urn,,42,,Mining,108412981,https://www.linkedin.com/company/sk-khetan-group-official,,,https://skkhetangroup.com/,,7/2023,false,https://media.licdn.com/dms/image/v2/C4E03AQGNpwtiWe7vGQ/profile-displayphoto-shrink_100_100/profile-displayphoto-shrink_100_100/0/1610276680615?e=1788998400&v=beta&t=cW4KLdCBzuSqqwxPVnj46F9PvOHnKLvxynyBmd3Rjsk,false,,2876,2026-08-25 00:00:00.000 +0530,,,,,,,,+918079077297,,,,,,+918079077297,,,711,
Manish kumar,Manish,kumar,https://www.linkedin.com/in/manish-kumar-9207b0108,urn:li:member:455840808,manish-kumar-9207b0108,Dhanbad,Jharkhand,India,"Dhanbad, Jharkhand, India",NTPC Limited,Assistant Manager,6-10yoe_global_indian,member_urn,External link for NTPC Limited,25171,1975,Utilities,10898,http://www.linkedin.com/company/ntpc,"New Delhi, Delhi, India","Coal Based Power Stations, Gas Based Power Stations, Hydro Based Power Projects, Renewable Energy & Distributed Generation, Environment Management, Corporate Social Responsibility, and Consultancy",http://www.ntpc.co.in,,7/2020,false,https://media.licdn.com/dms/image/v2/C4D03AQGa-hnDzuB8sw/profile-displayphoto-shrink_100_100/profile-displayphoto-shrink_100_100/0/1561351585443?e=1788998400&v=beta&t=Au8gS4kG53LtuQd0pckzwgFHkLCXnMly4sve7jhIe4c,false,,2875,2026-08-25 00:00:00.000 +0530,,,,,,,,,,,,,,,,,1244,
Guru Dutt Singh,Guru Dutt,Singh,https://www.linkedin.com/in/guru-dutt-singh-b66032217,urn:li:member:916764414,guru-dutt-singh-b66032217,Chhattisgarh,,India,"Chhattisgarh, India",Mineral Exploration Corporation Limited,mineral exploration corporation limited,6-10yoe_global_indian,member_urn,"Mineral Exploration and Consultancy Limited (MECL) is a premier public sector enterprise under the Ministry of Mines, Government of India, specializing in mineral exploration and consultancy. With over 50 years of expertise, MECL has become a key player in India’s mineral exploration sector, contributing to the discovery and development of mineral resources across the country. MECL’s core services include geological surveys, geophysical and geochemical exploration, exploratory drilling, and resource estimation. Through advanced technologies such as gamma-ray spectrometry and geophysical methods, MECL ensures accurate identification and analysis of mineral deposits, including critical mineral, fertilizer minerals and rare earth elements (REE) and critical minerals. The company is integral to India’s efforts to achieve self-reliance in critical minerals, particularly under NMET and National Critical Mineral Mission (NCMM). MECL’s strategic partnerships, such as its joint venture Khanij Bidesh India Ltd. (KABIL), extend its reach beyond India, including exploration projects in Argentina. As a responsible enterprise, MECL integrates sustainability into its operations, minimizing environmental impacts and ensuring that mineral exploration adheres to global standards. With a commitment to innovation, sustainability, and global expansion, MECL is playing a pivotal role in securing India’s mineral resources and driving the nation’s growth.",462,1972,Mining,13346953,https://in.linkedin.com/company/minexpconsltd,"Nagpur, Maharashtra, India","Geological Services, Remote Sensing, Geophysics , Mineral Exploration, Drilling & Mining , Geological Reports, Coal Sampling Services, Environmental Services, Laboratory & Other Services , Workshop & Maintenance Services, Geological Consultancy Services, Fertilizer mineral Exploration, and Critical Mineral Exploration",http://www.mecl.co.in,,10/2016,false,https://media.licdn.com/dms/image/v2/D4D03AQE0beZVf1-vxw/profile-displayphoto-shrink_100_100/profile-displayphoto-shrink_100_100/0/1726334812245?e=1788998400&v=beta&t=XjBoAompP5X548AxnEfOF0-7hstQcptpjzAI8_pLVcc,false,,2895,2026-08-25 00:00:00.000 +0530,,,,,,,,,,,,,,,,,201,
PURENDRA KUMAR,PURENDRA,KUMAR,https://www.linkedin.com/in/purendra-kumar-43256635,urn:li:member:123804902,purendra-kumar-43256635,Patna,Bihar,India,"Patna, Bihar, India",State Bank of India,MANAGER,6-10yoe_global_indian,member_urn,"We are the largest Indian Public Sector Banking & Financial Services Company. Headquartered in Mumbai, our national presence across the country with over 22,000 branches and globally across all time-zones at 227 locations in 30 countries, makes us the leader in the sector. Our legacy ranges back to the British era through the Imperial Bank of India, founded in 1806. Today, we are a conglomerate employing skilled professionals who are successfully taking the legacy forward through our specialized and customized financial services designed to cater the needs of Corporates, SMEs, NRIs & Retail customers. For more information about Career & Life at SBI, please visit : https://sbi.bank.in/web/careers Disclaimer: SBI shall bear no responsibility for confidentiality of information shared with SBI through LinkedIn.",122562,,Banking,166135,https://in.linkedin.com/company/state-bank-of-india,"Mumbai, Maharashtra, India","Retail Banking, Corporate banking, Agricultural banking, International Banking, and SME banking",https://sbi.bank.in,,,false,https://media.licdn.com/dms/image/v2/C5603AQEGmC8F8NRGRQ/profile-displayphoto-shrink_100_100/profile-displayphoto-shrink_100_100/0/1516588671537?e=1788998400&v=beta&t=A7qrcsYjNb7kUiWw8ZGXqBRGFuMnjzcQzIAxftvYQX8,false,,2891,2026-08-25 00:00:00.000 +0530,,,,,,,,,,,,,,,,,284,
Harishankar Pandey,Harishankar,Pandey,https://www.linkedin.com/in/harishankar-pandey-23219153,urn:li:member:188554502,harishankar-pandey-23219153,Nagpur,Maharashtra,India,"Nagpur, Maharashtra, India",SKS Ispat and Power Ltd,VP,10+yoe_global,member_urn,,,,,,,,,,,5/2011,false,,false,,4057,2026-08-25 00:00:00.000 +0530,,,,,,,,,,,,,,,,,2475,
SATYAM KUMAR,SATYAM,KUMAR,https://www.linkedin.com/in/satyam-kumar-095a67126,urn:li:member:522186161,satyam-kumar-095a67126,Patna,Bihar,India,"Patna, Bihar, India",Eastern Coalfields Limited,Assistant Manager,6-10yoe_global_indian,member_urn,Eastern Coalfields Limited is a coal producer based in India. The company was founded in 1975 after the nationalisation of coal mines in India. It inherited all the private sector coal mines of the Raniganj coalfield. It is a Government of India undertaking company and one of the subsidiaries of Coal India Limited.,991,1975,Mining,11188368,https://se.linkedin.com/company/eastern-coalfield-limited,"Santuri, West Bengal, India",,http://www.easterncoal.gov.in/,,8/2022,false,https://media.licdn.com/dms/image/v2/C5103AQHfSu-AIEgP9A/profile-displayphoto-shrink_100_100/profile-displayphoto-shrink_100_100/0/1556440079486?e=1788998400&v=beta&t=_D8wJW1o7zhYr3xzjI-xRJVTUkhNoBvlG2kkmgWlJeI,false,,2902,2026-08-25 00:00:00.000 +0530,,,,,,,,,,,,,,,,,347,
Khem Lal Janghel,Khem Lal,Janghel,https://www.linkedin.com/in/khem-lal-janghel-8b24b6a,urn:li:member:31094918,khem-lal-janghel-8b24b6a,Raipur,Chhattisgarh,India,"Raipur, Chhattisgarh, India","Obajana Cement Plc, Dangote Group, Nigeria",Steel & Cement,10+yoe_global,member_urn,,,,,,,,,,,,false,,false,,4069,2026-08-25 00:00:00.000 +0530,,,,,,,,,,,,,,,,,2242,
Gautam Banerjee,Gautam,Banerjee,https://www.linkedin.com/in/gautam-banerjee-93b8241a,urn:li:member:67732031,gautam-banerjee-93b8241a,Dhanbad,Jharkhand,India,"Dhanbad, Jharkhand, India",CIMFR Dhanbad,"Chief Scientist, Head of Mine Mechanisation & Technology Development",10+yoe_global,member_urn,,,,,,,,,,,,false,,false,,4075,2026-08-25 00:00:00.000 +0530,,,,,,,,,,,,,,,,,1670,
Chandra Bhanu,Chandra,Bhanu,https://www.linkedin.com/in/chandra-bhanu-91466b124,urn:li:member:515226976,chandra-bhanu-91466b124,Andal,West Bengal,India,"Andal, West Bengal, India",Eastern Coalfields Limited,Assistant Manager,6-10yoe_global_indian,member_urn,Eastern Coalfields Limited is a coal producer based in India. The company was founded in 1975 after the nationalisation of coal mines in India. It inherited all the private sector coal mines of the Raniganj coalfield. It is a Government of India undertaking company and one of the subsidiaries of Coal India Limited.,991,1975,Mining,11188368,https://se.linkedin.com/company/eastern-coalfield-limited,"Santuri, West Bengal, India",,http://www.easterncoal.gov.in/,,10/2019,false,https://media.licdn.com/dms/image/v2/D5603AQGdrRfzfzi6oA/profile-displayphoto-shrink_100_100/profile-displayphoto-shrink_100_100/0/1674750355281?e=1788998400&v=beta&t=Xl9g7DcU7FF2ePkhOnzpRNurdnOX-qAnUXoMcS4OHGw,false,,2903,2026-08-25 00:00:00.000 +0530,,,,,,,,,,,,,,,,,347,
Ashish Agarwal,Ashish,Agarwal,https://www.linkedin.com/in/ashish-agarwal-76a55022,urn:li:member:78984514,ashish-agarwal-76a55022,Agra,Uttar Pradesh,India,"Agra, Uttar Pradesh, India",LeftLaneShop,Chief Operations Officer,6-10yoe_global_indian,member_urn,"Hi, we’re LeftLaneShop.com Thanks for drifting by to learn more about us! Your car is an investment. When you’ve spent lakhs buying your perfect set of wheels, and bought something that’s a big part of your life, it’s only fair to want to make it your own- to splurge on your vehicle and make it stand out from the millions already on the road. LeftLaneShop.com is the last checkpoint on the road to making your car blow everyone’s minds! We provide premium automobile accessories that greatly enhance your car’s both- aesthetics and functionality! From luxurious seat covers, metal wax and polishes, a variety of foot mats, all the way to swanky wheel covers and amazing stereos- We’ve got them all! Once you enter our online store, we make sure that you leave it with accessories that make your car turn heads, literally! Even with our colossal range of products, our focus stays on exceptional customer service. If you seek assistance with a purchase or have an enquiry, reach out to us over mail or call, and we assure you that we’ll resolve it to the best of our abilities. Our assets are our customers, and keeping them happy is the goal of our establishment. So what are you waiting for?! Shop with us, and let’s make your ride the best it can be.",2,2016,Automotive,7951208,https://www.linkedin.com/company/left-lane-shop-pvt.-ldt.,,,http://www.leftlaneshop.com/,,4/2016,false,https://media.licdn.com/dms/image/v2/C4D03AQHCwWOce3MPbg/profile-displayphoto-shrink_100_100/profile-displayphoto-shrink_100_100/0/1516975131522?e=1788998400&v=beta&t=jFyI-yoUPU1FbE2bcIjchVg-QEPXvaLDhFGYpkb6hE8,false,,2907,2026-08-25 00:00:00.000 +0530,,,,,,,,+917763806974,,,,,,+917763806974,,,592,
Shailesh Agrawal,Shailesh,Agrawal,https://www.linkedin.com/in/shailesh-agrawal-43a3a2,urn:li:member:957934,shailesh-agrawal-43a3a2,Gurgaon,Haryana,India,"Gurgaon, Haryana, India",Siemens Financial Services Pvt Ltd,Chief Risk Officer,10+yoe_global,member_urn,,,,,,,,,,,,false,https://media.licdn.com/dms/image/v2/C4E03AQG163ffBKLQ7Q/profile-displayphoto-shrink_100_100/profile-displayphoto-shrink_100_100/0/1516242812025?e=1788998400&v=beta&t=xHKsasZyO55OHieyauOrumCUdezcqtxvZ029KSrBAig,false,,2917,2026-08-25 00:00:00.000 +0530,,,,,,,,,,,,,,,,,2462,
Baby Afreen,Baby,Afreen,https://www.linkedin.com/in/baby-afreen-232b90203,urn:li:member:871845446,baby-afreen-232b90203,Dhanbad,Jharkhand,India,"Dhanbad, Jharkhand, India",HDFC Bank,Manager,6-10yoe_global_indian,member_urn,"HDFC Bank is India's largest private sector bank, offering a comprehensive range of financial products and services to our customer base of over 92 million. Our extensive distribution network of 8,919 branches and 21,031 ATMs across 3,836 cities and towns as of August 2024, reaches every corner of the country, making us accessible to millions. Promoted by Housing Development Finance Corporation (HDFC), India's leading housing finance company, HDFC Bank began operations in 1995 with a simple mission: to be a ""World-class Indian Bank"". With a single-minded focus on product leadership, customer focus and operational excellence, we have emerged as a leading player in all our business segments. We cater to individuals and businesses, offering a full range of innovative banking solutions including loans, payments, and wealth management. Our business solutions empower companies of all sizes, from MSMEs to large corporations, helping them grow with tailored banking services and financial tools. In 2023, the Bank merged with HDFC Ltd, combining our robust banking services with HDFC Ltd's legacy of leadership in housing finance. This merger enhances our ability to offer home loans and other financial services, ensuring seamless access for customers across urban and rural areas. As a socially responsible corporate citizen, we believe in banking with a purpose. Through our CSR initiative, Parivartan, we actively work to drive positive change across education, healthcare, skills training, and sustainable livelihoods impacting over 10 crore lives across the country. Our commitment to community impact is as strong as our dedication to delivering value to our stakeholders. As we expand, we continue to stay at the forefront of innovation, offering seamless digital banking experiences to enhance the lives of our customers. HDFC Bank prioritises the security of its systems and remains committed to maintaining the confidentiality of its customers' data. As a precaution",213238,,Banking,164151,https://in.linkedin.com/company/hdfc-bank,"Mumbai, Maharashtra, India",,https://www.hdfc.bank.in/,,4/2019,false,https://media.licdn.com/dms/image/v2/C5603AQHAy3jBLLk2nQ/profile-displayphoto-shrink_100_100/profile-displayphoto-shrink_100_100/0/1634452827226?e=1788998400&v=beta&t=4LhesJRGI5wjjmD3Pe4iFZsXOrGxVTUqjp1X6IAnIDo,false,,2949,2026-08-25 00:00:00.000 +0530,,,,,,,,,,,,,,,,,148,
Ghanshyam Kumar,Ghanshyam,Kumar,https://www.linkedin.com/in/ghanshyam-kumar-412a79b6,urn:li:member:414715406,ghanshyam-kumar-412a79b6,Dhanbad,Jharkhand,India,"Dhanbad, Jharkhand, India",ISRO,Scientist,6-10yoe_global_indian,member_urn,The prime objective of ISRO is to develop space technology and its application to various national needs.,4,1969,Defense and Space Manufacturing,164483,https://in.linkedin.com/company/isro,"Bengaluru, Karnataka, India",,https://www.isro.gov.in/,,5/2017,false,https://media.licdn.com/dms/image/v2/C5103AQEA9ss6mQReqQ/profile-displayphoto-shrink_100_100/profile-displayphoto-shrink_100_100/0/1517093490291?e=1788998400&v=beta&t=TeyHsFYVKBI4bJqduv1SLbMlOUT3JrtUpgmTBL1CsNg,false,,2947,2026-08-25 00:00:00.000 +0530,,,,,,,,,,,,,,,,,168,
vikram P.,vikram,P.,https://www.linkedin.com/in/vikram-p-827b5a97,urn:li:member:346247455,vikram-p-827b5a97,Jaipur,Rajasthan,India,"Jaipur, Rajasthan, India",Power Grid Corporation Of India Limited (Powergrid),Deputy Manager,6-10yoe_global_indian,member_urn,"The Power Grid Corporation of India Limited, is an Indian state-owned electric utilities company headquartered in Gurugram, India. POWERGRID transmits about 50% of the total power generated in India on its transmission network",1,1992,Utilities,34210382,https://in.linkedin.com/company/power-grid-corporation-of-india-limited-powergrid-,"Gurugram, Haryana, India",,,,4/2022,false,https://media.licdn.com/dms/image/v2/C5603AQGTX8pgR9-uGA/profile-displayphoto-shrink_100_100/profile-displayphoto-shrink_100_100/0/1568911214233?e=1788998400&v=beta&t=UX-TuXEz2wF6p4iKq420lf82OKP61ZUIANFXEn9Sffk,false,,2948,2026-08-25 00:00:00.000 +0530,,,,,,,,,,,,,,,,,246,
Manik Mittal,Manik,Mittal,https://www.linkedin.com/in/manik-mittal-b992b4349,urn:li:member:1460880549,manik-mittal-b992b4349,Delhi,,India,"Delhi, India",Confidential,Assistant Manager,6-10yoe_global_indian,member_urn,"Disclaimer : We are a community and job agrregator job board, where recruiters & job seekers as members connect for confidential and other roles. Please engage with open roles at your own discretion.",37330,2024,Staffing and Recruiting,33242739,https://in.linkedin.com/company/confidentialcareers,"Gurugram, Haryana, India","recruitment, recruitment agency, staffing, hiring, employment agency, contract talent, talent solutions, Workforce solutions, HR services, Human resources, Recruiting, and Recruitment",https://confidential.careers,,2/2020,false,https://media.licdn.com/dms/image/v2/D4E03AQFlWCz9ZQsxvQ/profile-displayphoto-shrink_100_100/B4EZSxlyn8GwAU-/0/1738146263774?e=1788998400&v=beta&t=pn9epd--l11nCMmNU8pIOWz9gX2VZi80-wrwM14jILc,false,,2986,2026-08-25 00:00:00.000 +0530,,,,,,,,,,,,,,,,,90,
Ravinder Singh,Ravinder,Singh,https://www.linkedin.com/in/ravinder-singh-58a161102,urn:li:member:436329466,ravinder-singh-58a161102,Fatehabad,Haryana,India,"Fatehabad, Haryana, India",BRAMCO COMPANY WLL,Assistant Manager,6-10yoe_global_indian,member_urn,,12,,Retail,6874207,http://www.linkedin.com/company/bramco-company-wll,,,,,7/2016,false,https://media.licdn.com/dms/image/v2/C5603AQHRxy3x9XhYSQ/profile-displayphoto-shrink_100_100/profile-displayphoto-shrink_100_100/0/1517033696556?e=1788998400&v=beta&t=gbZ7G2hSR1wM7yg2hDVdiZG1_w4PdjLKst24k-tccrE,false,,2987,2026-08-25 00:00:00.000 +0530,,,,,,,,,,,,,,,,,924,
Nikunj Jindal,Nikunj,Jindal,https://www.linkedin.com/in/nikunj-jindal-958111170,urn:li:member:681077012,nikunj-jindal-958111170,,,India,India,L&T Valdel,Metro delhi,6-10yoe_global_indian,member_urn,"L&T-Valdel Engineering Limited (LTV) is a comprehensive Engineering Solutions provider for the Upstream Oil & Gas Industry. It is the engineering arm of Larsen & Toubro Limited’s Upstream Hydrocarbon Business. LTV is a fully owned subsidiary of L&T, operating from Bengaluru (HO) & Chennai in India and Abu Dhabi in UAE. LTV brings to you a winning combination of L&T’s Project Management expertise and world-class engineering skills of companies like John Brown and Kvaerner. LTV has capability and experience in execution of marginal to complex field development projects, spanning the engineering value chain - Concept, FEED, Detail Engineering and fabrication phase support. Services provided also include Project & Engineering Interface management, Procurement Engineering and Project Management Consulting services. LTV’s impressive engineering track record includes: ¤ 60+ Fixed Platforms (New Build) ¤ 3 Process Platform/ Complex Projects (New Build) ¤ 10 FPSO Topsides Projects (including 6 FPSO complete topsides) ¤ 220+ Platform Modifications / Revamp Projects ¤ 70+ Process & Utility modules (including AGRU, Dehydration, Gas compression, Power generation etc.) ¤ 4 Living Quarters-cum-control platforms Projects ¤ 200+ Sub-sea Pipeline Segments ¤ 4 FPSO Topsides ¤ 2 Offshore Drilling Rigs ¤ 1 MODU to MOPU conversion LTV is compliant with BS EN ISO 9001:2008 (Quality Management System), ISO TS 29001:2010 (Quality Management System), ISO 14001:2004 (Environmental Management System), BS OHSAS 18001:2007 (Occupational Health & Safety Management System) and ISO/IEC 27001:2005 (Information Security Management System).",0,1991,Oil and Gas,102974,http://www.linkedin.com/company/l&t-valdel,"Bengaluru, Karnataka, India",Comprehensive Upstream Engineering & PMC Solutions,http://www.lntvaldel.com,"Asset.Engineer, Rajasthan Vidhyut Prasaran nigim ,Govt of Rajasthan",2/2017,false,https://media.licdn.com/dms/image/v2/C5103AQGKmg15IzNfXg/profile-displayphoto-shrink_100_100/profile-displayphoto-shrink_100_100/0/1539625480618?e=1788998400&v=beta&t=Csp9lrkZAOg2ZKzDvV-CQfjE1tVcp-Yav3-2SHdceRc,false,,2985,2026-08-25 00:00:00.000 +0530,,,,,,,,,,,,,,,,,1177,
Subrat Das,Subrat,Das,https://www.linkedin.com/in/subrat-das,urn:li:member:60675684,subrat-das,Odisha,,India,"Odisha, India",JJ Digitals AI Solutions,Co-Founder & Director JJ Digitals AI Solutions,founders,member_urn,,,,,,,,,,,1/2026,false,,false,"Iita does R&D in financial models for Capital Market. Takes pride in development of new tools and models to help investors rake profit . Also provides other financial services like Loans , training on Tech Analysis , investment instruments.SLAS group is also into DTH and Catv business.Subrat is very good in Digital Markerting implementation.",2992,2026-08-25 00:00:00.000 +0530,,,,,,,,,,,,,,,,,2047,
Ajit swain,Ajit,swain,https://www.linkedin.com/in/ajit-swain-0a02a545,urn:li:member:158970936,ajit-swain-0a02a545,Jamshedpur,Jharkhand,India,"Jamshedpur, Jharkhand, India",National Metallurgical Laboratory,Principal Scientist,10+yoe_indian,member_urn,External link for National Metallurgical Laboratory,289,1950,Research Services,1245558,http://www.linkedin.com/company/national-metallurgical-laboratory,"Jamshedpur, Jharkhand, India","metallurgy, minerals, rare earth, materials, alloy development, material evaluation, waste management, and iron and steel making",http://www.nml.res.in,"principal scientist, Mineral processing",10/2015,false,,false,,3284,2026-08-25 00:00:00.000 +0530,,,,,,,,,,,,,,,,,1225,
NITIN VERMA,NITIN,VERMA,https://www.linkedin.com/in/nitin-verma-abb704255,urn:li:member:1055802671,nitin-verma-abb704255,South West Delhi,Delhi,India,"South West Delhi, Delhi, India",MadHouse,Associate Founder,founders,member_urn,,,,,,,,,,,10/2022,false,,false,"Final-year Mechanical Engineering student with a strong interest in core mechanical engineering and problem-solving. Recently selected for a GET role at Vedanta – HZL, reflecting my technical foundation and industry readiness. Skilled in engineering analysis and design, with hands-on exposure to tools like ANSYS and SolidWorks. Passionate about applying mechanical principles to real-world challenges, continuous learning, and contributing to efficient, reliable engineering solutions.",3274,2026-08-25 00:00:00.000 +0530,,,,,,,,,,,,,,,,,2118,
Siddharth Mishra,Siddharth,Mishra,https://www.linkedin.com/in/gosiddharth,urn:li:member:81892652,gosiddharth,Gurgaon,Haryana,India,"Gurgaon, Haryana, India",Karnival,Founder,founders,member_urn,A SAAS platform for retailers and brands to create wonderful post-purchase customer journeys using smart receipts technology Smart receipt is a proprietary technology of Karnival. Which enables post-purchase customer engagements by enabling various interactive features in-receipt. Invaluable customer profile data is collected following various guidelines like GDPR to interact at a later stage and the customer journey is designed intelligently,38,2019,Software Development,13327212,https://in.linkedin.com/company/karnivalapp,"Bengaluru, Karnataka, India",,https://www.karnival.com,,11/2019,true,,false,"Hello, I'm Siddharth Mishra, the founder of Karnival. My journey began over a decade ago, but the real transformation unfolded in 2019 when Karnival was born. Driven by a vision to revolutionize retail technology, we started as a digital receipts platform and rapidly evolved, embracing the challenges of a dynamic industry. Since our inception, Karnival has been at the forefront of integrating diverse technologies into a cohesive, efficient stack. We understand the complexities that retailers face when managing multiple products. Our solution? A unified platform that seamlessly brings together various functionalities like Smart Receipts, Net Promoter Score assessments, Surveys, and Product Reviews. This integration not only simplifies operations but also drives efficiency, making life easier for retailers and enhancing customer experiences. Our commitment to innovation and efficiency has resonated with leading enterprises. We take pride in our collaborations with industry giants, offering them tailor-made solutions that cater to their unique needs. Our client list, featuring names like Aditya Birla Fashions, Lulu Group, Titan Company Limited, Apparel Group, Baskin Robbins, FabIndia, Gulf Marketing Group, Bestseller and Vmart, stands testament to our ability to handle large-scale, complex requirements and deliver results that make a difference. At Karnival, our mission extends beyond providing technology; it's about forging enduring partnerships and empowering retailers to excel in an ever-evolving market. Join us on this exciting journey as we continue to break new ground, bringing together cutting-edge technology to solve the most intricate retail challenges, one innovation at a time.",3385,2026-08-25 00:00:00.000 +0530,,,,,,,,,,17,28,,,+918382095980,,,174,
SHAILENDRA VYAS,SHAILENDRA,VYAS,https://www.linkedin.com/in/shailendra-vyas-330a6b8,urn:li:member:26520084,shailendra-vyas-330a6b8,Mumbai,Maharashtra,India,"Mumbai, Maharashtra, India",Freelance,Independent Financial Consultant,10+yoe_global,member_urn,,,,,,,,,,,8/2020,false,,false,"-Risk Management: Knowledge of Credit Risk, Operational Risk, Integrated Risk Management and Basel II Framework. Monitoring Credit Risk in the Bank’s Portfolio at the level of borrower, group, geography, industry and quality of assets. Conducting industry analysis for setting up of exposure norms and issuance of advisories. Fairly good knowledge of risk analytics, credit risk modeling, RAROC, ICAAP. -Project Appraisal: Conducting detailed studies so as to assess the technical feasibility and economic viability of the project and preparing reports and nursing plans. -Credit Portfolio Management- Assessing the Industry, Management, Business and Financial Risks and Credit Risk rating of borrower (as per the internal rating model of the Bank). Monitoring of the advances portfolio and timely review of borrower accountsetection of probable NPAs and suggesting remedial measures to the Management. Taking necessary steps for reduction in level of NPAs. IT Implementation: Implementation of IT Projects and Products in strictly time bound schedule. Coordinating between the business and IT for development and implementation of products on Internet and ATM channels. Good knowledge in setting up of data systems like Data marts and Data ware house. Ability to analyze the process flow and suggest measures for error rectification and performance improvement. Business Development: Analysis of the environment and formulation of strategies for garnering profitable business to the Bank’s portfolio. Product innovation for meeting customer needs. Presentation of products to Corporate Clients tie up. Design, implementation and monitoring of marketing campaigns. Team Management and Interpersonal Relationship: Excellent ability to handle members with different cultural backgrounds Organizational Goals. Liaison with Service Providers and vendore Learning: Design and implementation of training course material. Mentoring of juniors and providing on the job training. Specialties: Basel II- Implementation, data gap analysis and reporting. Credit Management. IT Implementation",3443,2026-08-25 00:00:00.000 +0530,,,,,,,,,,,,,,,,,1840,
Deepak Agrawal,Deepak,Agrawal,https://www.linkedin.com/in/deepak-agrawal-93252824,urn:li:member:84908342,deepak-agrawal-93252824,Gurgaon,Haryana,India,"Gurgaon, Haryana, India",Independent Consultant,Global Consultant Oil | Gas | LNG | Hydrogen | Renewables | Digital Transformation,10+yoe_global,member_urn,,,,,27091810,,,,,"Asset Optimization | Project Management | Executive Advisory | Business Development Client list is a Who's Who of E&P, EPC and Management Consulting Industries in India, plus clients in Australia and US Adjunct Professor of Petroleum Engineering at Indian Institute of Technology (ISM) Dhanbad",5/2017,false,https://media.licdn.com/dms/image/v2/C4D03AQHlHD2vYOa3og/profile-displayphoto-shrink_100_100/profile-displayphoto-shrink_100_100/0/1517078217391?e=1788998400&v=beta&t=F2fZczldn1JgZM7CyToIBR--2jccAI4Ge6b3QtSfdgc,false,,3444,2026-08-25 00:00:00.000 +0530,,,,,,,,,,,,,,,,,1974,
Petro Exam,Petro,Exam,https://www.linkedin.com/in/petro-exam-805b631b1,urn:li:member:829985477,petro-exam-805b631b1,Delhi,,India,"Delhi, India",PETRO EXAM,Founder,founders,member_urn,Petro Exam is an initiative of renowned petroleum industry experts to provide best online learning content.,1,,Oil and Gas,66688155,http://www.linkedin.com/company/petro-exam,"Delhi, India",,http://www.petroexam.com,,7/2018,false,,false,Online learning platform for Petroleum Engineers.,3457,2026-08-25 00:00:00.000 +0530,,,,,,,,,,17,28,,,,,,1274,
Cp Singh,Cp,Singh,https://www.linkedin.com/in/cp-singh-0969403b,urn:li:member:142663794,cp-singh-0969403b,Nalanda,Bihar,India,"Nalanda, Bihar, India","Nalanda College, Bihar Sharif,India",Guest Faculty- Management Courses,founders,member_urn,,,,,,,,,,,7/2012,false,,false,,3509,2026-08-25 00:00:00.000 +0530,,,,,,,,,,,,,,,,,2189,
Dhavnesh Mahawar,Dhavnesh,Mahawar,https://www.linkedin.com/in/dhavnesh-mahawar-011a1436,urn:li:member:127927309,dhavnesh-mahawar-011a1436,Bengaluru,Karnataka,India,"Bengaluru, Karnataka, India",Career Point Ltd.,Senior Faculty Physics,founders,member_urn,"Career Point Edutech Ltd. (CP) is a leading Indian education company, renowned for its comprehensive and integrated educational services. What began as a focused effort in test preparation has today evolved into a full-fledged education ecosystem that empowers students, parents, schools, colleges, and universities alike. CP delivers end-to-end school and university management services under its formal education vertical, while also offering test preparation solutions through a strong network of franchisee centers, partner schools, e-learning platforms, and vocational training programs. With more than three decades of expertise, CP has developed deep operational processes, technological solutions, and infrastructure that enable superior delivery at scale. Over the years, the company has built a sustainable and profitable annuity-driven model by strategically diversifying across formal education, test preparation, and allied services—backed by strong brand equity, consistent innovation, and enduring trust. Earlier the name of Career Point Edutech Limited was Career Point Limited",1402,1993,Education Administration Programs,2063303,https://www.linkedin.com/company/careerpointltd,"Kota, Rajasthan, India","School and University Management, Test Prep, eLearning, Publication, and Education Services",https://cpedutech.in,,5/2023,false,,false,"I have more than 8 years of experience in teaching Physics for NEET and JEE students. I have managed as well as ran my own institute for 4+ years and have experience in managing an institute of competitive studies as well. Worked as a teacher, entrepreneur, leader, follower etc while being in this profession at multiple places and is good at making contacts as well. I have a very good delivery style and can control and teach any type of mass. I have also acted as students and parents councillor and got satisfactory results in that as well.",3470,2026-08-25 00:00:00.000 +0530,,,,,,,,,,,,,,,,,437,
Abhishek Kumar,Abhishek,Kumar,https://www.linkedin.com/in/abhishek-kumar-a95330113,urn:li:member:475581713,abhishek-kumar-a95330113,,,India,India,ClimateAgents AI,Co-Founder,founders,member_urn,External link for ClimateAgents AI,3,2026,Software Development,110930081,https://www.linkedin.com/company/climateagents-ai,,,https://climateagentsai.com,Making Climate Compliance Affordable and Simple!,12/2025,false,,false,,3496,2026-08-25 00:00:00.000 +0530,,,,,,,,,,17,28,,,,,,452,
Sudhir Kumar,Sudhir,Kumar,https://www.linkedin.com/in/sudhir-kumar-7b0b241a7,urn:li:member:811988340,sudhir-kumar-7b0b241a7,Jharkhand,,India,"Jharkhand, India",Spectrum eduvision,Founder and director,founders,member_urn,,,,,,,,,,,12/2017,false,,false,,3512,2026-08-25 00:00:00.000 +0530,,,,,,,,,,17,28,,,,,,2501,
Krshna Prasad,Krshna,Prasad,https://www.linkedin.com/in/krshna-prasad-a7245a33b,urn:li:member:1431404150,krshna-prasad-a7245a33b,Vadodara,Gujarat,India,"Vadodara, Gujarat, India",Eco Mount Energy LLP,Gm ( Operations),10+yoe_global,member_urn,,,,,,,,,,"Lead refinery and oil & gas project operations ensuring compliance with global standards. Developed operational strategies to enhance productivity and reduce downtime. Mentored cross-functional teams, ensuring strict HSE adherence. Managed budgets, manpower, and equipment deployment for operational excellence. Key Achievements: Delivered multiple projects ahead of schedule with zero LTI incidents. Implemented cost-saving measures and improved workflow efficiency.",11/2021,false,,false,,3545,2026-08-25 00:00:00.000 +0530,,,,,,,,,,,,,,,,,1784,
Rowena Gayle Rumnong,Rowena Gayle,Rumnong,https://www.linkedin.com/in/rowenarumnong,urn:li:member:13201768,rowenarumnong,,,Mumbai Metropolitan Region,Mumbai Metropolitan Region,Accenture,Managing Director (Partner),10+yoe_global,member_urn,"Accenture helps the world’s leading enterprises reinvent by building their digital core and unleashing the power of AI to create value at speed for organizations across industries. Our strategy is to be the reinvention partner of choice for our clients and lead in the safe, widespread adoption of AI, and to be the most client-focused, AI-enabled, great place to work in the world. We bring together the talent of our approximately 786,000 people with proprietary assets and platforms, deep process and industry expertise, and leading ecosystem relationships to deliver end-to-end solutions and measurable outcomes at scale. Through our Reinvention Services, we offer broad expertise across Cybersecurity, Digital Core, Finance, Industry and Enterprise, Song, Supply Chain and Engineering, and Talent, with advanced capabilities in AI and Data, Industry and Process, and Technology. We serve approximately 9,000 clients and generated approximately $70 billion in FY25 revenue. Visit us at accenture.com. This LinkedIn company page is moderated. When engaging with Accenture, we encourage everyone to: - Use common courtesy and be respectful of others. - Create your own original content and avoid content that you know to be fraudulent. - Never repost someone else's copyrighted work, unless you have permission. - Never post personal, identifying, or confidential information. We reserve the right to delete comments or posts we deem to be: - Profane, obscene, inappropriate, offensive, abusive material. - Spam, repeated comments and commercial messages and personal advertisements. - Discriminatory or that contain hateful speech of any kind regarding age, gender, race, religion, nationality, sexual orientation, gender identity or disability. - Threats; personal attacks; abusive, defamatory, derogatory, or inflammatory language; or stalking or harassment of any individual, entity or organization. - False, inaccurate, libelous, or otherwise misleading in any way.",698668,,Business Consulting and Services,1033,https://www.linkedin.com/company/accenture,"Dublin 2, County Dublin, Ireland","Management Consulting, Systems Integration and Technology, Business Process Outsourcing, and Application and Infrastructure Outsourcing",http://www.accenture.com,,12/2018,false,,false,,3542,2026-08-25 00:00:00.000 +0530,,,,,,,,,,,,,,,,,375,
Anirudh Golwalkar,Anirudh,Golwalkar,https://www.linkedin.com/in/anirudh-golwalkar,urn:li:member:88587818,anirudh-golwalkar,Hyderabad,Telangana,India,"Hyderabad, Telangana, India",EY,Senior Manager,founders,member_urn,"EY is building a better working world by creating new value for clients, people, society, the planet, while building trust in the capital markets. Enabled by data, AI and advanced technology, EY teams help clients shape the future with confidence and develop answers for the most pressing issues of today and tomorrow. EY teams in more than 150 countries work across a full spectrum of services in assurance, consulting, tax, strategy and transactions, strengthened by sector experience and diverse ecosystem partners. Find out more about the EY global network: http://ey.com/en_gl/legal-statement",409765,,Professional Services,1073,https://www.linkedin.com/company/ernstandyoung,"London, England, United Kingdom","Advisory, Assurance, Tax, Transactions, Audit, Mergers, M&A, Financial Services, Accounting, Professional Services, Law, Technology, Consulting, Data, Transformation, Strategy, Legal, Digital transformation, Legal, Growth, and Managed Services",http://www.ey.com,,6/2026,true,,true,,3549,2026-08-25 00:00:00.000 +0530,,,,,,,,,,,,,,,,,493,
Suraj Vichare,Suraj,Vichare,https://www.linkedin.com/in/suraj-vichare-112824229,urn:li:member:960540062,suraj-vichare-112824229,,,Mumbai Metropolitan Region,Mumbai Metropolitan Region,Gandharva School of Music,Co-Founder,founders,member_urn,"Gandharva is a cutting-edge digital platform for online music education, redefining how music is learned. We are building a promising music school powered by a curated curriculum, certified teachers, and personalized musical journeys tailored to diverse student needs. Our core offering, “Musical Journeys for Different Student Personas,” is available in three distinct formats to suit every learner.",3,,Education,105034343,https://www.linkedin.com/company/gandharva-school-of-music,"New York, New York, United States",,https://gandharvaschoolofmusic.com/,,12/2024,false,,false,,3558,2026-08-25 00:00:00.000 +0530,,,,,,,,,,,,,,,,,511,
Achintya Goswami,Achintya,Goswami,https://www.linkedin.com/in/achintya-goswami-949846121,urn:li:member:506716617,achintya-goswami-949846121,Illambazar,West Bengal,India,"Illambazar, West Bengal, India",CESC Limited,Head Commercial (Bikaner Electricity Supply Limited),founders,member_urn,External link for CESC Limited,2705,,Utilities,1000128,http://www.linkedin.com/company/cesclimited,"Kolkata, West Bengal, India",,http://www.cesc.co.in,,10/2017,false,,false,,3537,2026-08-25 00:00:00.000 +0530,,,,,,,,,,,,,,,,,942,
rajkishor.pradhan Pradhan,rajkishor.pradhan,Pradhan,https://www.linkedin.com/in/rajkishor-pradhan-pradhan-05384237,urn:li:member:130474431,rajkishor-pradhan-pradhan-05384237,Sundargarh,Odisha,India,"Sundargarh, Odisha, India","jigyanshu Commercials, Rourkela",Independent Enterpreneure,10+yoe_global,member_urn,,,,,,,,,,"I am an Independet Entreprenuer with a vast professional experience in Marketing & Sales of Raw materials , Iron & Manganese ore, General Administration, Liasioning, Communication, Correspondence, Commodity Sourcing, Commodity Procurement, Marketing, Accounts, Finance, Logistics solutions etc. I worked in many companies in different job profiles and positions with over 20 years of experience prior to start my own enterprise. I am very strong in the above mentioned areas. We are the facilitators and deal in wide range of commodities / products. We are a Commodities Sourcing and Consulting Company. We deal in exports, imports, product and commodities sourcing, procurement. We got good contacts with the manufacturers, distributors and other consultants who are into similar activities in India and elsewhere. We are looking for bigger role in the above mentioned activities. Specialties General Administration, Liaison, Communication, exports, imports, product and commodities sourcing, procurement,marketing, merchandising. We are the Facilitators of a wide range of commodities. We have a large number of contacts with the end buyers, end sellers and many others.",6/2009,false,,false,,3602,2026-08-25 00:00:00.000 +0530,,,,,,,,,,,,,,,,,2041,
Vaidehi Hegde,Vaidehi,Hegde,https://www.linkedin.com/in/vaidehi-hegde-49440a320,urn:li:member:1362622000,vaidehi-hegde-49440a320,Bengaluru,Karnataka,India,"Bengaluru, Karnataka, India","Darpan - The Fashion Club ,IIT(ISM) Dhanbad",Founder and Oprational Head,founders,member_urn,,10,,Education,109235258,https://www.linkedin.com/company/darpan-the-fashion-club-iit-ism-dhanbad,,,,Secured a Bronze Medal in the Fashion Cup at the Inter IIT Cultural Meet 2025.,11/2025,false,,false,,3612,2026-08-25 00:00:00.000 +0530,,,,,,,,,,,28,,,,,,470,
Yashad V.,Yashad,V.,https://www.linkedin.com/in/yashad01,urn:li:member:274557712,yashad01,Gurugram,Haryana,India,"Gurugram, Haryana, India",Ricekraft,Co-Founder,founders,member_urn,,,,,,,,,,Building India's 1st K-Beauty personal care brand crafted for Indian skin and climate.,11/2023,false,,false,,3685,2026-08-25 00:00:00.000 +0530,,,,,,,,,,17,28,,,,,,2371,
Dileep Palavalasa,Dileep,Palavalasa,https://www.linkedin.com/in/dileep-palavalasa-6924ba53,urn:li:member:189358670,dileep-palavalasa-6924ba53,Hyderabad,Telangana,India,"Hyderabad, Telangana, India",Examtrakker,Co-Founder,founders,member_urn,,,,,,,,,,,1/2021,false,,false,,3686,2026-08-25 00:00:00.000 +0530,,,,,,,,,,17,28,,,,,,1816,
Amit Kumar Mishra,Amit Kumar,Mishra,https://www.linkedin.com/in/amit-kumar-mishra-10715220b,urn:li:member:893165335,amit-kumar-mishra-10715220b,Odisha,,India,"Odisha, India",Freelance,Mining Consultant and Advisor,10+yoe_global,member_urn,,,,,,,,,,,4/2020,false,,false,,3707,2026-08-25 00:00:00.000 +0530,,,,,,,,,,,,,,,,,1840,
prasanth reddy,prasanth,reddy,https://www.linkedin.com/in/prasanth-reddy-55899979,urn:li:member:280138964,prasanth-reddy-55899979,Trivandrum,Kerala,India,"Trivandrum, Kerala, India",ISRO - Indian Space Research Organization,Scientist Engineer,6-10yoe_global_indian,member_urn,"The Indian Space Research Organisation (ISRO) is the space agency of the Government of India headquartered in the city of Bengaluru. Our vision is to ""harness space technology for national development"", while pursuing space science research and planetary exploration. ISRO is managed by the Department of Space (DoS) of the Government of India. Indian Space Research Organisation, formed in 1969, superseded the erstwhile INCOSPAR. ISRO is one of the six largest space agencies in the world. ISRO maintains one of the largest fleet of communication satellites (INSAT) and remote sensing (IRS) satellites, that cater to the ever growing demand for fast and reliable communication and earth observation respectively. ISRO develops and delivers application specific satellite products and tools to the Nation: broadcasts, communications, weather forecasts, disaster management tools, Geographic Information Systems, cartography, navigation, telemedicine, dedicated distance education satellites being some of them. The PSLV was developed as a cost efficient and reliable launch system which went on to become a favoured carrier for satellites of various countries due to its reliability and cost efficiency, promoting unprecedented international collaboration. The Geosynchronous Satellite Launch Vehicle (GSLV) was developed keeping in mind the heavier and more demanding Geosynchronous communication satellites. Future readiness is the key to maintaining an edge in technology and ISRO endeavours to optimise and enhance its technologies as the needs and ambitions of the country evolve. Thus, ISRO is moving forward with the development of heavy lift launchers, human spaceflight projects, reusable launch vehicles, semi-cryogenic engines, single and two stage to orbit (SSTO and TSTO) vehicles, development and use of composite materials for space applications etc.",5307,1969,Defense and Space Manufacturing,13302858,http://www.linkedin.com/company/officialisro,"Bengaluru, Karnataka, India","Satellite Design and Development , Rocket Propulsion, Re-entry Dynamics, Computational Fluid Dynamics, Control and Guidance Systems, Remote Sensing , Electro-optic Sensors, Telemetry , and Aerodynamics",http://www.isro.gov.in/,,5/2017,false,,false,,3699,2026-08-25 00:00:00.000 +0530,,,,,,,,,,,,,,,,,1249,
Ranvijay Chauhan,Ranvijay,Chauhan,https://www.linkedin.com/in/ranvijay-chauhan-61a552225,urn:li:member:947909110,ranvijay-chauhan-61a552225,,,Mumbai Metropolitan Region,Mumbai Metropolitan Region,Sciative - We Price Right,CEO's Office,founders,member_urn,"We price right - thus helping companies plug value leaks and build loyalty with their customers through scientific holistic value based pricing. Our suite of pricing solutions and services are powered by the most advanced prescriptive analytics frameworks, leveraging our founder's +17 years experience in the price optimization industry.",92,2017,Software Development,13378673,https://in.linkedin.com/company/sciative-solutions-private-limited,"Mumbai, Maharashtra, India","Retail Price Optimization, Customer Analytics, CPG Pricing, Assortment Analytics, Pricing, Artificial Intelligence, Platforms, Data Science, Data Analytics, Competition Intelligence, Big Data, Revenue Management System, Hospitality, Hotel Pricing, and Inventory Management and Planning",http://sciative.com/,,5/2026,false,,true,,3750,2026-08-25 00:00:00.000 +0530,,,,,,,,,,,,,,,,,269,
Ronit Malhotra,Ronit,Malhotra,https://www.linkedin.com/in/ronit-malhotra-945032b0,urn:li:member:394216901,ronit-malhotra-945032b0,South Delhi,Delhi,India,"South Delhi, Delhi, India",Adobe,Senior Computer Scientist,founders,member_urn,"Adobe empowers everyone, everywhere to imagine, create, and bring any digital experience to life. From creators and students to small businesses, global enterprises, and nonprofit organizations — customers choose Adobe products to ideate, collaborate, be more productive, drive business growth, and build remarkable experiences.",42878,1982,Software Development,1480,https://www.linkedin.com/company/adobe,"San Jose, California, United States","Software, Creative Cloud, Digital Marketing, Web Experience Management, Digital Media, Creative Suite, Digital Publishing, Photoshop, Online Analytics, Illustrator, Touch Apps, Acrobat, Mobile Apps, Social Marketing, Web Marketing, and Social Measurement",http://www.adobe.com,,7/2025,false,,false,,3789,2026-08-25 00:00:00.000 +0530,,,,,,,,,,,,,,,,,382,
Aryan Rawat,Aryan,Rawat,https://www.linkedin.com/in/aryan-rawat-08a16b221,urn:li:member:935005354,aryan-rawat-08a16b221,Bengaluru,Karnataka,India,"Bengaluru, Karnataka, India",Google,FDE,founders,member_urn,"A problem isn't truly solved until it's solved for all. Googlers build products that help create opportunities for everyone, whether down the street or across the globe. Bring your insight, imagination and a healthy disregard for the impossible. Bring everything that makes you unique. Together, we can build for everyone. Check out our career opportunities at goo.gle/3DLEokh",318304,,Software Development,1441,https://www.linkedin.com/company/google,"Mountain View, California, United States","search, ads, mobile, android, online video, apps, machine learning, virtual reality, cloud, hardware, artificial intelligence, youtube, and software",https://goo.gle/3DLEokh,,7/2026,false,,true,,3773,2026-08-25 00:00:00.000 +0530,,,,,,,,,,,,,,,,,523,
Akash kumar,Akash,kumar,https://www.linkedin.com/in/akash-kumar-b7074b63,urn:li:member:225794244,akash-kumar-b7074b63,Bokaro,Jharkhand,India,"Bokaro, Jharkhand, India",Coal India Limited,Assistant Manager,10+yoe_indian,member_urn,Notice - This is not an official page of Coal India Limited. We are in the process of taking it down. Thanks,8112,1975,Mining,574498,https://in.linkedin.com/company/coal-india-limited,"Kolkata, West Bengal, India",,,,7/2016,false,,false,,3845,2026-08-25 00:00:00.000 +0530,,,,,,,,,,,,,,+919205970387,,,86,
Abhijit Gangopadhyay,Abhijit,Gangopadhyay,https://www.linkedin.com/in/abhijit-gangopadhyay-388762a3,urn:li:member:369146264,abhijit-gangopadhyay-388762a3,West Bengal,,India,"West Bengal, India",Coal India Limited,General Manager,10+yoe_indian,member_urn,Notice - This is not an official page of Coal India Limited. We are in the process of taking it down. Thanks,8112,1975,Mining,574498,https://in.linkedin.com/company/coal-india-limited,"Kolkata, West Bengal, India",,,,7/2017,false,,false,,3861,2026-08-25 00:00:00.000 +0530,,,,,,,,,,,,,,,,,86,
Mihir Choudhury,Mihir,Choudhury,https://www.linkedin.com/in/mihir-choudhury-42826b17,urn:li:member:57375392,mihir-choudhury-42826b17,Ranchi,Jharkhand,India,"Ranchi, Jharkhand, India",Directorate General of Mines Safety,Dy. Director of Mines Safety,10+yoe_indian,member_urn,,,,,,,,,,Inspection of Mines with an aim to improve safety standard and Technical suggestion for improvement of production and productivity of mines,2/2002,false,,false,,3867,2026-08-25 00:00:00.000 +0530,,,,,,,,,,,,,,,,,1766,
SAIKAT CHATTERJEE,SAIKAT,CHATTERJEE,https://www.linkedin.com/in/saikat70,urn:li:member:4398630,saikat70,Ranchi,Jharkhand,India,"Ranchi, Jharkhand, India",Coal India,Chief Manager (Mining),10+yoe_indian,member_urn,,,,,,,,,,,4/1993,false,,false,,3919,2026-08-25 00:00:00.000 +0530,,,,,,,,,,,,,,,,,1682,
Sunil kumar Singh,Sunil kumar,Singh,https://www.linkedin.com/in/sunil-kumar-singh-9169201b3,urn:li:member:835371810,sunil-kumar-singh-9169201b3,Sehore,Madhya Pradesh,India,"Sehore, Madhya Pradesh, India",Reliance Industries Limited - Oil and Gas,Senior Vice President - Chief Safety and Operation Risk,10+yoe_indian,member_urn,,,,,,,,,,,3/2022,false,,false,,3920,2026-08-25 00:00:00.000 +0530,,,,,,,,,,,,,,,,,2355,
Monosvita Chaliha,Monosvita,Chaliha,https://www.linkedin.com/in/monosvita,urn:li:member:7063709,monosvita,Gurgaon,Haryana,India,"Gurgaon, Haryana, India",Cairn Oil and Gas,Chief - Geology,10+yoe_indian,member_urn,External link for Cairn Oil and Gas,3308,,Oil and Gas,2540932,http://www.linkedin.com/company/cairn-india-ltd,"Gurugram, Haryana, India","Exploration and Production, Oil and Gas, Offshore, Onshore, and Midstream",http://www.cairnindia.com,,10/2022,false,,false,,3915,2026-08-25 00:00:00.000 +0530,,,,,,,,,,,,,,,,,931,
Paul Prasad Dasari,Paul Prasad,Dasari,https://www.linkedin.com/in/paul-prasad-dasari-965bb581,urn:li:member:292615709,paul-prasad-dasari-965bb581,Hyderabad,Telangana,India,"Hyderabad, Telangana, India",Salesforce,Principal Support Engineer,10+yoe_global,member_urn,"We're the #1 AI CRM—where humans with agents drive customer success together with AI, data, and Customer 360 apps on one platform. Privacy Statement: http://www.salesforce.com/company/privacy/",89458,,Software Development,3185,https://www.linkedin.com/company/salesforce,"San Francisco, California, United States",Enterprise Cloud Computing and Customer Relationship Management,http://www.salesforce.com,,8/2022,false,,false,,3935,2026-08-25 00:00:00.000 +0530,,,,,,,,,,,,,,,,,688,
Sakhijan Haianak,Sakhijan,Haianak,https://www.linkedin.com/in/sakhijan-haianak-b19693119,urn:li:member:494373765,sakhijan-haianak-b19693119,Bokaro,Jharkhand,India,"Bokaro, Jharkhand, India",Self employed,Student,10+yoe_global,member_urn,,,,,,,,,,,1/2014,false,,false,,3938,2026-08-25 00:00:00.000 +0530,,,,,,,,,,,,,,,,,2432,
bandla Vishlesh,bandla,Vishlesh,https://www.linkedin.com/in/bandla-vishlesh-9a82b420,urn:li:member:72397712,bandla-vishlesh-9a82b420,Gurgaon,Haryana,India,"Gurgaon, Haryana, India",Independent,Independent Consultant,10+yoe_global,member_urn,,,,,,,,,,"Working as an individual consulting helping firms on Algorithmic trading and Strategy Development, Risk Modelling, Trading Algorithms, AI and Machine learning based Trading Strategies, Crypto Trading, Quantifying key words valuation for advertising and AI/ML driven portfolio Management",5/2016,false,,false,,3945,2026-08-25 00:00:00.000 +0530,,,,,,,,,,,,,,,,,1973,
DHANANJAY KUMAR SINGH,DHANANJAY KUMAR,SINGH,https://www.linkedin.com/in/dhananjay-kumar-singh-a031b4ab,urn:li:member:391649187,dhananjay-kumar-singh-a031b4ab,Ballia,Uttar Pradesh,India,"Ballia, Uttar Pradesh, India","SRF at Indian institute of Technology (ISM) Dhanbad, Jharkhand",Senior Researcher,10+yoe_global,member_urn,,,,,,,,,,,7/2014,false,,false,,3979,2026-08-25 00:00:00.000 +0530,,,,,,,,,,,,,,,,,2506,
shailesh singh,shailesh,singh,https://www.linkedin.com/in/shailesh-singh-4636bb2a,urn:li:member:103264203,shailesh-singh-4636bb2a,,,Greater Lucknow Area,Greater Lucknow Area,GREAT HIMALAYA MINES AND MENERALS LTD.,MANAGER,10+yoe_global,member_urn,,,,,,,,,,WORKING AS A MANAGER.MONIORING NEW LEASE APPLIED AREA.,12/2005,false,,false,,3991,2026-08-25 00:00:00.000 +0530,,,,,,,,,,,,,,,,,1909,
Lakshmipathisastry Chintalapati,Lakshmipathisastry,Chintalapati,https://www.linkedin.com/in/lakshmipathisastry-chintalapati-188ab917,urn:li:member:59465912,lakshmipathisastry-chintalapati-188ab917,Pune District,Maharashtra,India,"Pune District, Maharashtra, India",Hsbc Software Developement Limited.,Consulting Specialist,10+yoe_global,member_urn,,,,,33794620,,,,,,12/2021,false,,false,,3992,2026-08-25 00:00:00.000 +0530,,,,,,,,,,,,,,,,,1948,
Kanapala Ambedkar,Kanapala,Ambedkar,https://www.linkedin.com/in/kanapala-ambedkar-09844855,urn:li:member:195181172,kanapala-ambedkar-09844855,Dhanbad,Jharkhand,India,"Dhanbad, Jharkhand, India","ISM Dhanbad,Jharkand",Research Scholar,10+yoe_global,member_urn,,,,,,,,,,,7/2013,false,,false,,3999,2026-08-25 00:00:00.000 +0530,,,,,,,,,,,,,,,,,2031,
Ishita Dey,Ishita,Dey,https://www.linkedin.com/in/ishita-dey-884b601b,urn:li:member:71540452,ishita-dey-884b601b,West Bengal,,India,"West Bengal, India","BLOCK YOUTH OFFICE, INDAS",LOWER DIVISION ASSISTANT,10+yoe_global,member_urn,,,,,,,,,,,1/2019,false,,false,,4000,2026-08-25 00:00:00.000 +0530,,,,,,,,,,,,,,,,,1603,
Bimal Kishore Prasad Sinha,Bimal Kishore,Prasad Sinha,https://www.linkedin.com/in/bimal-kishore-prasad-sinha-30214916,urn:li:member:54095474,bimal-kishore-prasad-sinha-30214916,Udaipur,Rajasthan,India,"Udaipur, Rajasthan, India",Mining & Management Consultant,Bimal Kishore Prasad Sinha,10+yoe_global,member_urn,,,,,,,,,,,3/2002,false,,false,,4001,2026-08-25 00:00:00.000 +0530,,,,,,,,,,,,,,,,,2159,
raj kishore prasad,raj kishore,prasad,https://www.linkedin.com/in/raj-kishore-prasad-31465113,urn:li:member:46388608,raj-kishore-prasad-31465113,Ahmedabad,Gujarat,India,"Ahmedabad, Gujarat, India",ONGC Ltd,ongc,10+yoe_global,member_urn,,,,,,,,,,,10/1987,false,,false,,4002,2026-08-25 00:00:00.000 +0530,,,,,,,,,,,,,,,,,2257,
Raj Kishore,Raj,Kishore,https://www.linkedin.com/in/raj-kishore-79335b23,urn:li:member:81491871,raj-kishore-79335b23,Mumbai,Maharashtra,India,"Mumbai, Maharashtra, India",SP Bumi Armada Oil Exploration Private Limited,OIM,10+yoe_global,member_urn,,,,,,,,,,,9/2015,false,,false,,4004,2026-08-25 00:00:00.000 +0530,,,,,,,,,,,,,,,,,2498,
Rakesh Tiwari,Rakesh,Tiwari,https://www.linkedin.com/in/rakesh-tiwari-81b611a1,urn:li:member:362820695,rakesh-tiwari-81b611a1,Chandrapur,Maharashtra,India,"Chandrapur, Maharashtra, India",Western Coalfields Limited,DyGM (Excavation),10+yoe_global,member_urn,,,,,,,,,,Repair and maintenance of Heavy Earth Moving Equipement,5/2013,false,,false,,4005,2026-08-25 00:00:00.000 +0530,,,,,,,,,,,,,,,,,2664,
Sinha KAP,Sinha,KAP,https://www.linkedin.com/in/sinha-kap-8a99966a,urn:li:member:247288449,sinha-kap-8a99966a,Delhi,,India,"Delhi, India",Govt of India,JS DAE,10+yoe_global,member_urn,,,,,,,,,,Policy matters pertaining to Nuclear safety. Nuclear Energy for Greater Societal benefits. Isotope hydrology and Nuclear Agriculture. Water Desalination. Waste Management,6/2012,false,,false,,4006,2026-08-25 00:00:00.000 +0530,,,,,,,,,,,,,,,,,1899,
Rishank Jain,Rishank,Jain,https://www.linkedin.com/in/rishank-jain-86318933,urn:li:member:116884875,rishank-jain-86318933,Giridih,Jharkhand,India,"Giridih, Jharkhand, India",Shah,Researcher,10+yoe_global,member_urn,,,,,,,,,,,8/2013,false,,false,,4008,2026-08-25 00:00:00.000 +0530,,,,,,,,,,,,,,,,,2442,
Dr. K M K SINHA,Dr. K M K,SINHA,https://www.linkedin.com/in/dr-k-m-k-sinha-3719a474,urn:li:member:265220869,dr-k-m-k-sinha-3719a474,Dhanbad,Jharkhand,India,"Dhanbad, Jharkhand, India",CIMFR,Senior Principal Scientist,10+yoe_global,member_urn,,,,,,,,,,,10/1997,false,,false,,4015,2026-08-25 00:00:00.000 +0530,,,,,,,,,,,,,,,,,1669,
Alok Kumar Mukherjee,Alok Kumar,Mukherjee,https://www.linkedin.com/in/cbmsbsl,urn:li:member:51444598,cbmsbsl,Bokaro,Jharkhand,India,"Bokaro, Jharkhand, India",SAIL BSL,DGM,10+yoe_global,member_urn,,,,,,,,,,,3/2009,false,,false,,4016,2026-08-25 00:00:00.000 +0530,,,,,,,,,,,,,,,,,2395,
PRASANTA KUMAR BEHERA,PRASANTA KUMAR,BEHERA,https://www.linkedin.com/in/prasanta-kumar-behera-4042aa84,urn:li:member:299321284,prasanta-kumar-behera-4042aa84,Dhanbad,Jharkhand,India,"Dhanbad, Jharkhand, India",ism university,dhanbad,10+yoe_global,member_urn,,,,,,,,,,,7/2013,false,,false,,4018,2026-08-25 00:00:00.000 +0530,,,,,,,,,,,,,,,,,2033,
Ashok Singh,Ashok,Singh,https://www.linkedin.com/in/ashok-singh-380745a1,urn:li:member:363138000,ashok-singh-380745a1,Gurgaon,Haryana,India,"Gurgaon, Haryana, India",Self-employed,Self Employed,10+yoe_global,member_urn,,,,,,,,,,,2/2017,false,,false,,4029,2026-08-25 00:00:00.000 +0530,,,,,,,,,,,,,,,,,2433,
Gopal Prasad,Gopal,Prasad,https://www.linkedin.com/in/gopal-prasad-9b73b344,urn:li:member:156252379,gopal-prasad-9b73b344,West Bengal,,India,"West Bengal, India",C.M.P.D.I,General Manager,10+yoe_global,member_urn,,,,,,,,,,,5/2005,false,,false,,4030,2026-08-25 00:00:00.000 +0530,,,,,,,,,,,,,,,,,1676,
Kiran Kant Prasad,Kiran Kant,Prasad,https://www.linkedin.com/in/kiran-kant-prasad-35ab483b,urn:li:member:143175670,kiran-kant-prasad-35ab483b,Vadodara,Gujarat,India,"Vadodara, Gujarat, India",Vadodara,independent consultant PETROPHYSICS,10+yoe_global,member_urn,,,,,,,,,,,9/2009,false,,false,,4036,2026-08-25 00:00:00.000 +0530,,,,,,,,,,,,,,,,,2630,
SURAJ MAJUMDER,SURAJ,MAJUMDER,https://www.linkedin.com/in/suraj-majumder-3177614,urn:li:member:13812355,suraj-majumder-3177614,Delhi,,India,"Delhi, India",Central Bureau of Investigation,IO,10+yoe_global,member_urn,,,,,,,,,,,10/2003,false,,false,,4038,2026-08-25 00:00:00.000 +0530,,,,,,,,,,,,,,,,,1635,
Punit Arora,Punit,Arora,https://www.linkedin.com/in/punit-arora-62894212,urn:li:member:44130560,punit-arora-62894212,Delhi,,India,"Delhi, India",A leading Oil & Gas company,Marketing,10+yoe_global,member_urn,,,,,,,,,,,9/2009,false,,false,,4039,2026-08-25 00:00:00.000 +0530,,,,,,,,,,,,,,,,,1524,
Labani Ray,Labani,Ray,https://www.linkedin.com/in/labani-ray-8ab84513,urn:li:member:46873283,labani-ray-8ab84513,Hyderabad,Telangana,India,"Hyderabad, Telangana, India","NGRI, hyderabad",Scientist,10+yoe_global,member_urn,,,,,,,,,,,3/2004,false,,false,,4047,2026-08-25 00:00:00.000 +0530,,,,,,,,,,,,,,,,,2214,
Ravinder Dhar,Ravinder,Dhar,https://www.linkedin.com/in/ravinder-dhar-91252bb,urn:li:member:34151774,ravinder-dhar-91252bb,Mumbai,Maharashtra,India,"Mumbai, Maharashtra, India",HDCPL,Sr. VP,10+yoe_global,member_urn,,,,,,,,,,,,false,,false,,4048,2026-08-25 00:00:00.000 +0530,,,,,,,,,,,,,,,,,1931,
surinder gulati,surinder,gulati,https://www.linkedin.com/in/surinder-gulati-83822361,urn:li:member:218522348,surinder-gulati-83822361,Noida,Uttar Pradesh,India,"Noida, Uttar Pradesh, India",Skylark Cables & Cords Pvt Ltd,Marketing Head,10+yoe_global,member_urn,,,,,,,,,,,7/2012,false,,false,,4066,2026-08-25 00:00:00.000 +0530,,,,,,,,,,,,,,,,,2476,
Jitendra Singh Bhadoria,Jitendra,Singh Bhadoria,https://www.linkedin.com/in/jitendra-singh-bhadoria-7a5064bb,urn:li:member:427128173,jitendra-singh-bhadoria-7a5064bb,Indore,Madhya Pradesh,India,"Indore, Madhya Pradesh, India",Diaspark Inc,,10+yoe_global,member_urn,,,,,,,,,,,,false,https://media.licdn.com/dms/image/v2/C4D03AQGFfp2oO8Jl2Q/profile-displayphoto-shrink_100_100/profile-displayphoto-shrink_100_100/0/1615464210203?e=1788998400&v=beta&t=sscc36cvsdjFRlpjwJcxRxpfCwt7qasVcgZWAnG32F4,false,,4090,2026-09-01 17:03:38.642 +0530,Product Management || B2B SaaS || IIM Indore PGP || IIT Dhanbad || Indian Air Force,,,,,,,,,,,,,,,,1758,
Akash,Akash,,https://www.linkedin.com/in/akash-2988621b2,urn:li:member:832222484,akash-2988621b2,Bengaluru,Karnataka,India,"Bengaluru, Karnataka, India",Indian Institute of Science (IISc),PHD Student,founders,member_urn,"Indian Institute of Science (IISc) | 757,018 followers on LinkedIn. India's premier destination for higher education and research in all science & engineering disciplines | The Indian Institute of Science (IISc) was founded in 1909 as a result of the joint efforts of Jamsetji Nusserwanji Tata, the Government of India, and the Maharaja of Mysore. In 1886, Jamsetji Tata conceived of a university of science that would work for the benefit of India, and in 1898 created an endowment for establishing such an institution. The Government of India then took up the effort, and, in consultation with scientists in England and in India, decided to locate the Institute in Bengaluru, where the Maharaja of Mysore, Shri Krishnaraja Wodeyar IV, donated 372 acres of land.",6968,1909,Research,164340,https://www.linkedin.com/school/indian-institute-of-science/,"Bengaluru, Karnataka, India",University of Research and Educational institution,https://www.iisc.ac.in/,"Throughout my PhD, I have been involved in multiple research projects in computational electromagnetics, focusing on EMI/EMC prediction through surrogate modeling and developing an Adaptive Frequency Sweep (AFS) framework to significantly reduce computational cost.",8/2021,false,,false,,4055,2026-08-25 00:00:00.000 +0530,,,,,,,,,,,,,,,,,802,
Vaibhav Prakash,Vaibhav,Prakash,https://www.linkedin.com/in/prakashvaibhav,urn:li:member:122343500,prakashvaibhav,Gurugram,Haryana,India,"Gurugram, Haryana, India",Blend.to,Co-Founder,founders,member_urn,Everything you need to create stunning visuals for your products - in seconds! Teleport your products to professional-grade AI-generated backgrounds. Get 1000s of customizable templates with an intuitive editor. Stand out and sell more on the internet.,15,2021,Software Development,74711236,https://in.linkedin.com/company/blenditstudios,"Bagalur, Karnataka, India",,https://www.blendnow.com,,3/2021,false,,false,,4100,2026-08-25 00:00:00.000 +0530,,,,,,,,,,17,28,,,,,,71,
Devansh Singh,Devansh,Singh,https://www.linkedin.com/in/devansh-singh-a88274170,urn:li:member:681455624,devansh-singh-a88274170,Mumbai,Maharashtra,India,"Mumbai, Maharashtra, India",mCaffeine,Business Analyst - Founder’s Office,founders,member_urn,"We are a personal care brand, on a mission to add a caffeine rush to your lifestyle, getting you #UpForLife. Co-founded by Tarun Sharma, Vikas Lachhwani, Vaishali Gupta, Mohit Jain, and Saurabh Singhal, our brand focuses on bringing the super ingredient Caffeine to everyday life of Millennials and Gen Zs in three forms: Energizing Coffee, Refreshing Tea and Indulging Chocolate. Our portfolio comprises more than 95 caffeine-based products in multiple categories, with the major ones being Body Care, Face Care, Hair Care, Eye Care and Lip Care. We have plans to continuously add new launches to our portfolio. We're addicted to the rush of energy, the surge of antioxidants, and the irresistible aroma that leaves you craving for more. But that's not all. We are the winners of the Nykaa Femina Beauty Awards 2022 for Best Choco Body Butter and Grazia India's Most Loved Brands 2021. Our products are SLS and Parabens Free, FDA approved, Made Safe certified, have a zero plastic footprint, and are PETA certified. They are 100% Vegan & Cruelty-Free. Visit us at www.mcaffeine.com",297,2015,Personal Care Product Manufacturing,13222211,http://www.linkedin.com/company/mcaffeine,"Mumbai, Maharashtra, India",Personal Care and Consumer Goods,http://bit.ly/mcaffeine,,7/2025,false,,false,,4099,2026-08-25 00:00:00.000 +0530,,,,,,,,,,,,,,,,,1189,
