full_name,first_name,last_name,linkedin_url,member_urn,public_identifier,city,state,country,location,company,job_title,source_file,dedup_key_used,company_description,company_employees,company_founded_year,company_industry,company_linkedin_id,company_linkedin_url,company_location,company_specialities,company_website,job_description,job_started_on,premium,profile_picture_url,recently_hired,summary,id,last_updated,headline,company_url,followers_count,personal_website,ism_batch_start,ism_batch_end,colleges,mobile_number,remark,category_1,category_2,personal_email,work_email,assumed_mobile_no,branch,degree,company_id,lead_status
sumit kumar sahoo,sumit kumar,sahoo,https://www.linkedin.com/in/sumit-kumar-sahoo-13103a112,urn:li:member:471865141,sumit-kumar-sahoo-13103a112,Jharsuguda,Odisha,India,"Jharsuguda, Odisha, India",CENTRAL MINE PLANNING & DESIGN INSTITUTE LIMITED,Assistant Manager(Geology),6-10yoe_global_indian,member_urn,CENTRAL MINE PLANNING & DESIGN INSTITUTE LIMITED | 82 followers on LinkedIn.,20,,Mining,27522397,https://www.linkedin.com/school/central-mine-planning-&-design-institute-limited/,"Ranchi, Jharkhand, India",,,,11/2017,false,https://media.licdn.com/dms/image/v2/C4E03AQEuPPj3WQ3WJA/profile-displayphoto-shrink_100_100/profile-displayphoto-shrink_100_100/0/1641207335460?e=1788998400&v=beta&t=DfpZqS2vE4XbKZTaABWbPNAT1-NYXlDcJ6c0lbHp9DE,false,,2457,2026-08-25 00:00:00.000 +0530,,,,,,,,,,,,,,,,,786,
Santanil Dasgupta,Santanil,Dasgupta,https://www.linkedin.com/in/santanil-dasgupta-0a573a23,urn:li:member:82443005,santanil-dasgupta-0a573a23,,,India,India,Chinmaya Vishwavidyapeeth,Senior Director- Corporate Engagement & Career Development,10+yoe_indian,member_urn,"Chinmaya Vishwavidyapeeth | 13,856 followers on LinkedIn. UGC approved Deemed-to-be-University offering UG, PG, PhD and Integrated Masters programmes | Chinmaya Vishwa Vidyapeeth (Deemed to be University) is the only private deemed university in the 'de novo' category in Kerala with immense potential and state-of-the-art infrastructure. Established in 2016, its core mission is to blend the time-tested wisdom of India with present-day knowledge fields. With campuses in Kerala and Maharashtra, Chinmaya Vishwa Vidyapeeth (CVV) offers a vibrant student life through holistic development that is guided by its core values such as purity, spirituality, practicality, and innovation.",282,2016,Higher Education,10805791,https://www.linkedin.com/school/chinmayavishwavidyapeeth/,"Kanayannur, Kerala, India",,https://www.cvv.ac.in/,,7/2026,false,https://media.licdn.com/dms/image/v2/C5103AQHs4TjpJf1Maw/profile-displayphoto-shrink_100_100/profile-displayphoto-shrink_100_100/0/1563627201293?e=1788998400&v=beta&t=cZGhSdD4NzIsTcGiB7FMdrmvKvw95FHI1w6Tl_4xbtw,true,"Experienced Head Of Training with a demonstrated history of working in the education management industry. Skilled in Gas, Petroleum, Power Plants, Inspection, and Mining. Strong community and social services professional with a MSc Tech in Applied Geophysics from Indian School of Mines.",832,2026-08-25 00:00:00.000 +0530,,,,,,,,,,,,,,,,,787,
Anurag Sharma,Anurag,Sharma,https://www.linkedin.com/in/anurag-sharma-drilling,urn:li:member:38757257,anurag-sharma-drilling,,,India,India,Cairn Vedanta Oil and Gas,Health and well-being,10+yoe_global,member_urn,,,,,,,,,,,,false,,false,"Graduate in Petroleum Engineering with over 25 years of drilling industry experience with super major (SHELL) & independent E&P players, which includes well engineering and supervision experience. Includes exploration wells (planning, casing design, material selection & execution in environmentally sensitive area, well delivery process & tools), development/appraisal wells (self flow & artificial lift wells, EOR techniques like steam injection, polymer injection etc) onshore, offshore (jack-up) operation environment, ERD/horizontal/multi-lateral wells, well interventions/repair, well services operations (running standard & heavy work over units/hoists) Drilling Engineering experience includes working as a Drilling Engineer, Sr Drilling Engineer, Lead Drilling Engineer. Well site Supervision Experience as DSV, NDSV, WSDE on both onshore & offshore projects.",3411,2026-09-01 17:03:38.642 +0530,Founder - WELL SCHOOL,,,,,,,,,,,,,,,,1626,
MALLA SOMESWARA RAO,MALLA SOMESWARA,RAO,https://www.linkedin.com/in/malla-someswara-rao-725068b4,urn:li:member:406233101,malla-someswara-rao-725068b4,,,Greater Raipur Area,Greater Raipur Area,"COAL INDIA LIMITED, (CENTRAL MINE PLANNING AND DESIGN INSTITUTE LIMITED)",General Manager(Geology),10+yoe_indian,member_urn,"COAL INDIA LIMITED, (CENTRAL MINE PLANNING AND DESIGN INSTITUTE LIMITED) | 2,321 followers on LinkedIn. Coal exploration",322,,Government Relations Services,1183762,https://www.linkedin.com/school/coal-india-limited-central-mine-planning-and-design-institute-limited-/,"Bhubaneswar, Odisha, India",,https://www.cmpdi.co.in/,,5/1985,false,https://media.licdn.com/dms/image/v2/C5103AQE7FlwAF3EIfQ/profile-displayphoto-shrink_100_100/profile-displayphoto-shrink_100_100/0/1526297466203?e=1788998400&v=beta&t=zVYYXIuSs6UjP_nAs9Ns9Gdku-zUiuhYXjfiHKrf-No,false,,1892,2026-08-25 00:00:00.000 +0530,,,,,,,,,,,,,,,,,788,
S KABICHANDRA SINGH,S KABICHANDRA,SINGH,https://www.linkedin.com/in/s-kabichandra-singh-95010778,urn:li:member:274972812,s-kabichandra-singh-95010778,Bilaspur,Chhattisgarh,India,"Bilaspur, Chhattisgarh, India","COAL INDIA LIMITED, (CENTRAL MINE PLANNING AND DESIGN INSTITUTE LIMITED)",Assistant Manager,6-10yoe_global_indian,member_urn,"COAL INDIA LIMITED, (CENTRAL MINE PLANNING AND DESIGN INSTITUTE LIMITED) | 2,321 followers on LinkedIn. Coal exploration",322,,Government Relations Services,1183762,https://www.linkedin.com/school/coal-india-limited-central-mine-planning-and-design-institute-limited-/,"Bhubaneswar, Odisha, India",,https://www.cmpdi.co.in/,,10/2015,false,https://media.licdn.com/dms/image/v2/C5603AQHAlyfhJubq9A/profile-displayphoto-shrink_100_100/profile-displayphoto-shrink_100_100/0/1544338268574?e=1788998400&v=beta&t=nqcAMrkx6UwWq6em41JKHG-K7eJbdPgrA9VTMqi8k1Y,false,,2928,2026-08-25 00:00:00.000 +0530,,,,,,,,,,,,,,,,,788,
PROSUN BANERJEE,PROSUN,BANERJEE,https://www.linkedin.com/in/prosun-banerjee-3810b4121,urn:li:member:504866833,prosun-banerjee-3810b4121,Bilaspur,Chhattisgarh,India,"Bilaspur, Chhattisgarh, India","COAL INDIA LIMITED, (CENTRAL MINE PLANNING AND DESIGN INSTITUTE LIMITED)",Deputy Manager,10+yoe_indian,member_urn,"COAL INDIA LIMITED, (CENTRAL MINE PLANNING AND DESIGN INSTITUTE LIMITED) | 2,321 followers on LinkedIn. Coal exploration",322,,Government Relations Services,1183762,https://www.linkedin.com/school/coal-india-limited-central-mine-planning-and-design-institute-limited-/,"Bhubaneswar, Odisha, India",,https://www.cmpdi.co.in/,"Worked as field geologist in Korba Coalfield for 10 months, Sendurgarh Coalfield, Johilla Coalfield and in Sohagpur Coalfield. Posted in Tete, Mozambique for 10 months to look after project there. Now, take care of exploration activities by CMPDI in Sohagpur Coalfield. Geological Modelling by MINEX, Geological Report Preparation and solving running coal mine problems are part of the job.",7/2009,false,,false,,3834,2026-08-25 00:00:00.000 +0530,,,,,,,,,,,,,,,,,788,
parimal mavawala,parimal,mavawala,https://www.linkedin.com/in/parimal-mavawala-0ba023104,urn:li:member:441972430,parimal-mavawala-0ba023104,Nagpur,Maharashtra,India,"Nagpur, Maharashtra, India","COAL INDIA LIMITED, (CENTRAL MINE PLANNING AND DESIGN INSTITUTE LIMITED)",Deputy General Manager,10+yoe_indian,member_urn,"COAL INDIA LIMITED, (CENTRAL MINE PLANNING AND DESIGN INSTITUTE LIMITED) | 2,321 followers on LinkedIn. Coal exploration",322,,Government Relations Services,1183762,https://www.linkedin.com/school/coal-india-limited-central-mine-planning-and-design-institute-limited-/,"Bhubaneswar, Odisha, India",,https://www.cmpdi.co.in/,,7/1988,false,,false,,3835,2026-08-25 00:00:00.000 +0530,,,,,,,,,,,,,,,,,788,
Debtanu Banerjee,Debtanu,Banerjee,https://www.linkedin.com/in/debtanu-banerjee-17a17719a,urn:li:member:782734126,debtanu-banerjee-17a17719a,Korba,Chhattisgarh,India,"Korba, Chhattisgarh, India","COAL INDIA LIMITED, (CENTRAL MINE PLANNING AND DESIGN INSTITUTE LIMITED)",Deputy Manager,6-10yoe_global_indian,member_urn,"COAL INDIA LIMITED, (CENTRAL MINE PLANNING AND DESIGN INSTITUTE LIMITED) | 2,321 followers on LinkedIn. Coal exploration",322,,Government Relations Services,1183762,https://www.linkedin.com/school/coal-india-limited-central-mine-planning-and-design-institute-limited-/,"Bhubaneswar, Odisha, India",,https://www.cmpdi.co.in/,,9/2016,false,https://media.licdn.com/dms/image/v2/C4D03AQHaztl4GNvGLw/profile-displayphoto-shrink_100_100/profile-displayphoto-shrink_100_100/0/1660623595432?e=1788998400&v=beta&t=7aXhdqKqDtPi71lAWKkOTl8Fa8hxAQGjFVrlaE6Zpkg,false,"hi, I m Debtanu Banerjee form howrah.did graduation from Calcutta University in geology and thereafter I did my msctech degree from IIT(ISM) Dhanbad.i am in Coal India Limited as assistant manager (geology).I m good at writing and speaking as I do both of these in my job role and also I love to speak and write as it's my love to express myself through words . Would love to get new challenges through this platform.yeah my interest is in remote jobs for some extra income.i m young and and I want to engage myself more and more into works that can pay me.Thank u.",20,2026-08-25 00:00:00.000 +0530,,,,,,,,,,,,,,,,,788,
Farhan Ali Shah,Farhan Ali,Shah,https://www.linkedin.com/in/farhan-ali-shah-710664290,urn:li:member:1184075004,farhan-ali-shah-710664290,Kolkata,West Bengal,India,"Kolkata, West Bengal, India",Quantum Advancement and Research Club,Founder & Co-Coordinator,founders,member_urn,"Quantum Advancement and Research Club | 26 followers on LinkedIn. Promoting awareness, research, and hands-on participation in quantum technologies across IIT (ISM) Dhanbad.",6,,Research Services,117164788,https://www.linkedin.com/company/quantum-advancement-and-research-club,"Dhanbad, Jharkhand, India",,,"Founder & Co-coordinator of the Quantum Advancement and Research Club, focused on promoting learning, collaboration, and research in quantum computing and emerging technologies through workshops, discussions, and student-led initiatives.",8/2025,false,,false,,3571,2026-08-25 00:00:00.000 +0530,,,,,,,,,,17,28,,,,,,670,
Anita Aggarwal,Anita,Aggarwal,https://www.linkedin.com/in/anita-aggarwal-79a1403,urn:li:member:9290854,anita-aggarwal-79a1403,Hyderabad,Telangana,India,"Hyderabad, Telangana, India",Engineering Staff College Of India,Head of Division,10+yoe_indian,member_urn,"Engineering Staff College Of India | 1,044 followers on LinkedIn. Energy Auditing & Solar Photovoltaic with 45 years of industrial experience and training engineers. | Engineering Staff College of India (ESCI) is an autonomous organ of India's largest body of professional engineers The Institution of Engineers (India).",101,1916,Higher Education,6747391,https://www.linkedin.com/school/engineering-staff-college-of-india/,"Hyderabad, Telangana, India","Training professionals , Engineers, 40-44304172, and 6304172",https://www.escihyd.org/,"Civil Engineer with a Masters in Environmental Science & Engineering, bringing 15+ years of experience in Water Supply & Sewerage consultancy, Waste Management, and Capacity Building. As a faculty member for 8+ years specializing in wastewater sanitation and waste management, I've developed deep expertise through curriculum development, research, and teaching. My experience has honed my analytical, problem-solving, communication, and project management skills, making me well-equipped for expert consulting in this field. Direct interaction with leading experts has further enhanced my domain knowledge and practical application.",9/2016,false,https://media.licdn.com/dms/image/v2/C5603AQHzWx1EVeu_Ow/profile-displayphoto-shrink_100_100/profile-displayphoto-shrink_100_100/0/1605767646907?e=1788998400&v=beta&t=9v6gyOtvt0uAPUy00B1YO7xQYFswDKzPHdKe8X-iR7o,false,"Designing of Sewerage Network of Rural Villages for 83 villages in Delhi & NCT  Designing, Estimating & involved in analysis for Sewerage Pipeline for Hyderabad Metropolitan Water Supply & Sewerage Board.  Planning , Estimating of construction Material for various Residential Building sites for Ashiana  Designing Elevations in 2D for Residential Buildings for Ashiana.  Design of Elevated and Ground level service reservoirs for various State Sewerage Board and Municipal Corporation  Estimating of components of WTP & STP for State Sewerage Board and Municipal Corporation  Estimating of Concrete Foundation, Plumbing, demolition, Earthwork for US based Disabled Veteran Business Enterprise (DVBE).  Preparing SWPPP (Storm Water Pollution Prevention Plan) & BMPs (Best Management Practices) for DVBE  Preparing Detailed Projects Reports, Tender Documents for SAIL. Specialties:  Involved in Roads,HIghways and Bridges work Have done and passed the examination of EMS ISO 14001 lead Auditor Training -IEMA Approved  Proficient in AutoCAD  Proficient in MS Office applications  Proficient in Stadd Pro  Proficient in Sewer Cad  Proficient in Epanet  Proficient in Water Cad  Proficient in Primavera",985,2026-09-01 21:00:56.853 +0530,,,,,,,,,,,,anitajagnania1234@gmail.com,,,,,789,
Sashikant Sahal,Sashikant,Sahal,https://www.linkedin.com/in/sashikant-sahal-079b101a9,urn:li:member:817931613,sashikant-sahal-079b101a9,Bengaluru,Karnataka,India,"Bengaluru, Karnataka, India",Great Learning,Senior Manager Learning Products,founders,member_urn,"Great Learning | 314,146 followers on LinkedIn. India's leading provider for online professional & higher education. | Great Learning is a leading global ed-tech company for professional training and higher education. It offers comprehensive, industry-relevant, hands-on learning programs across various business, technology, and interdisciplinary domains driving the digital economy. These programs are developed and offered in collaboration with the world's foremost academic institutions.",3580,2013,E-Learning Providers,9282020,https://www.linkedin.com/school/great-learning/,"Bengaluru, Karnataka, India","E-learning, Online Education, Executive Education, Blended Learning, and Higher Education",https://www.mygreatlearning.com/,"Lead B2B Data vertical, owning design + delivery of customized enterprise learning programs - Automated GenAI-powered journey creation (10 hrs 1 hr) - Delivered 10+ programs, enabling 800+ learners across Data & GenAI tracks - Built 22-checkpoint QA framework, identifying 3000+ flawed questions and improving partner satisfaction - Created multimedia pipeline converting 1200+ pages audio/video using LLMs - Designed GenAI career enablement content (LinkedIn, job search, portfolio building)",5/2025,false,,false,"Product Leader with 10+ years of experience building AI-powered learning platforms, GenAI-driven automation systems, and large-scale B2B upskilling programs.I specialize in:- Rapid AI product delivery from concept to launch - Data-driven decision-making, experimentation, and ROI ownership - Using LLMs, LangGraph, VectorDB, and retrieval systems to automate workflows - Scaling usage and engagement across enterprise and consumer ecosystemsCareer highlights: Built & launched Embibe Lens — used by 1M+ learners, adopted by 3 partners and a state government Delivered 10+ enterprise programs enabling 800+ professionals to upskill in Data & GenAI domains Reduced learning journey creation time by 90% (10 hrs ➜ 1 hr) using GenAI automation Designed 22-point QA engine identifying 3000+ content issues, improving university feedback Drove 428% engagement lift and 251% SEO traffic growth through AI-powered systemsI enjoy building products that sit at the intersection of AI, education, and business impact.Always open to driving product excellence, collaborating with AI teams, and working on high-scale learning and automation systems.",2071,2026-08-25 00:00:00.000 +0530,,,,,,,,,,,,,,,,,790,
Indranil Barat,Indranil,Barat,https://www.linkedin.com/in/indranilbarat,urn:li:member:258120168,indranilbarat,Dhanbad,Jharkhand,India,"Dhanbad, Jharkhand, India",ICFAI University Jharkhand,Assistant Professor,founders,member_urn,"ICFAI University Jharkhand | 2,047 followers on LinkedIn. Official LinkedIn Page of ICFAI University Jharkhand Ranchi, Jharkhand, India | Ranchi, Jharkhand, India",72,2012,Education Administration Programs,35462675,https://www.linkedin.com/school/icfai-jharkhand/,"Kanke, Jharkhand, India","education, MBA, Diploma, BCA, MCA, Computer Science , BBA, B.Com, BBA-LLB, LLB, Ph.D., DIT, BA, B.Sc, MCA, and B.Tech",https://www.iujharkhand.edu.in/,"Academic Responsibilities Research & Writing Convener Institution Innovation Council (IIC) & member of other academic committees. Conducting FDPs, Workshops & Knowledge Sharing Sessions for faculty & students.",9/2024,false,,false,"Assistant Professor at ICFAI University Jharkhand, driven by a passion for teaching, writing & research. With over 6 years of academic experience and 3 years in the HR industry, I try to integrate real-world insights into the classroom, making learning practical, engaging, & human-centric. I specialize in HRM, Organizational Behavior, HR Analytics, & Industrial Relations. I am also an avid writer, contributing articles and blogs on HR trends, workplace culture, & social issues. Also, genuinely passionate about encouraging an innovation-driven mindset among students & envision educational institutions as vibrant hubs for creativity, entrepreneurship, & innovation.",2079,2026-08-25 00:00:00.000 +0530,,,,,,,,,,,,,,,,,793,
"Sumit Kumar, Ph.D.",Sumit,"Kumar, Ph.D.",https://www.linkedin.com/in/sumit-kumar-ph-d-53204b55,urn:li:member:194191670,sumit-kumar-ph-d-53204b55,North Guwahati,Assam,India,"North Guwahati, Assam, India","Indian Institute of Technology, Guwahati",Assistant Professor,founders,member_urn,"Indian Institute of Technology, Guwahati | 150,586 followers on LinkedIn. The Indian Institute of Technology, Guwahati, commonly known as IIT-Guwahati, is a premier research and engineering institute in India. IIT Guwahati, the sixth member of the IIT fraternity, was established in 1994. The academic programme of IIT Guwahati commenced in 1995.",4027,1994,Higher Education,157270,https://www.linkedin.com/school/iitg/,"Hajo, Assam, India","Undergrad, Computer Science, Design, Mathematics, and Biotech",https://www.iitg.ac.in/,,6/2021,false,,false,"Dr. Sumit Kumar is a CCUS Technology Lab head at dept. of chemical engineering, IIT Guwahati. His works mainly focus on leveraging petroleum engineering skills to decarbonize the energy industry with CO2 capture, transportation, sequestration (CCUS) and hydrogen geostorage. His core area lies in fluid- fluid and rock-fluid interaction study for CCUS application.",2676,2026-08-25 00:00:00.000 +0530,,,,,,,,,,,,,,,,,795,
Sujithkumar paripally,Sujithkumar,paripally,https://www.linkedin.com/in/sujithkumar-paripally-1b616610a,urn:li:member:460225434,sujithkumar-paripally-1b616610a,Hyderabad,Telangana,India,"Hyderabad, Telangana, India",Phenom,,6-10yoe_global_indian,member_urn,,,,,,,,,,,,false,https://media.licdn.com/dms/image/v2/C5603AQERSgEJDgcLnA/profile-displayphoto-shrink_100_100/profile-displayphoto-shrink_100_100/0/1650385631645?e=1788998400&v=beta&t=3SN5scuh_Jhq-bLLqBvDTqCpubo1Ss7i7rYhCPlhNlA,false,,3020,2026-09-01 17:03:38.642 +0530,Product Development Engineer III at Phenom People,,,,,,,,,,,,,,,,2286,
Ashwani Kumar Singh,Ashwani Kumar,Singh,https://www.linkedin.com/in/ashwani-kumar-singh-8a5393311,urn:li:member:1329702461,ashwani-kumar-singh-8a5393311,Dhanbad,Jharkhand,India,"Dhanbad, Jharkhand, India",GMDC Official,Summer Internship,6-10yoe_global_indian,member_urn,,,,,,,,,,,,false,https://media.licdn.com/dms/image/v2/D5603AQFWtmP2TVl9ug/profile-displayphoto-scale_100_100/B56ZzwVJR7GkAg-/0/1773558602703?e=1788998400&v=beta&t=51uTV5yqb_Rop3e7zqnJP35Gw4Dp6O9pzpvB_7_0Xk8,false,,3075,2026-09-01 17:03:38.642 +0530,Master?s Student in Geology | Indian Institute of Technology (Indian School of Mines) Dhanbad |,,,,,,,,,,,,,,,,1876,
Dr. Rajkamal,Dr. Rajkamal,,https://www.linkedin.com/in/dr-rajkamal-0493a676,urn:li:member:269702841,dr-rajkamal-0493a676,Dhanbad,Jharkhand,India,"Dhanbad, Jharkhand, India","Indian Institute of Technology (Indian School of Mines), Dhanbad",SRF,10+yoe_indian,member_urn,"Indian Institute of Technology (Indian School of Mines), Dhanbad | 86,023 followers on LinkedIn. Indian Institute of Technology (Indian School of Mines), Dhanbad (abbreviated as IIT(ISM), Dhanbad) is located in the mineral rich state of Jharkhand. It was formerly known as the Indian School of Mines, Dhanbad (ISM Dhanbad). Established in 1926, IIT(ISM) is the only institution of its kind, in India, to have all the earth science branches.",1930,,Higher Education,15251086,https://www.linkedin.com/school/iitism/,"Dhanbad, Jharkhand, India","Education, Earth Sciences, Petroleum Engineering, Mineral &Metallurgical Sciences, Computer Science and Engineering, Electronics and Communications, Engineering, IIT, Indian Institute of Technology, and Indian School of Mines",https://www.iitism.ac.in/,,2/2012,false,https://media.licdn.com/dms/image/v2/C4E03AQFPJHoeK8xrVw/profile-displayphoto-shrink_100_100/profile-displayphoto-shrink_100_100/0/1516575959816?e=1788998400&v=beta&t=M-fFtOSlEuXPA17ED2LYGcX6NQx9VG_0IXHF7QFm080,false,,1948,2026-08-25 00:00:00.000 +0530,,,,,,,,,,,,,,,,,796,
Sajal Pramanik,Sajal,Pramanik,https://www.linkedin.com/in/sajal-pramanik-8951257a,urn:li:member:280982705,sajal-pramanik-8951257a,Sundargarh,Odisha,India,"Sundargarh, Odisha, India","Indian Institute of Technology (Indian School of Mines), Dhanbad",Ph.D. Scholar in Computer Science and Engineering,founders,member_urn,"Indian Institute of Technology (Indian School of Mines), Dhanbad | 86,023 followers on LinkedIn. Indian Institute of Technology (Indian School of Mines), Dhanbad (abbreviated as IIT(ISM), Dhanbad) is located in the mineral rich state of Jharkhand. It was formerly known as the Indian School of Mines, Dhanbad (ISM Dhanbad). Established in 1926, IIT(ISM) is the only institution of its kind, in India, to have all the earth science branches.",1930,,Higher Education,15251086,https://www.linkedin.com/school/iitism/,"Dhanbad, Jharkhand, India","Education, Earth Sciences, Petroleum Engineering, Mineral &Metallurgical Sciences, Computer Science and Engineering, Electronics and Communications, Engineering, IIT, Indian Institute of Technology, and Indian School of Mines",https://www.iitism.ac.in/,,8/2021,false,,false,"I judge myself as ""Someone who is modest, hard-working and consistently sets firm goals for himself. Then, once I’ve defined my benchmarks, I take the necessary steps to achieve those milestones.” My objective is to achieve an appreciable status in an organization that offers full scope for growth and remain in touch with the advance technology for the development of organization along with self-development.",1856,2026-08-25 00:00:00.000 +0530,,,,,,,,,,,,,,,,,796,
Rishabh Bose,Rishabh,Bose,https://www.linkedin.com/in/rishabh-bose-4b93a9258,urn:li:member:1063980429,rishabh-bose-4b93a9258,Dhanbad,Jharkhand,India,"Dhanbad, Jharkhand, India","Indian Institute of Technology (Indian School of Mines), Dhanbad",Student Internship Representative,founders,member_urn,"Indian Institute of Technology (Indian School of Mines), Dhanbad | 86,023 followers on LinkedIn. Indian Institute of Technology (Indian School of Mines), Dhanbad (abbreviated as IIT(ISM), Dhanbad) is located in the mineral rich state of Jharkhand. It was formerly known as the Indian School of Mines, Dhanbad (ISM Dhanbad). Established in 1926, IIT(ISM) is the only institution of its kind, in India, to have all the earth science branches.",1930,,Higher Education,15251086,https://www.linkedin.com/school/iitism/,"Dhanbad, Jharkhand, India","Education, Earth Sciences, Petroleum Engineering, Mineral &Metallurgical Sciences, Computer Science and Engineering, Electronics and Communications, Engineering, IIT, Indian Institute of Technology, and Indian School of Mines",https://www.iitism.ac.in/,,11/2025,false,,false,"Hello! I am an Earth Science enthusiast, passionate about exploring our natural world and gaining a deeper understanding of its complexities. Anything related to the Geology of the Earth always excites me and I am looking forward to work and learn in this field. Apart from my core Geological interest, I am also into Sales and Marketing, related to which I try and gain maximum skills whenever possible.",1861,2026-08-25 00:00:00.000 +0530,,,,,,,,,,,,,,,,,796,
Rohit Bhande,Rohit,Bhande,https://www.linkedin.com/in/rohitbhande,urn:li:member:857316071,rohitbhande,Dhanbad,Jharkhand,India,"Dhanbad, Jharkhand, India","Indian Institute of Technology (Indian School of Mines), Dhanbad",Junior Research Fellow,founders,member_urn,"Indian Institute of Technology (Indian School of Mines), Dhanbad | 86,023 followers on LinkedIn. Indian Institute of Technology (Indian School of Mines), Dhanbad (abbreviated as IIT(ISM), Dhanbad) is located in the mineral rich state of Jharkhand. It was formerly known as the Indian School of Mines, Dhanbad (ISM Dhanbad). Established in 1926, IIT(ISM) is the only institution of its kind, in India, to have all the earth science branches.",1930,,Higher Education,15251086,https://www.linkedin.com/school/iitism/,"Dhanbad, Jharkhand, India","Education, Earth Sciences, Petroleum Engineering, Mineral &Metallurgical Sciences, Computer Science and Engineering, Electronics and Communications, Engineering, IIT, Indian Institute of Technology, and Indian School of Mines",https://www.iitism.ac.in/,,8/2024,false,,false,"Currently pursuing PhD at IIT ISM Dhanbad. I worked as a software developer. Experienced in building and maintaining web applications. Proven ability to understand business requirements and translate them into efficient, reliable, and scalable code. Expertise in ReactJS, JavaScript, NodeJS, and SQL. I worked as a mechanical engineer. Expertise in AutoCAD, Solidworks, Comsol Having a research background and M. Tech. from IIIT Jabalpur.",1860,2026-08-25 00:00:00.000 +0530,,,,,,,,,,,,,,,,,796,
Dabeer Anwer Danish,Dabeer Anwer,Danish,https://www.linkedin.com/in/dadsir,urn:li:member:131605692,dadsir,Kishanganj,Bihar,India,"Kishanganj, Bihar, India","Indian Institute of Technology (Indian School of Mines), Dhanbad",PHD Scholar,founders,member_urn,"Indian Institute of Technology (Indian School of Mines), Dhanbad | 86,023 followers on LinkedIn. Indian Institute of Technology (Indian School of Mines), Dhanbad (abbreviated as IIT(ISM), Dhanbad) is located in the mineral rich state of Jharkhand. It was formerly known as the Indian School of Mines, Dhanbad (ISM Dhanbad). Established in 1926, IIT(ISM) is the only institution of its kind, in India, to have all the earth science branches.",1930,,Higher Education,15251086,https://www.linkedin.com/school/iitism/,"Dhanbad, Jharkhand, India","Education, Earth Sciences, Petroleum Engineering, Mineral &Metallurgical Sciences, Computer Science and Engineering, Electronics and Communications, Engineering, IIT, Indian Institute of Technology, and Indian School of Mines",https://www.iitism.ac.in/,,7/2024,false,,false,4 years experience in structure design. 5+ years experiance in Teaching as a Guest Lecturer. 5+ years Teaching experience on Youtube,1855,2026-08-25 00:00:00.000 +0530,,,,,,,,,,,,,,,,,796,
Vishal Gupta,Vishal,Gupta,https://www.linkedin.com/in/vishal-gupta-464640150,urn:li:member:610717324,vishal-gupta-464640150,Gwalior,Madhya Pradesh,India,"Gwalior, Madhya Pradesh, India",Trumio Inc.,Senior Software Engineer,6-10yoe_global_indian,member_urn,,,,,,,,,,,,false,https://media.licdn.com/dms/image/v2/C5603AQH5fMa5tLS4KA/profile-displayphoto-shrink_100_100/profile-displayphoto-shrink_100_100/0/1597324725707?e=1788998400&v=beta&t=cqGjM5yLTDJPb_aef_MALu9Z4TNVHacQFNgA3baFSXY,false,,3215,2026-09-01 17:03:38.642 +0530,Senior Software Engineer at Trumio Inc.,,,,,,,,,,,,,,,,2602,
"Er. Saandeep Siingh, M.Tech",Er. Saandeep,"Siingh, M.Tech",https://www.linkedin.com/in/er-saandeep-siingh-m-tech-698632149,urn:li:member:601742420,er-saandeep-siingh-m-tech-698632149,Sonipat,Haryana,India,"Sonipat, Haryana, India","Indian Institute of Technology (Indian School of Mines), Dhanbad",Junior Research Fellow,founders,member_urn,"Indian Institute of Technology (Indian School of Mines), Dhanbad | 86,023 followers on LinkedIn. Indian Institute of Technology (Indian School of Mines), Dhanbad (abbreviated as IIT(ISM), Dhanbad) is located in the mineral rich state of Jharkhand. It was formerly known as the Indian School of Mines, Dhanbad (ISM Dhanbad). Established in 1926, IIT(ISM) is the only institution of its kind, in India, to have all the earth science branches.",1930,,Higher Education,15251086,https://www.linkedin.com/school/iitism/,"Dhanbad, Jharkhand, India","Education, Earth Sciences, Petroleum Engineering, Mineral &Metallurgical Sciences, Computer Science and Engineering, Electronics and Communications, Engineering, IIT, Indian Institute of Technology, and Indian School of Mines",https://www.iitism.ac.in/,"My research will focus on research area related to sustainable energy, waste to Energy generation and I look forward to contributing to meaningful advancements in this field. I am excited about the challenges ahead and eager to collaborate, learn, and grow in research domain in this prestigious institution.",2/2025,false,,false,"During my job as faculty, I had worked for 40 hours per week in an academic session. Although teaching learning hours were 15-16 hours per week for theory/lab/tutorial classes of undergraduate level of Environmental Science, UHV-II & chemical engineering. Attended and organized several short-term courses/ workshops/ seminars/ national & international conferences. Member, Convener and founder of various committees/ societies in cultural and technical annual functions of university. Facilitated as member of organizing committee for convocation function, sports meet document verification committee for graduate and undergraduate admission counseling. Actively involved in departmental work during visits of National Assessment and Accreditation Council (NAAC) and also accompanied students for various cultural, technical and educational tours within and outside Haryana. Advised students as student counselor on courses, academic matters and training and placement coordinator for their career decisions and placements. Performed final examination paper invigilation duty and spot evaluation duty for the University internal exams. Prepared, administered and graded examinations, laboratory assignments, seminars and reports. Experienced Founder with a demonstrated history of working in the events & Edu Tech services industry. Skilled in Event Management, Project Management, Team Leadership, Social Innovation, and Microsoft Office. Strong business development professional with a Master of Technology - MTech focused in Chemical Engineering from Deenbandhu Chhotu Ram University of Science & Technology, Murthal(Sonepat).",1859,2026-08-25 00:00:00.000 +0530,,,,,,,,,,,,,,,,,796,
Anup Kumar Jana,Anup Kumar,Jana,https://www.linkedin.com/in/anup-kumar-jana-8856ab6a,urn:li:member:246571301,anup-kumar-jana-8856ab6a,Tamluk,West Bengal,India,"Tamluk, West Bengal, India","Indian Institute of Technology (Indian School of Mines), Dhanbad",Research Scholar at IIT (ISM) Dhanbad,founders,member_urn,"Indian Institute of Technology (Indian School of Mines), Dhanbad | 86,023 followers on LinkedIn. Indian Institute of Technology (Indian School of Mines), Dhanbad (abbreviated as IIT(ISM), Dhanbad) is located in the mineral rich state of Jharkhand. It was formerly known as the Indian School of Mines, Dhanbad (ISM Dhanbad). Established in 1926, IIT(ISM) is the only institution of its kind, in India, to have all the earth science branches.",1930,,Higher Education,15251086,https://www.linkedin.com/school/iitism/,"Dhanbad, Jharkhand, India","Education, Earth Sciences, Petroleum Engineering, Mineral &Metallurgical Sciences, Computer Science and Engineering, Electronics and Communications, Engineering, IIT, Indian Institute of Technology, and Indian School of Mines",https://www.iitism.ac.in/,CGPA: 9.57,7/2024,false,,false,"I am a Research Scholar in Mechanical Engineering at IIT (ISM) Dhanbad, working in manufacturing engineering with a focus on additive manufacturing and advanced machining.Before joining IIT (ISM), I worked as an Assistant Professor and IQAC Coordinator at Kalinga University, Raipur, Vignan Institute of Technology & Science, and Bharat Institute of Engineering & Technology, Hyderabad. My academic journey has combined teaching, research, student mentoring, institutional responsibilities, professional activities through IEEE, and accreditation-related work such as NBA & NAAC.I have also been involved in website development and technical coordination activities, including responsibilities with IEEE Madhya Pradesh Section and IEEE Kalinga University Student Branch. These experiences have helped me build a practical understanding of academic administration, technical communication, and collaborative work.My current interests include additive manufacturing, material development, mechanical characterization, simulation, and the use of data-driven methods in manufacturing research. I am always interested in learning, contributing to meaningful research, and connecting with people working in manufacturing, materials, and engineering education.",1858,2026-08-25 00:00:00.000 +0530,,,,,,,,,,,,,,,,,796,
Rakesh Soni,Rakesh,Soni,https://www.linkedin.com/in/rakesh-soni-03574a8,urn:li:member:25729961,rakesh-soni-03574a8,Dhanbad,Jharkhand,India,"Dhanbad, Jharkhand, India","Indian Institute of Technology (Indian School of Mines), Dhanbad",Chief Systems Manager,founders,member_urn,"Indian Institute of Technology (Indian School of Mines), Dhanbad | 86,023 followers on LinkedIn. Indian Institute of Technology (Indian School of Mines), Dhanbad (abbreviated as IIT(ISM), Dhanbad) is located in the mineral rich state of Jharkhand. It was formerly known as the Indian School of Mines, Dhanbad (ISM Dhanbad). Established in 1926, IIT(ISM) is the only institution of its kind, in India, to have all the earth science branches.",1930,,Higher Education,15251086,https://www.linkedin.com/school/iitism/,"Dhanbad, Jharkhand, India","Education, Earth Sciences, Petroleum Engineering, Mineral &Metallurgical Sciences, Computer Science and Engineering, Electronics and Communications, Engineering, IIT, Indian Institute of Technology, and Indian School of Mines",https://www.iitism.ac.in/,"To lead, coordinate, and oversee all IT-related activities, operations, and services offered by the Computer Centre.",1/2024,false,,false,,3829,2026-08-25 00:00:00.000 +0530,,,,,,,,,,,,,,,,,796,
Dr Pramod Mathur,Dr Pramod,Mathur,https://www.linkedin.com/in/dr-pramod-mathur-44294a31,urn:li:member:112821746,dr-pramod-mathur-44294a31,Surat,Gujarat,India,"Surat, Gujarat, India","Indian Institute of Technology (Indian School of Mines), Dhanbad",Additional Register,10+yoe_indian,member_urn,"Indian Institute of Technology (Indian School of Mines), Dhanbad | 86,023 followers on LinkedIn. Indian Institute of Technology (Indian School of Mines), Dhanbad (abbreviated as IIT(ISM), Dhanbad) is located in the mineral rich state of Jharkhand. It was formerly known as the Indian School of Mines, Dhanbad (ISM Dhanbad). Established in 1926, IIT(ISM) is the only institution of its kind, in India, to have all the earth science branches.",1930,,Higher Education,15251086,https://www.linkedin.com/school/iitism/,"Dhanbad, Jharkhand, India","Education, Earth Sciences, Petroleum Engineering, Mineral &Metallurgical Sciences, Computer Science and Engineering, Electronics and Communications, Engineering, IIT, Indian Institute of Technology, and Indian School of Mines",https://www.iitism.ac.in/,,7/1997,false,https://media.licdn.com/dms/image/v2/D5603AQHziJix4CjIIA/profile-displayphoto-shrink_100_100/profile-displayphoto-shrink_100_100/0/1726844705645?e=1788998400&v=beta&t=a0EficRUZvG17p2Pj4bysOUyF1Bs_arSYCxWL6M97yg,false,"Dr. Pramod Mathur is a highly experienced academic administrator known for his strategic leadership and ability to navigate complex institutional challenges. He helds the role of Registrar in top-tier academic institution, where his expertise has driven institutional transformation, operational efficiency, and policy innovation. Under his leadership, institutional finances saw a significant boost, with government grants and internal revenue reaching unprecedented levels. His ability to liaise with government bodies, manage legal affairs, and drive policy reforms has cemented his reputation as a results-oriented leader who brings tangible improvements to academic governance. His professional journey reflects an unwavering commitment to institutional excellence, strategic growth, and sustainable development.",598,2026-09-01 21:00:56.853 +0530,,,,,,,,,,,,pramodmathur25@yahoo.com,,,,,796,
Ram Prasad YADAV,Ram Prasad,YADAV,https://www.linkedin.com/in/ram-prasad-yadav-3a708113a,urn:li:member:567505135,ram-prasad-yadav-3a708113a,Azamgarh,Uttar Pradesh,India,"Azamgarh, Uttar Pradesh, India","Indian Institute of Technology (Indian School of Mines), Dhanbad",SRF,10+yoe_indian,member_urn,"Indian Institute of Technology (Indian School of Mines), Dhanbad | 86,023 followers on LinkedIn. Indian Institute of Technology (Indian School of Mines), Dhanbad (abbreviated as IIT(ISM), Dhanbad) is located in the mineral rich state of Jharkhand. It was formerly known as the Indian School of Mines, Dhanbad (ISM Dhanbad). Established in 1926, IIT(ISM) is the only institution of its kind, in India, to have all the earth science branches.",1930,,Higher Education,15251086,https://www.linkedin.com/school/iitism/,"Dhanbad, Jharkhand, India","Education, Earth Sciences, Petroleum Engineering, Mineral &Metallurgical Sciences, Computer Science and Engineering, Electronics and Communications, Engineering, IIT, Indian Institute of Technology, and Indian School of Mines",https://www.iitism.ac.in/,,7/2014,false,https://media.licdn.com/dms/image/v2/C4D03AQEcaaXfrz39WA/profile-displayphoto-shrink_100_100/profile-displayphoto-shrink_100_100/0/1517583171261?e=1788998400&v=beta&t=EAzHH2CiD8QFFIeSwdgT7KDmTqSpK4694Pm3jncTkTk,false,,1949,2026-08-25 00:00:00.000 +0530,,,,,,,,,,,,,,,,,796,
SOMNATH MAHAPATRA,SOMNATH,MAHAPATRA,https://www.linkedin.com/in/somnath-mahapatra-9b70249a,urn:li:member:352395931,somnath-mahapatra-9b70249a,,,India,India,Indian Institute of Tropical Meteorology,Senior Scientist,10+yoe_indian,member_urn,"Indian Institute of Tropical Meteorology | 4,267 followers on LinkedIn. IITM is a premiere research Institute to generate scientific knowledge in the field of meteorology and atmospheric sciences that has potential application in various fields such as agriculture, economics, health, water resources, transportation, communications, etc. It function as a national centre for basic and applied research in monsoon meteorology.",556,,Research Services,703503,https://www.linkedin.com/school/iitm/,"Pune Division, Maharashtra, India",,https://www.tropmet.res.in/,,6/1994,false,https://media.licdn.com/dms/image/v2/C5603AQGmwMddVKrr_w/profile-displayphoto-shrink_100_100/profile-displayphoto-shrink_100_100/0/1603208256658?e=1788998400&v=beta&t=gHLybvfnM9E7fuwBfEaHvcKEAi3u8O3jih_mhYluUcc,false,,1931,2026-08-25 00:00:00.000 +0530,,,,,,,,,,,,,,,,,798,
"Anuj Jain, Ph.D.",Anuj,"Jain, Ph.D.",https://www.linkedin.com/in/dr-anuj-jain,urn:li:member:735851645,dr-anuj-jain,Paonta Sahib,Himachal Pradesh,India,"Paonta Sahib, Himachal Pradesh, India",Indian Institute of Management Sirmaur,Group Coordinator (Marketing Management),founders,member_urn,"Indian Institute of Management Sirmaur | 13,857 followers on LinkedIn. IIM Sirmaur Knowledge and Leadership The Himalayan IIM | The Indian Institute of Management Sirmaur (IIM Sirmaur) is a public business school in the Sirmaur district of Himachal Pradesh, India. It is one of the twenty Indian Institutes of Managements (IIMs)—a group of autonomous public institutes of management education and research in India. The institute has started its operations under the guidance and mentorship of the Indian Institute of Management Lucknow, one of the premier management institutes in the country.",166,2015,Education,16167303,https://www.linkedin.com/school/indian-institute-of-management-sirmaur/,"Paonta Sahib, Himachal Pradesh, India",,https://www.iimsirmaur.ac.in/,,5/2025,false,,false,"I am an Assistant Professor of Marketing at Indian Institute of Management Sirmaur. My research lies at the intersection of marketing, behavioural science, and technology science; exploring how consumers and brands can leverage new-age & autonomous technologies to have a positive impact on society. I teach about technology, consumers, products and brands.",2333,2026-08-25 00:00:00.000 +0530,,,,,,,,,,,,,,,,,799,
Sreeharsha V,Sreeharsha,V,https://www.linkedin.com/in/sreeharsha-v-ccus,urn:li:member:790373347,sreeharsha-v-ccus,Andhra Pradesh,,India,"Andhra Pradesh, India",Indian Institute of Petroleum and Energy (IIPE),Research Scholar,founders,member_urn,"Indian Institute of Petroleum and Energy (IIPE) | 3,676 followers on LinkedIn. Institute of National Importance (INI) #IIPE | The Indian Institute of Petroleum and Energy (IIPE) was established to bridge the gap in skilled manpower and enhance research for the energy and hydrocarbons sectors. With a core focus on Learn, Experience, and Implement, the institute's primary mission is to nurture and promote excellence in education and research, driving innovation and growth in these critical industries. IIPE is an Institute of National Importance (INI) at par with Indian Institute of Technology (IITs) and Indian Institute of Management (IIMs) and was enacted by Parliament vide the Indian Institute of Petroleum and Energy Act, 2017 (No: 3 of 2018).",183,2016,Higher Education,20453552,https://www.linkedin.com/school/indian-institute-of-petroleum-energy/,"Vishakhapatnam, Andhra Pradesh, India","Petroleum, Oil & Gas, Petroleum Engineering, Chemical Engineering, India, Energy, Energy Research, Renewable energy, Process system engineering, Solar Energy, Production Engineering, Drilling Engineering, Biochemical engineering, Artificial Intelligence, Hydrocarbons, Nanotechnology, Computer Science, Geophysics, and Geology",https://iipe.ac.in/,"EOR , CCUS and Reservoir Modelling with experimental data",7/2024,true,,false,"As a Research Scholar at the Indian Institute of Petroleum and Energy (IIPE), pursuing a PhD in Petroleum Engineering and Earth Sciences, my work focuses on reservoir modeling, enhanced oil recovery (EOR), and polymer nanocomposites. My academic foundation includes an M.Tech in Petroleum Engineering from IIT (ISM) Dhanbad and a B.Tech from JNTU Kakinada. I have gained diverse experience through roles such as Summer Research Intern at SNF and Visiting Scholar at IIT Guwahati, where I contributed to energy research initiatives and advanced oil recovery studies. With certifications in data science tools and CMG modeling workflows, I aim to bridge traditional petroleum engineering with cutting-edge technologies to address energy challenges.",1963,2026-08-25 00:00:00.000 +0530,,,,,,,,,,,,,,,,,800,
Deepak Mishra,Deepak,Mishra,https://www.linkedin.com/in/deepak-mishra-03b8a12b,urn:li:member:106709231,deepak-mishra-03b8a12b,,,India,India,"Indian Maritime University, Kolkata",Assistant Professor,10+yoe_indian,member_urn,"Indian Maritime University, Kolkata | 3,363 followers on LinkedIn. University Page Admin: Rajasimhan Murugavel, B.E(Marine), MBA(Port & Shipping) (Managing Director, BUREAUCRATZ IAS ACADEMY, Chengalpattu.) INDIAN MARITIME UNIVERSITY The birth of Indian Maritime University is a long cherished dream of the maritime community of India. The Indian Maritime University, established through an Act of Parliament (Act 22) in November 2008 as a Central University, is poised to play a key role in the development of trained human resource for the maritime sector.",132,1949,Education Management,13709684,https://www.linkedin.com/school/indianmaritimeuniversity-kolkata/,"Kolkata, West Bengal, India",,https://www.imu.edu.in/index.php?prod_id=101,,7/2021,false,https://media.licdn.com/dms/image/v2/D5603AQFu1ACaLHfcsA/profile-displayphoto-shrink_400_400/B56ZYTpTlSGcAk-/0/1744086318396?e=1788998400&v=beta&t=VJ0TsDGqOYIAS4RlS1s77b73I9ul_9jmAMYB6otbbnc,false,,1989,2026-08-25 00:00:00.000 +0530,,,,,,,,,,,,,,,,,803,
"Ashwani Kumar Tiwari, PhD",Ashwani Kumar,"Tiwari, PhD",https://www.linkedin.com/in/ashwani-kumar-tiwari-phd-3773922b,urn:li:member:105446539,ashwani-kumar-tiwari-phd-3773922b,New Delhi,Delhi,India,"New Delhi, Delhi, India",Jawaharlal Nehru University,Assistant Professor,founders,member_urn,"Jawaharlal Nehru University | 44,413 followers on LinkedIn. Jawaharlal Nehru University is the foremost university in India, and a world-renowned centre for teaching and research established by an act of Parliament in 1966. Ranked number one in India by the National Assessment and Accreditation Council (NAAC) with a Grade Point of 3.91 (on a scale of 4), JNU was ranked no 3 among all universities in India by the National Institutional Ranking Framework, Government of India, in 2016 and no. 2 in the years 2017-2020. JNU also received the Best University Award from the President of India in 2017.",2168,1966,Higher Education,14375872,https://www.linkedin.com/school/jawaharlal-nehru-university-delhi/,"Delhi, India",,https://www.jnu.ac.in/,,3/2020,false,,false,,3790,2026-08-25 00:00:00.000 +0530,,,,,,,,,,,,,,+919507686521,,,804,
Dr. Raju Ladhwe,Dr. Raju,Ladhwe,https://www.linkedin.com/in/dr-raju-ladhwe-76948a79,urn:li:member:278876097,dr-raju-ladhwe-76948a79,Pune District,Maharashtra,India,"Pune District, Maharashtra, India",JSPM University Pune,Director of Career Development & Corporate Relation Cell,10+yoe_indian,member_urn,"JSPM University Pune | 11,726 followers on LinkedIn. JSPM University Pune is recognized by the University Grants Commission (UGC) under section 2(f) of the UGC Act, 1956. It has been established by the State Government of Maharashtra through the JSPM University, Pune Act, 2022 (Maharashtra Act No. IV of 2023).",601,,Higher Education,100416401,https://www.linkedin.com/school/jspm-university/,"Haveli, Maharashtra, India",,https://jspmuni.ac.in/,,3/2026,false,https://media.licdn.com/dms/image/v2/D4D03AQEDEJAjbWBwFQ/profile-displayphoto-shrink_100_100/profile-displayphoto-shrink_100_100/0/1722111615343?e=1788998400&v=beta&t=OFxTLgrR0Y9fcFNOlHq5Y5wcxy_AY0Spths_nErnUE0,false,,1939,2026-08-25 00:00:00.000 +0530,,,,,,,,,,,,,,,,,805,
Narasimha Prasad Bulusu,Narasimha,Prasad Bulusu,https://www.linkedin.com/in/narasimha-prasad-bulusu-4a18962b,urn:li:member:106697785,narasimha-prasad-bulusu-4a18962b,Mumbai,Maharashtra,India,"Mumbai, Maharashtra, India",LEAD Group,Head of Human Resources,10+yoe_indian,member_urn,"LEAD Group | 135,910 followers on LinkedIn. LEAD Group is India's largest and fastest-growing School Edtech company, dedicated to transforming schools through innovative, technology-driven solutions. Founded in 2012 by Sumeet Mehta and Smita Deorah, LEAD Group's mission is to provide excellent education to every child in India. Today, LEAD Group is revolutionising the learning experience for students and enhancing teaching effectiveness in more than 8000+ schools across India.",1429,,Education Administration Programs,13400461,https://www.linkedin.com/school/leadgroupindia/,"Mumbai, Maharashtra, India","Edtech, Education Technology, and Digital Transformation",https://leadschool.in/,"HR Head driving culture, talent strategy, and capabilities to power rapid growth in a mission-driven edtech organization.",8/2025,false,https://media.licdn.com/dms/image/v2/D5603AQHGMtLzlBG7Tg/profile-displayphoto-shrink_100_100/profile-displayphoto-shrink_100_100/0/1708225723431?e=1788998400&v=beta&t=eH7RJTe6WOSCLvuNtFD1riu3Nq8y6DOmdssrz71-sWc,false,"HR leader and IIT (ISM) & XLRI alumnus with ~15 years of experience in People functions of Total Rewards (Compensation & Benefits, Long Term Incentives), HR Policy Design, Talent Acquisition, HR business partnering, Performance Management, and HR Technology Implementation. Demonstrated expertise in crafting transformative people strategies and driving large-scale organizational change within dynamic, high-growth organizations. Committed to fostering meritocratic cultures, creating sustainable value, and delivering measurable business impact.",1261,2026-08-25 00:00:00.000 +0530,,,,,,,,,,,,,,,,,808,
Ashish Kumar,Ashish,Kumar,https://www.linkedin.com/in/ashish-kumar-190741192,urn:li:member:760266684,ashish-kumar-190741192,Ranchi,Jharkhand,India,"Ranchi, Jharkhand, India",LEAD Group,Academic Success Manager,6-10yoe_global_indian,member_urn,"LEAD Group | 135,910 followers on LinkedIn. LEAD Group is India's largest and fastest-growing School Edtech company, dedicated to transforming schools through innovative, technology-driven solutions. Founded in 2012 by Sumeet Mehta and Smita Deorah, LEAD Group's mission is to provide excellent education to every child in India. Today, LEAD Group is revolutionising the learning experience for students and enhancing teaching effectiveness in more than 8000+ schools across India.",1429,,Education Administration Programs,13400461,https://www.linkedin.com/school/leadgroupindia/,"Mumbai, Maharashtra, India","Edtech, Education Technology, and Digital Transformation",https://leadschool.in/,,6/2026,false,https://media.licdn.com/dms/image/v2/D5603AQEv1CRvP0opJw/profile-displayphoto-shrink_100_100/profile-displayphoto-shrink_100_100/0/1726063041561?e=1788998400&v=beta&t=mSMkApmBzmfX1oXacfH-7OCiHiP-mVKwoREJab1m4GU,false,"With 8 years of experience in the educational field, I currently serve as the Zonal Head - Academic Delivery at Embibe. In this role, I lead the implementation and execution of our innovative, personalized learning solutions across schools and institutions in my region. My expertise spans key account management, customer relationship management, training delivery, and performance management, which I utilize to ensure exceptional service delivery, customer retention, and revenue growth. I also collaborate with product, sales, and marketing teams, providing valuable feedback and insights on customer needs, expectations, and satisfaction to enhance our offerings continuously.",160,2026-08-25 00:00:00.000 +0530,,,,,,,,,,,,,,,,,808,
Rachit Haritwal,Rachit,Haritwal,https://www.linkedin.com/in/rachit-haritwal,urn:li:member:602566039,rachit-haritwal,Jaipur,Rajasthan,India,"Jaipur, Rajasthan, India",MIT Sloan School of Management,Research Assistant,founders,member_urn,"MIT Sloan School of Management | 609,253 followers on LinkedIn. The MIT Sloan School of Management, in Cambridge, Massachusetts, is about invention. It's about ideas that are made to matter. At MIT Sloan, we discover tomorrow’s interesting and important challenges and opportunities.",2975,,Higher Education,1501,https://www.linkedin.com/school/mit-sloan-school-of-management/,"Cambridge, Massachusetts, United States","Finance, Entrepreneurship, Energy Innovation, Corporate Strategy, Marketing, General Management, and Sustainability",https://mitsloan.mit.edu/,"Research Assistant to Prof. Catherine Wolfram on the Global Climate Policy Project (GCPP), a joint initiative between Harvard and MIT dedicated to identifying and advancing innovations in global climate policies and institutions. I am working on the mutual recognition of carbon abatement policy standards and building a simulation-based learning aid to understand EU-CABM.",6/2026,true,,true,"I work at the intersection of applied economics, policy strategy, and monitoring, evaluation, and learning. My current focus is on using economic analysis, econometrics, and evidence-based approaches to inform better decisions in climate change, social protection, and inclusive development. My professional experience spans nonprofit strategy, public policy implementation, and MEL systems. In my previous roles, I have worked with state governments in India and nonprofits on large-scale social protection, livelihoods, and public service delivery programs. My work has included designing monitoring frameworks, strengthening program implementation, conducting field-based diagnostics, and translating evidence into actionable strategies.I have previously worked in the upstream Oil & Gas industry, which gave me firsthand exposure to energy systems. This experience continues to shape my interest in climate change, energy economics, and the policy choices involved in managing economic growth, energy access, and decarbonization.I am currently a student in MIT’s Data, Economics, and Design of Policy program. I am keen on opportunities and collaborations for economic analysis, MEL, strategy, and implementation insights to support climate-resilient, evidence-based public policy.",1451,2026-08-25 00:00:00.000 +0530,,,,,,,,,,,,,,,,,809,
Dr. Ramkrishna Manatkar Ph.D.,Dr. Ramkrishna,Manatkar Ph.D.,https://www.linkedin.com/in/dr-ramkrishna-manatkar-ph-d-3a742716,urn:li:member:54797167,dr-ramkrishna-manatkar-ph-d-3a742716,Pune Camp,Maharashtra,India,"Pune Camp, Maharashtra, India",Dr.Vishwanath Karad MIT WORLD PEACE UNIVERSITY|PUNE,Professor of Practice,founders,member_urn,"MIT World Peace University | 108,943 followers on LinkedIn. MIT Pune is now MIT-World Peace University MIT-World Peace University (MIT-WPU) is situated in Pune- the cultural capital of Maharashtra. Surrounded by the Western Ghats, Pune is located on the Deccan Plateau on the banks of the serene Mula-Mutha River. The city of Pune boasts of a rich and vibrant heritage witnessing the courage and bravery of the Marathas and Peshwas.",2075,,Education Administration Programs,13352643,https://www.linkedin.com/school/mitwpuofficial/,"Pune Division, Maharashtra, India","Master's Programme in Government, Bachelor of Technology, Bachelor of Business Administration, MBA, Master Of Computer Application, Master of Technology, Master of Arts, Master of Science, Master of Education, Master of Pharmacy, Master of Commerce, Law, Design, Diploma, POLYTECHNIC, Bachelor of Fine Arts, Bachelor of Computer Application, B.Sc. Economics, and B.Sc. Computer Science",https://www.mitwpu.edu.in/,,5/2025,false,,false,"Directing the launch of new products and the execution of major re-pricing / re positioning exercises, having a career of 31 years that reflects pioneering expertise & year-on-year success in achieving business objectives in Steel and Engineering sectors in: Marketing & Sales Strategy Planning Budgeting & Cost Control Process Improvement Key Account Management Strategic Partnerships Credit Management New Product Development Logistics & Supply Chain Management Lean manufacturing Optimization of Transportation Six Sigma Successfully led key business initiatives & strategies to meet changing customer needs / expectations, thereby resulting into high level of customer satisfaction and increase in market share, sales volume & added bottom line Driving revenue and related forecasting through information gathered from sales and cross-functional teams Extensive experience in demand forecasting and S&OP processes development, institutionalization, capability development, daily planning, leading the consensus forecasting process, directional management of internal supply chain processes and linkages with business plans to ensure stocks availability to meet business goals Expertise in directing all logistics functions including cargo planning, storage, distribution, payment realizations & customer support as well as negotiations with transporters for ensuring cost effective transport solutions & clearances Excellence in new set-ups / diversification, thereby enhancing business by undertaking logistics restructuring & generating significant cost saving techniques in coordination with internal as well as the external stakeholders Worked in conjunction with Marketing Managers in creating growth and market-building strategies and tactics including programs that targeted prescribes, influences, and consumers Championed some of the most successful branding strategies and product launch campaigns in the last 15 years",1972,2026-08-25 00:00:00.000 +0530,,,,,,,,,,,,,,,,,810,
RAKESH KADAVERUGU,RAKESH,KADAVERUGU,https://www.linkedin.com/in/rakesh-kadaverugu-a6918866,urn:li:member:233336817,rakesh-kadaverugu-a6918866,Nagpur,Maharashtra,India,"Nagpur, Maharashtra, India",National Environmental Engineering Research Institute (NEERI),Principal Scientist,10+yoe_indian,member_urn,"National Environmental Engineering Research Institute (NEERI) | 7,658 followers on LinkedIn. National Environmental Engineering Research Institute (NEERI), a constituent laboratory of CSIR endeavours to provide Leadership in environmental science and engineering for sustainable development. NEERI dedicates itself in the service of mankind by providing innovative and effective solutions to environmental and natural resource problems.",542,,Research Services,1016419,https://www.linkedin.com/school/national-environmental-engineering-research-institute-neeri-/,"Nagpur, Maharashtra, India",,https://www.neeri.res.in/,,,false,,false,,3833,2026-08-25 00:00:00.000 +0530,,,,,,,,,,,,,,,,,811,
Praveen Choudary Gokina,Praveen Choudary,Gokina,https://www.linkedin.com/in/praveen-choudary-gokina-228b902,urn:li:member:8896064,praveen-choudary-gokina-228b902,Hyderabad,Telangana,India,"Hyderabad, Telangana, India",DeepTechCollab,Founder and CEO,founders,member_urn,,,,,,,,,,https://deeptechcollab.com/,10/2025,false,,false,,3667,2026-08-25 00:00:00.000 +0530,,,,,,,,,,17,28,,,,,,1734,
Sudeshna Moharana,Sudeshna,Moharana,https://www.linkedin.com/in/sudeshna-moharana-2376741a4,urn:li:member:801889099,sudeshna-moharana-2376741a4,Hyderabad,Telangana,India,"Hyderabad, Telangana, India",CSIR-National Geophysical Research Institute,CSIR -SRF-Direct,6-10yoe_global_indian,member_urn,"CSIR-National Geophysical Research Institute | 2,653 followers on LinkedIn. National Geophysical Research Institute is a constituent Laboratory of CSIR, was established with the mission to carry out research in multidisciplinary areas of Earth Sciences.",0,161,Research Services,6250987,https://www.linkedin.com/school/national-geophysical-research-institute/,"Hyderabad, Telangana, India",,https://ngri.org.in/,,8/2025,false,https://media.licdn.com/dms/image/v2/D5603AQGfMZJMPSC31g/profile-displayphoto-scale_100_100/B56Zo_i3eeHkAg-/0/1762002697980?e=1788998400&v=beta&t=Z8k5FWk7TZrREYeGGOlDv6k_thSeftGZFuAv6RfePds,false,"To utilize my potential to the best and contribute for the growth of the Organization which I work for, with sincerity. And also prove myself as an asset for organization by being committed. Looking for a career in which my qualifications and experience will enable me to fulfill my aspirations with the opportunity for increasing levels of responsibilities & professional growth. Seeking for a position where I can perform my duties under all circumstances. To be an integral part of an organization which provides challenging opportunities to grow, learning and contribute",181,2026-08-25 00:00:00.000 +0530,,,,,,,,,,,,,,,,,812,
Ved Maurya,Ved,Maurya,https://www.linkedin.com/in/ved-maurya-68683715,urn:li:member:52827654,ved-maurya-68683715,Hyderabad,Telangana,India,"Hyderabad, Telangana, India",CSIR-National Geophysical Research Institute,Senior Scientist,6-10yoe_global_indian,member_urn,"CSIR-National Geophysical Research Institute | 2,653 followers on LinkedIn. National Geophysical Research Institute is a constituent Laboratory of CSIR, was established with the mission to carry out research in multidisciplinary areas of Earth Sciences.",0,161,Research Services,6250987,https://www.linkedin.com/school/national-geophysical-research-institute/,"Hyderabad, Telangana, India",,https://ngri.org.in/,,5/2023,false,https://media.licdn.com/dms/image/v2/C4E03AQGOMlbfnAZv9g/profile-displayphoto-shrink_100_100/profile-displayphoto-shrink_100_100/0/1559747067086?e=1788998400&v=beta&t=F4qEPgYCg1ZF_GunUzIHmYd9MzBHnyc1AtSjEZaD6ag,false,,2750,2026-08-25 00:00:00.000 +0530,,,,,,,,,,,,,,,,,812,
Gyanesh sinha,Gyanesh,sinha,https://www.linkedin.com/in/gyanesh-sinha-37b47323,urn:li:member:81767759,gyanesh-sinha-37b47323,Noida,Uttar Pradesh,India,"Noida, Uttar Pradesh, India",NIIT University,Professor,founders,member_urn,"NIIT University | 22,490 followers on LinkedIn. The university of the future | Nestled in the foothills of Aravalis, the picturesque NIIT University is located in Neemrana which is approximately 75 Kms from Gurgaon (near Delhi). The 100 acres green campus is equipped with state-of-the-art technology enabled teaching methodology backed by a strong research focused curriculum for facilitating a continuous process of learning and development. NU is committed to exploring new frontiers of knowledge.",371,2009,Education Administration Programs,1031883,https://www.linkedin.com/school/niit-university/,"Neemrana, Rajasthan, India","COMPUTER SCIENCE & ENGINEERING, ELECTRONICS & COMMUNICATION ENGINEERING, BIOTECHNOLOGY, GEOGRAPHICAL INFORMATION SYSTEM, MANAGEMENT, EDUCATIONAL TECHNOLOGY, and INTEGRATED MBA",https://www.niituniversity.in/,,12/2025,true,,false,"With over two and a half decades of rich and diverse experience at different capacity levels in higher education and industry, currently serving as a Professor in a leading University, contributing to the fields of operations, supply chain, and analytics. Professionally well qualified and skilled (from undergraduate to doctorate level) from NIT/IIT, i.e. institutes of national importance. Recognised for turnaround and continued exponential growth in admissions both at an MBA and BBA level through smart design and execution of admission and counselling strategy, led initiatives for setting the centre of excellence in supply chain management. Experience in developing Innovative policy and procedural framework at the departmental and university level. Have ablity to think creatively to implement change for an instituitional growth through a consultative and participatory approach. Habit of research-driven policy making & planning, and its timely execution at the workplace. Dedicated to empowering and fostering a culture of innovation among students. Committed to aligning academic excellence with organisational goals to prepare future leaders for dynamic challenges.",2624,2026-08-25 00:00:00.000 +0530,,,,,,,,,,,,,,,,,813,
Dr. Surbhi Suman,Dr. Surbhi,Suman,https://www.linkedin.com/in/dr-surbhi-suman-389b3540,urn:li:member:146135769,dr-surbhi-suman-389b3540,Delhi,Delhi,India,"Delhi, Delhi, India",Patna Science College,Assistant Professor,founders,member_urn,"Patna Science College | 4,924 followers on LinkedIn. Patna Science College is a higher education company based out of Ashok Raj Path Patna 800005, PATNA, Bihar, India.",90,1927,Higher Education,5659551,https://www.linkedin.com/school/patnasciencecollege/,"Patna, Bihar, India",,https://www.patnasciencecollege.org/,,8/2022,false,,false,"Experienced Researcher with a demonstrated history of working in the higher education industry. Skilled in Microsoft Word, Statistical Data Analysis, LaTeX, R, and Microsoft PowerPoint. Strong research professional with a Doctor of Philosophy - Ph.D. focused in Statistics from Indian Institute of Technology (Indian School of Mines), Dhanbad.",1440,2026-08-25 00:00:00.000 +0530,,,,,,,,,,,,,,,,,816,
"Shantanu Saha, Ph.D",Shantanu,"Saha, Ph.D",https://www.linkedin.com/in/dr-shantanu-saha,urn:li:member:303297252,dr-shantanu-saha,Pune District,Maharashtra,India,"Pune District, Maharashtra, India","Sri Balaji University,Pune",Associate Professor,founders,member_urn,"Sri Balaji University,Pune | 45,921 followers on LinkedIn. Sri Balaji University, Pune (BIMM, BITM, BIIB, BIMHRD) is ranked 4rth among Top Private Universities in India | WELCOME TO SRI BALAJI SOCIETY 'Discipline, Determination, Dedication.'​ Built on the pillars of these three values, Sri Balaji Society, Pune provides career specific contemporary education with a strong emphasis on practical training and overall development of the students. Sri Balaji Society functions under the able guidance of its Founder and President, Prof.",765,1998,Education Administration Programs,1145114,https://www.linkedin.com/school/renowned-educational-institution/,"Pimpri Chinchwad, Maharashtra, India","Management Education Society, Marketing Management, Finance Management, International Business Management, Human Resource Management, Operations Management, Telecommunications Management, Information Technology, SAP MOU, Arts, Commerce & Science , Law, MBA, Ph.D., Business Analytics, Corporate Career Oriented MBA Programs, Alumni Network, Research, and Corporate Interface",https://www.sbup.edu.in/,"Driving academic excellence as an Associate Professor of Marketing at Balaji Institute of Modern Management (BIMM), the flagship B-School of Sri Balaji University, Pune. Committed to advancing research excellence, doctoral supervision, impactful teaching, and academic collaborations to strengthen institutional quality and enhance learning outcomes.",12/2025,false,,false,"Marketing professor with 10+ years of experience in teaching, research, and academic leadership. PhD from IIT (ISM) Dhanbad, doctoral supervision experience, and contributions to national-level initiatives under the Ministry of Education. Specialized in Social Marketing, Consumer Behaviour, Business Research Method. Passionate about building research ecosystems, mentoring scholars, and designing industry-relevant curriculum.",2109,2026-08-25 00:00:00.000 +0530,,,,,,,,,,,,,,,,,817,
Dr. Neha Kumari,Dr. Neha,Kumari,https://www.linkedin.com/in/dr-neha-kumari-7088881a1,urn:li:member:793457144,dr-neha-kumari-7088881a1,Pimpri Chinchwad,Maharashtra,India,"Pimpri Chinchwad, Maharashtra, India","Sri Balaji University,Pune",Assistant Professor,founders,member_urn,"Sri Balaji University,Pune | 45,921 followers on LinkedIn. Sri Balaji University, Pune (BIMM, BITM, BIIB, BIMHRD) is ranked 4rth among Top Private Universities in India | WELCOME TO SRI BALAJI SOCIETY 'Discipline, Determination, Dedication.'​ Built on the pillars of these three values, Sri Balaji Society, Pune provides career specific contemporary education with a strong emphasis on practical training and overall development of the students. Sri Balaji Society functions under the able guidance of its Founder and President, Prof.",765,1998,Education Administration Programs,1145114,https://www.linkedin.com/school/renowned-educational-institution/,"Pimpri Chinchwad, Maharashtra, India","Management Education Society, Marketing Management, Finance Management, International Business Management, Human Resource Management, Operations Management, Telecommunications Management, Information Technology, SAP MOU, Arts, Commerce & Science , Law, MBA, Ph.D., Business Analytics, Corporate Career Oriented MBA Programs, Alumni Network, Research, and Corporate Interface",https://www.sbup.edu.in/,,7/2023,false,,false,"Neha Kumari is an Assistant Professor at Sri Balaji University, Pune, India. She has completed her Doctor of Philosophy (PhD) at the Department of Humanities and Social Sciences, Indian Institute of Technology (ISM) Dhanbad, India. She has published research articles in reputed journals, indexed in Scopus, and Web of Science. Neha is the editor of Fat Studies, Taylor & Francis. She is an academic editor of the Rupkatha and an editorial board member of the Indian Journal of Health, Sexuality, and Culture. Neha has a passion for creative writing and has published a poetry named My Identity and a short story titled My Journey through Thorns. Her areas of interest include Gender and Sexuality Studies, Fat Studies, Film Studies, Transgender Studies, Cultural Studies, and Women's Studies and Communication. She qualified and scored AIR 2nd in IIT ISM JRF ENTRANCE EXAM on 27th Dec 2017 under MHRD Ph.D. Fellowship Program and received MHRD fellowship. She secured 2nd rank in M.A. in English, Ranchi University, Ranchi, India, 2015. Kumari held the position of English Instructor for the App Development Project in the SPIRE Lab at the Department of Electrical Engineering, Indian Institute of Science (IISC), Bangalore, in 2023. She has received the BEST RESEARCH PAPER AWARD titled “Unveiling Identities: Understanding Gender and Sexuality in Contemporary Indian Lesbian and Trans Narratives” at the International Conference on Interdisciplinary Dialogues (ICID-2024). She was invited as keynote Speaker and session chair at various Universities and conferences, for instance, Reva University, School of Arts, Humanities and Social Sciences (2023), 3rd Edition: Gender and Sexuality Studies, Dubai, UAE (2022), 6th Edition: Global Congress on Gender & Sexuality Studies, London, UK (October 2024). She has been a member of the Development Studies Association, UK, for research since 2021. Dr. Neha is a dedicated mentor, trainer, and the founder of PRISM, a communication and placement-preparation club. Through PRISM, she designs and delivers intensive training programs that equip MBA students with the interview readiness needed to excel in campus placements. Kumari is the faculty mentor of NHRDN - SBUP Student Chapter and has organized various events, for instance, workshop titled Inclusive Leadership: Nurturing a Culture of Belonging, SBUP NHRDN International Student Conference, and a POSH Seminar. With a multifaceted approach, Neha Kumari continues to mentor students, drive academic research, and contribute to global discussions on gender, culture, and representation.",2108,2026-08-25 00:00:00.000 +0530,,,,,,,,,,,,,,,,,817,
Akshay Agarwal,Akshay,Agarwal,https://www.linkedin.com/in/akshay-agarwal-b2777850,urn:li:member:181061455,akshay-agarwal-b2777850,,,Mumbai Metropolitan Region,Mumbai Metropolitan Region,Guidance Career Academy,Founder | Academic Head,founders,member_urn,"Guidance Career Academy | 10 followers on LinkedIn. We build careers. We build futures. We bring out the best in you. | Guidance Career Academy is a premier institute for preparation of IIT-JEE, NEET-UG, MHT-CET & Boards. It is founded by a team of renowned academicians from the field of competitive exam coaching. We are proud to launch an intensive, result-oriented coaching programme designed specially for students moving from Std.",3,2026,Education,111761916,https://www.linkedin.com/company/guidance-career-academy,"Kalyan Dombivli, Maharashtra, India",,,,1/2026,false,,false,,3719,2026-08-25 00:00:00.000 +0530,,,,,,,,,,17,28,,,,,,528,
Niranjan Kumar,Niranjan,Kumar,https://www.linkedin.com/in/niranjan-kumar-271672119,urn:li:member:494329333,niranjan-kumar-271672119,Bangalore Urban,Karnataka,India,"Bangalore Urban, Karnataka, India",Resonance Eduventures Limited,Senior JEE Advance Faculty,founders,member_urn,"Resonance Eduventures Limited | 60,829 followers on LinkedIn. India's Leading Institute for JEE (M & A), NEET (UG), Olympiads, CA, CS, CLAT, CUET, Boards & Pre-foundation (5th-10th). | India's Most Planned Institute for JEE (Main & Adv.), NEET (UG), Commerce & Law, Boards, Olympiads & Class V to X Preparation, Job oriented examinations etc. In the span of 22+ years, Resonance has produced 50000+ Selections in JEE (Advanced) / IIT-JEE, 240000+ Selections in JEE (Main) / AIEEE & 19500+ Selections in NEET (UG) / AIPMT / AIIMS. RESONites produced extraordinary results in JEE (Advanced) 2022 with 8 classroom students (ONLINE/OFFLINE) of the Institute securing All India Ranks in Top 60 including AIR 6, 8, 11, 15, 35, 50, 54 & 58.",2149,2001,Education Administration Programs,517863,https://www.linkedin.com/school/resonance-eduventures-ltd/,"Kota, Rajasthan, India","JEE Advanced Coaching, JEE (Main) Coaching, AIPMT Coaching, NTSE Preparation, Olympiad Preparation, Distance Learning Program, e-Learning Programs, CA Coaching, CS Coaching, CMA Coaching, Banking, PO, RPSC Coaching, IIT JEE Coaching, NEET Coaching, JEE Coaching, AIIMS Coaching, Commerce Class, Law Classes, CLAT Coaching, and CUET (UG) Coaching",https://www.resonance.ac.in/,,4/2024,false,,false,"Experienced academic lead with a demonstrated history of working in the education management industry. Skilled in Mathematics, Microsoft Excel, Microsoft Word, Engineering, and Chemistry. Strong business development professional post- graduated from Indian School of Mines.",2608,2026-08-25 00:00:00.000 +0530,,,,,,,,,,,,,,,,,818,
Harsh Sharma,Harsh,Sharma,https://www.linkedin.com/in/sharmahharsh,urn:li:member:47980402,sharmahharsh,Bengaluru,Karnataka,India,"Bengaluru, Karnataka, India",Rice University,Product Management & SAAS UX/Product Marketing Independent Research Study,founders,member_urn,"Rice University | 153,424 followers on LinkedIn. Rice is a private, independent university dedicated to the ""advancement of letters, science, and art.""​ Rice attracts a diverse group of highly talented students with a range of academic studies that includes humanities, social sciences, natural sciences, engineering, architecture, music, and business management. The school offers students the advantage of forging close relationships with members of the faculty and the option of tailoring graduate and undergraduate studies to their specific interests.",6998,,Higher Education,6076,https://www.linkedin.com/school/riceuniversity/,"Houston, Texas, United States","Marketing, Corporate Banking, Energy, Finance, Nanotechnology, Entrepreneurship, and Engineering",https://rice.edu/,"-Worked with the Associate Dean, Degree Programs to improve the student experience and better prospective student recruitment -Influenced without authority the different university departments through cross-functional collaboration to execute goals such as STEM MBA certification -Product Marketing, Strategic Growth Marketing, and User Experience -Learnt Industry Tool for Wireframes and Prototypes (Figma)",1/2019,false,,false,"Recent MBA graduate looking for Product Management roles Prior experience in : -Product Development -Analytics -Engineering -UX research -Public Speaking & Presentation -B2B & B2C Product Strategy -Customer Success -Financial Budgeting & Forecasting -Marketing -Sales Enablement -User Centered Design Work Experience in India and USA with teams from Australia, France, India, Singapore, and USA. Languages: English (Fluent), Hindi (Fluent), French (A2 level DELF - Basic) Past accomplishments of creative problem solving with my initiatives led to long-term impacts. The quantitative and qualitative effects of the impact can be seen below in my work history.",2893,2026-08-25 00:00:00.000 +0530,,,,,,,,,,,,,,,,,819,
Debmallya Chatterjee,Debmallya,Chatterjee,https://www.linkedin.com/in/debmallya-chatterjee-3b78a846,urn:li:member:163455547,debmallya-chatterjee-3b78a846,Mumbai,Maharashtra,India,"Mumbai, Maharashtra, India",SPJIMR SP Jain Institute of Management & Research,Chairperson - PGDM Online Program and Spearheading SPJIMR Online Academy,founders,member_urn,"SPJIMR SP Jain Institute of Management & Research | 95,918 followers on LinkedIn. Influencing practice and promoting value-based growth since 1981. | Established in 1981, Bharatiya Vidya Bhavan’s S.P. Jain Institute of Management and Research (SPJIMR), is a leading postgraduate management institute, recognised by the Financial Times MiM Global Rankings as India’s #1 business school, by Business Today as one of the country’s top five business schools, and by the Positive Impact Rating as one of the top five business schools worldwide for societal impact. A graded autonomy category I Institute by AICTE and known for its innovative and socially-conscious approach to management education, research, and community engagement, SPJIMR aims to influence managerial practice and promote the value-based growth of its students, alumni, organisations and its leaders, and society.",667,1981,Higher Education,215708,https://www.linkedin.com/school/spjimr/,"Mumbai, Maharashtra, India","PGDM, PGDM (BM), PGPM, GMP, PGEMP, PGPDM, PGPGM, PGP-MBM, PGDM Online, PGP Family Managed Business, PGEMP, PGPGM, Fellow Programme in Management, Graduate Certificate Programme in Entrepreneurship, Open Management Development Programmes, Custom Management Development Programmes, and Management Practice Insights",https://www.spjimr.org/,"Academic & Program Leadership | Digital Strategy | Institution Building Led the ideation, launch, and scaling of SPJIMR’s flagship PGDM Online program, overseeing academic design, governance, faculty coordination, learner experience, and quality assurance. Played a key role in the strategic assessment of the edtech ecosystem and onboarding Coursera as the institutional partner, balancing scale with academic rigor. Drove the program’s positioning as a high-quality, institution-led online management offering, aligned with SPJIMR’s academic values and reputation. Initiated and launched SPJIMR’s first MOOC (Data Analysis) and supported faculty in designing and delivering MOOCs across leading edtech platforms. Partnered with Edtech firms in creating newer programs. Contributed to the institute’s broader digital education strategy, faculty capability building, and innovation in blended and online learning models.",1/2023,false,,false,"Academic leader with 22+ years of experience in business education, institution building, and large-scale program leadership, spanning classroom teaching, executive education, and online degree programs. Currently the Chairperson of the Online PGDM program at SPJIMR, responsible for academic design, faculty coordination, program governance, learner experience, and scaling high-quality management education through digital delivery. Played a key role in institution building across leading Indian B-schools (SPJIMR, TAPMI), with deep engagement in industry partnerships, executive education, curriculum innovation, research promotion, and faculty development. Extensive experience working with senior leaders across manufacturing, infrastructure, renewable energy, healthcare, and logistics. My academic work includes high-impact teaching cases (bestsellers), peer-reviewed research, and extensive faculty development programs used to strengthen pedagogy, faculty capability, and practice-oriented learning across institutions. Trusted with institution-level academic governance, serving as a member of Academic Councils (Nitte University, Mangalore; MET Institute of Management, Mumbai) and faculty recruitment & selection committees (GIM, Goa; Gati Shakti University, Vadodara). Currently serving as Vice President, POMS India (2023–25). My leadership philosophy emphasizes academic rigor with relevance, faculty empowerment, responsible growth, and long-term institutional reputation rather than short-term rankings alone.",1492,2026-08-25 00:00:00.000 +0530,,,,,,,,,,,,,,,,,820,
Aaquil Bunglowala,Aaquil,Bunglowala,https://www.linkedin.com/in/aaquil-bunglowala-9160ab20,urn:li:member:71891298,aaquil-bunglowala-9160ab20,Indore,Madhya Pradesh,India,"Indore, Madhya Pradesh, India","Sri Aurobindo Institute of Technology, Indore",Director and Professor,10+yoe_global,member_urn,"Sri Aurobindo Institute of Technology, Indore | 70 followers on LinkedIn.",12,,E-Learning Providers,27276611,https://www.linkedin.com/school/sri-aurobindo-institute-of-technology-indore/,"Indore, Madhya Pradesh, India",,,,12/2023,false,https://media.licdn.com/dms/image/v2/D4D03AQHurN03WpT33g/profile-displayphoto-shrink_400_400/B4DZPFq6bdG0Ag-/0/1734188181754?e=1788998400&v=beta&t=DaxlMsCKCd7Trwob3gAYyXGkSNjL6mO57bkXgFFtdPc,false,"A proficient leader, well-qualified and technically-proficient research scientist with excellent academic qualifications. He nurtures a vision to develop strong technical skills in students. He was a meritorious scholar during his academics. He has also served as Associate Dean at MPSTME, NMIMS, Shirpur, Director of SAIT and SIMS, Indore. With over 22 years of experience in industry and academics on various profiles, he has substantial experience in sophisticated research techniques and technologies in Advanced logic and VLSI design. Dr. A. Bunglowala has been actively involved in research. He has published more than 52 research papers in peer national/international journals and conferences. He has also contributed in research field by becoming reviewer in various international conferences and journals. He has organized many International and national conferences He has chaired many scientific sessions of National and International conferences. He was awarded Best paper presentation award in a National Conference, April 2002 and his research article “Software Product Lines for Mobile Patient Monitoring Systems Using FODA a Grammar”is Winner at World Academic Championship -2017 in Computer Engineering .He has also appointed subject-expert for Faculty Selection Boards of various colleges. He has also designed and developed various UG & PG laboratories of Electronics Engineering and has guided many projects at UG & PG level. He has appointed subject-expert for PG courses and external examiner at SGSITS, Indore and IET, DAVV, Indore. He has been on program committee of various National and International conferences, including Computing 2001, 2002 and 2005 and CSI-BIG. He has earned an award of the chief organizer for UTKARSH 2004. He is a life member of various professional bodies like IEEEE,ISTE, CSI etc. He has also served as treasurer and secretory of CSI Indore Chapter. He was also committee member of COMPUTING 2001,2002 and 2005.",377,2026-09-01 21:00:56.853 +0530,,,,,,,,,,,,aaquil786@yahoo.co.in,,,,,821,
Dr.Nitin Kulshrestha,Dr.Nitin,Kulshrestha,https://www.linkedin.com/in/dr-nitin-kulshrestha-77615319,urn:li:member:63064458,dr-nitin-kulshrestha-77615319,Agra,Uttar Pradesh,India,"Agra, Uttar Pradesh, India",SYMBIOSIS INTERNATIONAL UNIVERSITY,Associate Professor of Finance,founders,member_urn,"SYMBIOSIS INTERNATIONAL UNIVERSITY | 133,667 followers on LinkedIn. 'Promoting International Understanding through Quality Education' | Symbiosis International (Deemed University) (SIU) is a multi-disciplinary university offering its students and faculty a vibrant learning ecosystem designed around its multi-cultural and innovative ethos. Established in 1971 by Prof. Dr.",2055,2002,Higher Education,15095136,https://www.linkedin.com/school/symbiosis-international-university/,"Mulshi, Maharashtra, India","Media, Communication, Design, Culinary Arts, Sports Management, Medical and Health Sciences, Engineering, Computer Studies, Management, and Social Sciences",https://www.siu.edu.in/,,6/2026,false,,true,,3663,2026-08-25 00:00:00.000 +0530,,,,,,,,,,,,,,,,,825,
deepak rakesh,deepak,rakesh,https://www.linkedin.com/in/deepak-rakesh-29341377,urn:li:member:272746191,deepak-rakesh-29341377,Bhojpur,Bihar,India,"Bhojpur, Bihar, India",Thapar Institute of Engineering & Technology,Assistant Professor,founders,member_urn,"Thapar Institute of Engineering & Technology | 80,231 followers on LinkedIn. Many Paths , One Purpose || Seeking Excellence Together | There are places that teach you skills. And then there are spaces that shape who you become. At Thapar Institute, learning isn’t just about what you know — it’s about who you grow into.",2225,1956,Higher Education,485592,https://www.linkedin.com/school/tietofficial/,"Sirhind, Punjab, India","education in varied fields of science and technology, Engineering , Computer Science, Biotechnology, Material Science, Energy and Environment, Management, Behavioral Sciences, Artificial Intelligence, Liberal Arts and Sciences, Sustainability, Entrepreneurship, Social Entrepreneurship, Higher Education, maangement, and businessmanagement",https://www.thapar.edu/,Teaching and Research,1/2025,false,,false,Working in Machine Learning under Prof. P K Jana,1830,2026-08-25 00:00:00.000 +0530,,,,,,,,,,,,,,,,,827,
Dr. Pradeep kumar Sahoo,Dr. Pradeep kumar,Sahoo,https://www.linkedin.com/in/sadhakpradeep,urn:li:member:300829176,sadhakpradeep,Bhubaneswar,Odisha,India,"Bhubaneswar, Odisha, India","University of Patanjali, Patanjali Yogpeeth, Haridwar",Assistant Professor,founders,member_urn,"University of Patanjali, Patanjali Yogpeeth, Haridwar | 3,727 followers on LinkedIn. Sa Prathama Sanskritirvishwawara | The University of Patanjali (UOP) is named after the great Indian sage Patanjali (c. 900 BC,), who first compiled the numerous writings on Yoga in the form of aphorisms. It was established through Act No. 4/2006 of Uttarakhand State Legislature published in the State Gazette on 05.04.2006. The University is sponsored by Patanjali Yogpeeth Trust (PYP) and is located on Delhi Haridwar National Highway at Bhadrabad, Haridwar nearby the bank of the Ganges.",222,2006,Higher Education,15129352,https://www.linkedin.com/school/universityofpatanjali/,"Haridwar, Uttarakhand, India","yoga , Spritualism, Fitness, Vedic literature, Anatomy, Ayurveda, Health, Wellness, Naturopathy, and Yogic science",https://www.universityofpatanjali.com/,,1/2026,false,,false,"I was born in Odisha, India in the year 1986. After graduating in Commerce and completing my MBA in Tourism Management from Utkal University, I started my own Education. Being born in one of a spiritual family, I always got a chance to meet spiritual masters and listen discourses for long. Finally, after enjoying success and failures in life, I realized that something was missing in both the situations. I had a strong urge to find the answers deeply embedded in my psyche. Moving from here and there, finally, I decided to walk on the path which was always close to my deepest desire of serving humanity and masses. I decided to first change myself for the better. Gradually I started learning divine Vedic sciences quite seriously like Yoga, Philosophy, Pranic and Chakra healing, Bhakti sastra etc.. I still think, I have just begun my journey which has no beginning and no end. I started guiding people with my skills and talents and finds solace and peace in it. Presently I am also continuing my PhD in Philosophy under Department of Humanities and Social Science from Indian Institute of Technology,Dhanbad,India. I am specialized in classical Hatha, Astanga, Yoga Philosophy, Yoga Therapy (Anatomy & Physiology), Asanas, Meditation and Pranayama. I am also a registered Ayurvedic Therapist specialized in various massage and healing therapies. I have mastery over Pranic and Mudra therapy as well. I am a distinguished holistic healer and Spiritual practiioner for more than 12 years",2622,2026-08-25 00:00:00.000 +0530,,,,,,,,,,,,,,,,,828,
Palas Mandal,Palas,Mandal,https://www.linkedin.com/in/palas-mandal-2b8446242,urn:li:member:1010351660,palas-mandal-2b8446242,Mumbai,Maharashtra,India,"Mumbai, Maharashtra, India",Vellore Institute of Technology,Assistant Professor,6-10yoe_global_indian,member_urn,"Vellore Institute of Technology | 338,433 followers on LinkedIn. VIT University was established with the aim of providing quality higher education on par with international standards. It persistently seeks and adopts innovative methods to improve the quality of higher education on a consistent basis. The campus has a cosmopolitan atmosphere with students from all corners of the globe.",8430,,Education Administration Programs,400138,https://www.linkedin.com/school/vellore-institute-of-technology/,"Katpadi, Tamil Nadu, India","Engineering, Management, and Science and Humanities",https://www.vit.ac.in/,,10/2024,false,https://media.licdn.com/dms/image/v2/D5603AQHbs5vJoZjMxw/profile-displayphoto-scale_400_400/B56ZlXYCoEHUAg-/0/1758107547451?e=1788998400&v=beta&t=OhVX8sx88TuHcZIGundfLGwE309MxO10bzeUIUvvKlI,false,"I, Dr Palas Mandal, would like to introduce myself as an Assistant Professor in VIT University Bhopal at the Department of Mathematics. I have done 2nd Postdoc in the Department of Aerospace Engineering, Indian Institute of Technology Bombay(IIT Bombay), India. My first Post-doc has been completed from Indian Institute of Technology Hyderabad(IIT Hyderabad) at the department of Civil Engineering. I have completed my Doctorate degree at the department of Mathematics, Jadavpur University, Kolkata, India. My master of science is completed from Indian Institute of Technology Guwahati (IIT Guwahati) and M.Phil from Indian Institute of Technology Dhanbad(IIT ISM Dhanbad). I have a good research background in analytical, numerical methods. I have knowledge in two software’s to make various structural models. The frequency domain, time domain finite element method based numerical modelling of structures has been studied in my previous research. I have developed a MATLAB code to study the attenuation zone and structural analysis in detail. I completed one work for Ligo-India to detect the Gravitational waves. On the other hand, I have research experience in seismic waves analysis to compute the dispersion relations of periodic structures. I have also performed an analytical method of wave propagation for sandwich between two semi-infinite elastic media and studied damage detection in my master’s thesis. Apart from these, I have a course background in solid and continuum mechanics, composite structures, wave propagation in structures. My research backgrounds are fracture mechanics, crack analysis, meta-materials, seismic waves, acoustic waves, seismic noise cancellation, Bio-mechanics, Non-linear solid mechanics.",63,2026-08-25 00:00:00.000 +0530,,,,,,,,,,,,,,,,,830,
Nanaji Pathrudu,Nanaji,Pathrudu,https://www.linkedin.com/in/nanaji-pathrudu-a136196,urn:li:member:19446639,nanaji-pathrudu-a136196,Andhra Pradesh,,India,"Andhra Pradesh, India",Oracle Construction and Engineering,Director,10+yoe_global,member_urn,"Asset owners and project leaders rely on Oracle Construction and Engineering software for the visibility and control, connected supply chain, and data security needed to drive performance and mitigate risk across their processes, projects, and organization. Feel confident in your digital transformation with modern cloud solutions that grow and scale with you at every step of your journey. Enable efficiency, collaboration, and change control for your teams that plan, build, and operate critical assets.",3,1977,IT Services and IT Consulting,14406046,https://www.linkedin.com/showcase/oracle-construction-and-engineering/,"Austin, Texas, United States","Primavera, Aconex, Textura, P6, Unifier, Construction management software, Construction innovation, Construction innovation lab, Project portfolio management, Construction software, Program management software, Capital projects management, BIM, Building information modelling, Construction project delivery, Subcontractor payment management, Project planning and scheduling, Construction data management, Construction documents, Infrastructure project management, and Building owners software",https://www.oracle.com/industries/construction-engineering/index.html,,6/2019,false,https://media.licdn.com/dms/image/v2/C4E03AQFnqTkFfmHouA/profile-displayphoto-shrink_100_100/profile-displayphoto-shrink_100_100/0/1517691191943?e=1788998400&v=beta&t=wojWsS6oQlYsNlXBq3gVHM-cGFkEhWPpsZZ_5hMgpHs,false,,1565,2026-08-25 00:00:00.000 +0530,,,,,,,,,,,,,,,,,831,
Tarun Singhal,Tarun,Singhal,https://www.linkedin.com/in/tarun-singhal-89b38b39,urn:li:member:135301943,tarun-singhal-89b38b39,Gurgaon,Haryana,India,"Gurgaon, Haryana, India",1DigitalStack,Director - Analytics,6-10yoe_global_indian,member_urn,"1DigitalStack is an AI-driven revenue enablement partner to consumer brands. We partner with mid-to-large consumer businesses to unlock commercial growth at scale. Our work sits at the intersection of digital commerce intelligence and media deployment - enabling organisations to grow market share, improve share of voice, and drive measurable returns across every touchpoint. We integrate insights from across the value chain - Pricing, Distribution, Shelf Execution, Paid Media, and Category strategy to identify the influencing levers that move the needle most. Our three primary solutions are: Revstack: Market intelligence that connects category, competition and brand data with digital shelf metrics to correlate revenue performance with pricing, availability, visibility and retail readiness. Reviniti: Ads automation that eliminates manual media execution at scale. Runs rule-based automations across bids, budgets and targets, scaling what works, cutting what doesn't - without human intervention. Revsight: One integrated dashboard across revenue, media and supply data. Correlates SoV, availability, pricing and content across platforms and geographies so teams move from data to action faster. We work with Unilever, Coca-Cola, Unicharm, Nestle, Pepsi, Nivea, Philips, HP, Marico, Dabur, Tata Consumer and 150+ other brands. The numbers don't lie: 21% improvement in revenue velocity within 90 days 33% reduction in cost of sales - within 90 days $300mm+ media managed per year If your organisation is navigating growth at scale and demands a partner who can match that ambition with intelligence and precision, we should talk. ✨",262,2020,"Technology, Information and Internet",42776170,http://www.linkedin.com/company/1digitalstack,"Singapore, Singapore","Market Intelligence, Performance Marketing, Growth Strategies, Media Optimisation, Insights and Strategy, Category Analytics, and Brand Analytics",http://1digitalstack.ai,,10/2024,false,https://media.licdn.com/dms/image/v2/D4D03AQH8CTvO0qc_jQ/profile-displayphoto-shrink_100_100/profile-displayphoto-shrink_100_100/0/1669355165762?e=1788998400&v=beta&t=lS7H2SW2SGqX1EQiZvrDAhi2NCLnX-xIv8TF6S5-kM8,false,"Dynamic Director (Analytics) at 1DigitalStack.ai with a proven track record in e-commerce analytics and project management. Honed at ZS in US Commercial data and analytics to ensure pharma companies can commercialize drug effectively. Expert in data analysis and client management, I excel in transforming complex business needs into actionable solutions, significantly enhancing client satisfaction. Skilled in fostering cross-functional collaboration and mentoring teams to achieve excellence. Can effectively toggle between being hands on and managing a team to make progress",292,2026-08-25 00:00:00.000 +0530,,,,,,,,,,,,,,,,,832,
Abhijeet Narang,Abhijeet,Narang,https://www.linkedin.com/in/abhijeet-narang-63b419175,urn:li:member:696766799,abhijeet-narang-63b419175,Gurugram,Haryana,India,"Gurugram, Haryana, India",Stealth Mode Startup,Cooking Something in AI,founders,member_urn,"We are building something unique , Stay Tuned",469,2021,"Technology, Information and Internet",82656424,https://ps.linkedin.com/company/yofapartners,Palestinian Authority,,,,5/2026,false,,true,,3875,2026-08-25 00:00:00.000 +0530,,,,,,,,,,17,28,,,,,,342,
SAURABH SINGHAL,SAURABH,SINGHAL,https://www.linkedin.com/in/saurabh-singhal-81960155,urn:li:member:195584853,saurabh-singhal-81960155,Rajasthan,,India,"Rajasthan, India",Tata 1mg,Senior Manager - Warehouse Operations Tata 1MG,6-10yoe_global_indian,member_urn,"Tata 1mg is India’s #1 digital health platform. Launched in 2015 (originally as 1mg), the platform is trusted by millions of Indians for making healthcare accessible, understandable, and affordable. With over 200 million unique visitors annually, it ranks among the world’s largest healthcare content platforms. It also serves around 6 million people annually for their healthcare transaction needs. Tata 1mg offers integrated healthcare services including ePharmacy, Diagnostics and eConsultations, delivered via a digital platform, institutional partners as well as with a growing network of retail stores across India. It is a clear market leader across its key business segments and one of the fastest growing D2C Consumer branded supplements players in India. Tata 1mg also has one of the largest structured databases of healthcare data in the country and is one of India’s leading players in the use of AI models in healthcare in India. Tata 1mg leverages its omnichannel network to deliver medicines pan-India in over 20K pincodes. The company also operates 19 state-of-the-art NABL and CAP accredited diagnostic labs and its at-home diagnostics collection is powered by a dedicated fleet of over 1200 trained phlebotomists, offering on-time and reliable lab tests in more than 70 cities across India. It is now using the same world-class supply chain to power healthcare for corporates and insurance providers across the country offering services like Occupational Health Centers, Pre policy medical checks, Annual health checks, etc. Tata 1mg has recently achieved profitability for all its core business lines, and is actively investing to grow its retail expansion given the tremendous growth opportunities in the space. With a focus on innovation and accessibility, Tata 1mg is redefining healthcare in India, ensuring that quality care is always within reach, wherever you are.",6750,,"Technology, Information and Internet",5230742,http://www.linkedin.com/company/1mg,"Gurugram, Haryana, India","Technology, Product, Analytics, Healthcare, Medical, Operations, Marketing, and ePharmacy",https://www.1mg.com/,,4/2023,false,https://media.licdn.com/dms/image/v2/C5103AQGrBfLJOGOBqQ/profile-displayphoto-shrink_100_100/profile-displayphoto-shrink_100_100/0/1516864257705?e=1788998400&v=beta&t=ZCPo-o8dliRrMyplQpCofv4e26iVS-dvVsUFfJTpvkA,false,"Currently working as Manager - Warehouse Operations at TATA 1mg. Previously worked in Transaction Banking Group of ICICI Bank. Completed Master of Business Administration (M.B.A.) focused in Finance from Indian Institute of Management Udaipur. Experienced consultant with 2 years of work at PricewaterhouseCoopers Private Limited in energy sector. Also, completed a specialized course in Strategy and Consulting from EDHEC Business School, France, M. Tech. from IIT Delhi and Bachelors from IIT Dhanbad.",118,2026-08-25 00:00:00.000 +0530,,,,,,,,,,,,,,,,,833,
Partha Bhattacharya,Partha,Bhattacharya,https://www.linkedin.com/in/parthabha,urn:li:member:22314708,parthabha,,,Greater Kolkata Area,Greater Kolkata Area,VidBazaar,Founder at VidBazaar,founders,member_urn,"90%+ big businesses communicate with visuals. For small biz too, it's crucial to follow the same path. Our Canva and PowerPoint video display ads templates can make a huge difference. --- ➡️ Explore our Patreon shop https://patreon.com/vidbazaar --- ➡️ Ads Redesign Service - https://vidbazaar.com/redesigning-video-ads --- At the heart of what we do lies an intense desire to create aesthetically pleasing animated product display ads that is both exquisite and impressive. VidBazaar is perhaps the only online store for bespoke animation templates for multi product display advertising. Crafted with care and skill in both Canva and PowerPoint, the WYSIWYG product video ads are designed to showcase 4-5 items in attention-grabbing sequence. Multiple products display in a single advertisement is a BIG advantage over static single-product ads, and a boon for businesses for excellent ROI on digital marketing & branding. If you're a DIY person, leverage our customizable templates to make any number of unique animated product ads. It's fun to remake or re-do the ads for any business, helping to establish a thriving brand and also unlock the value of their physical or digital assets. ▶ Visit our collections https://patreon.com/vidbazaar/shop Our goal at VidBazaar is to provide you with expertly-crafted, eye-catching multi product display ads that are built for conversions, save time, and build a strong online presence. --- Here are some comments from our users - Albert G writes, ""Very helpful for anyone interested in video creation. You will learn to make engaging actionable videos for yourself or clients."" - Kishin HC says, ""Thank you for helping me rediscover PowerPoint as a marketing tool."" - And according to Domenica CA, ""Even if you know how to use PowerPoint, you'll find new angles and ways to make awesome videos with a few slides."" --- Thanks for checking out!",1,2021,Design Services,569127,http://www.linkedin.com/company/2webvideo.com,"Kolkata, West Bengal, India","powerpoint design, canva design, in-person training, display ad design, digital marketing ads, corporate branding, and redesign service",https://patreon.com/vidbazaar,,11/2020,false,,false,"☑️ Scan the QR Code above for a quick visual tour of my creatives.I'm passionate about crafting stunning property selling templates in Canva that make real estate marketing effortless and impactful. From eye-catching video ads and professional flyers/brochures to sleek agency websites and solo realtor landing pages, my designs are fully customizable and easy to tweak to transform into delightful, high-converting marketing assets. Elevate your real estate business, attract more leads, and close deals faster with templates built for success!#RealEstateMarketing #CanvaDesigner #PropertyTemplates #RealEstateDesign #RealtorTools #DigitalMarketing #CanvaTemplates #RealEstateBrandingLet me also share a few things about me:◈ An oil engineer by qualification and in early career; now a designer at heart.◈ I live in Kolkata, India and love to design, write and travel.◈ Authored ""PowerPoint Video Magic"" in 2014 that sold on Amazon.◈ Taught on Udemy on the same topic.◈ In 2020 I launched lifetime deal on AppSumo selling PowerPoint video templates.◈ And now I've turned my skills and expertise into creating real estate templates in my #EtsyShop .If your business is looking for breakthrough social media video ads, reach out to me at: partha@mmonii.com--",3038,2026-08-25 00:00:00.000 +0530,,,,,,,,,,17,28,partha@mmonii.com,partha@mmonii.com,,,,834,
Paras Goel,Paras,Goel,https://www.linkedin.com/in/paras-goel-bb505660,urn:li:member:215106617,paras-goel-bb505660,Bengaluru,Karnataka,India,"Bengaluru, Karnataka, India",5paisa,Principal Product Manager,10+yoe_indian,member_urn,"5paisa is a tech-first discount broker built by traders, for traders, offering a seamless investing & trading experience. Since 2016, we’ve provided Equity, F&O, ETFs, Mutual Funds, IPOs, Smallcase, Stock SIP & Commodities. We offer a Margin Trading Facility (MTF) at competitive interest rates, providing traders with added flexibility. Our platform delivers lightning-fast execution, real-time analytics & advanced charting for informed decisions. Whether you’re a beginner or pro, enjoy a smooth, efficient & cost-effective trading journey. Why Choose 5paisa? ✅ Tech-First Trading – Seamless & intuitive ✅ Wide Offerings – Stocks, F&O, ETFs, MFs, IPOs & more ✅ MTF – Trade with up to 4x leverage ✅ Smart Tools – Advanced charting & analytics ✅ Learning Hub – Market insights & reports Join our Community of 47+ Lakh Investors & Traders today!",991,2016,Financial Services,7596537,http://www.linkedin.com/company/5paisa,"Mumbai, Maharashtra, India","Investing, Insurance, Mutual Fund, Discount Broker, Finance, Broking, Trading Platform, Online Trading, Discount Broking, Stock Trading, Currency Trading, and Commodity Trading",https://www.5paisa.com,,8/2024,false,https://media.licdn.com/dms/image/v2/C5103AQFSS6GMlflA5Q/profile-displayphoto-shrink_100_100/profile-displayphoto-shrink_100_100/0/1517531202948?e=1788998400&v=beta&t=wbEu_JNAzqoh5ACyvTWbdda9HAlmXizj4aVngd3o6yk,false,,1940,2026-08-25 00:00:00.000 +0530,,,,,,,,,,,,,,,,,835,
Soham Agarwal,Soham,Agarwal,https://www.linkedin.com/in/sohamska,urn:li:member:198457498,sohamska,Mumbai,Maharashtra,India,"Mumbai, Maharashtra, India",5paisa,Senior Principal Product Manager,founders,member_urn,"5paisa is a tech-first discount broker built by traders, for traders, offering a seamless investing & trading experience. Since 2016, we’ve provided Equity, F&O, ETFs, Mutual Funds, IPOs, Smallcase, Stock SIP & Commodities. We offer a Margin Trading Facility (MTF) at competitive interest rates, providing traders with added flexibility. Our platform delivers lightning-fast execution, real-time analytics & advanced charting for informed decisions. Whether you’re a beginner or pro, enjoy a smooth, efficient & cost-effective trading journey. Why Choose 5paisa? ✅ Tech-First Trading – Seamless & intuitive ✅ Wide Offerings – Stocks, F&O, ETFs, MFs, IPOs & more ✅ MTF – Trade with up to 4x leverage ✅ Smart Tools – Advanced charting & analytics ✅ Learning Hub – Market insights & reports Join our Community of 47+ Lakh Investors & Traders today!",991,2016,Financial Services,7596537,http://www.linkedin.com/company/5paisa,"Mumbai, Maharashtra, India","Investing, Insurance, Mutual Fund, Discount Broker, Finance, Broking, Trading Platform, Online Trading, Discount Broking, Stock Trading, Currency Trading, and Commodity Trading",https://www.5paisa.com,activation and modification journey charter for the 5paisa app and web journey,2/2026,false,,false,"At Top Ledger, my co-founding journey is characterized by spearheading the integration of Solana blockchain analytics into our SaaS platform. This effort is crucial in enhancing transactional transparency and efficiency for our clients. My role involves leveraging start-up leadership to navigate the complexities of product innovation and market expansion. Through hands-on experience in product and growth, I have cultivated a robust skill set in customer relationship management and analytics. These competencies enable our team to deliver AI-powered solutions that optimize payment success rates, contributing to the seamless transaction experiences that drive the digital economy forward.",1770,2026-08-25 00:00:00.000 +0530,,,,,,,,,,,,,,,,,835,
Tarun Kumar Ahirwar,Tarun Kumar,Ahirwar,https://www.linkedin.com/in/tarun-kumar-ahirwar-419b3078,urn:li:member:277510485,tarun-kumar-ahirwar-419b3078,Bhopal,Madhya Pradesh,India,"Bhopal, Madhya Pradesh, India",Aakash Educational Services Limited,Academic Head Engineering,founders,member_urn,"Aakash Educational Services Limited (AESL) is a leading test-prep company in India with a strong legacy of over 37 years, that provides comprehensive test preparatory services for students preparing for Medical (NEET) and Engineering Entrance Examinations (JEE), School/Board Exams & Competitive Exams such as NTSE, KVPY, and Olympiads. Founded in 1988, we have 300+ centres nationwide and growing. Over the last three decades, Aakash has helped transform the lives of lakhs of students by helping them fulfil their dreams of becoming a doctor or an engineer. With a strong selection track record of producing 85,000+ Rankers across NEET & JEE, Aakash commitment to a ‘Student First’ approach has been at the core of all initiatives. Whether it is a new product launch or tech innovations to make the student experience more engaging and meaningful, Aakash leaves no stone unturned to offer simply the best. At Aakash, we are on a mission to build an omni-channel learning platform that will catapult the test-prep experience to the next level and help build India’s largest education company. We intend to transform the test-prep sector through innovative & technology-driven Hybrid programs and digitally-enabled learning solutions to complement a robust and fast-growing national footprint of centres that will enable millions of students to access quality education beyond geographical barriers. We are excited to create amazing opportunities to work in an environment that encourages innovation, collaboration, engagement, peer-to-peer learning and continuous mentoring opportunities. At Aakash, we are always on the lookout for exceptional professionals who are agile, big thinkers, and are ready to challenge the status quo. Needless to say, the supportive, rewarding and flexible culture at Aakash offers plenty of opportunities and avenues for career development.",15955,1988,Education,2952472,http://www.linkedin.com/company/aakash-educational-services-limited,"Delhi, India","Medical (NEET-AIIMS) Coaching, Engineering (IIT-JEE Main & Advanced) Coaching, Short-Term Crash Courses for NEET-JEE, Short-Term Test Series Courses for NEET-JEE, Coaching on Aakash iTutor, DLP for Medical-Engineering, Coaching through Aakash Live, Classroom Coaching for NEET/JEE, and Test Preparation Centre",http://www.aakash.ac.in,,12/2022,false,,false,"I am a JEE Advanced Chemistry faculty with an experience of nearly 9 years. I am associated with Aakash Educational Services Limited for more than three years. I have worked with Abhayanand Super-30(since 2015-2019), Vidyalankar Classes(2016-2019), IITians Pace Academy(2019-20). I have been associated with Golden Gate To IIT(Vile Parle, Mumbai) since 2017. I have done B.Tech in Mining Engineering from IIT(ISM) Dhanbad.",1541,2026-08-25 00:00:00.000 +0530,,,,,,,,,,,,,,,,,836,
Rishi R.,Rishi,R.,https://www.linkedin.com/in/rishiroy,urn:li:member:6093058,rishiroy,Gurugram,Haryana,India,"Gurugram, Haryana, India",AAPNA Infotheek Pvt. Ltd.,Vice President - Head of Artificial Intelligence,founders,member_urn,External link for AAPNA Infotheek Pvt. Ltd.,193,2007,IT Services and IT Consulting,1390402,http://www.linkedin.com/company/aapna-infotheek-pvt-ltd,"Gurugram, Haryana, India","Employee Engagement Tools, Web Application Outsoucing, Sharepoint Portal Services, Websites, ECommerce, Portals, Wordpress, Online assessments, Surveys, training (LMS), Web application development, Quality Assurance, QA Automation, Manual Testing, Functional Testing, Robotic Process Automation, RPA, Mobile testing, Selenium, JMeter, JIRA, API, Performance Testing, Smoke, UAT & Risk Based Testing, HP ALM, and Mortgage Banking",https://www.aapnainfotech.com,,1/2025,false,,false,"I build and sell outcomes where AI, data, and commercial reality collide. Over 20+ years across India, the UK, Europe, Japan, and the Middle East, I’ve grown revenue for global leaders and founder-led ventures by doing three things consistently: earning executive trust, shaping solutions that feel inevitable to buy, and closing deals that scale. I’ve led market entry and partnerships, including multi-year strategic wins (up to $8M), and have built businesses that achieved 150% revenue growth in competitive segments. Today, I lead enterprise AI initiatives spanning LLMs, Retrieval-Augmented Generation, and AI agents, focused on business-ready, privacy-aware deployments that can survive procurement, security reviews, and real adoption. Alongside this, I’m building BroccoBerry - an open-source, AI-first longevity project for men in their 40s, inspired by the rigor of protocols like Bryan Johnson’s Blueprint. The goal is practical health optimization through nutrition (especially smoothies), meditation, and exercise, powered by a custom AI layer built on top of open-source models that can interpret blood work and biomarker trends to suggest diet and habit adjustments. BroccoBerry is led by my father as CEO, while I focus on product, AI architecture, and go-to-market thinking. I’m especially interested in roles where I can drive field-led strategic deal closure in AI & Data Services, co-selling with partner ecosystems, and aligning sales, pre-sales, and delivery into one operating rhythm. If you’re building serious AI services that must win in the boardroom and deliver in production, let’s connect. Current personal focus areas: Writing a practical book for CP parents Studying lifestyle-driven health optimization (especially sleep) Exploring how AI can simplify medical and wellness decisions for families",1718,2026-08-25 00:00:00.000 +0530,,,,,,,,,,,,,,,,,837,
Srikanth Katta,Srikanth,Katta,https://www.linkedin.com/in/srikanth-katta-b31b63a5,urn:li:member:376116373,srikanth-katta-b31b63a5,Mumbai,Maharashtra,India,"Mumbai, Maharashtra, India",Aarti Industries Ltd.,Joint Manager,6-10yoe_global_indian,member_urn,External link for Aarti Industries Ltd.,5006,1984,Chemical Manufacturing,1500330,http://www.linkedin.com/company/aarti-industries,"Mumbai, Maharashtra, India","CONTRACT RESEARCH, CUSTOM SYNTHESIS, APIs in US FDA Facility, API INTERMEDIATES, Benzene Products, Toluene Products, Agrochemcials, Multi-product multi geography, Derisked Portfolio, Polymers, Pigments, Dyes, Fuel additives, Fertilizers, Aromatics, Surfactants, Printing Inks, custom chemical manufacturing, Analytical and Process Safety Testing, CDMO, Life Science Products , Oil and Energy Chemicals, Bulk Chemicals, and Economies of Scale Manufacturing",http://www.aarti-industries.com,,7/2020,false,https://media.licdn.com/dms/image/v2/C5103AQGwQIYb_MXJrg/profile-displayphoto-shrink_100_100/profile-displayphoto-shrink_100_100/0/1522925518965?e=1788998400&v=beta&t=hrEwm6k5GDC_pRQmup2GVNi7sSWjrG-uRSEmODVkIUU,false,"Active researcher with passion and love to learn and work over the cutting edge technologies. Having a hands of experience in flow chemistry for Nitration and Diazotization reactions in Liquid-Liquid and Gas-Liquid Phases and Vapor Phase Chemistry using catalytic bed for Ammoxidation, Isomerization, Alkylation reactions.",213,2026-08-25 00:00:00.000 +0530,,,,,,,,,,,,,,,,,838,
Dev Kansara,Dev,Kansara,https://www.linkedin.com/in/dev-kansara-758ab078,urn:li:member:277428020,dev-kansara-758ab078,Kutch district,Gujarat,India,"Kutch district, Gujarat, India",Aarti Industries Ltd.,Additional Manager,6-10yoe_global_indian,member_urn,External link for Aarti Industries Ltd.,5006,1984,Chemical Manufacturing,1500330,http://www.linkedin.com/company/aarti-industries,"Mumbai, Maharashtra, India","CONTRACT RESEARCH, CUSTOM SYNTHESIS, APIs in US FDA Facility, API INTERMEDIATES, Benzene Products, Toluene Products, Agrochemcials, Multi-product multi geography, Derisked Portfolio, Polymers, Pigments, Dyes, Fuel additives, Fertilizers, Aromatics, Surfactants, Printing Inks, custom chemical manufacturing, Analytical and Process Safety Testing, CDMO, Life Science Products , Oil and Energy Chemicals, Bulk Chemicals, and Economies of Scale Manufacturing",http://www.aarti-industries.com,,4/2024,false,https://media.licdn.com/dms/image/v2/C5103AQHVmwU6pxESrA/profile-displayphoto-shrink_100_100/profile-displayphoto-shrink_100_100/0/1551016883752?e=1788998400&v=beta&t=_kNCS2ELvxSiIsXtFqRQe1yXK8HnN4dRH54st3uRr-E,false,"As a deputy manager at Aarti Industries, one of the leading chemical companies in India, I lead the environmental and sustainability initiatives for the kutch unit. I have over 6.5 years of experience in developing and implementing policies and projects related to environmental management, compliance, and reporting, as well as conducting trainings and workshops for internal and external stakeholders on sustainability and environmental science. I hold a M.Tech degree in Environmental Science and Engineering from Indian Institute of Technology (Indian School of Mines), Dhanbad, and an Engineer's degree in Civil Engineering from Pandit Deendayal Petroleum University. I am passionate about applying my skills and knowledge to create a positive impact on the environment and society, and to foster a culture of sustainability and innovation within the industry. Some of my core competencies include environmental auditing, risk assessment, carbon footprint analysis, green financing, stakeholder engagement, EIA, ZLD, ZWL and curriculum design.",214,2026-08-25 00:00:00.000 +0530,,,,,,,,,,,,,,,,,838,
Anshuman Bhar,Anshuman,Bhar,https://www.linkedin.com/in/anshuman-bhar,urn:li:member:23260218,anshuman-bhar,,,India,India,Aays,Founder & CEO,founders,member_urn,External link for Aays,157,,Business Consulting and Services,14386707,http://www.linkedin.com/company/aays-analytics,"Singapore, Singapore","Business Analysis, Operational Analytics, Performance Management, KPI Monitoring, Data Analysis, Management Reporting, Corporate Planning, Data Analytics, Financial Analytics, Budgeting, and Forecasting",https://www.aaysanalytics.com/home.html,,4/2023,false,,false,Helping organisations leverage corporate data and drive insights; partnering with some of the largest fortune 1000 companies and fast growing organisations to help accelerate this transformation journey,3377,2026-08-25 00:00:00.000 +0530,,,,,,,,,,17,28,,,,,,839,
Yadvendra Kshatri,Yadvendra,Kshatri,https://www.linkedin.com/in/yadvendra-kshatri-28137a88,urn:li:member:311451649,yadvendra-kshatri-28137a88,Bengaluru,Karnataka,India,"Bengaluru, Karnataka, India",Aays,Co-Founder,founders,member_urn,External link for Aays,157,,Business Consulting and Services,14386707,http://www.linkedin.com/company/aays-analytics,"Singapore, Singapore","Business Analysis, Operational Analytics, Performance Management, KPI Monitoring, Data Analysis, Management Reporting, Corporate Planning, Data Analytics, Financial Analytics, Budgeting, and Forecasting",https://www.aaysanalytics.com/home.html,,4/2025,true,,false,"Head of Artificial Intelligence | NLP Specialist | Driving business growth through innovative AI solutions As a startup founder and Head of the AI team, I help my customers solve technical challenges with consulting services tailored to their needs. Currently working on an interesting search/summarization engine using NLP, transformers, GPT, and tailor-made generative models. Aidetic is a data-driven company and I am helping my team to deploy enterprise-grade AI solutions with the philosophy of seamless integration and consistent improvement instead of disruption. i.e. I encourage the team members to understand the problem and build on top of existing solutions as opposed to scraping previous work and re-inventing the wheel.",3376,2026-08-25 00:00:00.000 +0530,,,,,,,,,,17,28,,,,,,839,
Sravan Kumar Muske,Sravan Kumar,Muske,https://www.linkedin.com/in/sravan0783,urn:li:member:225515023,sravan0783,,,Greater Bengaluru Area,Greater Bengaluru Area,ABS-CBN Corporation,Engineering,10+yoe_global,member_urn,"Transforming lives by changing the media landscape is both ABS-CBN's vision and passion. As our audiences demand greater control over how and when they will consume our content, we will ensure our continued relevance by distributing our content on the widest array of platforms that technology will allow. Our audiences will be able to reach us anytime, in any place, and in any medium and device. While everything around us changes - the technology, the production process, the medium used to access our content - our core ability to create quality content that touch, inspire, and empower our viewers must remain constant. We will continue to build on our core strength of content creation.",6120,1953,Media Production,11604,http://www.linkedin.com/company/abs-cbn,"Quezon City, National Capital Region, Philippines",,https://careers.abs-cbn.com/home,"Leading the transition of a large OTT platform from outsourced dependencies to a fully owned, in-house ecosystem — rebuilding the foundation across platform, personalization, and monetization. I operate at the intersection of architecture, product thinking, and cost efficiency, driving systems that scale while directly impacting user engagement and revenue. Re-architecting the platform into a modular microservices ecosystem, enabling faster iteration and ownership Building the core intelligence layer (recommendations + discovery) using user behavior signals to drive engagement Designing ranking and search systems that dynamically adapt to user intent (CTR, watch-time, trends) Owning the ads platform, aligning monetization with seamless playback experience Introducing real-time data pipelines to power cross-device continuity (e.g., Continue Watching) Improving system reliability through observability and proactive monitoring Continuously optimizing infrastructure cost vs performance trade-offs at scale",12/2024,false,https://media.licdn.com/dms/image/v2/C5103AQFvIWVknZOb1A/profile-displayphoto-shrink_100_100/profile-displayphoto-shrink_100_100/0/1582564665018?e=1788998400&v=beta&t=eMnVUbm54ZkV3nTIkvaeQIebXr0-Sqn9UP9NX59Zoeg,false,"With over 12 years of experience, I specialize in building scalable OTT and video streaming platforms, focusing on distributed systems, microservices, and AdTech. Currently, I lead the transformation of ABS-CBN Corporation's OTT platform, spearheading the shift from outsourced dependencies to an in-house ecosystem that prioritizes platform re-architecture, personalization, and monetization strategies. My work includes re-architecting the platform into modular microservices, developing advanced recommendation and discovery systems, and designing adaptive ranking and search functionalities. I am also responsible for driving the evolution of the advertising platform, ensuring alignment with monetization goals while enhancing user engagement and operational efficiency.",767,2026-08-25 00:00:00.000 +0530,,,,,,,,,,,,,,,,,840,
"Venkata Reddy, PMP®",Venkata,"Reddy, PMP®",https://www.linkedin.com/in/vrmuppani,urn:li:member:7407404,vrmuppani,,,Greater Hyderabad Area,Greater Hyderabad Area,Aüttami Systems,Founder,founders,member_urn,"We were operating for the past 5 years as three different proprietorship companies and now brought under one brand ""Aüttami Systems"". Aüttami Systems is providing best in class services in four areas namely: * Publishing Services which provides a wide range of exquisite services and solutions to the world’s leading publishers and Market Intelligence companies. These services are supported by the expert technology and operations team which offer viable solutions. These solutions are customized according to the needs of each customer. * Aüttami production services incorporate the complete range of pre-press/ pre-media services from data conversion to delivering files to printers, data warehouses and micro-sites of clients. * Digitization Services to Financial Services Companies * Enterprise Mobility Applications in both IOS/ Android Systems * Business Process Management services using a proprietary work flow tool",2,2017,Information Technology & Services,13329012,http://www.linkedin.com/company/a%c3%bcttami-systems,"Hyderabad, Telangana, India",,http://www.auttami-systems.com,,8/2016,false,,false,"* Collaborative and Entrepreneurial business leader with 20+ years of experience in Budgeting, Manufacturing, Operations, Supply Chain, Engineering, Human Resources, Project Management, Customer Service, Information Systems and Commercial Excellence/ Sales Operations, with multi-functional general management perspective * Expert in using Simulation/ Optimization techniques in Manufacturing, Supply Chain, Facilities Engineering and Logistics for competitive advantage * Proven success in identifying areas of improvement, and creating measurable solutions that create operational efficiencies and improve margins. Managing complexity in changing business environment. Unfazed in very challenging situations and ability to be persistent to achieve goals. * Passionate about building high performance teams in multi-cultural settings and driving towards goals and making team members ready for bigger roles * Have created, articulated operations strategy for the business and converted strategy into execution models. Extensive experience in supply chain management (operations, planning, design and strategy), running multiple manufacturing sites, procurement, logistics, distribution, import/ exports, SEZ operations, customer service, S&OP and supply chain network design & optimization. * Strong commitment to creating safe work environments and has a history of improving HSE metrics at sites and in transportation * Excellent plant engineering and project management skills with experience in green field/ brown field plant erection & commissioning. Excels in the start-up of new activities* Extensive experience in Human Resources: Talent Management, Performance Management, Employee relations (ER), Industrial Relations (IR), HR Operations, Leadership Development, Succession Planning and Social Compliance * Excellent C/ C++ & SQL Programming, Software Engineering and DevOps Skills in Agile environments. Strong SAP skills including implementation of multiple modules in 3 different companies. * Sound domain knowledge of automotive components/ castings or forgings, plastics, chemicals, industrial gases, flavors & fragrances, luxury goods and IT/ITeS industries",3123,2026-08-25 00:00:00.000 +0530,,,,,,,,,,17,28,,,,,,841,
mohit bhargava,mohit,bhargava,https://www.linkedin.com/in/mohit-bhargava-03155913,urn:li:member:46153189,mohit-bhargava-03155913,Kota,Rajasthan,India,"Kota, Rajasthan, India",AcadXL,Founder,founders,member_urn,External link for AcadXL,42,,Education,104797950,http://www.linkedin.com/company/acadxl09,"Kota, Rajasthan, India",,acadxl.com,,11/2025,false,,false,"I operate at the intersection of academic excellence, leadership architecture, and scalable education systems. With over 22+ years of experience in IIT-JEE Physics, my journey has evolved from classroom mentorship to institutional leadership and now to building a next-generation education enterprise. But my core work has always remained the same: Engineering outcomes at scale. ⸻ Institutional Leadership – Allen Career Institute As a Functional Team Member, I was part of the core academic leadership responsible for driving JEE Physics strategy at scale within one of India’s most competitive academic ecosystems. The Functional Team model involved senior department heads collaboratively leading subject governance, performance benchmarking, and academic execution across large student cohorts. This role refined my expertise in: Academic systems design Multi-leader coordination Result optimization frameworks Institutional standardization It was here that I transitioned from educator to academic strategist. ⸻ National Academic Leadership – Unacademy At Unacademy, I held three high-impact leadership roles: Academic Head – Physics Academic Head – Kota National SRG Head As Academic Head – Kota, I led the JEE academic vertical, aligning faculty, performance systems, and student outcomes. As National SRG Head, I led the Special Rankers Group — the elite national program designed to produce top All India Ranks. This required: Building rank-focused preparation architecture Mentoring high-performance student cohorts Strategic academic analytics Scaling excellence across geographies This phase strengthened my ability to lead performance-driven academic ecosystems in a digital-first environment. ⸻ Founder – AcadXL Today, I am the Founder of AcadXL (Academic Excellence) — an institution built on one conviction: High performance is a system, not an accident. AcadXL is designed as a precision-based academic model combining: Analytical curriculum engineering Structured rank-building frameworks Hybrid learning scalability Mentorship-driven performance culture Our mission is to build not just toppers — but disciplined thinkers capable of thriving in India’s most competitive examinations. ⸻ Leadership Philosophy I believe the future of education belongs to leaders who can: Design systems Build culture Scale excellence And engineer measurable outcomes My work is focused on transforming traditional coaching models into high-performance academic enterprises.",3314,2026-09-01 21:00:56.853 +0530,,,,,,,,,,17,28,"bhargavamohit@allen.ac.in, mohibhar@gmail.com",bhargavamohit@allen.ac.in,,,,842,
AFROZ IMRAN,AFROZ,IMRAN,https://www.linkedin.com/in/afroz-imran-a2872b135,urn:li:member:554210816,afroz-imran-a2872b135,Jharkhand,,India,"Jharkhand, India",Access Livelihoods,Project Head,founders,member_urn,"Access Livelihoods (AL) is a group of Hyderabad-based social enterprises that work with marginalised communities to reimagine their livelihoods. Established in 2005, AL is an AIM-NITI Aayog recognised Established Incubation Centre, primarily working on incubating women-owned producer enterprises across primary sectors to create equitable and lasting livelihood opportunities. AL offers end-to-end support to the marginalised communities, including pre-incubation, incubation, and acceleration support. A team of passionate individuals, who have graduated from some of India's best institutions and chosen the road less travelled, delivers these professional services. AL catalyses economic empowerment through; 1. A commitment to focus on human beings, not just the sectors 2. A desire to reimagine livelihoods with modern approaches, and 3. A bias to design effective, long-term solutions. AL partners with more than 65,000 marginalised producers, including small and marginal farmers, weavers, tribal, and small livestock holders. AL has incubated 54 producer enterprises in five states - Andhra Pradesh, Karnataka, Maharashtra, Odisha, and Telangana. Presently, AL is incubating 17 producer enterprises with a total membership base of 17,389 producers. The 17 producer enterprises have a collective share capital of ₹1.94 crores as of 2019-20 and have generated a revenue of ₹7.87 crores in the last financial year. Over the previous 5 years of their business operations, AL has supported the producer enterprises in achieving output marketing of ₹45.17 crores and mobilised funds worth ₹56.20 crores. To support women in an integrated manner, AL has grown to seven entities; 1. Access Livelihoods Consulting India Limited 2. Access Livelihoods Foundation 3. Access Livelihoods Development Finance 4. Access Artisans' Livelihoods Services – Chitrika 5. Access Livelihoods Learning Foundation 6. Access Livelihoods Marketing Services 7. Access Livelihoods International Foundation",205,2005,Business Consulting and Services,1042613,http://www.linkedin.com/company/access-livelihoods,"Hyderabad, Telangana, India","Consulting, Training, Capacilty Building, Livelihoods, Social enterprise, entrepreneurship, ICT for livelihoods, Dairy farming, Displaced communities, Tribal women, Small & Marginal Farmers, Artisan & Weavers, Livestock holders & fisherfolks, Forest Produce Gatherers, Wage Labors, Migrant Labors, Micro & Small Entrepreneurs, Urban Marginalized, Digital Financial Inclusion, and Group Enterprises",http://www.alcindia.org,"Working as a Project Head overseeing initiatives with L&T Finance and SIDBI, focusing on supporting entrepreneurs. Led a collaborative effort for the Women Entrepreneur Empowerment Program, providing financial and technical aid to women entrepreneurs & community member. Managed a team focused on mentorship, training, and tailored business development activities. Established strategic partnerships with key stakeholders for program expansion. Ensured efficient allocation of project funds and handling MIS for real-time progress tracking, maintaining compliance and implementing corrective measures for optimal effectiveness.",9/2023,false,,false,"My name is Afroz Imran I am from Giridih Jharkhand. I am having over six years of experience in project management, rural development, and stakeholder engagement, I am excited about the prospect of contributing to your esteemed organization. As a Project Head at Access Livelihoods in Hyderabad, I led impactful initiatives, collaborating with esteemed organizations such as L&T Finance and SIDBI. Notably, I successfully executed the Women Entrepreneur Empowerment Program, showcasing my leadership and organizational skills. My professional journey also includes serving as a Young Professional with the Bihar Rural Livelihood Promotion Society (BRLPS), where I gained expertise in business development and rural development. I hold a Post Graduate Diploma in Rural Development and am equipped with an M.Tech in Industrial Engineering from the Indian Institute of Technology (Indian School of Mines). Prior to this, I pursued a Bachelor's degree in Mechanical Engineering from BIT Sindri, achieving an outstanding academic record. During my academic journey, I interned at Tata Steel Jamshedpur's Productivity Services department, gaining valuable insights into productivity enhancement strategies In addition to my academic and professional experiences, I am a Six Sigma Green Belt certified professional from Benchmark Six Sigma, demonstrating my commitment to excellence and continuous improvement.",2415,2026-08-25 00:00:00.000 +0530,,,,,,,,,,,,,,,,,843,
Hamdan Nasheed,Hamdan,Nasheed,https://www.linkedin.com/in/hamdannasheed,urn:li:member:118911415,hamdannasheed,Hyderabad,Telangana,India,"Hyderabad, Telangana, India",Accordion India,Senior Director,6-10yoe_global_indian,member_urn,External link for Accordion India,567,,Business Consulting and Services,104396038,http://www.linkedin.com/company/accordion-india,"Hyderabad, Telangana, India","Risk Management, Sales & Marketing, Financial Planning & Analysis, Sales & Operations Planning, Master Data Management, Sourcing & Procurement, Digital Analytics, Customer Analytics, and Due Diligence",https://www.accordion.com/,,1/2025,false,https://media.licdn.com/dms/image/v2/C5103AQHaiSLbfv2lnw/profile-displayphoto-shrink_100_100/profile-displayphoto-shrink_100_100/0/1531848750281?e=1788998400&v=beta&t=5B5aFpkAIHsVV4zkQs41HHppdUSeVRPeJ_7eYkb4c_Y,false,,2530,2026-08-25 00:00:00.000 +0530,,,,,,,,,,,,,,,,,844,
Agam K.,Agam,K.,https://www.linkedin.com/in/agamkalra,urn:li:member:173103886,agamkalra,Hyderabad,Telangana,India,"Hyderabad, Telangana, India",Accordion India,Senior Director,6-10yoe_global_indian,member_urn,External link for Accordion India,567,,Business Consulting and Services,104396038,http://www.linkedin.com/company/accordion-india,"Hyderabad, Telangana, India","Risk Management, Sales & Marketing, Financial Planning & Analysis, Sales & Operations Planning, Master Data Management, Sourcing & Procurement, Digital Analytics, Customer Analytics, and Due Diligence",https://www.accordion.com/,,8/2025,false,https://media.licdn.com/dms/image/v2/C4D03AQE3YUodozKUXA/profile-displayphoto-shrink_100_100/profile-displayphoto-shrink_100_100/0/1658905475646?e=1788998400&v=beta&t=kyUWRTgZZZdG4v2eo3JVbf_n7fMjJXEdHJTLC9V-LNE,false,"Strategy & Value Creation Leader with a 10-year track record across the M&A lifecycle, high-growth consumer sectors, and global capital markets. Currently leading multiple project teams of Directors, Managers, and Associates at Accordion, acting as a strategic partner to PE Boards and C-suite leaders. Skilled at eliminating the friction between strategy and P&L reality. Steered 40+ engagements - ranging from rapid-cycle due diligence to long-term value creation initiatives.",368,2026-09-01 21:00:56.853 +0530,,,,,,,,,,,,agamkalra92@gmail.com,,,,,844,
Vinit Kumar,Vinit,Kumar,https://www.linkedin.com/in/vinitkumarr,urn:li:member:527839508,vinitkumarr,Bengaluru,Karnataka,India,"Bengaluru, Karnataka, India",Achiever's Network (ACHNET),Enterprise Business Manager,founders,member_urn,"Achiever's Network is redefining how organizations select talent through AI Agents that unify every stage of the evaluation journey. As a Unified Talent Selection Platform, ACHNET brings assessments, AI video interviews, job creation, and applicant ranking into one intelligent system. Our flagship AI Agent, iJupiter™, acts as the decision engine powering this unified workflow—delivering speed, structure, and precision at scale. Instead of juggling fragmented tools, enterprises get a single platform that accelerates outcomes, improves quality, and minimizes bias, while still empowering human decision-making. This is more than automation; this is intelligence that collaborates. Powered by iJupiter™, ACHNET transforms how organizations attract, assess, and select talent. From automated job descriptions and role-ready assessments to AI video interviews and ranked shortlists, our platform enables HR and business teams to move faster with clarity and confidence. Beyond selection, ACHNET also supports the full lifecycle of professional development, helping organizations strengthen employee performance, engagement, and retention through continuous learning and coaching. Enterprises using ACHNET see up to 90% faster hiring decisions, improved quality of hire, and higher team productivity. Step into the future of talent selection. Book a demo and experience ACHNET in action: https://www.achnet.com?su=ctec9vge",41,2022,Software Development,11872247,http://www.linkedin.com/company/achnet,"San Ramon, California, United States","Hiring, Talent Management, AI Hiring, Professional Development , AI Video Interviews, ATS and Applicant Ranking, Technical Assessments, Talent Selection , and Data Driven Report",https://www.achnet.com/business-applicant-management,,6/2025,false,,false,,4072,2026-08-25 00:00:00.000 +0530,,,,,,,,,,,,,,,,,845,
Deepak Rathod,Deepak,Rathod,https://www.linkedin.com/in/deepak-rathod-68548599,urn:li:member:350530949,deepak-rathod-68548599,Ahmedabad,Gujarat,India,"Ahmedabad, Gujarat, India",Adani Enterprises Limited,Associate Vice President - Cluster Head (BSM Projects),10+yoe_indian,member_urn,"Adani Enterprises Limited (AEL) is the flagship company of Adani Group, one of India’s largest business organisations. Over the years, Adani Enterprises has focused on building emerging infrastructure businesses, contributing to nation-building and divesting them into separate listed entities. Having successfully built unicorns like Adani Ports & SEZ, Adani Transmission, Adani Power, Adani Green Energy and Adani Total Gas, the company has contributed significantly to make the country self-reliant with our portfolio of robust businesses. The next-generation of its strategic business investments are centered around airport management, roads, data center and water infrastructure which has significant scope for value unlocking. This has led to robust returns to our shareholders. Rs. 150 investment in Adani Enterprises, which was the group’s first IPO in 1994, has grown to Rs. 4,52,000.",3823,,Utilities,87383,http://www.linkedin.com/company/adani-enterprises-ltd-,"Daskroi, Gujarat, India",,http://www.adanienterprises.com,"Working as Cluster Head (Beach Sand Mining Projects) with responsibility for end‑to‑end planning, coordination, and execution of beach sand mining and mineral processing projects at the cluster level. The role involves strategic oversight of technical studies, integration of mining and mineral processing activities, and ensuring full compliance with statutory, regulatory, and environmental requirements. Accountable for delivering projects in line with approved timelines, budgets, and quality standards, while aligning execution with organizational and sustainability objectives. Key responsibilities include: Leadership of Beach Sand Mining (BSM) projects from concept to execution Oversight of technical studies, feasibility assessments, and project planning Coordination with multidisciplinary teams, consultants, and stakeholders Ensuring regulatory compliance, approvals, and adherence to ESG norms Monitoring project performance to achieve schedule, cost, and quality targets",1/2026,false,https://media.licdn.com/dms/image/v2/C5103AQGmKkK5O0BEZw/profile-displayphoto-shrink_100_100/profile-displayphoto-shrink_100_100/0/1557768067792?e=1788998400&v=beta&t=TkdF3ke3Z3Y9Pr6490OJ9y4B_idIOXFY269g1C5NMsA,false," With over 30 years of rich experience in the areas of Geological / Mining Operations and green field and brown field mining projects. Working experience in mineral industry i.e Heavy Mineral Sands (Titanium bearing minerals, Zircon, Garnet, Sillimanite etc.), Limestone, Iron ore, Chromite, Bauxite, Manganese Ore, Industrial Minerals etc.  Practical and rich experience in the areas of Geological / Mining Operations and green field and brown field mining projects starting from conceptualization, project formulation, obtaining mineral concessions, liaise with State and Central Government in obtaining various statutory approvals. Directly associated in detailed geological investigation, programming, execution of Mineral exploration projects, control of exploration operations, computerised data processing using mining software, Ore body modelling, preparation of geological report, Mine planning & scheduling, metallurgical test work, flow sheet development, mineral separation of heavy minerals and mineral beneficiation. Associated with evaluation of mining project feasibility and detailed report preparation for project financing. Sound knowledge of Statutory, Mining plan, Environment, Coastal Regulation Zone (CRZ), Pollution Control Board (Consent to Establish & Consent to Operate) etc.  Associated with due diligence and valuation of mineral assets for acquisition domestic as well as overseas.  Proven track record and capability to liaison with various the Government, Banks, statutory/ regulatory authorities of the State and Central Government.",1233,2026-09-01 21:00:56.853 +0530,,,,,,,,,,,,d.rathod@trimexsands.com,d.rathod@trimexsands.com,,,,847,
Ravi Hatadia,Ravi,Hatadia,https://www.linkedin.com/in/ravi-hatadia-1904796,urn:li:member:19072188,ravi-hatadia-1904796,Ahmedabad,Gujarat,India,"Ahmedabad, Gujarat, India",Adani Enterprises Limited,Senior Manager,10+yoe_global,member_urn,"Adani Enterprises Limited (AEL) is the flagship company of Adani Group, one of India’s largest business organisations. Over the years, Adani Enterprises has focused on building emerging infrastructure businesses, contributing to nation-building and divesting them into separate listed entities. Having successfully built unicorns like Adani Ports & SEZ, Adani Transmission, Adani Power, Adani Green Energy and Adani Total Gas, the company has contributed significantly to make the country self-reliant with our portfolio of robust businesses. The next-generation of its strategic business investments are centered around airport management, roads, data center and water infrastructure which has significant scope for value unlocking. This has led to robust returns to our shareholders. Rs. 150 investment in Adani Enterprises, which was the group’s first IPO in 1994, has grown to Rs. 4,52,000.",3823,,Utilities,87383,http://www.linkedin.com/company/adani-enterprises-ltd-,"Daskroi, Gujarat, India",,http://www.adanienterprises.com,,4/2021,false,https://media.licdn.com/dms/image/v2/C5603AQEB2-1-reKpNQ/profile-displayphoto-shrink_100_100/profile-displayphoto-shrink_100_100/0/1641805867908?e=1788998400&v=beta&t=3zf8lqJJOrIinKhhihy7YmJ5p9o7NUMfZ-3BzDrCIno,false,,1545,2026-08-25 00:00:00.000 +0530,,,,,,,,,,,,,,,,,847,
Ashish Tundelkar,Ashish,Tundelkar,https://www.linkedin.com/in/ashish-tundelkar-483864b5,urn:li:member:411202467,ashish-tundelkar-483864b5,Gurgaon,Haryana,India,"Gurgaon, Haryana, India",Adani Enterprises Limited,Associate Manager,6-10yoe_global_indian,member_urn,"Adani Enterprises Limited (AEL) is the flagship company of Adani Group, one of India’s largest business organisations. Over the years, Adani Enterprises has focused on building emerging infrastructure businesses, contributing to nation-building and divesting them into separate listed entities. Having successfully built unicorns like Adani Ports & SEZ, Adani Transmission, Adani Power, Adani Green Energy and Adani Total Gas, the company has contributed significantly to make the country self-reliant with our portfolio of robust businesses. The next-generation of its strategic business investments are centered around airport management, roads, data center and water infrastructure which has significant scope for value unlocking. This has led to robust returns to our shareholders. Rs. 150 investment in Adani Enterprises, which was the group’s first IPO in 1994, has grown to Rs. 4,52,000.",3823,,Utilities,87383,http://www.linkedin.com/company/adani-enterprises-ltd-,"Daskroi, Gujarat, India",,http://www.adanienterprises.com,Business Performance & Reviews Monitoring key Mining & Cement business matrices and KPIs for 9 different projects in AEL Improved service function departments efficiency and coordination Spearheaded quarterly performance Chairman review by aligning leadership team Technology Initiatives Digital Mineshot application: Spearheaded in development of mobile application for Mining BU which enabled leadership team to view various production KPIs across mining value chain at one place,4/2021,false,https://media.licdn.com/dms/image/v2/C4E03AQFWRpLd_HIMkw/profile-displayphoto-shrink_100_100/profile-displayphoto-shrink_100_100/0/1517622287009?e=1788998400&v=beta&t=BWSY0cOTxpgTtQP_h2aLlwD2WZNvf-HjtiamoKeUyXI,false,"Sales Manager with strong experience in driving B2B growth in Adani metals - Copper business, specializing in market development, GTM execution, and key account management. I have successfully built markets for KCTL copper tubes business across HVAC, Transportation, and data center, working closely with OEMs, ODMs, and distribution partners. I have designed pricing and offer strategies aligned with LME trends, ensuring competitiveness while protecting margins. Experienced in commercial negotiations, offer structuring, product positioning, and end to end deal execution, with proven collaboration across finance, logistics, and production teams. I also contribute beyond sales by supporting industry led strategic initiatives (LME brand registration /Copper Mark), and brand representation at major industry forums. Prior experience includes ASM - Cement business & Business Analyst in CEO office Focus areas: Market expansion | GTM strategy | B2B sales | Key accounts | Commercial negotiations | Technology services & enablement",87,2026-08-25 00:00:00.000 +0530,,,,,,,,,,,,,,,,,847,
Harsh Vardhan Golia,Harsh Vardhan,Golia,https://www.linkedin.com/in/harsh-vardhan-golia-50251586,urn:li:member:305844626,harsh-vardhan-golia-50251586,Gurgaon,Haryana,India,"Gurgaon, Haryana, India",Adani Enterprises Limited,Copper Sales - North,founders,member_urn,"Adani Enterprises Limited (AEL) is the flagship company of Adani Group, one of India’s largest business organisations. Over the years, Adani Enterprises has focused on building emerging infrastructure businesses, contributing to nation-building and divesting them into separate listed entities. Having successfully built unicorns like Adani Ports & SEZ, Adani Transmission, Adani Power, Adani Green Energy and Adani Total Gas, the company has contributed significantly to make the country self-reliant with our portfolio of robust businesses. The next-generation of its strategic business investments are centered around airport management, roads, data center and water infrastructure which has significant scope for value unlocking. This has led to robust returns to our shareholders. Rs. 150 investment in Adani Enterprises, which was the group’s first IPO in 1994, has grown to Rs. 4,52,000.",3823,,Utilities,87383,http://www.linkedin.com/company/adani-enterprises-ltd-,"Daskroi, Gujarat, India",,http://www.adanienterprises.com,,1/2024,false,,false,"- Looking for Exciting Opportunities with Challenging tasks - Management Consultancy, Project Management, Bid Process Management, Financial Modelling, Preparing Pitches, Competition Analysis, Market Assessment, Leadership, Team Player - Top of all: An Entrepreneurial Mind with an Urge to Learn and Implement. - Loves writing and reciting Poetry.",3218,2026-08-25 00:00:00.000 +0530,,,,,,,,+918877002267,,,,,,+918877002267,,,847,
Nikhil Saraswat,Nikhil,Saraswat,https://www.linkedin.com/in/nikhil-saraswat-249a5278,urn:li:member:277306329,nikhil-saraswat-249a5278,,,Greater Ahmedabad Area,Greater Ahmedabad Area,Adani Enterprises Limited,Lead - Technology & Process (Titanium Value Chain),founders,member_urn,"Adani Enterprises Limited (AEL) is the flagship company of Adani Group, one of India’s largest business organisations. Over the years, Adani Enterprises has focused on building emerging infrastructure businesses, contributing to nation-building and divesting them into separate listed entities. Having successfully built unicorns like Adani Ports & SEZ, Adani Transmission, Adani Power, Adani Green Energy and Adani Total Gas, the company has contributed significantly to make the country self-reliant with our portfolio of robust businesses. The next-generation of its strategic business investments are centered around airport management, roads, data center and water infrastructure which has significant scope for value unlocking. This has led to robust returns to our shareholders. Rs. 150 investment in Adani Enterprises, which was the group’s first IPO in 1994, has grown to Rs. 4,52,000.",3823,,Utilities,87383,http://www.linkedin.com/company/adani-enterprises-ltd-,"Daskroi, Gujarat, India",,http://www.adanienterprises.com,"My role is to spearhead strategic initiatives to develop and expand the business. This role combines technology-driven business development, strategic partnerships, and capital project oversight to ensure sustainable growth and competitive advantage. The position involves forging alliances, negotiating MoUs/JVs, assessing CAPEX/OPEX, and driving process optimization for downstream projects.",1/2026,false,,false,,3566,2026-08-25 00:00:00.000 +0530,,,,,,,,,,,,,,,,,847,
Sudhakar Lolla,Sudhakar,Lolla,https://www.linkedin.com/in/sudhakarlolla,urn:li:member:8344322,sudhakarlolla,Hyderabad,Telangana,India,"Hyderabad, Telangana, India",Adani Enterprises Limited,Sr VP,10+yoe_indian,member_urn,"Adani Enterprises Limited (AEL) is the flagship company of Adani Group, one of India’s largest business organisations. Over the years, Adani Enterprises has focused on building emerging infrastructure businesses, contributing to nation-building and divesting them into separate listed entities. Having successfully built unicorns like Adani Ports & SEZ, Adani Transmission, Adani Power, Adani Green Energy and Adani Total Gas, the company has contributed significantly to make the country self-reliant with our portfolio of robust businesses. The next-generation of its strategic business investments are centered around airport management, roads, data center and water infrastructure which has significant scope for value unlocking. This has led to robust returns to our shareholders. Rs. 150 investment in Adani Enterprises, which was the group’s first IPO in 1994, has grown to Rs. 4,52,000.",3823,,Utilities,87383,http://www.linkedin.com/company/adani-enterprises-ltd-,"Daskroi, Gujarat, India",,http://www.adanienterprises.com,,9/2021,false,https://media.licdn.com/dms/image/v2/C4E03AQGOD0kOnxRyQw/profile-displayphoto-shrink_100_100/profile-displayphoto-shrink_100_100/0/1516269965056?e=1788998400&v=beta&t=0bFprAUhutCuxJO5USb5g4-gEMk6skbUHw7q5BMFU3Q,false,,1537,2026-08-25 00:00:00.000 +0530,,,,,,,,,,,,,,,,,847,
Pavan Kumar Hiran,Pavan Kumar,Hiran,https://www.linkedin.com/in/pavanhiran,urn:li:member:38989851,pavanhiran,Ahmedabad,Gujarat,India,"Ahmedabad, Gujarat, India",Adani Enterprises Limited,Head - Business Development,10+yoe_indian,member_urn,"Adani Enterprises Limited (AEL) is the flagship company of Adani Group, one of India’s largest business organisations. Over the years, Adani Enterprises has focused on building emerging infrastructure businesses, contributing to nation-building and divesting them into separate listed entities. Having successfully built unicorns like Adani Ports & SEZ, Adani Transmission, Adani Power, Adani Green Energy and Adani Total Gas, the company has contributed significantly to make the country self-reliant with our portfolio of robust businesses. The next-generation of its strategic business investments are centered around airport management, roads, data center and water infrastructure which has significant scope for value unlocking. This has led to robust returns to our shareholders. Rs. 150 investment in Adani Enterprises, which was the group’s first IPO in 1994, has grown to Rs. 4,52,000.",3823,,Utilities,87383,http://www.linkedin.com/company/adani-enterprises-ltd-,"Daskroi, Gujarat, India",,http://www.adanienterprises.com,"Leading business development initiatives in the mining sector with focus on coal and mineral block auctions, commercial evaluation, and strategic resource acquisition and growth across the resource value chain. Key areas of work include: Evaluation of coal and mineral block auction opportunities Commercial assessment and business case development Bid strategy and opportunity prioritisation Coordination with internal technical, legal, finance, and leadership teams Stakeholder engagement across partners, advisors, and external agencies Support for strategic growth initiatives in mining and allied sectors",8/2023,false,https://media.licdn.com/dms/image/v2/D4D03AQHiXLoPM6PsyA/profile-displayphoto-scale_200_200/B4DZyybYkQKwAY-/0/1772520054256?e=1788998400&v=beta&t=AHnpo3nyebaAUu2LG3QhhEYSdwgPTDG9SFoxVXA4qfo,false,"Mining strategy and business development professional with experience across coal and mineral block auctions, commercial evaluation, resource acquisition, and strategic partnerships in the mining sector. Currently leading business development initiatives at Adani Enterprises with focus on commercial coal block auctions, opportunity evaluation, bid strategy, and transaction structuring across mining assets. My experience spans mining investment evaluation, international coal business, strategic planning, and entrepreneurial ventures. I work closely with technical, finance, legal, and leadership teams to evaluate resource opportunities and support long-term resource strategy. Interested in opportunities that create sustainable value through disciplined investment decisions, resource security, and scalable business growth. Core areas: Coal & Mineral Block Auctions | Mining Investments | Resource Acquisition | Commercial Evaluation | Strategic Partnerships | MDO Opportunities",1304,2026-08-25 00:00:00.000 +0530,,,,,,,,,,,,,,,,,847,
Amit Kumar Choudhary,Amit Kumar,Choudhary,https://www.linkedin.com/in/amit-kumar-choudhary-55504615,urn:li:member:50855825,amit-kumar-choudhary-55504615,Ahmedabad,Gujarat,India,"Ahmedabad, Gujarat, India",Adani Enterprises Limited,Deputy General Manager,10+yoe_indian,member_urn,"Adani Enterprises Limited (AEL) is the flagship company of Adani Group, one of India’s largest business organisations. Over the years, Adani Enterprises has focused on building emerging infrastructure businesses, contributing to nation-building and divesting them into separate listed entities. Having successfully built unicorns like Adani Ports & SEZ, Adani Transmission, Adani Power, Adani Green Energy and Adani Total Gas, the company has contributed significantly to make the country self-reliant with our portfolio of robust businesses. The next-generation of its strategic business investments are centered around airport management, roads, data center and water infrastructure which has significant scope for value unlocking. This has led to robust returns to our shareholders. Rs. 150 investment in Adani Enterprises, which was the group’s first IPO in 1994, has grown to Rs. 4,52,000.",3823,,Utilities,87383,http://www.linkedin.com/company/adani-enterprises-ltd-,"Daskroi, Gujarat, India",,http://www.adanienterprises.com,,4/2025,false,https://media.licdn.com/dms/image/v2/C4D03AQGERJOq86HW5Q/profile-displayphoto-shrink_100_100/profile-displayphoto-shrink_100_100/0/1516551386041?e=1788998400&v=beta&t=GBH9Vg1G7fxeAJgozSRbL3oKph5S4AozqsisCzGyOeg,false,"Experienced Senior Logistics Manager with a demonstrated history of working in the logistics and supply chain industry. Skilled in Logistics Operations Management, Ports, and Energy and contract & commercial . Strong operations professional with a Bachelor of Technology (B.Tech.) focused in Mining Engineering from Indian School of Mines.",1234,2026-09-01 21:00:56.853 +0530,,,,,,,,,,,,"amit.ismu1986@gmail.com, amitismu1986@gmail.com",,,,,847,
Vaibhav Purswani,Vaibhav,Purswani,https://www.linkedin.com/in/vaibhav-purswani-a17b9b95,urn:li:member:340360435,vaibhav-purswani-a17b9b95,Mumbai,Maharashtra,India,"Mumbai, Maharashtra, India",Adani Group,Manager,6-10yoe_global_indian,member_urn,"Adani Group is a diversified organisation in India comprising 10 publicly traded companies. It has created a world class transport and utility infrastructure portfolio that has a pan-India presence. Adani Group is headquartered in Ahmedabad, in the state of Gujarat, India. Over the years, Adani Group has positioned itself to be the market leader in its transport logistics and energy utility portfolio businesses focusing on large scale infrastructure development in India with O & M practices benchmarked to global standards. With four IG rated businesses, it is the only Infrastructure Investment Grade issuer in India. Adani owes its success and leadership position to its core philosophy of ‘Nation Building’ driven by ‘Growth with Goodness’ - a guiding principle for sustainable growth. Adani is committed to increase its ESG footprint by realigning its businesses with emphasis on climate protection and increasing community outreach through its CSR programme based on the principles of sustainability, diversity and shared values. Watch Pehle Pankha Ayega | Phir Bijli Aayegi : https://www.youtube.com/watch?v=1orXXuPzNmY",21084,,Utilities,45812,http://www.linkedin.com/company/adani-group,India,,https://www.adani.com/,,10/2025,false,https://media.licdn.com/dms/image/v2/D4D03AQG9dAwgYBbfZw/profile-displayphoto-shrink_800_800/B4DZchIWOPHMAc-/0/1748607527262?e=1788998400&v=beta&t=HrPfYmPLnZn6nJT54tGMhONUPGW8SYqHBeUvw7P4geI,false,"Currently associated with NoBroker – India’s fastest growing technology platform to provide house shifting services. Over 7+ years of professional experience, I have excelled in Business Growth, Supply Chain Management, Stakeholder Management (internal and external), Process Implementation, Business Development, Vendor Management & Customer Experience. I am also well-versed with Port Operations & Liaising. I am seeking exciting opportunities and wish to leverage my experience for my personal growth and that of my organisation",167,2026-08-25 00:00:00.000 +0530,,,,,,,,,,,,,,,,,848,
Nikhlesh Patel,Nikhlesh,Patel,https://www.linkedin.com/in/nikhlesh-patel-31302490,urn:li:member:322535103,nikhlesh-patel-31302490,Bhilai,Chhattisgarh,India,"Bhilai, Chhattisgarh, India",Adani Group,Associate Manager,6-10yoe_global_indian,member_urn,"Adani Group is a diversified organisation in India comprising 10 publicly traded companies. It has created a world class transport and utility infrastructure portfolio that has a pan-India presence. Adani Group is headquartered in Ahmedabad, in the state of Gujarat, India. Over the years, Adani Group has positioned itself to be the market leader in its transport logistics and energy utility portfolio businesses focusing on large scale infrastructure development in India with O & M practices benchmarked to global standards. With four IG rated businesses, it is the only Infrastructure Investment Grade issuer in India. Adani owes its success and leadership position to its core philosophy of ‘Nation Building’ driven by ‘Growth with Goodness’ - a guiding principle for sustainable growth. Adani is committed to increase its ESG footprint by realigning its businesses with emphasis on climate protection and increasing community outreach through its CSR programme based on the principles of sustainability, diversity and shared values. Watch Pehle Pankha Ayega | Phir Bijli Aayegi : https://www.youtube.com/watch?v=1orXXuPzNmY",21084,,Utilities,45812,http://www.linkedin.com/company/adani-group,India,,https://www.adani.com/,Work as a Production In charge Nandani Kundani Limestone Mines,8/2024,false,https://media.licdn.com/dms/image/v2/C4D03AQF1SCPtAsaPog/profile-displayphoto-shrink_100_100/profile-displayphoto-shrink_100_100/0/1653095892688?e=1788998400&v=beta&t=2db53RVkaPeIC5ul53PQJklxjPMl3tLHxQvjV6cZbl4,false,"I am a Mining Engineer with over a decade of comprehensive experience across underground and opencast mining operations. Currently, I serve as Associate Manager – Mining at ACC Limited (Adani Group).",166,2026-08-25 00:00:00.000 +0530,,,,,,,,,,,,,,,,,848,
Rajesh kumar Maurya,Rajesh kumar,Maurya,https://www.linkedin.com/in/rajesh-kumar-maurya-42ab5420,urn:li:member:74511970,rajesh-kumar-maurya-42ab5420,Surat,Gujarat,India,"Surat, Gujarat, India",Adani Ports and SEZ,"Environment, Health and Safety Manager",10+yoe_global,member_urn,External link for Adani Ports and SEZ,4445,1998,"Transportation, Logistics, Supply Chain and Storage",132122,http://www.linkedin.com/company/adani-ports-sez-ltd-,"Ahmedabad, Gujarat, India","Ports & Terminals, Logistics, and Industrial Land (SEZ, DTA & FTWZ)",http://www.adaniports.com,,6/2019,false,https://media.licdn.com/dms/image/v2/D4D03AQG4-mhWuWyCGw/profile-displayphoto-shrink_100_100/profile-displayphoto-shrink_100_100/0/1731645754733?e=1788998400&v=beta&t=PThhKLZa7Utb41IuSiTyKMU58bQxqIQYdWAxisQi2Q8,false,"Experienced Health Safety Environment Engineer with a demonstrated history of working in the construction industry and oil and gas. Strong operations professional skilled in Environment safety , industrial hygiene and sustainability.",1112,2026-08-25 00:00:00.000 +0530,,,,,,,,,,,,,,,,,849,
Abhishek Kumar,Abhishek,Kumar,https://www.linkedin.com/in/abhishek-kumar-064276293,urn:li:member:1192060876,abhishek-kumar-064276293,Singrauli,Madhya Pradesh,India,"Singrauli, Madhya Pradesh, India",Adani Power,Mine Manager,6-10yoe_global_indian,member_urn,External link for Adani Power,7359,2006,Utilities,537485,http://www.linkedin.com/company/adani-power-limited,"Ahmedabad, Gujarat, India","Power Generation /Transmission, Merchant Power, Engineering Conglomerate, Solar Power, and EPC",https://www.adanipower.com/,"*Working as Mine Manager in Open Cast Coal Mine, Dhirauli Coal Mines, Mahan Energen Limited, operations with experience in Production, Overburden removal and Statutory Compliance. * Managing day-to-day mining operations to achieve safe and efficient Coal and Overburden production target. * Experienced in Excavator Dumper combination deployment and optimization for Overburden removal operation. * Handling Surface Miner Operation for Coal Production with focus on Productivity, Quality Control and Operational Efficiency. *Planning and Monitoring mine production activities as per monthly and annual production targets. *Coordinating MDO activities including manpower, equipment deployment and operational performance monitoring. * Ensuring effective utilization of Heavy Earth Moving Machinery (HEMM) for maximum operational productivity. * Ensuring compliance with DGMS Guidelines, Statutory Regulations, Environmental Norms and Mine Safety Standards. * Coordinating with contractors,survey teams, geology department, coal quality department and statutory authorities for smooth mine operations. * Managing operational reporting, productivity analysis and daily progress monitoring of mining activities. * Skilled in safety management, risk assessment and implementation of safe mining practices in opencast mine. * Managed coal dispatch operations ensuring timely transportation and accurate documentation. *Ensured accurate recording of coal quantity through weighbridge systems and dispatch reports. * Ensured proper traffic management and safety practices around weighbridge and dispatch areas.",12/2025,false,https://media.licdn.com/dms/image/v2/D5603AQFL_oyxduzA0w/profile-displayphoto-shrink_100_100/profile-displayphoto-shrink_100_100/0/1698825145275?e=1788998400&v=beta&t=2nbVseZd4NASAihP4lybg3To0jHmNkiYfgNee1YIytw,false,,2847,2026-08-25 00:00:00.000 +0530,,,,,,,,,,,,,,,,,850,
Dr. Yogendra Singh Solanki,Dr. Yogendra Singh,Solanki,https://www.linkedin.com/in/dr-yogendra-singh-solanki-9599a97a,urn:li:member:283146261,dr-yogendra-singh-solanki-9599a97a,New Delhi,Delhi,India,"New Delhi, Delhi, India",Adarsh Sewa Samiti,Director- Program,6-10yoe_global_indian,member_urn,"Adarsh Sewa Samiti (ADARSH) is a non-profit development organization established in 1978, dedicated to serving the urban and rural poor across India. ADARSH focuses on pro-poor policy advocacy by engaging in research, on-ground implementation projects, and the development of information systems. The organization’s mission is to improve access to essential services such as health, sanitation, education, sustainable agriculture, clean water, and livelihoods—especially for women, youth, and marginalized communities. Employing a participatory and inclusive approach, ADARSH works with skilled field animators using community mobilization techniques like participatory learning, resource mapping, and focus group discussions. Over its four-decade journey, ADARSH has impacted slums in Delhi and expanded its activities into rural areas of states such as Uttar Pradesh, Uttarakhand, Punjab, Haryana, and Rajasthan, with further initiatives planned in other regions. Key thematic areas include health and hygiene, urban planning, waste management, women’s empowerment, child rights, natural resource management, and skill development. The organization is recognized for its effective collaborations with government departments, other NGOs, and international partners to foster self-sustaining, community-led development. ADARSH operates with a core belief in transparency, gender equality, scientific and sustainable development, and the empowerment of vulnerable groups, striving toward a more equitable India where every citizen can access essential services and live with dignity.",25,1978,Non-profit Organizations,108133489,http://www.linkedin.com/company/adarsh-sewa-samitidelhi,Bahrain,,www.adarshsewasamiti.in,"As Director – Program at Adarsh Sewa Samiti, I am responsible for leading and overseeing a diverse set of thematic programs that focus on: - Environment and Sustainability - Rural Tourism Key responsibilities and achievements: - Designing and implementing large-scale, community-driven development programs - Coordinating with government agencies, CSR partners , and civil society organizations - Building capacity of grassroots institutions and promoting behavior change - Leading multi-disciplinary teams across multiple districts and states - Driving impact through participatory planning and evidence-based strategies - Creating models that are scalable, replicable, and aligned with SDGs and national priorities These programs aim to strengthen local governance, enhance livelihood opportunities, and promote sustainable natural resource management in rural areas.",5/2025,false,https://media.licdn.com/dms/image/v2/D4E03AQF8v5UvXPhjTA/profile-displayphoto-shrink_100_100/profile-displayphoto-shrink_100_100/0/1723562394523?e=1788998400&v=beta&t=60JsnlGDd-h1lNyZP-YJqD3qqEqGLoew7uUxX8mM1qQ,false,"Progressive 7+ years of project-based experience in working collaboratively with government and multilateral organizations on diverse streams for providing safe drinking water to the rural population. Currently focusing on sustainable technology development to mitigate the water crisis in semi-arid and water stressed regions. Specialties: Water resource management, Product development, sustainability studies, technological intervention in rural areas for safe drinking water, social enterprise creation, livelihood development, project management.",385,2026-08-25 00:00:00.000 +0530,,,,,,,,,,,,,,,,,852,
prithvi karan reddy,prithvi karan,reddy,https://www.linkedin.com/in/prithvi-karan-reddy-a502b661,urn:li:member:218714460,prithvi-karan-reddy-a502b661,Hyderabad,Telangana,India,"Hyderabad, Telangana, India",Adonmo Private Limited,Head Of Operations,10+yoe_indian,member_urn,"Transforming India's urban advertising landscape, AdOnMo is pioneering the next wave of high-impact digital experiences that captivate and connect. Imagine walking through vibrant cityscapes where every screen tells a story. With our network of 30,000+ strategically placed digital displays – from elevator lobbies in premium residential complexes to bustling supermarkets and shopping destinations – we're crafting an advertising ecosystem that brings brands closer to their ideal audiences in ways that are both powerful and cost-effective. Our innovation journey, backed by industry giants like Zomato, Ant Financial's Bace Capital, and Astarc Ventures, spans 13+ dynamic Indian markets. We're not just displaying ads; we're revolutionizing how brands interact with consumers through our patented technology infrastructure. Picture advertisements that adapt in real-time, campaigns that sync with social media moments, and engagement metrics powered by QR and NFC technology – creating magical moments that turn casual glances into meaningful connections. The world is taking notice. We're proud to be recognized among 'Forbes Under 30 Asia', honored as the 'Best Start-up by Department of Science and Technology', and celebrated as the 'Best Innovator at Global Entrepreneurship Summit'. But what truly drives us is seeing our 750+ brand partners, including Mercedes, IKEA, Samsung, and Amazon, achieve extraordinary results through our platform. Welcome to AdOnMo – where technology meets creativity to redefine the future of advertising. Every screen is a canvas, every moment an opportunity, and every campaign a masterpiece waiting to unfold.",537,2017,Advertising Services,27095956,http://www.linkedin.com/company/adonmo,"Hyderabad, Telangana, India","Advertising, Technology, Digital , Contextual Ads, Device on Cabs, Taxi Ads, Outdoor Advertising, LED Display Ads, IoT, Cloud Technologies, Machine Learning, Manufacturing, Cab Ads, Customer Insights, Hyperlocal Intelligence, OOH media, Startup, Sravanth Gajula, Sandeep, and Analytics",https://www.adonmo.com,,2/2020,false,,false,"6+ years of experience in Entrepreneurship. Key roles include Business Development, Operations, Supply Chain Management, Inventory & Logistics management, Project Management and Commodity Trading. Entrepreneurship experience in operating quartz mines across Telangana and Andhra Pradesh along with execution of Civil Construction Works for the world’s largest Lift Irrigation project in Telangana. Experience also includes maintenance, service and repairs of machinery. Achieved business turnover of INR 5.8 crores in over 5 years. International experience as an exploration geologist.",1648,2026-08-25 00:00:00.000 +0530,,,,,,,,,,,,,,,,,853,
Abhishek Kalawat,Abhishek,Kalawat,https://www.linkedin.com/in/abhikalawat,urn:li:member:693077732,abhikalawat,Faridabad,Haryana,India,"Faridabad, Haryana, India",Aertrip,Product Designer,founders,member_urn,External link for Aertrip,104,2012,Travel Arrangements,2534713,http://www.linkedin.com/company/aertrip,"Mumbai, Maharashtra, India","Travel, Domestic & International Flights, Hotels, Holiday Package, Visa, Travel Technology, and Product Innovation",http://aertrip.com,"I am leading end-to-end Product Exeprience at Aertrip as the sole designer, driving major initiatives across multiple high-impact product areas spanning both customer-facing experiences and internal systems. My work focused on elevating user experience, simplifying complex workflows, and strengthening the platform’s long-term product direction. Redesigning Core Revenue Journeys Led a major redesign of the web flight-booking experience, a journey contributing to 80% of Aertrip’s total revenue. Conducted user interviews, journey mapping, and competitive analysis to uncover friction points and streamline decision-making. Impact: Reduced time-on-task Improved discoverability and clarity across steps Delivered a more intuitive, high-confidence booking flow Identified critical pain points in the mobile journey through usability testing and revamped key app flows to reduce friction. Results: Interaction cost ↓ 25% Significant reduction in user drop-offs Smoother, faster, more predictable mobile experience Building Scalable Systems & Driving Product Direction Accelerated design cycles by establishing scalable systems, improving workflow efficiency, and enabling faster, more consistent iterations Collaborated closely with Product, Engineering, and Business teams through detailed specs, interaction flows to ensure smooth development and shared alignment Strengthened platform-wide UX across aertrip's multiple product suite by simplifying interactions, improving consistency, and enhancing both customer journeys and internal operational workflows",2/2024,true,,false,"Hi, I’m Abhishek. I’m a Product Designer at Aertrip, where I design intuitive travel experiences and optimise complex booking journeys. My work focuses on simplifying pricing systems, search flows, and booking interactions through research-driven UX and thoughtful product design. ✈️ Most Recent Contributions Mobile Booking Experience Identified critical pain points in the mobile app journey through usability testing and redesigned key flows, resulting in a 25% reduction in interaction cost and a significant decrease in user drop-offs. Flight Booking Journey Optimisation Led a major design initiative to improve the web-based flight booking journey responsible for ~80% of platform revenue. Used interviews, journey mapping, and competitive analysis to uncover user frustrations and improvement opportunities, reducing time on task, improving discoverability, and simplifying decision-making. UX Direction & Platform Improvements Strengthened the long-term UX direction by driving continuous improvements across customer-facing and operational tools, defining mobile-first and workflow simplification priorities, and partnering closely with product, engineering, and business teams to deliver scalable experience improvements. Previous Product Design Work Led 0 1 design of a procurement platform, reducing process time by 30% and increasing RFP-to-engagement conversions by 25%. Conducting user research to identify crucial pain points and create relevant solutions, helping raise $200K in funding by the design phase's conclusion Enhancing positive user reviews of an audiobook mobile application by 35% for the product through a comprehensive redesign. With my expertise in finding the shortest path for users (Spoiler: I happen to be an Engineer too) and my passion for designing, I aim to create clean designs that fit the needs so well that they become invisible. I use magic spells such as design thinking, fast execution‍♂️ & a bit of art‍ to consistently yield successful outcomes. I'm always open to interesting discussions and opportunities you can reach me through abhikabhi0103@gmail.com.",2741,2026-08-25 00:00:00.000 +0530,,,,,,,,,,,,abhikabhi0103@gmail.com,,,,,854,
Sunil Kumar Garg,Sunil Kumar,Garg,https://www.linkedin.com/in/sunil-kumar-garg-43b8057,urn:li:member:22901807,sunil-kumar-garg-43b8057,Gurugram,Haryana,India,"Gurugram, Haryana, India",Agoda,Senior Software Engineer,founders,member_urn,"At Agoda, we bridge the world through travel. We aim to make it easy and rewarding for more travelers to explore and experience the amazing world we live in. We do so by enabling more people to see the world for less – with our best-value deals across our 6,000,000+ hotels and holiday properties, 130,000+ flight routes, 360,000+ activities, and more. Agoda was founded in 2005 in Thailand by two lifelong friends with a shared passion for travel. Today, Agoda is part of Booking Holdings [BKNG], and we have more than 7,000 employees from 90 nationalities in offices across Asia Pacific, the Middle East, Europe, and the Americas. In every department – from engineering to customer support – you’ll find that data and technology are at the heart of our culture. There’s never a boring day at Agoda as we aim to make travel hassle-free for everyone. If you’re ready to begin your best journey with us and help us build travel for the world, join us. For properties seeking partnership with Agoda, visit https://connect.agoda.com - Recruitment Scam Alert: We know that searching for a new career opportunity is an exciting step, and we want to help make sure your experience stays safe and secure. If you’re chatting with someone from Agoda, please note that we only use “@agoda.com” or “@agoda.global” email domains, and all legitimate our all Agoda job opportunities are posted here on our career website. We will never ask for payment or personal banking information during the recruitment process. If you’re ever unsure, take a moment to verify the sender’s email address. If you come across suspicious activity, please report it to https://www.linkedin.com/help/linkedin/ask/TS-RPS",9937,2005,Software Development,66719,http://www.linkedin.com/company/agoda,"Singapore, Singapore","internet, software engineering, online travel, tech, e-commerce, software development, travel and tourism, data engineering, hotels, information technology, travel, Mobile, Hospitality, and Sales",http://careersatagoda.com/,"Working on Flights funnel in Android app to make user have confidence and ease while booking with us # Role An individual contributor. #Accomplishment 1. Developed various features in Flights funnel. 2. We incorporated the build of the flights standalone app into the CI/CD pipeline, ensuring that the app compiled successfully 100% of the time. This eliminated the need for development efforts to resolve the build failures that occurred previously. It saved one man day per week. 3. Resolved a bug with the unit test configuration, resulting in a 100% improvement in test coverage. 4. Developers were facing configuration cache issues in back to back running the same integration tests locally. Fixed the gradle to save teammates time in disabling the cache and enabling it before pushing their changes. Less error prone now. 5. Fixed the way of writing Flow Integration Tests(FITs) and mocking network calls. These improvements resulted in a significant decrease in runtime for FITs. Specifically, the runtime decreased from 6 minutes to 23 seconds in the local environment and from 9 minutes to 4 minutes in the CI/CD pipeline. 6. During my analysis of the UI test performance, I discovered that certain tests were not running in the CI/CD pipeline. After fixing the naming convention of the tests and package structure, we were able to increase test coverage by 5%. 7. After analysing the issues raised by customer support, I was able to create several user experience improvement stories and added additional logs to improve the speed and effectiveness of issue analysis.",9/2021,false,,false,"Working on Flights funnel in Agoda android app to improve the user experience for flights bookers. Modularised MakeMyTrip android app. It made the codebase more scalable and maintainable. Dev feedback time also improved a lot. Developed multiple Android apps like Tradus, Ryde by Ibibo from scratch. They had very good. number of user base and bookings. Specialties: Travel business, M-Commerce, Android app development, Core Java, Kotlin.",1967,2026-08-25 00:00:00.000 +0530,,,,,,,,,,,,,,,,,855,
Sharad Sharma,Sharad,Sharma,https://www.linkedin.com/in/sharad-sharma-926021124,urn:li:member:513633774,sharad-sharma-926021124,Jaipur,Rajasthan,India,"Jaipur, Rajasthan, India",AIA Engineering Ltd,Manager Mill Liner Design and Projects,6-10yoe_global_indian,member_urn,"AIA Engineering Limited and Vega Industries specialise in the design, development, production, installation and servicing of High Chromium wear resistant parts for grinding equipment in industries like Cement, Mining and Quarry. With a legacy of more than 40 years, we have set benchmarks in quality, services and innovation, establishing a strong reputation as a global solution provider.",832,1978,Industrial Machinery Manufacturing,1261018,http://www.linkedin.com/company/aia-engineering-ltd,"Ahmedabad, Gujarat, India",,http://www.aiaengineering.com,,1/2026,false,https://media.licdn.com/dms/image/v2/D5603AQHVdM4Mog-uQw/profile-displayphoto-shrink_800_800/B56ZTIV418HEAg-/0/1738527969344?e=1788998400&v=beta&t=9Wwesc0joaAf8kaJ_heZjro_tFe_CgTqBKRFGGWM3d8,false,"Experienced Project Manager with a demonstrated history of working in the mining & metals industry. Skilled in AutoCAD, Operations Management, Engineering, Supply Chain Management, and Logistics Management. Strong engineering professional with a Bachelor’s Degree focused in Mechanical Engineering from IIT Dhanbad",136,2026-08-25 00:00:00.000 +0530,,,,,,,,,,,,,,,,,856,
Swapnil Chaudhary,Swapnil,Chaudhary,https://www.linkedin.com/in/swapnil-chaudhary-75897b99,urn:li:member:351764852,swapnil-chaudhary-75897b99,Delhi,,India,"Delhi, India",ICICI Bank,,6-10yoe_global_indian,member_urn,,,,,,,,,,,,false,https://media.licdn.com/dms/image/v2/C5103AQH5ysMW490Ygg/profile-displayphoto-shrink_100_100/profile-displayphoto-shrink_100_100/0/1522173306744?e=1788998400&v=beta&t=r_VgaaZr2n0yP5SqUJMqcfF1gScHicPOhOuWCFtK7w0,false,"Experienced Manager with a demonstrated history of working in the banking industry. Performing B2B and B2C sales roles in various industries such as Manufacturing-Steel, Pharmaceutical & Banking.Through Corporate Competitions, Internship and Live Projects I have also had experience in devising sales strategy for different kinds of markets. I have pursued a Master of Business Administration degree from Faculty of Management Studies - University of Delhi Majoring in Marketing and Finance Minor.",2307,2026-09-01 17:03:38.642 +0530,"Sales and Marketing professional with experience in B2B Sales, Key Accounts Management, Portfolio Management in BFSI Industry | Experience in Digital Marketing, Marketing Strategy, Business Strategy in F&B Industry",,,,,,,,,,,,,,,,1954,
Rahul Thakur,Rahul,Thakur,https://www.linkedin.com/in/rahul-thakur-604b12ab,urn:li:member:393926116,rahul-thakur-604b12ab,Gurgaon,Haryana,India,"Gurgaon, Haryana, India",airtel,Principal Software Architect,10+yoe_indian,member_urn,"Airtel was founded to provide global connectivity and unlock endless opportunities. Our organization embodies a unique blend of energy, innovation, creativity, dedication, scale, and ownership, all aimed at being limitless. At Airtel, we strive to go beyond our duties to create impactful solutions for our consumers. Our team is highly skilled and constantly growing, actively developing infrastructure to introduce cutting-edge technologies like 5G, IoT, IQ, and Airtel Black. We have successfully launched 5G services in over 5,000 cities and towns nationwide, with 10 million unique customers on the 5G network nationally. Airtel Black is another convenient consumer service that provides combined billing for family and friends under a single bill. We also offer enterprise solutions, including national and international long-distance services for carriers. With a subscriber base exceeding 574 million as of 2023, we are committed to delivering effective products that contribute to the realization of a 'Digital India', enabling millions of individuals to connect and thrive for a brighter future. Our presence spans 7,915 census and 802,577 non-census towns and villages, covering almost 96% of the country's population with 388,726 Rkms of optical fiber and an extensive distribution network of 1.2 million outlets. We've also implemented conservation initiatives that have saved 14,676 MWh of electricity, 4412 tonnes of paper through our e-bill initiatives, and recycled 3330 tonnes of e-waste. At Airtel, we believe in taking early ownership, delivering quality, and experimenting with various career paths to boost our trajectories and gain valuable insights into the business, making us the best in the industry. We are committed to creating the ultimate experience for our consumers while maintaining an ecological balance in the world.",106373,,Telecommunications,3583,http://www.linkedin.com/company/airtel,"Gurugram, Haryana, India","Mobile Voice & Data Services, Broadband (Fixed, 3G and 4G), Digital TV, Enterprise & International Carrier Services, Payments Bank, Music, Entertainment, and Internet TV",https://careers.airtel.com/,,10/2025,false,https://media.licdn.com/dms/image/v2/C4D03AQG-7pFlPGluwQ/profile-displayphoto-shrink_100_100/profile-displayphoto-shrink_100_100/0/1655266366925?e=1788998400&v=beta&t=0adBZMS1PoOlO3b7f_ON17T_yG5BXASVGjsH_Lg0c7E,false,"Principal Software Architect (GM) for devices RnD at Airtel. Previously, Program Manager, Capgemini Enginnering. Involved with routing gateway software development based on prplOS and prior to that, Vice President( Software R&D) at GX Group and Teamleader - network team at IOPSYS, involved in designing and delivering best in the world OpenWrt based solutions with IOWRT for residential gateways.",678,2026-08-25 00:00:00.000 +0530,,,,,,,,,,,,,,,,,859,
Vishal Donderia,Vishal,Donderia,https://www.linkedin.com/in/vishaldonderia,urn:li:member:180166401,vishaldonderia,Gurgaon,Haryana,India,"Gurgaon, Haryana, India",Airtel Africa Digital Labs,Senior Engineering Manager - Big Data & Analytics,founders,member_urn,"Airtel Africa Digital Labs is the digital force behind Airtel Africa, the leading provider of telecommunications and mobile money services in 14 countries across sub-Saharan, Central and Western Africa. Our fast-growing team build technology platforms and digital products that impact customers’ lives and fundamentally transform the way businesses operate. Our pioneering product development spans Analytics, Platforms, Digital Consumer Products, and Enterprise Product Engineering. The Airtel Africa Digital Labs team leverages the scale of the Airtel Africa business to develop cutting-edge solutions for more than 116 million customers across the continent. We are focused on solving complex problems with the latest technologies. Unprecedented opportunities abound in sub-Saharan, Central and Western Africa – and we’re committed to turning these into a reality. We are driven by the vision of bridging the digital divide and increasing financial inclusion, helping to transform the lives of people in the countries we serve. We build products that deliver financial empowerment and drive innovation across the entire customer experience, combining smarter technology with smarter thinking.",175,,"Technology, Information and Internet",68570774,http://www.linkedin.com/company/airtel-africa-labs,"Nairobi, Nairobi County, Kenya",,https://airtel.africa,,10/2023,false,,false,"I am a hands-on technical leader who thrives on creating products from the ground up. With over a decade of experience in software development and leadership roles, I bring a unique combination of technical expertise and strategic vision to every project I undertake. My journey spans working with large data companies, where I have built and delivered innovative solutions that align with both business objectives and customer needs. My expertise lies in big data technologies, product development, and designing scalable, highly available systems. I am passionate about coding and remain actively involved in solving complex technical challenges, optimizing features, and driving innovation. Whether it's designing new features, troubleshooting performance bottlenecks, or mentoring teams, I believe in leading by example and staying at the forefront of technology. Professional Highlights 10+ years of experience in individual contributions, technical leadership, and project management. Extensive expertise in Big Data & Analytics (Hadoop, Spark, Hive, Presto), Machine Learning, and Telecom solutions. Proven ability to design and implement scalable, distributed systems with a focus on performance and reliability. Passion for team building, agile methodologies (Scrum/Agile), and fostering a culture of collaboration and innovation. Technical Expertise Distributed Computing: Hadoop, HDFS, Yarn, Spark, Giraph Programming Languages: Core Java, Python, C++, React, PIG, Data Structures, and Algorithms Databases: HBase, Postgres, Redis, MongoDB Operating Systems: Linux, Unix Miscellaneous: Multi-threading design, Performance Improvements, Automated Voice Recognition Leadership Approach I believe in creating products that are not just technically robust but also user-friendly and practical. My leadership style emphasizes delivery management, team empowerment, and a focus on continuous improvement. With a deep understanding of customer needs and business goals, I aim to leverage technology to streamline operations, drive growth, and make a meaningful impact in the market. I am always looking to tackle new challenges, explore emerging technologies, and collaborate with like-minded professionals. If you're passionate about innovation and building impactful products.",2621,2026-08-25 00:00:00.000 +0530,,,,,,,,,,,,,,,,,860,
Priyanka Chhabra,Priyanka,Chhabra,https://www.linkedin.com/in/priyanka-chhabra-2399a2135,urn:li:member:554857677,priyanka-chhabra-2399a2135,Ambala,Haryana,India,"Ambala, Haryana, India",,PGT Chemistry,6-10yoe_global_indian,member_urn,,,,,,,,,,,,false,https://media.licdn.com/dms/image/v2/C5103AQFyZTPewU3yZg/profile-displayphoto-shrink_100_100/profile-displayphoto-shrink_100_100/0/1575894003468?e=1788998400&v=beta&t=HjkR1SBYhFwTTuU8uAeYqzO-1_MSI6RbeP_tEG3wUJE,false,"I m working as an Educator for various competitive Examinations like IIT JEE , NEET , IIT JAM etc specifically teaching Chemistry .My interest lies in dancing and debating.I m very much fond of writing on the subjects based on practical life ,ethics and morality .",2318,2026-09-01 17:03:38.642 +0530,"Masters in Chemistry  at Indian Institute of Technology (Indian School of Mines), Dhanbad",,,,,,,,,,,,,,,,,
Chandan Kumar,Chandan,Kumar,https://www.linkedin.com/in/chandan-kumar-84a51612,urn:li:member:43080250,chandan-kumar-84a51612,Bengaluru,Karnataka,India,"Bengaluru, Karnataka, India",,Consultant Geologist,10+yoe_global,member_urn,,,,,,,,,,,,false,https://media.licdn.com/dms/image/v2/C5603AQGXd7H8wWzscQ/profile-displayphoto-shrink_100_100/profile-displayphoto-shrink_100_100/0/1644657113191?e=1788998400&v=beta&t=wWTEzqSN8kBmkn2Ojvy5UEzSpVmtTp8xC1JNnNICHic,false,"Worked with De Beers India, De Beers Canada (FalC), De Beers Botswana and Tawana Resources NL and gained multidisciplinary skills related to diamond exlploration from Early to Advance Stages. Managing Projects and people towards quick turnaround of ground available for exploration. Specialties: Early stage prospecting, Drilling (Reconnaissance and Advance stage), Ground geophysics data acquisition, processing and interpretation",2326,2026-09-01 17:03:38.642 +0530,Consultant Geologist,,,,,,,,,,,,,,,,,
JAYAKUMAR PICHAI IYER,JAYAKUMAR,PICHAI IYER,https://www.linkedin.com/in/jayakumar-pichai-iyer-9424502b,urn:li:member:105609794,jayakumar-pichai-iyer-9424502b,,,India,India,,GENERAL MANAGER (GEOLOGY),10+yoe_global,member_urn,,,,,,,,,,,,false,https://media.licdn.com/dms/image/v2/C5603AQEzqG0RFrXY8Q/profile-displayphoto-shrink_100_100/profile-displayphoto-shrink_100_100/0/1516196242877?e=1788998400&v=beta&t=qspPLR_S9n4jNqgwtjcUGKjXM9an8HbSwoIF-PqxicE,false,"Done BSc in Geology from National college, Tiruchirapalli in the year 1977. Passed out in Msc in Geology from Presidency college, Madras (Now Chennai.), Tamil Nadu in the year 1979. Joined as Junior Research Fellow at Indian School of Mines, Dhanbad, while continuing Research did M.Phil in Applied Geology. Joined in Coal India in the year 1982 Feb, initially for 5 years in Central Coalfields Ltd (A Subsidiary of Coal India Ltd), then continued in CMPDI from July 1987 upto Oct 2017 and retired as General Manager Geology at Nagpur",2407,2026-09-01 17:03:38.642 +0530,GENERAL MANAGER GEOLOGY (Retd) from Coal India Ltd (CMPDI),,,,,,,,,,,,,,,,,
Basudeb Sarkar,Basudeb,Sarkar,https://www.linkedin.com/in/basudeb-sarkar-51517418,urn:li:member:60121313,basudeb-sarkar-51517418,Mumbai,Maharashtra,India,"Mumbai, Maharashtra, India",Oil and Natural Gas Corporation Ltd,,10+yoe_global,member_urn,,,,,,,,,,,,false,https://media.licdn.com/dms/image/v2/C4E03AQEpMxVqyvVGSA/profile-displayphoto-shrink_100_100/profile-displayphoto-shrink_100_100/0/1557570693140?e=1788998400&v=beta&t=tsqTE7N572BnxW03G1RGVmJm8fuv28mQP5qH1znKdvo,false,"I had been in oil and gas upstream industry for last 35 years. Worked in Offshore platform as shift engineer/ shift incharge , R&D Institute, Onshore installation as Location Manager, Process Engineer carrying out design and engineering of onshore and offshore installation and presently working as Engineering Manager of 3 major offshore and onshore installations.",2379,2026-09-01 17:03:38.642 +0530,Chief General Manager(Production) at ONGC,,,,,,,,,,,,,,,,2245,
Tapas Kumar Chatterjee,Tapas Kumar,Chatterjee,https://www.linkedin.com/in/tapas-kumar-chatterjee-b6bab622,urn:li:member:80364035,tapas-kumar-chatterjee-b6bab622,,,Mumbai Metropolitan Region,Mumbai Metropolitan Region,,Earth Science Department,10+yoe_global,member_urn,,,,,,,,,,,,false,https://media.licdn.com/dms/image/v2/C4D03AQFJDXT1sJfI9w/profile-displayphoto-shrink_100_100/profile-displayphoto-shrink_100_100/0/1516997081667?e=1788998400&v=beta&t=RltH1Fj4nfdwGq9qS50DJtCQPPYES35x0GModb-Jz6Q,false,"More than 27 yrs experience as Geologist in Petroleum Exploration in Indian Basins . Working experience Specialist Micropaleontologist and biostratigrapher in all major sedimentary basins. Interest to integrate and interpret Subsurface stratigraphy for Exploration in New areas.Interested to work with Jurassic and Older age group of sediments. Specialties: Identification of Hiatus (long and short duration) in well section , calculation of span of hiatus,demarcation of MFS in well section and Transgrassive-Regressive cycles,subsurface correlation with Integration of well logs and biosratigraphic data.",2446,2026-09-01 17:03:38.642 +0530,Ex.Chief Geologist at ONGC,,,,,,,,,,,,,,,,,
Arun Kumar Sethi,Arun Kumar,Sethi,https://www.linkedin.com/in/arun-kumar-sethi-b8329a17,urn:li:member:57436947,arun-kumar-sethi-b8329a17,Delhi,,India,"Delhi, India",,Ex Domain Expert Petroleum Geology,10+yoe_global,member_urn,,,,,,,,,,,,false,https://media.licdn.com/dms/image/v2/C4D03AQF2ZnVkGtTJ8A/profile-displayphoto-shrink_100_100/profile-displayphoto-shrink_100_100/0/1656580894491?e=1788998400&v=beta&t=nqNFXq-_lsA9gr9mBXx-MP01J7YN3kwubUkXmHMbC7I,false,"Experienced Exploration Geologist and having good experience in oil and gas Development as well. Demonstrated history of working in the oil & energy industry. Skilled in Petroleum, Field Development, Gas, Geology, and Energy Industry. Strong consulting professional with a Master of Technology (M.Tech.) focused in Mineral Exploration from Indian School of Mines.",2420,2026-09-01 17:03:38.642 +0530,Ex Domain Expert Petroleum Geology at Oil India Limited,,,,,,,,,,,,,,,,,
Samudra Mitra,Samudra,Mitra,https://www.linkedin.com/in/samudra-mitra-a0862855,urn:li:member:195638696,samudra-mitra-a0862855,Birbhum,West Bengal,India,"Birbhum, West Bengal, India",,Consultant,6-10yoe_global_indian,member_urn,,,,,,,,,,,,false,https://media.licdn.com/dms/image/v2/C5103AQGj2-JozIGP8g/profile-displayphoto-shrink_100_100/profile-displayphoto-shrink_100_100/0/1516865161961?e=1788998400&v=beta&t=4i1yBzsktiDjo1ulW1lW2wTY82BoqwkHtdcs3OVF4us,false,"Worked with Mineral Exploration Corporation Ltd. for 34 years in different Geographical and Geoenvironmental conditions for Coal, Lignite , Iron Ore and Base metal exploration . Expertise in both Surface as well as Borehole Geophysics. Retired as General Manager (Geological Services).",2477,2026-09-01 17:03:38.642 +0530,--,,,,,,,,,,,,,,,,,
Anil Kumar Pal,Anil Kumar,Pal,https://www.linkedin.com/in/anil-kumar-pal-970913157,urn:li:member:632309412,anil-kumar-pal-970913157,Ranchi,Jharkhand,India,"Ranchi, Jharkhand, India",,"EX-General Manager(Mines)I/C,  SAIL",10+yoe_global,member_urn,,,,,,,,,,,,false,https://media.licdn.com/dms/image/v2/C5103AQHD3pSM5haA7w/profile-displayphoto-shrink_100_100/profile-displayphoto-shrink_100_100/0/1578748321412?e=1788998400&v=beta&t=g4cQbKqsvppEXatNCCjjUGm5tzo8GU_AoexGK99rkVs,false,"1. Offered more than 38 years of experience in leadership role at various mines of Iron ore, Limestone and Dolomite at SAIL 2. Successfully planned and opened a new 2.0 mt (million tone) Iron ore mines at TALDIH in Koira sector of Odisha with Rly. siding facility in year 2016. 3. Successfully augmented capacity of Barsua Iron ore mines to 4.0 million ton through plant modification and proper alignment of drainage system to mitigate the perennial problem. 4. Attended abroad training on advanced mining in Australia organized by BHPE-KINHILL.",2473,2026-09-01 17:03:38.642 +0530,General Manager (Mines) I/C at Steel Authority of India Limited,,,,,,,,,,,,,,,,,
Archit Tripathi,Archit,Tripathi,https://www.linkedin.com/in/tripathi-archit,urn:li:member:66698499,tripathi-archit,Bengaluru,Karnataka,India,"Bengaluru, Karnataka, India",,"Consultant ? Upstream Operations, Digital Operations & Product Development",10+yoe_global,member_urn,,,,,,,,,,,,false,https://media.licdn.com/dms/image/v2/D5603AQGAP0JIuSinsQ/profile-displayphoto-scale_100_100/B56ZqyHKF8H8Ag-/0/1763924812959?e=1788998400&v=beta&t=QPNYboqtWbPsu9u9EWLJWjL9B7znEyGoxGGRtOogJWs,false,"Petroleum engineer with 14 years of experience in production and artificial lift optimization, well interventions, well completions, surveillance and stimulation workflows. I combine deep upstream domain expertise with hands-on work in digital operations, workflow automation, AI-enabled execution systems, and software product development.I have supported operations across conventional, tight oil, tight gas and CO2 EOR fields, while delivering projects in digital workflow design, process automation modules, and stakeholder engagement across energy and tech. Focused on digital operations, integrated operations, technical centers, and operational excellence.",2484,2026-09-01 17:03:38.642 +0530,Production Optimization | Digital Operations & Workflow Automation | Stimulation & Interventions | Operational Excellence | Product & Strategy,,,,,,,,,,,,,,,,,
Harsh Rai,Harsh,Rai,https://www.linkedin.com/in/harsh-rai-643795111,urn:li:member:470737491,harsh-rai-643795111,Kolkata,West Bengal,India,"Kolkata, West Bengal, India",,Entrepreneur,6-10yoe_global_indian,member_urn,,,,,,,,,,,,false,https://media.licdn.com/dms/image/v2/D5603AQHiX3oiK-yeag/profile-displayphoto-shrink_100_100/profile-displayphoto-shrink_100_100/0/1714654496894?e=1788998400&v=beta&t=1JRG0EwXJR30OwgBdOYuBETJycD0R5_y0g7hyoeBrhc,false,"I help people get healthy to lose weight , adding extra years to their life . A Weight Loss Coach Helps working professional having sedentary lifestyle lose weight from the comfort of their home Helps in Post Pregnancy Weight loss Helps Women to heal PCOS Helps in Diabetes Type 2 & Thyroid Reversal Fix Rootcause Body Science Transforming life one at a time Ph no 8318468665 (WhatsApp) On Instagram as @meliorafitreat On fb as Www.facebook com/Harsh Rai Our community Www.facebook.com/ReshapeNation",2461,2026-09-01 17:03:38.642 +0530,"Weight loss coach & Nutritionist

PCOS | Thyroid | Fatty Liver | Diabetes Reversal 
5000+ clients across 10+ countries
DM for Guidance & Consultations",,,,,,,,,,,,,,,,,
Dr. Santanu Banerjee,Dr. Santanu,Banerjee,https://www.linkedin.com/in/dr-santanu-banerjee-760042273,urn:li:member:1119831480,dr-santanu-banerjee-760042273,Ranchi,Jharkhand,India,"Ranchi, Jharkhand, India",,Chief Manager (Geology)   in  CMPDIL  a  subsidiary  of  Coal  India  Limited,10+yoe_global,member_urn,,,,,,,,,,,,false,https://media.licdn.com/dms/image/v2/D4E03AQHQRdq1YB9qfg/profile-displayphoto-shrink_100_100/profile-displayphoto-shrink_100_100/0/1681810702750?e=1788998400&v=beta&t=LyN7OkjmrMnljBAoXMLd2VGoJuK82bE7pjwGSyLA3UM,false,"(i) My Role as Exploration & Mining Geologist – for association, supervision & guiding Geological Report preparations of coal blocks so as to take up the mining activities. (ii) I have prepared and actively associated in no. of Geological Reports preparation and vetting/ examination of Geological Reports for acceptance of those reports by Ministry of Coal of different coal blocks of various Coalfields of India and for other minerals also. (iii) I have performed /accomplished various kind of managerial jobs relating to geological, geo- mining auditing, with context to Mineral & Mining Legislations and allied jobs related to tendering /cost committee estimation for outsourcing of Coal Blocks for their development. I was the accepting authority of drilling bills of assigned areas, replying to queries of CAG audit, RTI and interaction & participating in review meetings with Government & private agencies related to exploration & development of coal blocks. (iv) Apart from the jobs of coal exploration and assignments related to coal mining activities related to considerations of geological & hydrogeological factors and aspects, from time to time I took classes as a FACULTY for Technology Skill development programmes of Management Trainees of Coal India Limited. (v) I have successfully Headed & Led the department of Exploration and its Geological, Geophysical & Hydrogeological wings of Regional Institute-3 at Ranchi. (vi) In HQ, I carried out various jobs, assigned by Ministry of Coal to CMPDIL, and also participated and attended Inter-Ministerial Group monthly meetings, chaired by Adl. Secretary, Govt. of India, Ministry of Coal, at New Delhi concerning previously allotted coal blocks. (vii) On attaining 60 years of age, I retired from the services of CIL & CMPDIL on 31.01.2023. (viii) I have excellent aptitude to deliver the expertise in field of educational fronts as Professor of Practice and allied activities (as a Faculty in Geoscience & Engineering Geology) / for non- teaching executive positions . (ix) I have the administrative intelligence to take up Non-Teaching Executive positions for all round co-ordinations in institutions at various level for liaison, interact, follow up with various departments .",2510,2026-09-01 17:03:38.642 +0530,Ex-Chief Manager Geology at CMPDI (Central Mine Planning & Design Institute) a subsidiary of Coal India Limited,,,,,,,,,,,,,,,,,
kanak ghosh,kanak,ghosh,https://www.linkedin.com/in/kanak-ghosh-80a3b92b,urn:li:member:105500746,kanak-ghosh-80a3b92b,West Bengal,,India,"West Bengal, India",,Web Developer,6-10yoe_global_indian,member_urn,,,,,,,,,,,,false,https://media.licdn.com/dms/image/v2/C5603AQE0ulIhFvQjGg/profile-displayphoto-shrink_100_100/profile-displayphoto-shrink_100_100/0/1637346406805?e=1788998400&v=beta&t=NAjDHkBJfliukmhteKnnm4jdHpeYrMjrPrd-yqJYLzk,false,"I was worked as web developer and worked in own web site for about several years. During my tenure at Larsen and Toubro, I have worked as a senior web developer on digital marketer. My experience includes preparation of Detailed Project Report, Contract negotiations, Client liaisoning etc",2480,2026-09-01 21:00:56.853 +0530,Student at Indian School of Mines,,,,,,,,,,,kanakg62@gmail.com,,,,,,
Muthukumar K,Muthukumar,K,https://www.linkedin.com/in/muthukumar-k-7a061119,urn:li:member:64222248,muthukumar-k-7a061119,Gurgaon,Haryana,India,"Gurgaon, Haryana, India",,Lead Civil Engineer,10+yoe_global,member_urn,,,,,,,,,,,,false,https://media.licdn.com/dms/image/v2/C4D03AQEUbFaHS4VbWQ/profile-displayphoto-shrink_100_100/profile-displayphoto-shrink_100_100/0/1516812967445?e=1788998400&v=beta&t=fCdVwoAH3xOrn1Q6iOcUFfyax0PqX_0KrNeU5jNIHrw,false,"Experienced Civil Engineer with a demonstrated history of working in the energy sector. Skilled in the construction of Thermal Power Plants,from concept to commissioning. Strong engineering professional with a Master of Business Administration (MBA) .",2474,2026-09-01 17:03:38.642 +0530,Civil Engineering Professional,,,,,,,,,,,,,,,,,
"Dr. M. C. Dubey ,MBA, MTech, PhD",Dr. M. C. Dubey,",MBA, MTech, PhD",https://www.linkedin.com/in/dr-m-c-dubey-mba-mtech-phd-204719124,urn:li:member:515367652,dr-m-c-dubey-mba-mtech-phd-204719124,Ahmedabad,Gujarat,India,"Ahmedabad, Gujarat, India",Oil and Natural Gas Corporation Ltd,,10+yoe_global,member_urn,,,,,,,,,,,,false,https://media.licdn.com/dms/image/v2/C5103AQHpxVg9FOH03g/profile-displayphoto-shrink_100_100/profile-displayphoto-shrink_100_100/0/1517382186929?e=1788998400&v=beta&t=ulFaHjUKypvPIzpq81sE9rRuMxBBgidTvASdLTjoolw,false,Total 36+ years of work experience in ONGC with different role & responsibilities at various work centres & Capacities,2518,2026-09-01 17:03:38.642 +0530,Dy GM at Oil and Natural Gas Corporation Ltd,,,,,,,,,,,,,,,,2245,
Dr. Smarajit Sengupta,Dr. Smarajit,Sengupta,https://www.linkedin.com/in/dr-smarajit-sengupta-18841754,urn:li:member:192131384,dr-smarajit-sengupta-18841754,Bengaluru,Karnataka,India,"Bengaluru, Karnataka, India",,President Projects,10+yoe_global,member_urn,,,,,,,,,,,,false,https://media.licdn.com/dms/image/v2/C5103AQFgFpilygn0Tw/profile-displayphoto-shrink_100_100/profile-displayphoto-shrink_100_100/0/1516741269283?e=1788998400&v=beta&t=6gNH9yIN86EdUggk7TYO7Ft5k2c_4O_OX-dWo8e6R_Y,false,"Dr.S.Sengupta is a specialist in rock mechanics, field instrumentation and stress related problems including field stress measurements by various methods. He has a career spanning more than 35 years. After a stint with Hidustan Zinc Limited as Senior Rock Mechanics Engineer for 12 years, in 1990 he moved to National Institute of Rock Mechanics, a premier research and development institute in Rock Mechanics in India, and helped set up and grow its Geotechnical Engineering Department. After 23 years of service in National Institute of Rock Mechanics , he moved to Mesy India in 2014. His main job includes creating Rock Mechanics section in providing engineering services in niche areas of civil engineering and mining. At present he is working with M/s Geo Techniques a Hyderabad based company and also advisers to few companies including Mesy India Dr. Sengupta has published over 100 papers in refereed journals and conference proceedings. He is on Governing Council of International Society of Rock Mechanics (India) for 2008-2011 and again 2011 -2014 Specialties: Geotechnical and Rock Mechanics investigations",2514,2026-09-01 17:03:38.642 +0530,Independent Rock Mechanics Consultant,,,,,,,,,,,,,,,,,
Romika Sachdeva,Romika,Sachdeva,https://www.linkedin.com/in/romika-sachdeva-7a45567,urn:li:member:22261228,romika-sachdeva-7a45567,Noida,Uttar Pradesh,India,"Noida, Uttar Pradesh, India",,Personal goal pursuit,10+yoe_global,member_urn,,,,,,,,,,,,false,https://media.licdn.com/dms/image/v2/C5103AQGrLmxInGKfKg/profile-displayphoto-shrink_100_100/profile-displayphoto-shrink_100_100/0/1544128481160?e=1788998400&v=beta&t=3acp_x4RfzKQRoyv893lKYm2So7xZzIdc99rVD49Yu0,false,"I am a dedicated HR professional with over 14 years of experience in formulating strategies that align HR practices with business goals. My expertise in employee engagement, talent acquisition, and development has enabled companies to improve their organizational culture and productivity. I thrive in dynamic environments where I can bridge gaps between management and employees, ensuring a harmonious workplace",2563,2026-09-01 17:03:38.642 +0530,"HR professional | Ex. Pepsico, Ex Eaton corporation,  Ex voestalpine",,,,,,,,,,,,,,,,,
Sachindranath Bhattacharjee,Sachindranath,Bhattacharjee,https://www.linkedin.com/in/sachindranath-bhattacharjee-9699a317,urn:li:member:59187105,sachindranath-bhattacharjee-9699a317,Kolkata,West Bengal,India,"Kolkata, West Bengal, India",,,10+yoe_global,member_urn,,,,,,,,,,,,false,https://media.licdn.com/dms/image/v2/C4D03AQHlgpI4Dhsgug/profile-displayphoto-shrink_100_100/profile-displayphoto-shrink_100_100/0/1516768689007?e=1788998400&v=beta&t=oBEzHnYJRAfpmTBbC9XWJ2c30GrD8LLW3ciS85HfJBs,false,"A result oriented professional with 21+ years of relevant IT experience starting from strategic-minded Program & IT Program Manager / Delivery Manager with a strong background in SDLC, Business Operations, Project Planning & Coordination and Communications. Excellent Change Management & Leadership skills. Specialization in Business Transformation & Performance Optimization.",2524,2026-09-01 17:03:38.642 +0530,Global Delivery Head - Energy Domain & Consulting at WIPRO LIMITED,,,,,,,,,,,,,,,,,
Dr P C Jha,Dr P C,Jha,https://www.linkedin.com/in/dr-p-c-jha-84307316,urn:li:member:53899251,dr-p-c-jha-84307316,Bengaluru,Karnataka,India,"Bengaluru, Karnataka, India",,,10+yoe_global,member_urn,,,,,,,,,,,,false,https://media.licdn.com/dms/image/v2/D5603AQEBGxJh8mkzKQ/profile-displayphoto-shrink_100_100/profile-displayphoto-shrink_100_100/0/1695489657542?e=1788998400&v=beta&t=TeuOzuFgf3bzgGtA8AQ4Lll-h5UBp9vtlE_d1FBB-zE,false,"Since 33 years (1990-2023) of my association with NIRM, I worked in various capacity in geophysics - microseismic monitoring and engineering geophysics, administration & establishment, project management and planning, organising executive training programs etc. I completed ovet 180 sponsored projects, three S&T projects and one International project. In addition, I also organised one national and one International conference, guided and produced five Ph.Ds. My areas of expertise include all types of GPR survey including guided profiling from single borehole, Frequency Domain Attenuation Tomography (FDAT), 3D-tomography and tomography across non-parallel boreholes; microseismic monitoring for dynamic stability evaluation; defect mapping and characterization; foundation evaluation for building and structures; stability analysis; subsidence studies; vibration data recording and analysis for damage indices - both active and passive (fatigue); and forensic investigations for critical failures; seismic tomography, resistivity imagining; MASW survey for ground stiffness, settlement, liquefaction & compaction analysis, & microzonation for subsidence prone regions. I am ember of various professional societies & bodies like SSA, ISRM, ISNT, CSI, IGU, ISOI, ISET, IGS, MEAI etc.",2640,2026-09-01 17:03:38.642 +0530,Ex-Scientist (Engineering Geophysics) from NIRM,,,,,,,,,,,,,,,,,
Dr. Anand Mohan Yadav,Dr. Anand Mohan,Yadav,https://www.linkedin.com/in/dr-anand-mohan-yadav-a17aa95b,urn:li:member:214717555,dr-anand-mohan-yadav-a17aa95b,Kheri,Uttar Pradesh,India,"Kheri, Uttar Pradesh, India",,Senior Application Engineer,10+yoe_global,member_urn,,,,,,,,,,,,false,https://media.licdn.com/dms/image/v2/C5103AQHM3epO1mZjmg/profile-displayphoto-shrink_100_100/profile-displayphoto-shrink_100_100/0/1517609085177?e=1788998400&v=beta&t=-pFcXKimjkYB8CSb5mSBAz1JXKyGOlt6unsvsLKjQ0A,false,Working on Fine Particle Processing,2663,2026-09-01 17:03:38.642 +0530,IIT-ISM Dhanbad,,,,,,,,,,,,,,,,,
Arun Prasad,Arun,Prasad,https://www.linkedin.com/in/arun-prasad-90ab26390,urn:li:member:1615221658,arun-prasad-90ab26390,,,India,India,Indian Oil Corp Limited,STATE FUNCTIONAL HEAD,10+yoe_global,member_urn,,,,,,,,,,,,false,https://media.licdn.com/dms/image/v2/D4D03AQHmsa4g3Ry-Nw/profile-displayphoto-scale_200_200/B4DZ_GfMp0IoAc-/0/1785741497950?e=1788998400&v=beta&t=_q5r_m1MMOfH9DPifhOXTeZON1XFE4iMFlQtdKqXdHE,false,"A seasoned management professional with more than 32 years of leadership experience in engineering, operations, sales, and supply chain management, complemented by ongoing doctoral research in Agribusiness Supply Chain Management in India with special reference to Jharkhand. Possesses extensive expertise in teaching and mentoring, sales and marketing management, industrial engineering, operations strategy, and organizational leadership.Served with Indian Oil Corporation Limited (1992–2023) in several key leadership positions, including LPG Bottling Plant In-charge, LPG Sales In-charge, and State LPG Head (General Manager). Successfully led large-scale engineering, operations, and sales functions, implemented major Government of India initiatives such as Direct Benefit Transfer (DBT) and Pradhan Mantri Ujjwala Yojana (PMUY), and directed the establishment of three new LPG bottling plants in Uttar Pradesh and Bihar. Earlier professional experience includes serving as an Industrial Engineer at Eastern Coalfields Limited, focusing on industrial process optimization and project coordination.Academic interests encompass Sales and Marketing, Operations and Project Management, Supply Chain Management, and Agribusiness Supply Chain Systems. Research contributions include a Scopus-indexed publication on the agribusiness supply chain scenario in India with special reference to Jharkhand, a conference presentation at the 9th Biennial Supply Chain Management Conference at IIM Bangalore (2025), and the award-winning M.Tech case study, ""Optimal Planning for Coal Transportation – A Case Study,"" published in the Industrial Engineering Journal (NITIE Mumbai, 1992).Combining extensive industry leadership with academic research, brings a unique perspective that integrates practical supply chain management, public policy implementation, operational excellence, and sustainable agribusiness development. The current doctoral research aims to contribute innovative insights into technology-enabled, resilient, and sustainable agribusiness supply chains in India, with a particular focus on the challenges and opportunities in Jharkhand.",2698,2026-09-01 17:03:38.642 +0530,"Doctoral Researcher in Agribusiness Supply Chain Management (BIT Mesra) | Former GM, Indian Oil Corporation | 32+ Years in Operations, Supply Chain & Sales Leadership | Scopus-Published Author",,,,,,,,,,,,,,,,1995,
Hruday Ranjan Sinha,Hruday Ranjan,Sinha,https://www.linkedin.com/in/hruday-ranjan-sinha-99440b10,urn:li:member:36847552,hruday-ranjan-sinha-99440b10,Bhubaneswar,Odisha,India,"Bhubaneswar, Odisha, India",Essar Oil and Gas Limited,Consultant Exploration ( Essar Oil and Gas exploration and production Ltd.),10+yoe_global,member_urn,,,,,,,,,,,,false,https://media.licdn.com/dms/image/v2/C5603AQGhG888ZmO8kQ/profile-displayphoto-shrink_100_100/profile-displayphoto-shrink_100_100/0/1517721492585?e=1788998400&v=beta&t=SMGQPMkZY8WdA_X3PWLnuNFaveYD6IHHxokWikZqM9k,false,"Oil & Gas, Basin Analysis, Petroleum system Analysis, Petroleum prospect generation, Resource prognosis and estimation,Coal Bed Methane (CBM), Shale Gas, Mature and Brownfield Production Enhancement.",2684,2026-09-01 17:03:38.642 +0530,"Oil& Gas Consultant with Exploration and development  experience in basins of Assam Arakan, KG,Camby,Kutch Sourashtra,BarmerSanchore etc,(Basin Analysis,Petroleum system analysis, Reservoir characterization,CBM&Shale Gas",,,,,,,,,,,,,,,,1808,
Mohammad Mustafa,Mohammad,Mustafa,https://www.linkedin.com/in/mohammad-mustafamecheng,urn:li:member:364513023,mohammad-mustafamecheng,,,India,India,,Mechanical Engineer,10+yoe_global,member_urn,,,,,,,,,,,,false,https://media.licdn.com/dms/image/v2/D4E03AQHqiACRF39hbA/profile-displayphoto-shrink_100_100/profile-displayphoto-shrink_100_100/0/1684552028016?e=1788998400&v=beta&t=4lThxvotaqK_8Sk9CHLbRiwyN28yVVR7eQxy5lErvXo,false,"Associated with 9+ years of(MECHANICAL MAINTAINENCE) experience in STATIC EQUIPMENT[Shell and Tube Heat Exchanger,Fin Fan,Plate Type H.E,Spiral Type H.E,Pressure Vessel,Distillation column] and ROTARY EQUIPMENT [Pumps,Compressor,Blower etc] of Oil and Gas Refinery, Petrochemical Plant,Effuluent Treatment Plant,Desalination Plant. Additionally I also have experience in super critical power plant coal fired boiler maintainence job[ Pressure part 1st and 2nd,Burner Replacement,Air preheater,Duct and Damper,Fan,Coal pipe bend replacement etc]",2758,2026-09-01 17:03:38.642 +0530,Mechanical Engineer |Mechanical Maintenance Engineer| Static and Rotary Equipment|Oil and Gas|Petrochemical Plant|Desalination Plant,,,,,,,,,,,,,,,,,
Sandeep Kumar Sahoo,Sandeep Kumar,Sahoo,https://www.linkedin.com/in/sandeep-kumar-sahoo-48253433b,urn:li:member:1431600290,sandeep-kumar-sahoo-48253433b,Talcher,Odisha,India,"Talcher, Odisha, India",,Assistant Professor,6-10yoe_global_indian,member_urn,,,,,,,,,,,,false,https://media.licdn.com/dms/image/v2/D5603AQGeVMaZwpxr0g/profile-displayphoto-scale_200_200/B56Z7Qxu9xGUAc-/0/1781619159205?e=1788998400&v=beta&t=rWA0yjnGzBAxSv3MWKbNd0Q_b7iG3vpUlJ9Lf2QIYHs,false,,2754,2026-09-01 17:03:38.642 +0530,"Assistant Professor at Department of Mining Engineering , GCE Keonjhar",,,,,,,,,,,,,,,,,
Manab Das,Manab,Das,https://www.linkedin.com/in/manab-das-ism,urn:li:member:46325691,manab-das-ism,Kolkata,West Bengal,India,"Kolkata, West Bengal, India",,Caregiving,10+yoe_global,member_urn,,,,,,,,,,,,false,https://media.licdn.com/dms/image/v2/D4D03AQGm14UY8473rw/profile-displayphoto-scale_100_100/B4DaAap1_eK4AY-/0/1787153573122?e=1788998400&v=beta&t=JGxOlm7Sg2LJU-DOZe4BSQcrUL9_SdEmFJ5n3xJ8vp8,false,"Environmental Scientist & Senior Researcher | Ph.D. (IIT ISM Dhanbad) | Expert in Phytoremediation & Sustainable Industrial ReclamationWith over 8 years of core research experience at The Energy and Resources Institute (TERI) and a Ph.D. from IIT (ISM) Dhanbad, I specialize in turning industrial liabilities into ecological assets. My work focuses on the biological restoration of degraded lands, including fly ash ponds, copper mine tailings, and phosphogypsum dumps.Throughout my tenure at TERI, I progressed from Research Associate to Fellow, leading multi-lateral projects and implementing green solutions across India. My technical toolkit includes international training in Bio-refining (France) and LCA/SimaPro (Switzerland), alongside expertise in ISO 9001:2008 Quality Management Systems.Why I am returning to the workforce:After a planned career break to focus on family—during which I remained academically active with publications in Springer Nature (2022)—I am now eager to re-enter the professional space. I am looking for leadership roles where I can apply my expertise in Nature-Based Solutions (NbS), ESG Frameworks, and Sustainable Waste Management to help organizations meet their climate and sustainability goals.Core Expertise:Industrial Waste Greening: Fly ash, Mine Tailings, Chlor-alkali Sludge.Biotechnology: Mycorrhizal technology and heavy metal attenuation.Analytical Research: Environmental sample analysis (AAS, CHNS) and Research Dissemination.Mentorship: Supervised M.Tech/B.Tech dissertations and peer-reviewed international journals.I am open to opportunities in Research & Development, Environmental Consultancy, and Corporate Sustainability (ESG). Let’s connect to discuss how we can build a more sustainable future together.",2722,2026-09-01 17:03:38.642 +0530,"Senior Environmental Scientist | Ph.D. (IIT ISM Dhanbad) | Ex-Fellow at TERI | Expert in Phytoremediation, Industrial Waste Reclamation",,,,,,,,,,,,,,,,,
Ashok Kumar Singh,Ashok Kumar,Singh,https://www.linkedin.com/in/ashok-kumar-singh-29984358,urn:li:member:205126101,ashok-kumar-singh-29984358,Bengaluru,Karnataka,India,"Bengaluru, Karnataka, India",,Rajiv Gandhi Chair Professor,10+yoe_global,member_urn,,,,,,,,,,,,false,https://media.licdn.com/dms/image/v2/C5103AQHq14XG6vidQQ/profile-displayphoto-shrink_100_100/profile-displayphoto-shrink_100_100/0/1517063127192?e=1788998400&v=beta&t=6zGl3yq8OoejhHjdTHf2FR7CiW17G5uQiF03_Nifjnc,false,"More than four decades of experience in the fields of exploration,mine planning ,development, EIA/EMP, project management, Coal Bed Methane, Risk Assessment, Disaster Management and Safety,Mechanised opencast and underground mining , coal mine fires , eco-restoration of mined out areas .Widely traveled all over the major countries and have published number of technical papers in peer reviewed journals. Presently working as Chair Professor in IIT(ISM), Dhanbad in Environmental Sc and Engg dept.",2747,2026-09-01 17:03:38.642 +0530,"Ex CMD, CMPDI/MCL/SECL
Former Chair Prof, Dept of ESE, IIT( ISM), Dhanbad",,,,,,,,,,,,,,,,,
A K Singh,A K,Singh,https://www.linkedin.com/in/a-k-singh-5041b966,urn:li:member:233399956,a-k-singh-5041b966,Delhi,,India,"Delhi, India",,General Manager & Head - Env.,10+yoe_global,member_urn,,,,,,,,,,,,false,https://media.licdn.com/dms/image/v2/C5603AQGTowASr1I86g/profile-displayphoto-shrink_100_100/profile-displayphoto-shrink_100_100/0/1517270095622?e=1788998400&v=beta&t=6NM_ZDoBIETTq9b30oco6qzp3Mx9gF1PBgZ7iXJAXns,false,"A highly qualified and highly experienced Environment Professional with - M.Tech (Env.Engg.), Ist class with Distinction from ISM (IIT) Dhanbad , a world renowned premier institute of India. B.Tech (Chem.Tech) from HBTI Kanpur. 32 yrs + experience in Govt of India and reputed private sectors in the field of Environment. Headed Environment Deptt. for the last 28 yrs in various organisations covering Fertilisers & Chemicals, Power , Coal Mines ,Cements, Limestone Mines , Ministry of MSME, Govt of India. Headed Environment Deptt at the level of GM - Environment for 5 yrs & 8 months at Matix Fertilisers & Chemicals Ltd. since 3rd September 2016 to 23rd April' 2022. Headed Environment Deptt. in the capacity of General Manager - Environment at Jindal Power Ltd.Tamnar Distt.Raigarh ( C.G ) , for 4 yrs & 3 months from 1st June 2012 till 31st August 2016 . Responsibilities entrusted were 'overall environment management of the 4x250 MW + 4x600 MW =3400 MW Thermal Power Plant and 6.25 MTPA coal mines & 4.75 MTPA coal washery. Domain expertise includes EC from MoEF , Consent to Establish,Consent to Operate from SPCB. EIA , Env Auditing , Env Statement , EMS - ISO 14001 , Env Monitoring , Operation of STP/ETP , Liaisoning with Pollution Control Board, CPCB , MoEF etc.",2757,2026-09-01 17:03:38.642 +0530,IIT Dhanbad |  Env Expert,,,,,,,,,,,,,,,,,
Wing Commander Pradeep Kumar Gupta,Wing Commander Pradeep Kumar,Gupta,https://www.linkedin.com/in/wing-commander-pradeep-kumar-gupta-b087345,urn:li:member:16742456,wing-commander-pradeep-kumar-gupta-b087345,Pune Division,Maharashtra,India,"Pune Division, Maharashtra, India",,Director,10+yoe_global,member_urn,,,,,,,,,,,,false,https://media.licdn.com/dms/image/v2/C4E03AQFugn2MMCeOtw/profile-displayphoto-shrink_100_100/profile-displayphoto-shrink_100_100/0/1517755985959?e=1788998400&v=beta&t=uXfVTB51bsvS3O7CMOlXNIhzkMN2YJ1F4EJNxSbRaJA,false,"Profile of Wing Commander PK Gupta, Ex-Senior Associate Director & Head – Centre for Continuing Education, UPES Born on 11 November 1951, was schooled at St Xavier’s High School, Mumbai and the Frank Anthony Public School, New Delhi. Earned the B.Sc(Hons) and M.Sc degrees in Applied Geophysics from the Indian School of Mines, Dhanbad. This was followed up by an MBA(Finance & Marketing) from the University of Lucknow and a Ph D in Management from Trinity. Commissioned in the Indian Air Force in 1974, specialized in Aviation and Satellite Meteorology and took pre-mature retirement as a Wing Commander in 1997. Post retirement, worked as the National Key Accounts Head with Modi GBC, Supporting research initiatives at the Centre for Atmospheric Sciences, IIT – Delhi, Dean & Regional Head (North), ICFAI Business School, New Delhi, CEO, RPG India Aviation, New Delhi and Ground Instructor, Indira Gandhi Rashtriya Uran Akademi, Rai Barelli, UP. During the past nearly 42 work years, have served with distinction in diverse domains like Operations, Teaching & Training, Projects, Personnel & Administration at front line Air Bases like Dibrugarh (Assam), Ambala & Sirsa in Haryana, Lucknow (UP), Utterlai & Bikaner in Rajasthan, Hyderabad and Naliya (Gujarat), As part of international exposure in the areas of academics, Conducted a workshop for the faculty of the Department of Management Faculty & Staff members of the University of Gondar, Ethiopia under the World Bank Project. Till 14 July 2015, was heading the Centre for Continuing Education, University of Petroleum & Energy Studies, Dehradun, India since December, 2009. Now, open to a new challenge.",2838,2026-09-01 17:03:38.642 +0530,"Founder Director, Trishakti Sainik Sangathan, Ex Senior Associate Director & Head - Centre for Continuing Education at University of Petroleum and Energy Studies",,,,,,,,,,,,,,,,,
Ashank Kumar Singh,Ashank Kumar,Singh,https://www.linkedin.com/in/ashank-kumar-singh-99017b22,urn:li:member:78049980,ashank-kumar-singh-99017b22,,,Greater Kolkata Area,Greater Kolkata Area,Atha Group,Ex Advisor Mining and Exploration,10+yoe_global,member_urn,,,,,,,,,,,,false,https://media.licdn.com/dms/image/v2/C4D03AQEeg4EsW04ODw/profile-displayphoto-shrink_100_100/profile-displayphoto-shrink_100_100/0/1516965602142?e=1788998400&v=beta&t=MJBt-6p2bDepQXpt8XjAn0xM4MrW4S0nglCFpRh7oBU,false,"Geologist with over 39 years of extensive experience in geological exploration, Quality Control, Mine operation monitoring, Development of Mineral Beneficiation Flow-sheet & Design, implementation of Standard Operating Practices in the field using IT Tools, Strategic Planning at Corporate Level, Coordination of Mining Operations from Corporate Perspective, Coordination with Government Bodies, intensive exposure to Iron Ore, Bauxite, Coal and Limestone Mines. 20 Years in Mineral Industry (4 years in limestone mines captive to cement Plant of Rohtas Industries Limited, 10 years in National Mineral Development Corporation Limited and 6 years in Indian Aluminium Company Limited) + 19 years in IT Industry working for Resources vertical (17 years in CMC Limited and 2 years Tata Consultancy Services, TCS) Currently working as Advisor (Mining & Exploration) for Atha Group since August 2012.",2834,2026-09-01 17:03:38.642 +0530,Ex - Advisor Mining and Exploration at Atha Group,,,,,,,,,,,,,,,,1558,
Dr. Sivaji Chadaram,Dr. Sivaji,Chadaram,https://www.linkedin.com/in/dr-sivaji-chadaram,urn:li:member:280263548,dr-sivaji-chadaram,Visakhapatnam,Andhra Pradesh,India,"Visakhapatnam, Andhra Pradesh, India",,Vice Chancellor,10+yoe_global,member_urn,,,,,,,,,,,,false,https://media.licdn.com/dms/image/v2/C5603AQGKGsWyeLlEcA/profile-displayphoto-shrink_100_100/profile-displayphoto-shrink_100_100/0/1662802524333?e=1788998400&v=beta&t=oqi8hnnMXi3xnWsxyOfPTWBXePir9aCovZ-ZivrvSgk,false,"Dr. Chadaram Sivaji obtained his Bachelors Degree in Physics and Masters Degree in Geophysics from Andhra University and pursued Doctoral degree at Indian School of Mines in India. During the doctoral research Dr. Sival carried out research on performance of various geophysical techniques and estimated the deep crustal discontinuities beneath the central India region from gravity field data. At Indian Institute of Geomagnetism, geophysical surveys using resistivity, magneto-telluric and geomagnetis methods for delineating deep geological structure in the Himalayan collision zone were carried out. Designed experiments to monitor electromagnetic precursors to earthquakes in Delhi-Rohtak belt. At Geological Survey of Japan, Dr. Sivaji performed extensive research on seismic wave propagation through random heterogeneous media using Laser Doppler Vibrometer experiments and derived the empirical relationships between waveform fluctuations and scale length of heterogeneity. At the Department of Science and Technology, Government of India, Dr. Sivaji has contributed to the promotion of research in earth sciences in India at various capacities and launched new research programmes on multi-disciplinary aspects of earth sciences. Government of India appointed D. Sivaji as Science Counsellor of India to Japan to foster and promote S&T collaborations between India and Japan during July 2011 to July 2015. Currently, Dr. Sivaji assumed charge as Director in Department of Science and Technology, Ministry of Science and Technology, Government of India, New Delhi and working on promoting the bilateral cooperation between India and Germany, Austria, Norway, Sweden, Switzerland, Vietnam, Bangladesh, Taiwan etc.",2886,2026-09-01 17:03:38.642 +0530,"Career Guidance Coach; Transformational Leader in Science, Technology, Research, Education and Diplomacy for a Better System.
Counsellor and Consultant Faculty  in Higher Education and Research.",,,,,,,,,,,,,,,,,
Bodiga Rambabu,Bodiga,Rambabu,https://www.linkedin.com/in/bodiga-rambabu,urn:li:member:219758554,bodiga-rambabu,Telangana,,India,"Telangana, India",,Assistant Manager/Under Manager,6-10yoe_global_indian,member_urn,,,,,,,,,,,,false,https://media.licdn.com/dms/image/v2/D5603AQEXCz5_1-W0Jw/profile-displayphoto-shrink_800_800/B56ZbUfopDH0Ag-/0/1747321786441?e=1788998400&v=beta&t=Uzfk4excNcwRkSlL215b8y50KcHDUwjOSAUA5qrDbd8,false,,2919,2026-09-01 17:03:38.642 +0530,Assistant Manager/Under Manager,,,,,,,,,,,,,,,,,
Mohini Dagar,Mohini,Dagar,https://www.linkedin.com/in/mohini-dagar-9262a8107,urn:li:member:451603758,mohini-dagar-9262a8107,,,India,India,Indian Oil Corp Limited,Assistant Manager,6-10yoe_global_indian,member_urn,The official handle of IndianOil. IndianOil is ranked 127th among the world's largest corporate in Fortune ‘Global 500' listing for the year 2025.,41541,1959,Oil and Gas,19147574,http://www.linkedin.com/company/indian-oil-corp-limited,"Delhi, India",,http://www.iocl.com/,"Business Development, Technical evaluation of bid rounds, monitoring of existing assets",6/2017,false,,false,,2958,2026-08-25 00:00:00.000 +0530,,,,,,,,,,,,,,,,,1110,
Tanmay Pal,Tanmay,Pal,https://www.linkedin.com/in/tanmay07,urn:li:member:684105711,tanmay07,Dhanbad,Jharkhand,India,"Dhanbad, Jharkhand, India",Futures First,,6-10yoe_global_indian,member_urn,,,,,,,,,,,,false,https://media.licdn.com/dms/image/v2/D5603AQH_9dkHipy81Q/profile-displayphoto-scale_200_200/B56ZnxpQBGI8AY-/0/1760695749178?e=1788998400&v=beta&t=N5f7bi8qSaRq-82jty2hCjsXb3nP0rJ8yakJIUV6QFs,false,,3245,2026-09-01 17:03:38.642 +0530,Global Fixed Income Markets | Quantitative Research & Trading Strategies | Market & Liquidity Analysis,,,,,,,,,,,,,,,,1852,
Jasmeet Saluja,Jasmeet,Saluja,https://www.linkedin.com/in/jasmeet-saluja-460725137,urn:li:member:560171592,jasmeet-saluja-460725137,Bengaluru,Karnataka,India,"Bengaluru, Karnataka, India",,Retirement,10+yoe_global,member_urn,,,,,,,,,,,,false,https://media.licdn.com/dms/image/v2/C4D03AQF22ZGTPDpGKg/profile-displayphoto-shrink_100_100/profile-displayphoto-shrink_100_100/0/1517475093767?e=1788998400&v=beta&t=tsM5bqBOYm2E7o2nGAaNEVAX4p-kZo20FtxSSU7dIOM,false,,3459,2026-09-01 17:03:38.642 +0530,Independent Consultant in Petroleum | Specialized in Development & WRFM,,,,,,,,,,,,,,,,,
BIREN DEKA,BIREN,DEKA,https://www.linkedin.com/in/biren-deka-ab599833,urn:li:member:118894889,biren-deka-ab599833,Guwahati,Assam,India,"Guwahati, Assam, India",,,10+yoe_global,member_urn,,,,,,,,,,,,false,,false,"More than 35 years of oil field (onshore &offshore)experience in Production operations with thorough knowledge of Surface facilities management, well services (Work-over,Production fishing, well completion,well testing ,stimulation and artificial lift) and innovative production techniques.",3466,2026-09-01 17:03:38.642 +0530,Oil & Gas Professional having more than 35 years of in hand  Oil field experience (Onshore & Offshore) in Well Services.,,,,,,,,,,,,,,,,,
Zeeshan Anwer,Zeeshan,Anwer,https://www.linkedin.com/in/zeeshan-anwer-904299118,urn:li:member:490402516,zeeshan-anwer-904299118,Mumbai,Maharashtra,India,"Mumbai, Maharashtra, India",,,founders,member_urn,,,,,,,,,,,,false,,false,"With 7+ years of experience in teaching physics, I have dedicated my career to simplifying complex concepts and guiding students toward success in IIT-JEE and NEET. As the Founder & Physics HOD at VRaZ Academy, I have helped shape an institution that blends innovative teaching methods with a strong academic foundation. At VRaZ Academy, we prioritize: Conceptual Clarity – Making physics intuitive and engaging. Strategic Preparation – Structuring courses to maximize performance in competitive exams. Technology-Driven Learning – Through VRaZ Plus, our e-learning platform that provides recorded lectures and interactive sessions. My mission is to empower students with problem-solving skills and a deep understanding of physics, ensuring they achieve their academic and career goals. Always open to collaborations in education and learning innovation. Let’s connect!",3503,2026-09-01 17:03:38.642 +0530,"Founder & Physics HOD, VRaZ Academy | IIT-JEE & NEET Mentor | Passionate Physics Educator",,,,,,,,,,,,,,,,,
Ashish Devalla,Ashish,Devalla,https://www.linkedin.com/in/ashish-devalla,urn:li:member:190745469,ashish-devalla,Bengaluru,Karnataka,India,"Bengaluru, Karnataka, India",Gameskraft,Director of Business Development,10+yoe_global,member_urn,,,,,,,,,,,,false,https://media.licdn.com/dms/image/v2/D5603AQFaS04F_qz0AA/profile-displayphoto-shrink_100_100/profile-displayphoto-shrink_100_100/0/1705338281844?e=1788998400&v=beta&t=JmX3XV9_b0djXntdSZjNLpzv4nJBGrMH3aHTFCcAo3A,false,"With over 12 years of experience in revenue and growth management, financial planning, and business analytics, I am a passionate and results-oriented leader who thrives on solving complex problems and delivering value for customers and stakeholders. I currently work as an Associate Director Revenue Management at Ola, where I oversee the revenue and growth strategy for Ola Electric, the company's ambitious and innovative venture to electrify mobility in India and beyond. My core competencies include category growth, online traffic and lead funnel management, customer relationship management and PnL management. I have a proven track record of growing the business by over 8X year-on-year. I have also earned multiple certifications in decision science, retail buying and merchandising, and accelerated management from reputed institutions. I am always eager to learn new skills, explore new domains, and collaborate with diverse teams to achieve our shared vision and mission.",3448,2026-09-01 17:03:38.642 +0530,Director of Revenue Management | Ex- Ola | Ex-Myntra,,,,,,,,,,,,,,,,1856,
BIPIN MISHRA,BIPIN,MISHRA,https://www.linkedin.com/in/bipin-mishra-0baa08307,urn:li:member:1313349262,bipin-mishra-0baa08307,Asansol,West Bengal,India,"Asansol, West Bengal, India",,Beneficiation Expert-Mineral Processing,10+yoe_global,member_urn,,,,,,,,,,,,false,,false,"With over 35 years of dedicated expertise in the field of copper ore beneficiation, I bring a wealth of knowledge and experience to the mining industry. Throughout my career, I have been at the forefront of developing and optimizing beneficiation processes to extract maximum value from copper ore deposits. As a retired professional, I am looking forward to advisory and consulting opportunities in similar field as I believe that my ability to communicate complex technical concepts in a clear and concise manner will be instrumental in fostering productive partnerships and drive project success.",3539,2026-09-01 17:03:38.642 +0530,Beneficiation Expert-Mineral,,,,,,,,,,,,,,,,,
Satya Prakash,Satya,Prakash,https://www.linkedin.com/in/satya-prakash-mining,urn:li:member:88483375,satya-prakash-mining,Raipur,Chhattisgarh,India,"Raipur, Chhattisgarh, India",Essel Mining and Industries Limited,Head - Commercial Coal,10+yoe_global,member_urn,,,,,,,,,,,,false,,false,A Graduate Mining Engineer and Sr. Vice President in Adani Enterprises Ltd.,3534,2026-09-01 17:03:38.642 +0530,Senior Mining Professional - 40 Years in Coal,,,,,,,,,,,,,,,,1809,
Shyamal Barua,Shyamal,Barua,https://www.linkedin.com/in/shyamal-barua-3a783414,urn:li:member:49836079,shyamal-barua-3a783414,,,Greater Delhi Area,Greater Delhi Area,,"Sr.Advisor, Petroleum Operations",founders,member_urn,,,,,,,,,,,,false,,false,"VENGAGE objective through it’s web portal www.Xprtin.com is to deliver worldwide professionals with seamless experience in virtual interaction, chat facility and to simplify the communication between professionals based in different locations through interactive mediums such as Video Conference, Live Chat, thereby saving money & time by removing logistic problems. The platform can be used through PC, Desktop, Smart Mobile phone & tablet. Xprtin, a multi pronged professional and social networking platform, through which - Users can interact through audio, video, live presentations, discuss with professionals, domain experts, colleagues and share their opinions & expertise as well as assist in taking decisions. - Assist job seekers to get hired & corporate to hire professionals as per their requirements through live interviews alongside with their profiles. - Coaching Institutions: Instructors can guide students at different locations instead of coming to one place/institute. Students from varied backgrounds with different intellect take coaching in different courses under one roof. It is important to guide each student in a way that is according to his or her grasping capacity. We have such software which will categorize students according to their competency level and provide guidance accordingly. I have Plus 40 years of Oil & Gas Industry experience covering Work over Operations, Reservoir & production management,Field Development - Offshore/Onshore; Project Management, pressure transient studies, Production log / cased hole log analysis, Analysing artificial lift ( SRP/ Gas Lift) wells.",3550,2026-09-01 17:03:38.642 +0530,Director VENGAGE,,,,,,,,,,,,,,,,,
Shagufta Yasmin,Shagufta,Yasmin,https://www.linkedin.com/in/shagufta-yasmin-b8942a158,urn:li:member:634084377,shagufta-yasmin-b8942a158,Kolkata,West Bengal,India,"Kolkata, West Bengal, India",,Assistant Fashion Designer,6-10yoe_global_indian,member_urn,,,,,,,,,,"Researched seasonal trends, colors and raw materials to focus on needs of buyers. I have been working in the creative industry for last 3years with my most recentexperience being a Fashion Designer as well as production manager at Mimosa. I possess valuable skills such as good communication and high creativity that I believe make me best suited for the position of Designer in your company.",,false,,false,We conducted exhibitions on handloom products. Attended Fashion Events by Designers Harsh Gupta(brand name Harsh Harsh),3701,2026-09-01 17:03:38.642 +0530,Fashion Designer,,,,,,,,,,,,,,,,,
Prabir Kumar Paul,Prabir Kumar,Paul,https://www.linkedin.com/in/prabir-kumar-paul-8b454121,urn:li:member:75979720,prabir-kumar-paul-8b454121,Barrackpur-I,West Bengal,India,"Barrackpur-I, West Bengal, India",,Professor,10+yoe_global,member_urn,,,,,,,,,,,,false,https://media.licdn.com/dms/image/v2/C4D03AQEpLnq8pFBjgA/profile-displayphoto-shrink_100_100/profile-displayphoto-shrink_100_100/0/1516942949119?e=1788998400&v=beta&t=_RyF0GGWifuQrnPRUFCZ1f1Epqm-ABvbylAutnnIzj4,false,,3607,2026-09-01 21:00:56.853 +0530,"Ex Professor at IIEST,Shibpur",,,,,,,,,,,prabirpaul59@yahoo.com,,,,,,
RAJNIKANT JAIN,RAJNIKANT,JAIN,https://www.linkedin.com/in/rajnikant-jain-0445a846,urn:li:member:162708532,rajnikant-jain-0445a846,Bhopal,Madhya Pradesh,India,"Bhopal, Madhya Pradesh, India",,Additional secretary,6-10yoe_global_indian,member_urn,,,,,,,,,,,,false,https://media.licdn.com/dms/image/v2/D4D03AQH2NHSwLO1C1Q/profile-displayphoto-shrink_100_100/B4DZVSgkPFGcAU-/0/1740846024476?e=1788998400&v=beta&t=YxfGLxrim12nGtGXtD_wKqvNwGFQ8jcbbcNKeBlw8EE,false,,3726,2026-09-01 17:03:38.642 +0530,Additional Secretary MP GOVT,,,,,,,,,,,,,,,,,
Guntupalli Suryanarayana,Guntupalli,Suryanarayana,https://www.linkedin.com/in/guntupalli-suryanarayana-b87a7b28,urn:li:member:98205655,guntupalli-suryanarayana-b87a7b28,Krishna,Andhra Pradesh,India,"Krishna, Andhra Pradesh, India",,Senior Petrophysicist,10+yoe_global,member_urn,,,,,,,,,,,,false,,false,"Involved as petrophysicist in first ever successful cost-intensive ASP Pilot done by PDO in Marmul Field. Experienced in planning and execution of Surveillance of EOR fields with Polymer on commercial scale and ASP floods in PDO. Petrophysical Evaluation for Field Development Plan. Expert in Well and Reservoir Management. Expertise in Time-Lapse Saturation Monitoring with PNL, NMR and Cased hole Resistivity measurements. Shell SME for ‘Though casing fluid identification and quantification’ and Technical Expert for production log interpretation in PDO. Core (conventional and SCAL) analysis and integration with log data. Experienced in field development with vertical and horizontal well drilling. Experienced in evaluation of WireLine and LWD Log data using Deterministic and Stochastic models. Petrophysical analysis of shaly sands using Dual Water and Waxman-Smith’s Saturation Models. Evaluation of Low-Resistivity Pay sands using Thomas-Stieber models. Expert in Formation tester data analysis for Geomechanical data, pressure tests & fluid sampling. Experienced in NMR data interpretation for saturation profiling. Experienced in both clastic and carbonate environments. Expert in TechLog Software for open hole data evaluation and Emeraude for production log data evaluation. Super user of Emeraude and Production Log Modules in Techlog. Expertise in Production Logging and Cased Hole integrity and saturation log interpretation Experienced in the deployment of Fibre Optic Cable behind casing and acquisition of DTS and DAS data. Experienced in analysis and interpretation of Inter-well Partitioning Tracer data for areal remaining oil saturation mapping. Experienced in Surveillance of EOR fields with Polymer and ASP floods. Team player - Worked in multi-disciplinary teams. Logging Engineer- 5 yrs.’ Working experience as Logging Engineer",3710,2026-09-01 21:00:56.853 +0530,Senior Petrophysicist at ADNOC,,,,,,,,,,,"guntupalli.gs.suryanarayana@pdo.co.om, g_suri@rediffmail.com",guntupalli.gs.suryanarayana@pdo.co.om,,,,,
Varsha Garibe,Varsha,Garibe,https://www.linkedin.com/in/varsha-garibe-140b6028,urn:li:member:98413248,varsha-garibe-140b6028,Pune,Maharashtra,India,"Pune, Maharashtra, India",,Faculty,6-10yoe_global_indian,member_urn,,,,,,,,,,,,false,https://media.licdn.com/dms/image/v2/D4D03AQHc8uWea93lpg/profile-displayphoto-shrink_400_400/B4DZUlipJqHYAg-/0/1740091593923?e=1788998400&v=beta&t=9aqYjTQslqVG7t0ERWMjaTsJsA9SEn19SB3F3Hg25LQ,false,,3735,2026-09-01 21:00:56.853 +0530,"Chemistry faculty, CSIR-UGC NET qualified,  GATE qualified",,,,,,,,,,,gwarsha@gmail.com,,,,,,
Gouri Prasad Ghatak,Gouri Prasad,Ghatak,https://www.linkedin.com/in/gouri-prasad-ghatak-08a9a918,urn:li:member:62182186,gouri-prasad-ghatak-08a9a918,Baduria,West Bengal,India,"Baduria, West Bengal, India",,General Manager (Systems & Manpower),6-10yoe_global_indian,member_urn,,,,,,,,,,,,false,https://media.licdn.com/dms/image/v2/C4D03AQGQfBO2C9HMHg/profile-displayphoto-shrink_100_100/profile-displayphoto-shrink_100_100/0/1516794928145?e=1788998400&v=beta&t=2mEU-64IzT6fWHSFHKuO_SWMaIYjQSz6JuHqbbYf-zU,false,,3724,2026-09-01 21:00:56.853 +0530,Independent Mining & Metals Professional,,,,,,,,,,,gpghatak@gmail.com,,,,,,
POOJA SHARMA,POOJA,SHARMA,https://www.linkedin.com/in/pooja-sharma-ba47b2310,urn:li:member:1327751980,pooja-sharma-ba47b2310,Gurugram,Haryana,India,"Gurugram, Haryana, India",Iron Mountain,Associate Network Engineer,6-10yoe_global_indian,member_urn,,,,,,,,,,,,false,,false,M.Tech in power system from IIT Dhanbad. Expertise in Electrical and Networking professional domain with handling and working with US clients.,3717,2026-09-01 17:03:38.642 +0530,Network Engineer at Iron Mountain India Pvt Ltd | Network Design Engineer | Network Support | CISCO Certified.,,,,,,,,,,,,,,,,2025,
SOMNATH MAITY,SOMNATH,MAITY,https://www.linkedin.com/in/somnath-maity-78a3bb165,urn:li:member:660897178,somnath-maity-78a3bb165,Howrah,West Bengal,India,"Howrah, West Bengal, India",,Senior Lecturer,6-10yoe_global_indian,member_urn,,,,,,,,,,,,false,https://media.licdn.com/dms/image/v2/D5603AQHIWKiVRqFPnA/profile-displayphoto-shrink_100_100/profile-displayphoto-shrink_100_100/0/1665479958721?e=1788998400&v=beta&t=rtYVgQ1__yk7VIhRWV8cBpX-w5rM2NP7-Q-8rQ3P_gM,false,,3755,2026-09-01 17:03:38.642 +0530,Assistant Professor at JLD COLLEGE OF ENGINEERING & MANAGEMENT,,,,,,,,,,,,,,,,,
"Srinivas Rohit, PhD",Srinivas,"Rohit, PhD",https://www.linkedin.com/in/srinivas-rohit-phd-225b3620,urn:li:member:74473661,srinivas-rohit-phd-225b3620,,,India,India,,Educator,6-10yoe_global_indian,member_urn,,,,,,,,,,,,false,https://media.licdn.com/dms/image/v2/C4D03AQEiZXYFuY1D-g/profile-displayphoto-shrink_100_100/profile-displayphoto-shrink_100_100/0/1516924877244?e=1788998400&v=beta&t=gb4nugh5QAn0Js0UQ8BbMiVMWDcsEPdpO2-lZ-LQZ48,false,,3754,2026-09-01 17:03:38.642 +0530,"Engineer, Researcher, Administrator",,,,,,,,,,,,,,,,,
Shyamal Pramanik,Shyamal,Pramanik,https://www.linkedin.com/in/shyamal-pramanik-67ba97301,urn:li:member:1295619071,shyamal-pramanik-67ba97301,Kolkata,West Bengal,India,"Kolkata, West Bengal, India",,Doctoral Researcher,6-10yoe_global_indian,member_urn,,,,,,,,,,,,false,https://media.licdn.com/dms/image/v2/D4E03AQEpOQtp1Tdz3w/profile-displayphoto-shrink_100_100/profile-displayphoto-shrink_100_100/0/1712255288808?e=1788998400&v=beta&t=Pub5EPOBiGkHEatrYkQi8Ofq7KtIc_UWwkv9AknGwfY,false,,3760,2026-09-01 17:03:38.642 +0530,--,,,,,,,,,,,,,,,,,
Vimal Kumar,Vimal,Kumar,https://www.linkedin.com/in/vimal-kumar-09885975,urn:li:member:267862580,vimal-kumar-09885975,Noida,Uttar Pradesh,India,"Noida, Uttar Pradesh, India",NTPC Limited,,6-10yoe_global_indian,member_urn,,,,,,,,,,,,false,https://media.licdn.com/dms/image/v2/C5603AQGhTJs6oC34hw/profile-displayphoto-shrink_100_100/profile-displayphoto-shrink_100_100/0/1640082688689?e=1788998400&v=beta&t=XAkdXlLPWbQB3bOHDCG2b3DQyrj5JNWD7Auh-WXL7TA,false,,3759,2026-09-01 17:03:38.642 +0530,DGM at NTPC Limited,,,,,,,,,,,,,,,,2240,
Shantanu Zade,Shantanu,Zade,https://www.linkedin.com/in/shantanu-zade-28028745,urn:li:member:158933184,shantanu-zade-28028745,Pune District,Maharashtra,India,"Pune District, Maharashtra, India",,Service Manager,6-10yoe_global_indian,member_urn,,,,,,,,,,,,false,https://media.licdn.com/dms/image/v2/D4D03AQHrcmnL98n31g/profile-displayphoto-scale_400_400/B4DZ5bLWcfJQAg-/0/1779646163665?e=1788998400&v=beta&t=V45W6B_d-VaVFCJXmJpPX_EYchT6IB3XEmtm9xMrQLU,false,,3781,2026-09-01 17:03:38.642 +0530,Technical Project Management,,,,,,,,,,,,,,,,,
sourabh K.,sourabh,K.,https://www.linkedin.com/in/sourabh-k-3a2694bb,urn:li:member:428682794,sourabh-k-3a2694bb,Hyderabad,Telangana,India,"Hyderabad, Telangana, India",,Personal goal pursuit,6-10yoe_global_indian,member_urn,,,,,,,,,,,,false,https://media.licdn.com/dms/image/v2/D5603AQGFX6xwKllevw/profile-displayphoto-shrink_100_100/profile-displayphoto-shrink_100_100/0/1701320759791?e=1788998400&v=beta&t=c5VynHTO-KFc3b1jOyIMVO0Gh6wdxzwNNuOQr9nDMqM,false,,3796,2026-09-01 17:03:38.642 +0530,InnoCrafted | Building Technology to Preserve Knowledge OS Infra | Computer Vision and M/L,,,,,,,,,,,,,,,,,
Ritika Agarwal,Ritika,Agarwal,https://www.linkedin.com/in/ritika-agarwal-859335a0,urn:li:member:359136645,ritika-agarwal-859335a0,Bengaluru,Karnataka,India,"Bengaluru, Karnataka, India",,Founder,6-10yoe_global_indian,member_urn,,,,,,,,,,,,true,https://media.licdn.com/dms/image/v2/D5603AQHjhCln9jBk1A/profile-displayphoto-scale_100_100/B56Z0GazZdH0Ac-/0/1773929184426?e=1788998400&v=beta&t=nUshgUF35u_5FP6ahUvrTTnikIjmbYQnkCuRxks-ihs,false,,3804,2026-09-01 17:03:38.642 +0530,"Ex: BharatX, AmEx | IIT(ISM) Dhanbad",,,,,,,,,,,,,,,,,
BHANU SHARMA,BHANU,SHARMA,https://www.linkedin.com/in/bhanu-sharma-2b2451b7,urn:li:member:416152934,bhanu-sharma-2b2451b7,Dhanbad,Jharkhand,India,"Dhanbad, Jharkhand, India",,,10+yoe_global,member_urn,,,,,492311,,,,,,,false,https://media.licdn.com/dms/image/v2/C5603AQEXy49Yih1LZA/profile-displayphoto-shrink_100_100/profile-displayphoto-shrink_100_100/0/1516841993394?e=1788998400&v=beta&t=dOMP1CY1U0drOFrX4R51x_BOnFmixajMEypp4-OnJXU,false,,3959,2026-09-01 17:03:38.642 +0530,Electrical/Electronic Manufacturing Professional,,,,,,,,,,,,,,,,,
Kamal Ghosh,Kamal,Ghosh,https://www.linkedin.com/in/kamal-ghosh-4945518b,urn:li:member:320850544,kamal-ghosh-4945518b,Kolkata,West Bengal,India,"Kolkata, West Bengal, India",,Director,10+yoe_global,member_urn,,,,,,,,,,,,false,,false,"Schooling from MPHS School, Dhanbad; College- Scotish Church College, Kolkata; Mining Engineering from Indian School of Mines, Dhanbad; Cleared 1st.Class Certificate of Competency (Coal) from Director General of Mines, Dhanbd and finally joined the then NCDC as Junior Executive Trainee and gradually promoted to Supdt.of Mines.",3917,2026-09-01 17:03:38.642 +0530,Retired Mining Engineer,,,,,,,,,,,,,,,,,
cs dhaveji,cs,dhaveji,https://www.linkedin.com/in/cs-dhaveji-a1921363,urn:li:member:224473845,cs-dhaveji-a1921363,South Goa,Goa,India,"South Goa, Goa, India",,consulting mining and industrial engineer,10+yoe_global,member_urn,,,,,,,,,,,,false,https://media.licdn.com/dms/image/v2/C5603AQGChEuDO19X8w/profile-displayphoto-shrink_100_100/profile-displayphoto-shrink_100_100/0/1555565124613?e=1788998400&v=beta&t=nmUVEpLqLhqHgb7W32xLiDm9IQYnECe-YRcjyMjp_i0,false,,4007,2026-09-01 17:03:38.642 +0530,consulting mining and industrial engineer,,,,,,,,,,,,,,,,,
Ashis Kumar Mandal,Ashis Kumar,Mandal,https://www.linkedin.com/in/ashis-kumar-mandal-56670aa7,urn:li:member:380979870,ashis-kumar-mandal-56670aa7,Baduria,West Bengal,India,"Baduria, West Bengal, India",,Executive Director,10+yoe_global,member_urn,,,,,,,,,,,,false,https://media.licdn.com/dms/image/v2/C4E03AQFUcRbSwxXY9Q/profile-displayphoto-shrink_100_100/profile-displayphoto-shrink_100_100/0/1517471646762?e=1788998400&v=beta&t=K-0WNU74Im45bOKPyJ1GlSE0NjRfq5eajmtcI4u6ksM,false,,3994,2026-09-01 17:03:38.642 +0530,Oil & Energy Professional,,,,,,,,,,,,,,,,,
Virender Chhibber,Virender,Chhibber,https://www.linkedin.com/in/virender-chhibber-b00942a0,urn:li:member:360645552,virender-chhibber-b00942a0,Faridabad,Haryana,India,"Faridabad, Haryana, India",,ActgGM/DGM HRD & DGMI/c TQM,10+yoe_global,member_urn,,,,,,,,,,,,false,https://media.licdn.com/dms/image/v2/C4E03AQHMT1xgRhzEzg/profile-displayphoto-shrink_100_100/profile-displayphoto-shrink_100_100/0/1517021539738?e=1788998400&v=beta&t=E8GftE0UxMnWW2f7uukllpXX8zrrgGOM2eCoAybMYl0,false,,4003,2026-09-01 17:03:38.642 +0530,Mining & Metals Professional,,,,,,,,,,,,,,,,,
M.S. Ahluwalia,M.S.,Ahluwalia,https://www.linkedin.com/in/m-s-ahluwalia-54b96743,urn:li:member:154661963,m-s-ahluwalia-54b96743,Delhi,,India,"Delhi, India",,Consultant,10+yoe_global,member_urn,,,,,,,,,,,,false,,false,"An accomplished Senior Executive with the vision and leadership insights to strategically plan, direct and control company operations to capitalize on emerging business opportunities. A corporate executive with a proven track of performance beyond what is mandated and strategic multitasking capabilities that contributes to the business. A Post Graduate from Indian School of Mines, Dhanbad with +30 years experience at senior management level in industries as diversified as Mineral exploration, Mining, Joint Ventures, Publishing, Event management, Consultancy and Healthcare & Wellness. Additionally adept at HR functions, Recruitment, General administration, ISO, Analytical MIS, Environment, Liaison with Govt Departments, Editing, Technical reports development, turn-around strategies and Legal contract development",4021,2026-09-01 17:03:38.642 +0530,Professional with Diversified Experience,,,,,,,,,,,,,,,,,
Madan Mohon Burman,Madan Mohon,Burman,https://www.linkedin.com/in/madan-mohon-burman-87b353120,urn:li:member:502501919,madan-mohon-burman-87b353120,Kolkata,West Bengal,India,"Kolkata, West Bengal, India",,Ex- Head Geophysical Services. MBA Basin,10+yoe_global,member_urn,,,,,,,,,,,,false,https://media.licdn.com/dms/image/v2/D5603AQHR8RnmCB-zyA/profile-displayphoto-shrink_100_100/profile-displayphoto-shrink_100_100/0/1689823941354?e=1788998400&v=beta&t=fkHeMzo3JPHICGEbrQ6f54e1PsB5qX8Wkh0pxAgpb0I,false,,4046,2026-09-01 17:03:38.642 +0530,Ex-Chief  General Manager (Geophysics).ONGC Ltd.,,,,,,,,,,,,,,,,,
Singa Tiu,Singa,Tiu,https://www.linkedin.com/in/singa-tiu-b35443191,urn:li:member:756539033,singa-tiu-b35443191,Hyderabad,Telangana,India,"Hyderabad, Telangana, India",,,10+yoe_global,member_urn,,,,,,,,,,,,false,https://media.licdn.com/dms/image/v2/C5103AQFOUcsa9y6aBA/profile-displayphoto-shrink_100_100/profile-displayphoto-shrink_100_100/0/1567058350545?e=1788998400&v=beta&t=iuGTAGsnsoIpNYkqejXJWqrEtb7vJ6uA646LZPXd8_4,false,,4062,2026-09-01 17:03:38.642 +0530,Ex-Chief Controller of Mines at Indian Bureau of Mines,,,,,,,,,,,,,,,,,
Amalendu Sinha,Amalendu,Sinha,https://www.linkedin.com/in/amalendu-sinha-77308093,urn:li:member:331611207,amalendu-sinha-77308093,Dhanbad,Jharkhand,India,"Dhanbad, Jharkhand, India",,Former Director,10+yoe_global,member_urn,,,,,,,,,,,,false,https://media.licdn.com/dms/image/v2/C4E03AQH1meVFpEuUAw/profile-displayphoto-shrink_100_100/profile-displayphoto-shrink_100_100/0/1517520469717?e=1788998400&v=beta&t=_ahoAZosv-aUgrLBUnB_WlzU_3vr_3zlwHaZnTYakYw,false,,4074,2026-09-01 17:03:38.642 +0530,--,,,,,,,,,,,,,,,,,
Srikanth Thoram,Srikanth,Thoram,https://www.linkedin.com/in/srikanth-thoram,urn:li:member:83581548,srikanth-thoram,Hyderabad,Telangana,India,"Hyderabad, Telangana, India",,Chief Executive Officer,10+yoe_global,member_urn,,,,,,,,,,,,true,https://media.licdn.com/dms/image/v2/C5103AQGZA_O9Ot4YoQ/profile-displayphoto-shrink_100_100/profile-displayphoto-shrink_100_100/0/1586848404544?e=1788998400&v=beta&t=Yev_79XiOjm2C4CUxw8MY1Cn8xTB9LeA34I-8-Acy2E,false,,4088,2026-09-01 17:03:38.642 +0530,ISB MBA | Food Systems & Agri-Nutrition Policy | Independent Agri Entrepreneur | Regenerative Agriculture | Astrophotographer,,,,,,,,,,,,,,,,,
Rohit Kumar Shorey,Rohit Kumar,Shorey,https://www.linkedin.com/in/rohitshorey,urn:li:member:189009085,rohitshorey,Noida,Uttar Pradesh,India,"Noida, Uttar Pradesh, India",,Founder | Head - Program Management,10+yoe_global,member_urn,,,,,,,,,,,,false,https://media.licdn.com/dms/image/v2/D5603AQGP9-Hx0JlBAQ/profile-displayphoto-scale_100_100/B56Z4HXX0QIYAc-/0/1778240030785?e=1788998400&v=beta&t=9Ygr4uOmAQGEXU12NLhuFKFyrfOodcY0x4xevmhBKco,false,,4081,2026-09-01 17:03:38.642 +0530,"Founder | Head - Program Management ? (DawaiBank I AstroGuide) , Ex- ST Microelectronics, Ex-Hindustan Aeronautics limite",,,,,,,,,,,,,,,,,
Krishna Guru Murthy Kambhampati,Krishna Guru Murthy,Kambhampati,https://www.linkedin.com/in/krishna-guru-murthy-kambhampati-443a87139,urn:li:member:567017907,krishna-guru-murthy-kambhampati-443a87139,Dhanbad,Jharkhand,India,"Dhanbad, Jharkhand, India",,HR Manager,10+yoe_global,member_urn,,,,,,,,,,,,false,,false,,4107,2026-09-01 17:03:38.642 +0530,HR Manager at Air Liquide,,,,,,,,,,,,,,,,,
ArvindKumar Singh,ArvindKumar,Singh,https://www.linkedin.com/in/arvindkumar-singh-2013ab1a,urn:li:member:66664801,arvindkumar-singh-2013ab1a,Jharkhand,,India,"Jharkhand, India",,Professor [ME],10+yoe_global,member_urn,,,,,,,,,,,,false,https://media.licdn.com/dms/image/v2/C4D03AQG2xKszVg_LuA/profile-displayphoto-shrink_100_100/profile-displayphoto-shrink_100_100/0/1516843292017?e=1788998400&v=beta&t=jMH3u1v4sQ-LTqR5byh0dWeHVJGaeQcinszwua5sMmA,false,"I am a Graduate Engineer in Mech. Engg. with Post-Graduate Degree in Industrial Engg & Management from ISM, Dhanbad, India [a deemed University and going to be an IIT]. I have cross-functional experience of more than 30yrs in 5 manufacturing industries of repute in the areas of Operations Mgt, Production Planning & Control, Industrial Engg and O&M, Materials Planning & Control, Purchasing [Local & International], Raw-Materials Stores, Finished Goods Stores & Shipment, SCM, Project Management, ISO 9000:2000, ISO 14000, OHSAS 18000, SA 8000 etc. I have extensive exposure for dealing with Sales & Marketing, Human Resources, IT & Computer depts. and also with the customers & suppliers. I am an advanced user of all MS Office programs, have knack in the trouble-shooting of Windows based systems and have Design, Implementation & Administration experience of ERP packages – SAP, ORION & ORACLE APPLNS. All these hands on experiences make me an all rounder and a hi-tech senior echelon executive in a manufacturing industry. I also have around 7 years of teaching experience in two engineering and one management institute teaching mainly management & industrial engineering related subjects through PPT in Smart Class.I also handled Training & Placement, Central Library, Institute’s Magazine, Prospectus & Brochure and Counselling for Admission –all as Prof-in-Charge in one of the leading Private Engineering institutes.",2374,2026-09-01 21:00:56.853 +0530,"Ex-Principal @TSSDS Pvt ITI, Tamar, Ranchi",,,,,,,,,,,singharvindkumar@hotmail.com,,,,,,
Anuj Ghanghoria,Anuj,Ghanghoria,https://www.linkedin.com/in/anuj-ghanghoria,urn:li:member:281205741,anuj-ghanghoria,Noida,Uttar Pradesh,India,"Noida, Uttar Pradesh, India",To Be Honest - TBH,Co - Founder @ To Be Honest | Acquired by Ghodawat Consumer Limited,10+yoe_global,member_urn,,,,,,,,,,,,false,https://media.licdn.com/dms/image/v2/D5603AQHg63t9JCu8iA/profile-displayphoto-scale_400_400/B56ZxlEaepKgAg-/0/1771222182982?e=1788998400&v=beta&t=rlK-gUWy5cdx6scncztyGbJWM07JCD-jPxpQsothQX8,false,"I’m a builder at heart — passionate about creating businesses, scaling teams, and solving complex operational challenges.Over the last decade, I built TBH (To Be Honest) into a category-leading healthy snacking brand, leading the business across strategy, operations, manufacturing, sales, and growth. From setting up India’s first vacuum-fry manufacturing facility to scaling distribution across 3,000+ outlets, my focus has always been on building scalable businesses and high-performance teams.A key milestone in the journey was raising venture funding from Ankur Capital and leading TBH through its acquisition by Ghodawat Consumer Limited in 2023.Co-Founder Category Creator Category Leader Acquired My experience spans: P&L Management & Business Strategy Operations & Supply Chain Leadership FMCG & Multi-Channel Distribution Manufacturing & Process Scale-Up Team Building & Cross-Functional Leadership Q-Commerce, GT, MT & Export GrowthCurrently exploring leadership opportunities in Operations, Strategy, Business Head & Management within high-growth businesses.",3454,2026-09-01 17:03:38.642 +0530,"Co-founder @To Be Honest - Entrepreneur with proven track record 
| Chief of Operations | Chief Strategist",,,,,,,,,,,,,,,,2581,
BINAY KUMAR,BINAY,KUMAR,https://www.linkedin.com/in/binay-kumar-93938b39,urn:li:member:135302013,binay-kumar-93938b39,Ranchi,Jharkhand,India,"Ranchi, Jharkhand, India",,Retirement,10+yoe_global,member_urn,,,,,,,,,,,,false,https://media.licdn.com/dms/image/v2/C5603AQFf15QSL6zgLQ/profile-displayphoto-shrink_100_100/profile-displayphoto-shrink_100_100/0/1516815728391?e=1788998400&v=beta&t=u10NbVl5xjMSreTgyc8RbQLUceK7r0W399uIEWZmrgs,false,"STRATEGIC UNIQUE PERCPECTIVE ON SYSTEMATIC RISK , COMPLIANCE CHALLENGES , OR ESG INTEGRATION , AS EHS CONSULTANT BOARD LEVEL BROAD VISIBILITY ON WORK SYSTEM AND WORKING CONDITION IMPROVEMENT TO ACHIEVE DECENT WORKING CONDITION AND BRAND LEVEL , ADEQUATE ROBUST STATUORY COMPLIANCE GOVERMENTAL GOVERNANCE AND ETHICAL OPERATIONS AT BOARD LEVEL . MY FOCUS ON PROACTIVE GOVERNACE STRATEGIES TO AVERT STAKE HOLDER WELFARE CONCERNS AND ESG MANDATE . AS VAST EXPERIENCE TO WORK WITH CORPORATE LEVEL GOVERNACE, DEEP KNOWLEDGE TRANSLATES INTO STRATEGIC OVERSIGHT , ENTERPRISES WIDE RISK MANAGEMENT AND ABILITY TO CONTRIBUTE TO COMPLEX BOARD DECISION BEYOND OPERATIONAL DETAILS Specialties: IRON & STEEL, AUTO ,ENGG.,POWER , FMCG, CHEMICAL etc",2889,2026-09-01 21:00:56.853 +0530,"Strategic advisor : Industrial safety , ESG Risk and regulatory compliance / 37+ years experience  Driving operational excellence  , ESG & Board level  governance in  all type Heavy , Medium & small  industries.",,,,,,,,,,,binaykumar52@gmail.com,,,,,,
Debabrata Biswas,Debabrata,Biswas,https://www.linkedin.com/in/debabrata-biswas-ab68643a,urn:li:member:139478826,debabrata-biswas-ab68643a,Kolkata,West Bengal,India,"Kolkata, West Bengal, India",Freelance consultant,Freelance Consultant of upstream oil and gas,10+yoe_global,member_urn,,,,,,,,,,,11/2018,false,https://media.licdn.com/dms/image/v2/D5603AQH2OtFW8NZONQ/profile-displayphoto-shrink_100_100/profile-displayphoto-shrink_100_100/0/1684942271716?e=1788998400&v=beta&t=x6yHYwCfkhR4w0a2tAxO4FzKwOJitiOnDvkFSPddZGc,false,Experience in Project Management and G&G data interpretation for Oil & Gas exploration,200,2026-09-01 21:00:56.853 +0530,,,,,,,,,,,,drdbiswas@rediffmail.com,,,,,1843,
Jayaraju Metta,Jayaraju,Metta,https://www.linkedin.com/in/jayarajumetta,urn:li:member:271658834,jayarajumetta,,,India,India,Innovapptive Inc,Quality Engineering Chapter Lead,10+yoe_global,member_urn,,,,,,,,,,,,true,https://media.licdn.com/dms/image/v2/D5603AQEwJg59CSgAzA/profile-displayphoto-scale_200_200/B56Z52agLUGgAc-/0/1780103122293?e=1788998400&v=beta&t=xsEhW9eSaO4c5K3C-BPv6m1ut_gokDTDt_KN3N1uSTs,false,"Most QA teams are stuck in reactive mode — chasing bugs after releases, maintaining fragile test suites, and slowing down CI/CD pipelines. I'm a QA Architect with 13 years of experience helping teams shift from that chaos to predictable, stable releases. What I've actually done: Increased automation coverage from 0% 85%, cutting manual regression effort by 65%Reduced end-to-end regression cycles from 12 hours to under 4 hours using containerized parallel executionCut production defects by 40% across 5 SAP-driven product linesBuilt a low-code automation platform that reduced test creation time by 70% What I help teams with: Designing QA strategies aligned with business and release goalsBuilding maintainable automation frameworks — not fragile onesIntegrating quality into CI/CD for faster, safer releasesSetting up QA from scratch at startups (0 1)Fixing broken automation systems before they break your releases Open to: QA consulting / short-term contractsStartup QA setupFractional QA Architect engagements If your team is dealing with production bugs, slow releases, or unreliable QA — let's talk. Open to immediate engagement",3438,2026-09-01 17:03:38.642 +0530,Product Architect  | Product Marketing Strategist | Agentic AI & Automation Innovator,,,,,,,,,,,,,,,,2012,
Anuj Dixit,Anuj,Dixit,https://www.linkedin.com/in/anuj-dixit-1178611a,urn:li:member:67808611,anuj-dixit-1178611a,Hyderabad,Telangana,India,"Hyderabad, Telangana, India",GSK,Senior  Manager-ESG,10+yoe_global,member_urn,,,,,,,,,,,,true,https://media.licdn.com/dms/image/v2/D4E03AQEmj9h4pgIpcA/profile-displayphoto-shrink_100_100/profile-displayphoto-shrink_100_100/0/1705423201809?e=1788998400&v=beta&t=uwpC0R2ejFnyGEEkx3I5i3_ICH-FB5QoqMpF4-vE4VM,false,"As a Sustainability & ESG professional, I lead the development and implementation of the company's sustainability & ESG strategy, aligning it with the global goals and standards. With over 15 years of experience in the field of sustainability & ESG, I have a strong track record of delivering impactful results in various aspects of environmental, social, and governance (ESG). I excel at conducting ESG materiality assessments, reporting on sustainability performance using GRI and SASB frameworks, and enhancing ESG ratings on platforms such as MSCI, Ecovadis, S&P, DJSI, and Sustainalytics. I also oversee the company's net zero emissions plan, circularity initiatives, and zero waste to landfill projects, ensuring compliance with ISO 14000 standards and best practices. My passion lies in driving positive environmental and social impact through strategic sustainability initiatives. I leverage my PGD in Environmental Laws and my expertise in sustainable procurement, energy and water efficiency, and lifecycle assessments to embed sustainability into every aspect of business operations. I am excited about the opportunity to collaborate with like-minded professionals and organizations to advance sustainable practices and contribute to a more resilient and responsible future.",2970,2026-09-01 17:03:38.642 +0530,ESG & Sustainability Professional | Driving Sustainable Business Growth,,,,,,,,,,,,,,,,1912,
Dr. Harendra Singh,Dr. Harendra,Singh,https://www.linkedin.com/in/dr-harendra-singh-5654a92a,urn:li:member:102742493,dr-harendra-singh-5654a92a,Dhanbad,Jharkhand,India,"Dhanbad, Jharkhand, India",,Chief Scientist,10+yoe_global,member_urn,,,,,,,,,,,,false,https://media.licdn.com/dms/image/v2/C4D03AQFG8gCuhSOZCA/profile-displayphoto-shrink_100_100/profile-displayphoto-shrink_100_100/0/1517597133536?e=1788998400&v=beta&t=oUYGyXA670Wv8Iozk_em_Xvt2naxiSP48RhYiDCs2T0,false,"Started carrier as a Scientist at CIMFR (erstwhile CMRS/CMRI) and completed more than 150 industry-sponsored projects and 5 R&D projects on Safety in underground coal mines from methane emission, coalbed methane resource evaluation, exploitation and utilization, reservoir simulation of coalbed methane well. Published more than 60 technical papers in the seminar/conference/ symposium and national/international journals and written about 150 technical reports and guided more than 90 B.Tech/M.Tech./M.Sc. students of different institutions/universities for their project work on “Coalbed Methane Exploration and Exploitation Technologies”. Organized two courses on ”Coalbed Methane Exploration and Exploitation Technologies” for the executives of CMDIL, Ranchi and ""Analysis of Mine Gases by Analytical and Portable Instruments” for the executives of J &K Mineral Corporation Limited. Served the institute as the Head of Miners Safety Equipment laboratory (August, 2007 to May 2016) for quality control of safety equipment and Non-conventional Gases for R & D on safety in underground coal mines from methane explosion, reservoir simulation of CBM wells, GHG emission from mining industry and modelling of air pollution with removal mechanism. At present, head of research group (HORG) of Non-conventional Gases and member of ETD10 and CED22.5 committees of Bureau of Indian Standards, New Delhi and three professional/ scientific bodies.",2528,2026-09-01 21:00:56.853 +0530,"Ex. Chief Scientist and HORG, Nonconventional Gases,  CSIR-Central Institute of Mining and Fuel Research, Dhanbad",,,,,,,,,,,hsingh86@yahoo.com,,,,,,
Deepak Namasi Murali,Deepak,Namasi Murali,https://www.linkedin.com/in/deepak-namasi-murali-8b85b249,urn:li:member:171678092,deepak-namasi-murali-8b85b249,Chennai,Tamil Nadu,India,"Chennai, Tamil Nadu, India",Shell,Reservoir Engineer,6-10yoe_global_indian,member_urn,"Shell is a global group of energy and petrochemical companies, employing 96,000 people across 70+ countries. We serve around 1 million commercial and industrial customers, and around 33 million customers daily at our Shell-branded retail service stations. Our purpose is to power progress together by working with each other, our customers and our partners. #PoweringProgress",214012,,Oil and Gas,1271,https://www.linkedin.com/company/shell,"London, England, United Kingdom","Chemicals, Energy, and Oil and gas",http://www.shell.com,,12/2021,false,https://media.licdn.com/dms/image/v2/C5603AQFUdrbdd4SbEg/profile-displayphoto-shrink_100_100/profile-displayphoto-shrink_100_100/0/1517515450342?e=1788998400&v=beta&t=Twj0qbvatnwgFjngfRcgK-ru4F_sdvRPaeN0XZXB5No,false,"Qualified post grad petroleum engineer from Indian Institute of Technology - Indian School of Mines, Dhanbad, India working in an Shell with expertise in Reservoir Engineering. My responsibilities are hydrocarbon allocation, reservoir management, field development planning, well and reservoir surveillance and providing insights to optimize reservoir performance, reservoir dynamic modelling (Petrel and Eclipse).",47,2026-09-01 21:00:56.853 +0530,,,,,,,,,,,,deepaknm@outlook.com,,,,,701,
Shikhar S.,Shikhar,S.,https://www.linkedin.com/in/shikhar-s-a32b3118,urn:li:member:62522246,shikhar-s-a32b3118,Bengaluru,Karnataka,India,"Bengaluru, Karnataka, India",Ericsson Telecommunications Inc.,"Product Development Leader, Cloud Software & Services",10+yoe_global,member_urn,,,,,,,,,,,,false,,false,"Hands-on experience in Software Architecture, Design, Development, Deployment and Troubleshoot of scalable, distributed, Data Analytics & Advanced Machine Intelligence Systems. Possess sharp analytical skills & logical acumen for problem solving. MS CS, UT Austin, BTech CSE, IIT Dhanbad.",3458,2026-09-01 17:03:38.642 +0530,Artificial Intelligence & Parallel Systems,,,,,,,,,,,,,,,,1803,
Goutam Ghosh,Goutam,Ghosh,https://www.linkedin.com/in/goutam-ghosh-3b66a914,urn:li:member:49492218,goutam-ghosh-3b66a914,Mumbai,Maharashtra,India,"Mumbai, Maharashtra, India",,,10+yoe_global,member_urn,,,,,,,,,,,,false,https://media.licdn.com/dms/image/v2/C4D03AQHtZNp4CpS4YQ/profile-displayphoto-shrink_100_100/profile-displayphoto-shrink_100_100/0/1516538176249?e=1788998400&v=beta&t=-yyYJDksBKpQu8sD3peb_cCFEe6mxn_6YfbVTZ0v3bI,false,"Retired from Royal Dutch Shell in 2018 after serving as the Shell nominee Technical Director on the Board of Mahanagar Gas Limited. Prior to this, was a member of the Asset Leadership Team for the PMT offshore oil & gas business in the position of Head Assurance -HSSE & Asset Integrity, Upstream India with functional oversight of Integrated Gas Ventures of Shell in India. Additionally, was an HSSE auditor of international assets of Shell and a Director on the Board of BGES, a privately held BG/ Shell group company. Have worked in a wide variety of operational & leadership roles, delivering as per international standards across disciplines. Held leadership roles in major companies in areas such as, offshore oil & gas field development, corporate strategy, exploration and new ventures, city gas distribution besides HSSE and asset integrity assurance. Strong multicultural background. Have lived in India, France, USA and UK for work related postings/ assignments. Specific, long term secondment with ARCO and TOTAL in their headquarters at Dallas and Paris respectively. Currently, part-time oil & gas advisor based in Mumbai, India.",2603,2026-09-01 21:00:56.853 +0530,"Oil & Gas Exploration, Development & Safety Leadership",,,,,,,,,,,"goutam.ghosh@shell.com, goutam.ghosh@bg-group.com",goutam.ghosh@shell.com,,,,,
Guru Prasad Choudhary,Guru Prasad,Choudhary,https://www.linkedin.com/in/guru-prasad-choudhary-12559215,urn:li:member:52196141,guru-prasad-choudhary-12559215,Delhi,,India,"Delhi, India",,Vice President (Mining),10+yoe_global,member_urn,,,,,,,,,,,,false,https://media.licdn.com/dms/image/v2/C4D03AQGSLCDZR2pn0A/profile-displayphoto-shrink_100_100/profile-displayphoto-shrink_100_100/0/1516563819305?e=1788998400&v=beta&t=g5PqTL7C2XYfNcvC5y0at9NyhqlE3LQClzgYmmPYl_Q,false," Evaluated various coal properties in different countries (such as Indonesia, Swaziland, Tajikistan, Namibia, Botswana, and Zimbabwe), which were on offer to the company, so as to take a decision, whether to acquire the same or not.  Evaluated Uranium properties in Namibia and Peru, which were on offer to the company.  Took part in the process of tendering of Mahaguj collieries ltd. for mining of coal from Machhakata coal block in Talcher CF. It is a JV of MAHAGENCO & GSECL.  Visited all the major islands of Indonesia in connection with acquisition of coal concessions.  Successfully completed 14 nos. of opencast coal & lignite mining projects (Feasibility/Project Report/Mining Plan) of capacity ranging from 0.6 Mtpa to 25 Mtpa as project co-ordinator for Neyveli Lignite corporation, Singareni Colliery Company ltd., Rajasthan State Mines & minerals Ltd, Tata Steel, Jayaswal Neco, MCL, ECL, SECL, CIL, etc.  Troubleshooting in Drilling and Blasting related jobs such as Controlled deep hole blasting with the use of In-Hole Delay system & Vibration study, Comparative techno-economics of using SMS explosive of different manufacturers, Optimization of Blast parameters, Fragmentation study, Cast blasting etc as Blasting expert in 15 Large Opencast mines and 1 UG mine of CIL such as Dipka, Gevra, Kusmunda, Manikpur, Laxman, Kurasia, Amlai, Sharda, Jayant, Jhingurdah, Khadia, Kakri, Dudhichua, Nigahi, Amlohri OCPs and Pawan UG mines.  Drilling & Blasting Jobs for CIL Mines as Blasting Expert.  Authored/presented 4 nos. of technical papers in journals/seminars. Specialties: >Techno-economic evaluation of coal/mineral property for acquisition. >Expertize in Mine Planning & Design, Feasibility study/Project report/Mining Plan for coal & lignite projects. >Expertize in openpit Drilling & Blasting jobs.",2503,2026-09-01 21:00:56.853 +0530,Vice President(Mining) at JSW Ispat Special Products Ltd.(Formerly Monnet Ispat & Energy Ltd.),,,,,,,,,,,gpc65@rediffmail.com,,,,,,
Dula Ram Mahali,Dula Ram,Mahali,https://www.linkedin.com/in/dula-ram-mahali-6a5932212,urn:li:member:904073309,dula-ram-mahali-6a5932212,Jamshedpur,Jharkhand,India,"Jamshedpur, Jharkhand, India",RUNGTA MINES LIMITED,,10+yoe_global,member_urn,,,,,,,,,,,,false,https://media.licdn.com/dms/image/v2/C4E03AQHV3q7BMrzO0g/profile-displayphoto-shrink_100_100/profile-displayphoto-shrink_100_100/0/1621673692785?e=1788998400&v=beta&t=pH9jUh7DpqD7v6M82WUNry8FDq4KosbmJ7pUartOUu8,false,,3483,2026-09-01 17:03:38.642 +0530,AGM(Mining)at RUNGTA MINES LIMITED,,,,,,,,,,,,,,,,2382,
Harshit Harlalka,Harshit,Harlalka,https://www.linkedin.com/in/harshitharlalka,urn:li:member:138155563,harshitharlalka,Hyderabad,Telangana,India,"Hyderabad, Telangana, India",,Data Analytics Consultant,6-10yoe_global_indian,member_urn,,,,,,,,,,,,false,https://media.licdn.com/dms/image/v2/D5603AQEIu7buJ-YZ8g/profile-displayphoto-shrink_100_100/profile-displayphoto-shrink_100_100/0/1669811751496?e=1788998400&v=beta&t=FCWzQv8rmtIWpn3sE7A9KsLVlUY_dpxcwzSCR8W-OFk,false,"I leverage my 9 years of experience and expertise in SQL, Python, R, and Tableau to deliver data-driven insights and solutions.",2238,2026-09-01 21:00:56.853 +0530,Analytics | Ex-Google | Ex-McKinsey | IIT Dhanbad,,,,,,,,,,,"harshitharlalka@google.com, harshitharlalka@gmail.com, harshit.harlalka@mu-sigma.com, harshit.harlalka@gmail.com, harshith@google.com","harshitharlalka@google.com, harshith@google.com",,,,,
Himanshu Singh,Himanshu,Singh,https://www.linkedin.com/in/hisingh,urn:li:member:14537543,hisingh,New Delhi,Delhi,India,"New Delhi, Delhi, India",Dalmia Bharat Group,Executive Director-Head Coal Mines,10+yoe_global,member_urn,,,,,,,,,,,,false,https://media.licdn.com/dms/image/v2/D4D03AQHKwsRKhRL7gw/profile-displayphoto-shrink_100_100/profile-displayphoto-shrink_100_100/0/1727884310103?e=1788998400&v=beta&t=qXPKG8fLCsC0WS5WNdYMSQtOKt7MxVPyC6z4D409Oiw,false,,4067,2026-09-01 21:00:56.853 +0530,ED- Coal mines Dalmia| Ex Vedanta | Ex McKinsey | IIM Calcutta | IIT(ISM) Dhanbad,,,,,,,,,,,"hsingh@adanigroup.com, himanshu_8322@yahoo.co.in",hsingh@adanigroup.com,,,,1724,
Keshav Tyagi,Keshav,Tyagi,https://www.linkedin.com/in/keshav-tyagi-07076115,urn:li:member:52629780,keshav-tyagi-07076115,,,Greater Delhi Area,Greater Delhi Area,MJ Global,Head - Operations Excellence & Strategy,10+yoe_global,member_urn,,,,,,,,,,,,false,https://media.licdn.com/dms/image/v2/C4D03AQHOi7byY3NCjw/profile-displayphoto-shrink_100_100/profile-displayphoto-shrink_100_100/0/1654138763133?e=1788998400&v=beta&t=sPHRj_7EwMvFnFyhSzNQPexfH6j8Io4m98Xk4FVqUHM,false,"- 2 years experience being an entrepreneur, building an Ed-tech platform, looking after product development, sales and operations; - 12+ years of experience in Management Consulting, plant design, and operations - Worked across operational improvement, procurement cost reduction, and program management roles while in business advisory - Experience across Ed-tech, IT, Metals & Mining, and Oil & Gas industries;",2469,2026-09-01 21:00:56.853 +0530,Business Consulting | Ex EY | IIT,,,,,,,,,,,mle.keshav@gmail.com,,,,,2171,
Kritika Awasthi,Kritika,Awasthi,https://www.linkedin.com/in/kritikaawasthi,urn:li:member:115725305,kritikaawasthi,Lucknow,Uttar Pradesh,India,"Lucknow, Uttar Pradesh, India",,"Lucknow, Uttar Pradesh, India | Professional Profile",6-10yoe_global_indian,member_urn,,,,,,,,,,,,false,https://media.licdn.com/dms/image/v2/C5103AQE3E1qSZAVUsg/profile-displayphoto-shrink_100_100/profile-displayphoto-shrink_100_100/0/1551768671799?e=1788998400&v=beta&t=pLYlNNAhwgo7XMqzILT0Rdu6a2r9S6N-RZT6hDDTW6M,false,"I am an adaptable professional who has been consistently praised as efficient by my co-workers and management. Over the course of my 6 year teaching career I've demonstrated multitasking, communication and research abilities in every aspect of my profession. I am certain that I have necessary skills to successfully do the job adeptly and perform all expectations.",2152,2026-09-01 21:00:56.853 +0530,"Lucknow, Uttar Pradesh, India | Professional Profile",,558,,2019,2024,"{""Indian Institute of Technology (Indian School of Mines), Dhanbad""}",,,,,kritika3awasthi@gmail.com,,,,,,
kumaraswamy subramania,kumaraswamy,subramania,https://www.linkedin.com/in/kumaraswamy-subramania-7b962863,urn:li:member:225498237,kumaraswamy-subramania-7b962863,Chengalpattu,Tamil Nadu,India,"Chengalpattu, Tamil Nadu, India",Larsen & Toubro,Advisor mining,10+yoe_global,member_urn,,,,,,,,,,,,false,,false,,4109,2026-09-01 21:00:56.853 +0530,--,,,,,,,,,,,kumaraswamy.subramania@larsentoubro.com,kumaraswamy.subramania@larsentoubro.com,,,,2094,
Mita Mullick,Mita,Mullick,https://www.linkedin.com/in/mita-mullick-80547968,urn:li:member:240035909,mita-mullick-80547968,Kolkata,West Bengal,India,"Kolkata, West Bengal, India",,Senior Procurement Officer,10+yoe_global,member_urn,,,,,,,,,,,,false,https://media.licdn.com/dms/image/v2/C4E03AQGRsF3PRIQwnQ/profile-displayphoto-shrink_100_100/profile-displayphoto-shrink_100_100/0/1518430685223?e=1788998400&v=beta&t=YSLP4phBJKBkDdeMPkARzgsSy_2MNmsOTIcDbiU-LOY,false,"Mid career level procurement professional with a strong technical background in Water & Waste Water (W&WW) treatment systems and varied forms of environmental solutions, seeking assignment as…. SENIOR PROCUREMENT ENGINEER / SENIOR BUYER 6 years’ dedicated experience in projects procurement, in a career spanning over 14 years, including 11+ years in the U.A.E. Strong commercial awareness, understanding of material management techniques, and working experience in ERP platform and ISO mandated environment. Detail-oriented approach to planning, and ability to put in place best possible solution to ensure business continuity at optimized cost while adhering to deadlines and service levels. Excellent team leader with multicultural sensitivity and proven ability to ensure supplies in alignment with project specifications and schedules, while achieving cost reduction targets. Extended experience in costing, proposal engineering & execution of environmental projects, Environment Impact Assessment (EIA) & Environment Management Planning (EMP). Areas of Expertise:  Procurement Budgeting  Sourcing Due Diligence  Purchasing Life Cycle Mgmt  Cost Analysis &Negotiations  Alternate Sourcing  Materials & Inventory Mgmt  Quality Assurance & Control  Cost Control / Cost Saving  Relationships Management  Supplier Performance Mgmt  Team Management/Leadership  Par excellence communication skills",2827,2026-09-01 21:00:56.853 +0530,Senior Procurement Engineer,,,,,,,,,,,"mita.mullick@utileco.com, mita.mullick@metito.com",mita.mullick@utileco.com,,,,,
Pradeep K. Litoria,Pradeep K.,Litoria,https://www.linkedin.com/in/pradeep-k-litoria-26aa109,urn:li:member:29383282,pradeep-k-litoria-26aa109,Ludhiana,Punjab,India,"Ludhiana, Punjab, India",,"Retired Head (Geology, Water Resources & Geoinformatics Division) and Incharge IT.",10+yoe_global,member_urn,,,,,,,,,,,,false,https://media.licdn.com/dms/image/v2/C5103AQFDCogwsCNZwA/profile-displayphoto-shrink_100_100/profile-displayphoto-shrink_100_100/0/1559373406298?e=1788998400&v=beta&t=oRVUwoWNTUDnsLfZoS4zKvRAizTiRpav-x7zI3Jm8mU,false,,4073,2026-09-01 21:00:56.853 +0530,"Retired Head (Geology, Water Resources & Geoinformatics Division) and Incharge IT, Punjab Remote Sensing Centre",,,,,,,,,,,litoria_pk@rediffmail.com,,,,,,
Pranav K Jha,Pranav K,Jha,https://www.linkedin.com/in/pranavkumarjha,urn:li:member:28128709,pranavkumarjha,Gurugram,Haryana,India,"Gurugram, Haryana, India",,General Manager - Projects,10+yoe_global,member_urn,,,,,,,,,,,,false,https://media.licdn.com/dms/image/v2/D5603AQFbbV7YcdhCrg/profile-displayphoto-scale_200_200/B56Z.J.szPIUAc-/0/1784726343745?e=1788998400&v=beta&t=sXqMefOoutJEyd1gbKlMPhMdIsqEQD-2Wq5feBFGM5I,false,"Results-oriented executive with 30 years of leadership in steel, heavy engineering, and aerospace sectors, excelling in formulating and executing transformative business strategies that drive profitability, operational excellence, and sustainable growth. Proven architect of high-impact visions, including greenfield expansions and brownfield optimizations that delivered 20%+ profit margins and reduced costs by up to 35%. Adept at building and overseeing high-performing executive teams, fostering cross-functional collaboration across Marketing, PR, Finance, Accounts, HR, and Legal functions. Deep expertise in corporate finance principles, governance, risk management, and acquisition evaluation to enhance shareholder value. Entrepreneurial leader with exceptional problem-solving, communication, and organizational skills; actively represents organizations in industry associations to forge strategic partnerships and influence sector-wide innovation.",2967,2026-09-01 21:00:56.853 +0530,Business Development Pro I Delivered INR,,,,,,,,,,,pkjha231@sify.com,,,,,,
rajesh kishor,rajesh,kishor,https://www.linkedin.com/in/rajesh-kishor-09313b28,urn:li:member:95881647,rajesh-kishor-09313b28,Ranchi,Jharkhand,India,"Ranchi, Jharkhand, India",,Sr.Manager( Mines),10+yoe_global,member_urn,,,,,,,,,,,,false,,false,A Mining Engg. Graduate from Indian School of Mines 1993 BATCH,4022,2026-09-01 21:00:56.853 +0530,First Class Coal Mine Manager,,,,,,,,,,,rajesh.kishor@yahoo.com,,,,,,
Rajeev Singh,Rajeev,Singh,https://www.linkedin.com/in/rajeev-singh-95965628,urn:li:member:97159893,rajeev-singh-95965628,Ranchi,Jharkhand,India,"Ranchi, Jharkhand, India",Coal India Limited,Senior Manager,10+yoe_global,member_urn,,,,,,,,,,,,false,https://static.licdn.com/aero-v1/sc/h/bgaqk7x4ntjz0wg67d8u723eb,false,"Experience: Coal India Limited · Location: Ranchi · 29 connections on LinkedIn. View Rajeev Singh’s profile on LinkedIn, a professional community of 1 billion members.",461,2026-09-01 21:00:56.853 +0530,Coal India Limited,https://in.linkedin.com/company/coal-india-limited,29,,1984,1988,"{""Indian Institute of Technology (Indian School of Mines), Dhanbad""}",,,,,rajeev_ism1988@yahoo.co.in,,,,,956,
Roopesh Kumar,Roopesh,Kumar,https://www.linkedin.com/in/roopesh1,urn:li:member:143243020,roopesh1,Bengaluru,Karnataka,India,"Bengaluru, Karnataka, India",,Upper Division Clerk,6-10yoe_global_indian,member_urn,,,,,,,,,,,,false,https://media.licdn.com/dms/image/v2/C4D03AQHFxgMMX_nZSw/profile-displayphoto-shrink_100_100/profile-displayphoto-shrink_100_100/0/1609085947623?e=1788998400&v=beta&t=aGIrIla9DK7G0tQJcRBHS2RkgZU_1LIbO6Ya14MSRGw,false,At present working as an Avionics Engineer developing airworthy Embedded Systems. Have an hand-on exposure on both technical and administrative roles. Have a decent command over software development using C/ C++ /Ada . Also well versed in the administrative policies of GoI.,2285,2026-09-01 21:00:56.853 +0530,Avionics Engineer,,,,,,,,,,,rkpoweredone@gmail.com,,,,,,
Anurag Anand,Anurag,Anand,https://www.linkedin.com/in/anandanurag,urn:li:member:14945583,anandanurag,Bangalore Urban,Karnataka,India,"Bangalore Urban, Karnataka, India",TransUnion,Head of Fraud Products,10+yoe_global,member_urn,,,,,,,,,,,,false,https://media.licdn.com/dms/image/v2/D4D03AQEqIr1T09aJSQ/profile-displayphoto-scale_200_200/B4DZ8WyGYMJcAc-/0/1782793660441?e=1788998400&v=beta&t=5eDzatHNuPhxabfHOFZQ1V7mMxOYzEnRmh6338rx1ys,false,"Seasoned Product Manager with experience in building Software Products for more than a decade. Key capabilities include Product Conceptualization, Product Strategy, Market Research, Requirement Elicitation, Product Roadmap, support through the entire Development, Quality Assurance cycles, subsequent Launch and Customer Feedback. Proficient at handling conversations with the Bank’s Top Management in a Presales avatar.",3456,2026-09-01 21:00:56.853 +0530,Fighting Financial Faceless Crimes.,,,,,,,,,,,"anurag.anand@techmahindra.com, rag.anand@gmail.com",anurag.anand@techmahindra.com,,,,2595,
Rajnish Kumar,Rajnish,Kumar,https://www.linkedin.com/in/rajnish18,urn:li:member:21830833,rajnish18,New Delhi,Delhi,India,"New Delhi, Delhi, India",Godrej Properties Limited,Project Director,10+yoe_global,member_urn,,,,,,,,,,,,false,https://media.licdn.com/dms/image/v2/D4E03AQHQ6rMEQ93puQ/profile-displayphoto-shrink_100_100/profile-displayphoto-shrink_100_100/0/1639140864027?e=1788998400&v=beta&t=Xzgel3RpZrVsix0SBW1xplWXUeo7sOetoisvllxUUto,false,,3465,2026-09-01 17:03:38.642 +0530,Project Director at Godrej Properties Limited,,,,,,,,,,,,,,,,1881,
Ramendra Gupta,Ramendra,Gupta,https://www.linkedin.com/in/ramendra-gupta-20683b43,urn:li:member:154357350,ramendra-gupta-20683b43,Bengaluru,Karnataka,India,"Bengaluru, Karnataka, India",uranium corporation of india ltd,Chairman & Managing Director,10+yoe_global,member_urn,,,,,,,,,,,,false,,false,Managing and leading the underground mining industry (Gold and Uranium) of the country by implementing several new projects. Specialties: Specialized in deep mining technology with about 35 years experience in underground metal mining industry.,3477,2026-09-01 17:03:38.642 +0530,Independent Mining & Metals Professional,,,,,,,,,,,,,,,,2626,
Ravi Teja Nandula,Ravi Teja,Nandula,https://www.linkedin.com/in/raviten,urn:li:member:145502022,raviten,Bengaluru,Karnataka,India,"Bengaluru, Karnataka, India",Brysk,Chief Technology Officer,10+yoe_global,member_urn,,,,,,,,,,,,false,,false,,4105,2026-09-01 21:00:56.853 +0530,Building Pelican,,,,,,,,,,,ravitejanandula@gmail.com,,,,,1616,
Samarth Gupta,Samarth,Gupta,https://www.linkedin.com/in/samarthgupta51,urn:li:member:30490606,samarthgupta51,New Delhi,Delhi,India,"New Delhi, Delhi, India",,Independent Consultant,10+yoe_global,member_urn,,,,,,,,,,,,false,https://media.licdn.com/dms/image/v2/D5603AQFXU98qYGzdaw/profile-displayphoto-scale_200_200/B56Z0MZupPJIAY-/0/1774029566391?e=1788998400&v=beta&t=-VHBwK3S5aZMY9NmsohkHCkQSUGwv7_UO-dhdXE5TLs,false,"Seasoned Industrial Designer with 10+ years of experience in global automotive OEM design studios and 14+ years leading technical presales and Mobility Go‑To‑Market strategy across India & APAC. Recognized for bridging creative design vision, deep technical solutioning, and commercial strategy to drive customer adoption, win strategic pursuits, and shape future mobility experiences. Adept at partnering with C‑suite stakeholders, engineering leaders, and cross‑functional teams to translate complex technologies into compelling design‑led value propositions. Combines hands‑on automotive design expertise with a strategic understanding of mobility ecosystems, enabling organizations to accelerate innovation, scale revenue, and deliver differentiated customer outcomes. I'm open to new opportunities, please feel free to get in touch with me.",3453,2026-09-01 21:00:56.853 +0530,Automotive Innovation | Technical Solutioning | Mobility Strategy | People Leadership,,,,,,,,,,,samarth.gupta@autodesk.com,samarth.gupta@autodesk.com,,,,,
Sandeep Kumar,Sandeep,Kumar,https://www.linkedin.com/in/sandeep-kumar-98086b10,urn:li:member:37967280,sandeep-kumar-98086b10,Dhanbad,Jharkhand,India,"Dhanbad, Jharkhand, India",,General Manager - Energy Sourcing & Procurement,10+yoe_global,member_urn,,,,,,,,,,,,false,https://media.licdn.com/dms/image/v2/C5103AQFQ-bvA0Wotzw/profile-displayphoto-shrink_100_100/profile-displayphoto-shrink_100_100/0/1549189658909?e=1788998400&v=beta&t=XguQHTVuMnQw3Vje_9pheqtu3hRg0HGWH_hcshVX1rs,false,"21 Years of Experience in Strategic Sourcing, Planning, Digital Transformation in Procurement, Supply Chain Management, Inward Logistics (for Coal, Petcoke, Alternate Fuels, Raw Materials for Cement and Power Plants across India), Inward Logistics, Supply Chain Management, Business Development, Strategy formulation, Policy and Regulatory affairs, Contracts and Legal Affairs, Financial and Business Models, Operations Management and Production Planning, cost control, Risk Assessment and Risk Management, Compliance.",2796,2026-09-01 21:00:56.853 +0530,"Exp in Coal, Raw Materials, AFR Procurement, Supply Chain, Regulatory Affairs, Business Development, Contracts & Legal and Mining",,,,,,,,,,,sandeepnmdc@gmail.com,sandeep.k@ksk.co.in,,,,,
Sanjay Vohra,Sanjay,Vohra,https://www.linkedin.com/in/sanjay-vohra-6ba25627,urn:li:member:93178222,sanjay-vohra-6ba25627,,,Greater Delhi Area,Greater Delhi Area,,Manager - Soft Signage,10+yoe_global,member_urn,,,,,,,,,,,,false,https://media.licdn.com/dms/image/v2/C4D03AQE3wip_ZH6grw/profile-displayphoto-shrink_100_100/profile-displayphoto-shrink_100_100/0/1517443516979?e=1788998400&v=beta&t=NByV1ZvDtHkNaq0pvzBGkxlIJ78daZAPrVLEJEsUQEI,false,UV Flat bed product,2516,2026-09-01 21:00:56.853 +0530,INDUSTRIAL UV FLAT BED PRINTERS,,,,,,,,,,,sanjayv@insightwithin.com,sanjayv@insightwithin.com,,,,,
Krishna Kant Dubey,Krishna Kant,Dubey,https://www.linkedin.com/in/krishna-kant-dubey-2715753,urn:li:member:10356277,krishna-kant-dubey-2715753,Ranchi,Jharkhand,India,"Ranchi, Jharkhand, India",Essel Mining and Industries Limited,,10+yoe_global,member_urn,,,,,,,,,,,,false,https://media.licdn.com/dms/image/v2/D4D03AQEK3j28uBbOAA/profile-displayphoto-shrink_100_100/profile-displayphoto-shrink_100_100/0/1718305753041?e=1788998400&v=beta&t=8LyoW3gvhfWoWNGOPprHP1H8u1BdwORq_jy-4NmJVPI,false,,3480,2026-09-01 21:00:56.853 +0530,IIT(ISM)Dhanbad + IIM Ranchi,,,,,,,,,,,krishnakant.dubey@gmail.com,,,,,1809,
Saurabh Kumar Soni,Saurabh,Kumar Soni,https://www.linkedin.com/in/saurabh-kumar-soni-b4051b70,urn:li:member:252108192,saurabh-kumar-soni-b4051b70,Meerut,Uttar Pradesh,India,"Meerut, Uttar Pradesh, India",Proeffico Solutions | AI-Powered Business Automation,Career transition,10+yoe_global,member_urn,,,,,,,,,,,,false,https://media.licdn.com/dms/image/v2/D5603AQFmqF-CIupKwg/profile-displayphoto-shrink_100_100/B56ZVXuOyAHsAU-/0/1740933493028?e=1788998400&v=beta&t=iqS5fH-CYaNa5iJjllA5I2KjhhYwMoGODI9xrQ3Zm-U,false,,3543,2026-09-01 17:03:38.642 +0530,Open to Opportunities in Teaching & Academics,,,,,,,,,,,,,,,,2319,
Ajay Kumar Verma,Ajay Kumar,Verma,https://www.linkedin.com/in/ajay-kumar-verma-7ba298230,urn:li:member:968158078,ajay-kumar-verma-7ba298230,Patna,Bihar,India,"Patna, Bihar, India",Oil and Natural Gas Corporation Ltd,,10+yoe_global,member_urn,,,,,,,,,,,,false,https://media.licdn.com/dms/image/v2/D4D03AQEtiOhy92DiPQ/profile-displayphoto-shrink_100_100/profile-displayphoto-shrink_100_100/0/1681544357112?e=1788998400&v=beta&t=YXRV4FeDgf30GWTMet7vHSl1ypukYPpUNOxXcLamXu8,false,,3541,2026-09-01 17:03:38.642 +0530,Petroleum Engineer | Management | Super 30 | IITian | Oil and Natural Gas Corporation (ONGC) | Mentor,,,,,,,,,,,,,,,,2245,
Satish Reddy,Satish,Reddy,https://www.linkedin.com/in/satish-reddy-4200321b,urn:li:member:68743896,satish-reddy-4200321b,Mumbai,Maharashtra,India,"Mumbai, Maharashtra, India",,Coordinator Innovation projects,6-10yoe_global_indian,member_urn,,,,,,,,,,,,false,https://media.licdn.com/dms/image/v2/C4D03AQFduGFJOmxF4g/profile-displayphoto-shrink_100_100/profile-displayphoto-shrink_100_100/0/1516860220222?e=1788998400&v=beta&t=I63p9La_sKrt7HwWboKuQ3iY-IuFsVsmS3V_I_UP5Pg,false,"Kala Organic Cotton Project: Kala Cotton is a rain-fed short-staple (22-23mm) cotton grown in Kachchh. It is by default organic, meaning that the farmers do not have access to irrigation nor can they afford chemical inputs. Kala Cotton requires minimal investments, as it has a high tolerance for drought, diseases and pests. Vision of the project: -Re-instatement of the old world cotton fabrics -Holistic approach to sustainable cotton textile production in harmony with the ecology of Kachchh. -Bringing together farmers, hand spinners, dyers, weavers, designers and users to create products that celebrate the plurality and robustness of localized economies in the face of mass homogenization and environmental degradation. Plastic waste Weaving Project: Realising the growing impact of plastic bags as a major solid waste effluent, KHAMIR has formulated a project with the following major objectives. Re-utilize and recycle used plastic bags in a manner that will provide employment to rural men and women who will eke out a livelihood at home itself. Manufacture commercially useful items like bags and office stationery which will have good market potential. Explore other means and ways to recycle waste plastic bags to make a wide range of useful materials.",2387,2026-09-01 21:00:56.853 +0530,"Coordinator - Innovation projects at Khamir Craft Resource Center, Bhuj",,,,,,,,,,,smallpebbles@gmail.com,,,,,,
Rahul K.,Rahul,K.,https://www.linkedin.com/in/rahul-k-119269103,urn:li:member:439577445,rahul-k-119269103,Bengaluru,Karnataka,India,"Bengaluru, Karnataka, India",UBS,,10+yoe_global,member_urn,,,,,,,,,,,,false,,false,"Seasoned Finance professional with 15 years of experience working with leading global banks and a track record of delivering results in complex business environment with the help of technology. Change management professional with proficiency in varied domains and expertise in the areas of project management, product management, business analysis and operations. Organized and goal-oriented with a strong skill in building excellent rapport with clients and other stakeholders across geographies. Highly results-oriented, versatile and having a dynamic approach to designing solutions with the sole focus on adding value to the business. Excellent leadership skills and effective communicator with experience in leading a team of Business Analysts across multiple locations. Very approachable and collaborative with the ability to work effectively at all levels of organization.",3538,2026-09-01 17:03:38.642 +0530,Capital Markets - Consulting,,,,,,,,,,,,,,,,2608,
Anand Viswanath,Anand,Viswanath,https://www.linkedin.com/in/anand-viswanath-a92054a,urn:li:member:29971982,anand-viswanath-a92054a,,,Greater Bengaluru Area,Greater Bengaluru Area,Bharat Biotech,Retirement,10+yoe_global,member_urn,,,,,,,,,,,,false,https://media.licdn.com/dms/image/v2/C5603AQFdH45wmj3hXg/profile-displayphoto-shrink_100_100/profile-displayphoto-shrink_100_100/0/1517679457707?e=1788998400&v=beta&t=tBUekKnlDTmGBivYo3dEAyXaLfZkkzTWZW3A18c44Ws,false,,3544,2026-09-01 21:00:56.853 +0530,SAP/ERP Implementation Consultant,,,,,,,,,,,shwethanand@hotmail.com,,,,,1588,
Kaushik Gangopadhyay,Kaushik,Gangopadhyay,https://www.linkedin.com/in/kaushik-gangopadhyay-a999577,urn:li:member:23258709,kaushik-gangopadhyay-a999577,,,Greater Kolkata Area,Greater Kolkata Area,Capgemini,Director,10+yoe_global,member_urn,,,,,,,,,,,,false,,false,"Enterprise / Solution / Transformation Architect with 25+ years of experience delivering large-scale distributed systems across BFSI and Retail domains, working across complex, multi-system enterprise environments with strong focus on integration, data flow, and downstream impact.I specialize in AWS cloud-native architecture, domain-driven microservices, API-led ecosystems (REST/OpenAPI), and event-driven systems, with hands-on expertise in Java/Spring Boot–based distributed systems and enterprise integration platforms.My work focuses on building deterministic AI-assisted enterprise systems—combining structured extraction, canonical data modeling, and rule-based scoring frameworks to enable governed, explainable decisioning, avoiding black-box approaches.I operate as a hands-on architect, actively involved in: Architecture-driven code reviews Static analysis (Sonar) and quality enforcement CI/CD-integrated governance and performance validation Ensuring architecture is realized in production systems I have led enterprise transformation programs, including: API and microservices transformation (100+ services) Hybrid cloud modernization (AWS) Deterministic AI-based impact analysis platforms High-volume document intelligence systems (100K+ documents/day) I work closely with engineering, product, and business stakeholders to align architecture, delivery, and enterprise governance, particularly in regulated BFSI environments.",3547,2026-09-01 17:03:38.642 +0530,Enterprise / Solution / Transformation Architect | AWS | Microservices | API | BFSI | Distributed Systems | Java/Spring Boot | Deterministic AI Systems | Hands-on Architecture,,,,,,,,,,,,,,,,1629,
Krishna Kant Sinha,Krishna Kant,Sinha,https://www.linkedin.com/in/sinhakk,urn:li:member:63493332,sinhakk,Nagpur,Maharashtra,India,"Nagpur, Maharashtra, India",,CEO,10+yoe_global,member_urn,,,,,,,,,,,,false,https://media.licdn.com/dms/image/v2/C4D03AQG8wdI_KXwecA/profile-displayphoto-shrink_100_100/profile-displayphoto-shrink_100_100/0/1516806498328?e=1788998400&v=beta&t=cnmLBqeNVGlCQGhPPRBhLFXMUhxRcpG73fvkUZrk0Ms,false,"Professional Engineer with 32 year experience in Planning & design of Coal Handling Plant, NIT / Evaluation / Turn – key execution of CHP. Head E&M Department managing E&M activity : Planning & Design of CHP / Pumping / Workshop / Power supply / Electrical Energy audit / Diesel audit / Maintenance of Office & Colony / Material Management / Pre-despatch Inspection of P&M for CIL & its subsidiary.",2707,2026-09-01 21:00:56.853 +0530,CEO at Globus Mine Planning & Design Consultancy,,,,,,,,,,,sinhakk@yahoo.com,,,,,,
Rishav Kumar,Rishav,Kumar,https://www.linkedin.com/in/rishav-kumar-bb19171b8,urn:li:member:850293493,rishav-kumar-bb19171b8,Dhanbad,Jharkhand,India,"Dhanbad, Jharkhand, India",Wherehouse.io,Founder's Office (Analytics and Strategy),founders,member_urn,,,,,,,,,,,,false,,false,"Hey, I love working at the intersection of Technology and Business, am passionate about data and decision making based on data.I have worked with a great startups as an intern in Product and Founder's office (Analytics)domains. My areas of Interest are basically Analytics, Product and Consulting.I am currently part of one of the fastest growing startup in country. Will let you know* Feel free to drop your mail at rkkumaris910@gmail.com to know more or talk about something.",3563,2026-09-01 17:03:38.642 +0530,Analytics || Product  || ISB || IIT Madras,,,,,,,,,,,rkkumaris910@gmail.com,,,,,2665,
Sukumar Saha,Sukumar,Saha,https://www.linkedin.com/in/sukumar-saha-13774b39,urn:li:member:136213243,sukumar-saha-13774b39,South Delhi,Delhi,India,"South Delhi, Delhi, India",,Scientist,10+yoe_global,member_urn,,,,,,,,,,,,false,,false,WORKED AT CRRI for 32 years in geotechnical Engineering area. Specialised in Slope Stability Analysis and stress analysis using FEM. Stabilisation of slopes both natural and man made using conventional and numerical methods was the main purpose.,4012,2026-09-01 21:00:56.853 +0530,Former  Sr. Principal Scientist at CSIR-CRRI,,,,,,,,,,,sukumar.crri@nic.in,,,,,,
Sachida Nanda Misra,Sachida Nanda,Misra,https://www.linkedin.com/in/sachida-nanda-misra-88b07743,urn:li:member:152443691,sachida-nanda-misra-88b07743,,,Greater Chennai Area,Greater Chennai Area,Oil and Natural Gas Corporation Ltd,DGM,10+yoe_global,member_urn,,,,,,,,,,,,false,https://media.licdn.com/dms/image/v2/C5603AQFS7c4NKNMlJg/profile-displayphoto-shrink_100_100/profile-displayphoto-shrink_100_100/0/1516990390332?e=1788998400&v=beta&t=OgpxlDF77nGBdCjJ0LmartOISdn714Cq3PVvO63Jje4,false,,3596,2026-09-01 17:03:38.642 +0530,--,,,,,,,,,,,,,,,,2245,
V. B. Pandey,V. B.,Pandey,https://www.linkedin.com/in/vbpandey,urn:li:member:121377462,vbpandey,Bokaro,Jharkhand,India,"Bokaro, Jharkhand, India",,AVP,10+yoe_global,member_urn,,,,,,,,,,,,false,https://media.licdn.com/dms/image/v2/C5603AQGySVmBmVB9Dg/profile-displayphoto-shrink_100_100/profile-displayphoto-shrink_100_100/0/1516566947066?e=1788998400&v=beta&t=elNvBsL_SOh9A9DLuC-USX31FrQDLRSwG-V_kgTbNV0,false,"An incisive professional with over 40 years of qualitative experience in mining operations. Possesses in-depth understanding of various mining methods. Proven abilities in co-ordinating and leading variety of people and projects with an ability to develop strategic plans. Specialties: Iron ore mining, People management, Administration, Mines Safety, Industrial Relationship, Heavy Earth Moving Machinery (HEMM), Training & deployment, Managing tendering, financial administration, OHSAS: 18000, ISO: 9001, ISO: 14000",2410,2026-09-01 21:00:56.853 +0530,Mining Consultant,,,,,,,,,,,vbpandey70@gmail.com,,,,,,
Vasant Kumbhar,Vasant,Kumbhar,https://www.linkedin.com/in/vasant-kumbhar-4036741a,urn:li:member:67337283,vasant-kumbhar-4036741a,Mumbai,Maharashtra,India,"Mumbai, Maharashtra, India",Oil and Natural Gas Corporation Ltd,Ex GM,10+yoe_global,member_urn,,,,,,,,,,,,false,,false,Professionally long and well experienced petroleum development and exploration geologist.I would like to see more and more oil & gas explored and developed in India as well as other parts of world.,4037,2026-09-01 21:00:56.853 +0530,GM at ONGC,,,,,,,,,,,vbkumbhar@hotmail.com,,,,,2245,
Neela Krishna teja Tadikonda,Neela Krishna teja,Tadikonda,https://www.linkedin.com/in/accountnumber444201500657ifscicic0004442,urn:li:member:92886164,accountnumber444201500657ifscicic0004442,Khammam,Telangana,India,"Khammam, Telangana, India",Jupiter Meta Labs,Lead Full stack,founders,member_urn,,,,,,,,,,,,false,,false,"I'm building CrumbCast, a platform helping restaurants build stronger relationships with customers after every meal.Restaurants spend heavily bringing customers through the door, but very little happens after the meal ends. CrumbCast helps restaurants stay connected through storytelling, post-meal engagement, WhatsApp communication, loyalty experiences, and AI-powered campaigns.I'm a full-stack engineer with experience building production systems using React, Node.js, AWS, databases, and APIs, and I'm passionate about creating software that solves real business problems.Currently building the MVP while talking with restaurant owners and refining the product through customer feedback.https://about.me/tadikondaneelakrishnateja",3586,2026-09-01 17:03:38.642 +0530,"Founder @ CrumbCast | Building the Restaurant Relationship OS | Former employee at Motorola, Nokia| Contractor IBM| Software Engineer Monsanto| FrontM|[Ex]|Healthi|lulu|jupitermeta | Advocate awareness against UVexposure",,,,,,,,,,,,,,,,2060,
Sai Prakash Velkur,Sai Prakash,Velkur,https://www.linkedin.com/in/sai-prakash-velkur,urn:li:member:534775863,sai-prakash-velkur,Hyderabad,Telangana,India,"Hyderabad, Telangana, India",BeeHyv Software,Software Developer,6-10yoe_global_indian,member_urn,,,,,,,,,,,,false,https://media.licdn.com/dms/image/v2/D5603AQHDMOJVo33S4A/profile-displayphoto-scale_400_400/B56Zyo3Y8CKAAk-/0/1772359620838?e=1788998400&v=beta&t=N7DiTTFxpVd6uLxifTnzhVpQEnNRSWC5Td-ZX90Pnhw,false,,3649,2026-09-01 17:03:38.642 +0530,SWE,,,,,,,,,,,,,,,,1583,
basanta kumar parida,basanta kumar,parida,https://www.linkedin.com/in/basanta-kumar-parida-6000ba50,urn:li:member:179405280,basanta-kumar-parida-6000ba50,,,India,India,Rashmi Group,DGM- Corporate Affairs & Compliances,10+yoe_global,member_urn,,,,,,,,,,,,false,https://media.licdn.com/dms/image/v2/C4E03AQET1t7TXlBhGA/profile-displayphoto-shrink_100_100/profile-displayphoto-shrink_100_100/0/1643632097404?e=1788998400&v=beta&t=h4XuSn9L3Ysz5KHfznlhE0_QPzgYbbyRLXl2tbAOpjY,false,,3703,2026-09-01 17:03:38.642 +0530,DGM- Corporate Affairs & Compliances,,,,,,,,,,,,,,,,2343,
Mritunjay Kumar,Mritunjay,Kumar,https://www.linkedin.com/in/mritunjay-kumar-b87b1121,urn:li:member:77410903,mritunjay-kumar-b87b1121,Ranchi,Jharkhand,India,"Ranchi, Jharkhand, India",TRACTEC,General Manager,10+yoe_global,member_urn,,,,,,,,,,,,false,https://media.licdn.com/dms/image/v2/C5103AQFPQLWjXlAYwg/profile-displayphoto-shrink_100_100/profile-displayphoto-shrink_100_100/0/1535109665883?e=1788998400&v=beta&t=o8IiDZWi0M6plg9paxDBdoqpLFo1N5SD-hzIL7zR978,false,,3600,2026-09-01 21:00:56.853 +0530,Gm at Tractebel engg Pvt. Ltd.,,,,,,,,,,,mksingh_dhanbad@yahoo.com,,,,,2591,
Milan Chattopadhyay,Milan,Chattopadhyay,https://www.linkedin.com/in/milan-chattopadhyay-ab1a96163,urn:li:member:656617381,milan-chattopadhyay-ab1a96163,Durgapur,West Bengal,India,"Durgapur, West Bengal, India",Steel Authority of India Limited,,10+yoe_global,member_urn,,,,,,,,,,,,true,,false,"Techno-functional steel industry leader with over 35 years of experience at Steel Authority of India Limited (SAIL), excelling in Raw Material Handling Plants (RMHP), Mines Operations, and Plant Safety. Successfully led multi-million-ton production lines, improved crushing indexes, and implemented Ministry of Steel safety protocols across plant operations. Proven track record of transforming operations and safety standards while mentoring large teams. Recognized for increasing blast furnace productivity through optimized material flow, quality control, and cutting-edge automation projects.",3606,2026-09-01 17:03:38.642 +0530,Chief General Manager ? Raw Material Handling & Plant Operations | Safety Leadership | Iron & Steel Industry | SAIL,,,,,,,,,,,,,,,,2520,
Santosh Ku Guin,Santosh Ku,Guin,https://www.linkedin.com/in/santosh-ku-guin-70356082,urn:li:member:293996019,santosh-ku-guin-70356082,Jajpur,Odisha,India,"Jajpur, Odisha, India",NMDC Limited,,10+yoe_global,member_urn,,,,,,,,,,,,false,https://media.licdn.com/dms/image/v2/D5603AQGDiMnhbDLX5g/profile-displayphoto-shrink_100_100/profile-displayphoto-shrink_100_100/0/1728030814313?e=1788998400&v=beta&t=ewpAImqd0nnmaZLyGZpesgWzstuNgFfkFEXpNs8vSZg,false,,3704,2026-09-01 17:03:38.642 +0530,Geologist | Hindustan Zinc Ltd | NMDC Ltd l OMC Ltd,,,,,,,,,,,,,,,,2227,
Dr. Praveen K Jha,Dr. Praveen K,Jha,https://www.linkedin.com/in/dr-praveen-k-jha-148275187,urn:li:member:738189704,dr-praveen-k-jha-148275187,Delhi,,India,"Delhi, India",CHANDIGARH UNIVERSITY,Associate Professor of Petroleum Engineering,6-10yoe_global_indian,member_urn,,,,,,,,,,,,false,https://media.licdn.com/dms/image/v2/C5103AQGV6LBbknlo6w/profile-displayphoto-shrink_100_100/profile-displayphoto-shrink_100_100/0/1558170658507?e=1788998400&v=beta&t=5kYQEonYC7iZRxDX1Ez3TSZ8LXcybH7lsAnvdHBOsZw,false,,3722,2026-09-01 17:03:38.642 +0530,Chemical Engineer,,,,,,,,,,,,,,,,1654,
Kishor Bhadu,Kishor,Bhadu,https://www.linkedin.com/in/kishor-bhadu-6245a710a,urn:li:member:461306044,kishor-bhadu-6245a710a,Jaipur,Rajasthan,India,"Jaipur, Rajasthan, India",Course Hero,Subject Matter Expert,6-10yoe_global_indian,member_urn,,,,,,,,,,,,false,https://media.licdn.com/dms/image/v2/C4E03AQECaZVF1WBJnA/profile-displayphoto-shrink_100_100/profile-displayphoto-shrink_100_100/0/1626180724389?e=1788998400&v=beta&t=cX-htEO0I91E0yMrgNrTuBBeWlRMn-S2ttCbQxHb9yI,false,,3721,2026-09-01 17:03:38.642 +0530,Research Scholar,,,,,,,,,,,,,,,,1702,
Kunal Sen,Kunal,Sen,https://www.linkedin.com/in/kunal-sen-aa76a020,urn:li:member:73365535,kunal-sen-aa76a020,Kolkata,West Bengal,India,"Kolkata, West Bengal, India",Payswiff,Regional Coordinator,10+yoe_global,member_urn,,,,,,,,,,,,false,https://media.licdn.com/dms/image/v2/C5603AQHwo0-eFZci6A/profile-displayphoto-shrink_100_100/profile-displayphoto-shrink_100_100/0/1569910078999?e=1788998400&v=beta&t=mDAQsxk3NHcJiwE6zQYDye34_McoX-q4d1K40Ml6crA,false,,3709,2026-09-01 21:00:56.853 +0530,Regional Coordinator at Payswiff Solutions Pvt Ltd,,,,,,,,,,,kunalsen2883@gmail.com,,,,,2279,
Tabinda Irshad,Tabinda,Irshad,https://www.linkedin.com/in/tabinda-irshad-5555b1184,urn:li:member:730054865,tabinda-irshad-5555b1184,Ranchi,Jharkhand,India,"Ranchi, Jharkhand, India",Ericsson,domain Support Specialist,6-10yoe_global_indian,member_urn,,,,,,,,,,,,false,https://media.licdn.com/dms/image/v2/D5603AQEXBVEZwsZ_qA/profile-displayphoto-scale_400_400/B56Z.fUxxwKAAg-/0/1785084453588?e=1788998400&v=beta&t=fKAK903g3r1MuoT17GgNwCXHAnkd_657M8dP8-9n9h8,false,,3729,2026-09-01 17:03:38.642 +0530,Domain support Specialist,,,,,,,,,,,,,,,,1802,
Somrita Dutta,Somrita,Dutta,https://www.linkedin.com/in/somrita-dutta-a9867060,urn:li:member:216630548,somrita-dutta-a9867060,Kanchipuram,Tamil Nadu,India,"Kanchipuram, Tamil Nadu, India",National Taiwan Normal University,Relocation,6-10yoe_global_indian,member_urn,,,,,,,,,,,,false,https://media.licdn.com/dms/image/v2/D5603AQFzKqrfNTuHqA/profile-displayphoto-shrink_100_100/profile-displayphoto-shrink_100_100/0/1682966799446?e=1788998400&v=beta&t=DCnNdP-UHpKpHWFreBM7tWwgmWFUeSBDZb3kUC_e5sw,false,,3723,2026-09-01 17:03:38.642 +0530,Material Science Researcher,,,,,,,,,,,,,,,,2200,
Aditya r v Singh,Aditya r v,Singh,https://www.linkedin.com/in/aditya-r-v-singh-98bb3423b,urn:li:member:1003112315,aditya-r-v-singh-98bb3423b,Delhi,,India,"Delhi, India",MedCred,Zonal Head,6-10yoe_global_indian,member_urn,,,,,,,,,,,,false,https://media.licdn.com/dms/image/v2/D4D03AQEulJ3VZ08a-g/profile-displayphoto-shrink_100_100/profile-displayphoto-shrink_100_100/0/1721196544485?e=1788998400&v=beta&t=1EPtJ7WiMAAQBpJ7beZx8v-pks7BWTs3sVDiwj6wfbI,false,,3738,2026-09-01 17:03:38.642 +0530,Founder at Rent n Ride,,,,,,,,,,,,,,,,2144,
Sourabh Kumar,Sourabh,Kumar,https://www.linkedin.com/in/sourabh-kumar-8b480343,urn:li:member:154282312,sourabh-kumar-8b480343,South Delhi,Delhi,India,"South Delhi, Delhi, India",Chegg Inc.,Electrical Engineering Specialist,6-10yoe_global_indian,member_urn,,,,,,,,,,,,false,https://media.licdn.com/dms/image/v2/C5603AQGi-x2L68q3hw/profile-displayphoto-shrink_100_100/profile-displayphoto-shrink_100_100/0/1636476542750?e=1788998400&v=beta&t=XZP9agi0NwUuZOySwfRIOzxJfV1gwWIGflZPRL1dCcQ,false,,3739,2026-09-01 17:03:38.642 +0530,Learner,,,,,,,,,,,,,,,,1659,
Sambhav Anand,Sambhav,Anand,https://www.linkedin.com/in/sambhav-anand-0a517b55,urn:li:member:194502077,sambhav-anand-0a517b55,Ranchi,Jharkhand,India,"Ranchi, Jharkhand, India",Indian Railways,Civil Engineer,6-10yoe_global_indian,member_urn,,,,,,,,,,,,false,https://media.licdn.com/dms/image/v2/C5103AQEXimOJzwtwPw/profile-displayphoto-shrink_100_100/profile-displayphoto-shrink_100_100/0/1516846463277?e=1788998400&v=beta&t=EZeYVb8u-SSBKl1eiVyvobZwhZbIzwHr-WWwOcg2bF0,false,,3736,2026-09-01 17:03:38.642 +0530,Cochin University of Science and Technology,,,,,,,,,,,,,,,,1997,
Dinesh Balapur,Dinesh,Balapur,https://www.linkedin.com/in/dinesh-balapur-11472623,urn:li:member:82415392,dinesh-balapur-11472623,Hyderabad,Telangana,India,"Hyderabad, Telangana, India",Race Narayana IIT/NEET Academy,HoD Physics,6-10yoe_global_indian,member_urn,,,,,,,,,,,,false,,false,"Spiro Academy is a unique venture started by an IIT alumni Mr B.Dinesh, a veteran with over 11 years of teaching experience in top institutes like Allen, Narayana, Byjus. Using his innovative teaching methodology which he has developed after years of research, he has helped thousands of students realize their IIT dreams. Apart from solid technical training, Mr.Dinesh specializes in stress management techniques and the mental training required to crack the toughest competitive exam in the country. It is said ""half the battle is won in the mind"". The holistic training that you will receive at the institute will help you have an edge over your competition. Remember, ""only a person who has conquered the battle field can help you win the battle."" Do not miss this once in a life time opportunity to be trained by a passionate IITian. Join Dinesh's classes and feel the difference.",3711,2026-09-01 21:00:56.853 +0530,"Director, Bhavya Sri Physics Classes",,,,,,,,,,,dinesh.balapur@tatasteel.com,dinesh.balapur@tatasteel.com,,,,2335,
Rajshekar Dutta Choudhury,Rajshekar,Dutta Choudhury,https://www.linkedin.com/in/rajshekar-dutta-choudhury-371686158,urn:li:member:634698373,rajshekar-dutta-choudhury-371686158,,,India,India,ExxonMobil,Unconventional Reservoir Engineer,6-10yoe_global_indian,member_urn,,,,,,,,,,,,false,,false,"Experienced reservoir engineer with a demonstrated history of working in various US shale developments and diagnostic technologies. Highly skilled in in Fracture modelling, slant well diagnostics, reservoir simulation and economic evaluation. Championed impactful studies which led to overall increase of well productivity using proprietary technologies at Exxonmobil.",3743,2026-09-01 17:03:38.642 +0530,Energy,,,,,,,,,,,,,,,,1822,
ALIVIYA BHOWMICK,ALIVIYA,BHOWMICK,https://www.linkedin.com/in/aliviya-bhowmick-2710b8b3,urn:li:member:403350133,aliviya-bhowmick-2710b8b3,,,India,India,"Indian Institute of Technology (Indian School of Mines), Dhanbad",Research Fellow,6-10yoe_global_indian,member_urn,,,,,,,,,,,,false,https://media.licdn.com/dms/image/v2/C4E03AQFk6TpeSxELgA/profile-displayphoto-shrink_100_100/profile-displayphoto-shrink_100_100/0/1517592260043?e=1788998400&v=beta&t=xRoqFqCJqKXd1woeCbG1nzxaaGU_xnF1DW_UKfHq6Zo,false,,3744,2026-09-01 17:03:38.642 +0530,DST INSPIRE Fellow,,,,,,,,,,,,,,,,1988,
Kalpesh Agrawal,Kalpesh,Agrawal,https://www.linkedin.com/in/kalpesh-agrawal,urn:li:member:141673461,kalpesh-agrawal,Delhi,,India,"Delhi, India",Waterfield Advisors,Senior Manager,6-10yoe_global_indian,member_urn,,,,,,,,,,,,false,https://media.licdn.com/dms/image/v2/C5603AQGhINUKM0sjJg/profile-displayphoto-shrink_100_100/profile-displayphoto-shrink_100_100/0/1639987159868?e=1788998400&v=beta&t=zAD3Cp_GUFc_Pp2MfVbtl9YhWX0dSZUitudt1DMdLr0,false,,3745,2026-09-01 17:03:38.642 +0530,Investment advisory | Family office,,,,,,,,,,,,,,,,2659,
Pratyush Behera,Pratyush,Behera,https://www.linkedin.com/in/pratyushprasanna1,urn:li:member:632760568,pratyushprasanna1,Dhanbad,Jharkhand,India,"Dhanbad, Jharkhand, India",TKIL Industries,,6-10yoe_global_indian,member_urn,,,,,,,,,,,,false,https://media.licdn.com/dms/image/v2/C4E03AQHpP5VQjdrMXQ/profile-displayphoto-shrink_100_100/profile-displayphoto-shrink_100_100/0/1604736597028?e=1788998400&v=beta&t=E5MXUUUXrH4ookElZb-nk9t58v_PkJy56Nxhm2UvLck,false,,3746,2026-09-01 17:03:38.642 +0530,TKIL (formerly ThyssenKrupp Industries India Pvt. Ltd.),,,,,,,,,,,,,,,,2580,
Saurav Suman,Saurav,Suman,https://www.linkedin.com/in/saurav-suman-980120,urn:li:member:353010409,saurav-suman-980120,Bangalore Urban district,,India,"Bangalore Urban district, India",Cimpress India,Senior Software Engineer,6-10yoe_global_indian,member_urn,,,,,,,,,,,,false,,false,"A senior Software Engineer with 7+ years of experience building scalable backend systems, cloud-native applications, and distributed microservices platforms. Strong expertise in Node.js, TypeScript, Python, AWS, Kubernetes, and event-driven architectures. Proven experience leading engineering initiatives, mentoring developers, and delivering production-grade systems across e-commerce, logistics, CRM, and AI-driven platforms.My professional journey spans diverse domains, including e-commerce, logistics, and telecom, where I consistently applied skills in software development, microservices, and cloud technologies. Passionate about driving impactful solutions, I aim to collaborate with cross-functional teams to design scalable and efficient systems that address complex challenges.",3765,2026-09-01 17:03:38.642 +0530,Senior Software Engineer,,,,,,,,,,,,,,,,1671,
Mohd Zeeshan Ali,Mohd Zeeshan,Ali,https://www.linkedin.com/in/mohd-zeeshan-ali-b4867830a,urn:li:member:1321458536,mohd-zeeshan-ali-b4867830a,Noida,Uttar Pradesh,India,"Noida, Uttar Pradesh, India",NLC India Limited,Deputy Executive Engineer,6-10yoe_global_indian,member_urn,,,,,,,,,,,,false,https://media.licdn.com/dms/image/v2/D4E03AQG-R7ELsZ7ojA/profile-displayphoto-scale_200_200/B4EZh7LVvDHgAY-/0/1754413228029?e=1788998400&v=beta&t=Iy1dL9XECvfy2urNSvCQQ9BwdiRbuYf_mSVJ7vqEI0s,false,,3748,2026-09-01 17:03:38.642 +0530,IIM Lucknow PGPSM'26 | Alumni Committee Member | IIT ISM DHANBAD'18 | NLC INDIA Limited,,,,,,,,,,,,,,,,2226,
"Priya Kumari, Ph.D.",Priya,"Kumari, Ph.D.",https://www.linkedin.com/in/priya-kumari-ph-d-285706135,urn:li:member:554159621,priya-kumari-ph-d-285706135,Dhanbad,Jharkhand,India,"Dhanbad, Jharkhand, India","National Institute of Technology, Andhra Pradesh",Assistant Professor (Ad-hoc),6-10yoe_global_indian,member_urn,,,,,,,,,,,,false,https://media.licdn.com/dms/image/v2/D4D03AQHbpQP-8dsFGQ/profile-displayphoto-shrink_400_400/B4DZP9cJ8yGgAg-/0/1735123840301?e=1788998400&v=beta&t=JCMUShFE3sJU-qjypFw_BM2y4LRQ2Gqk2I6CE3s-e-4,false,,3757,2026-09-01 17:03:38.642 +0530,IIT (ISM) Dhanbad | BIT Mesra Ranchi,,,,,,,,,,,,,,,,2198,
abhishek kumar,abhishek,kumar,https://www.linkedin.com/in/abhishek-kumar-96988321,urn:li:member:76812705,abhishek-kumar-96988321,Bengaluru,Karnataka,India,"Bengaluru, Karnataka, India",Beehively,,6-10yoe_global_indian,member_urn,,,,,,,,,,,,false,https://media.licdn.com/dms/image/v2/C4D03AQH93S6-bKGVPA/profile-displayphoto-shrink_100_100/profile-displayphoto-shrink_100_100/0/1516951953649?e=1788998400&v=beta&t=jk_b92csxRXL_4tllI7LZlzV0YRx96od85or2A-Oew4,false,,3727,2026-09-01 21:00:56.853 +0530,Business Development at Beehively,,,,,,,,,,,abhishek@beehively.com,abhishek@beehively.com,,,,1582,
Dr. Prasanta Kumar Roy,Dr. Prasanta Kumar,Roy,https://www.linkedin.com/in/dr-prasanta-kumar-roy-b4024978,urn:li:member:275308320,dr-prasanta-kumar-roy-b4024978,,,India,India,Techno India Group,"Assistant Professor at SIT,Siliguri",6-10yoe_global_indian,member_urn,,,,,,,,,,,,false,https://media.licdn.com/dms/image/v2/D5603AQEFfUFXw5rehw/profile-displayphoto-shrink_100_100/profile-displayphoto-shrink_100_100/0/1672593029182?e=1788998400&v=beta&t=t2QW1csIRv1tNL6nPPTxxSkMN5lCzk9A1oYXs222wtE,false,,3749,2026-09-01 17:03:38.642 +0530,"B. Tech, M. Tech, Ph. D (CSE)",,,,,,,,,,,,,,,,2563,
Dr. Aakash Bhardwaj,Dr. Aakash,Bhardwaj,https://www.linkedin.com/in/dr-aakash-bhardwaj-4622b1112,urn:li:member:472513610,dr-aakash-bhardwaj-4622b1112,,,Greater Delhi Area,Greater Delhi Area,"Indian Institute of Technology, Delhi",PHD,6-10yoe_global_indian,member_urn,,,,,,,,,,,,false,https://media.licdn.com/dms/image/v2/D4D03AQHIu4DicIbCJQ/profile-displayphoto-shrink_100_100/profile-displayphoto-shrink_100_100/0/1674126568761?e=1788998400&v=beta&t=VAMEgzrrfNQALv8LLN0wASB3PHnBh39XzTCtEjP5tBM,false,,3753,2026-09-01 17:03:38.642 +0530,"Ph.D. in Chemical Engineering under Joint Supervision of Prof. Sreedevi Upadhyayula, Prof. Shantanu Roy, and Prof. K.K. Pant with expertise in Heterogeneous catalysis, Reaction Engineering, CCUS, Sustainable Fuels.",,,,,,,,,,,,,,,,1984,
Vartika Singh,Vartika,Singh,https://www.linkedin.com/in/vartika-singh-94596b171,urn:li:member:686174597,vartika-singh-94596b171,Vadodara,Gujarat,India,"Vadodara, Gujarat, India",Accenture Strategy & Consulting,Summer Intern,6-10yoe_global_indian,member_urn,,,,,,,,,,,,false,https://media.licdn.com/dms/image/v2/D4D03AQGH2TQ2wVEgkA/profile-displayphoto-scale_400_400/B4DZ1jon8.HIAg-/0/1775493093482?e=1788998400&v=beta&t=CW4kFKMbzk_zjplH7Cgq9-Z9wWcKgC0sxwyizVpEd4M,false,,3747,2026-09-01 17:03:38.642 +0530,Summer Intern @Accenture S&C || IIM Mumbai?27 || Telecom Engineer || IIT ISM Dhanbad?21,,,,,,,,,,,,,,,,1494,
"Anurag Niyogi, Ph.D",Anurag,"Niyogi, Ph.D",https://www.linkedin.com/in/anurag-niyogi-01b42638,urn:li:member:132430787,anurag-niyogi-01b42638,,,India,India,"Indian Institute of Science Education & Research (IISER), Pune,",Scientist-B,6-10yoe_global_indian,member_urn,,,,,,,,,,,,false,https://media.licdn.com/dms/image/v2/D5603AQFLMz7NalUrGw/profile-displayphoto-scale_200_200/B56Z0PTfvwJgAY-/0/1774078264805?e=1788998400&v=beta&t=BhJ4U038P_dc4pHi-zmvjXmH176atkFqSbzmVOluyGQ,false,,3768,2026-09-01 17:03:38.642 +0530,"Manager-Technical @ Maccaferri India|| Ex-Scientist-B (CCS project)|| NIDM||
 PhD (Geological and Geotechnical Engineering) IIT- ISM & IIT B",,,,,,,,,,,,,,,,1982,
Subarna Baidya PhD,Subarna,Baidya PhD,https://www.linkedin.com/in/subarna-baidya-phd-84666a7b,urn:li:member:285304374,subarna-baidya-phd-84666a7b,,,India,India,"Indian Institute of Technology (Indian School of Mines), Dhanbad",Research Associate II,6-10yoe_global_indian,member_urn,,,,,,,,,,,,false,https://media.licdn.com/dms/image/v2/D4D03AQECh8j5X7tJ0w/profile-displayphoto-shrink_400_400/B4DZQB1lReHwAo-/0/1735197614123?e=1788998400&v=beta&t=CGudB3GbQoDS1zsmmtc0QDP4nlki9fmaer_j-D_9cQg,false,,3766,2026-09-01 17:03:38.642 +0530,"Research Associate II at Indian Institute of Technology (Indian School of Mines), Dhanbad",,,,,,,,,,,,,,,,1988,
Alok Kumar,Alok,Kumar,https://www.linkedin.com/in/alok-kumar-0bb25345,urn:li:member:158863823,alok-kumar-0bb25345,Dhanbad,Jharkhand,India,"Dhanbad, Jharkhand, India",NPTI Delhi,Assistant Professor (Guest) Mechanical Engineering,6-10yoe_global_indian,member_urn,,,,,,,,,,,,false,https://media.licdn.com/dms/image/v2/C5603AQFJxLfdj7ZO2A/profile-displayphoto-shrink_100_100/profile-displayphoto-shrink_100_100/0/1590648144027?e=1788998400&v=beta&t=4Ya08ms_ELv1CSzlPJpSdQUvnl04_cTwsPQX5-sgxrc,false,,3761,2026-09-01 17:03:38.642 +0530,"Researcher in IIT, Dhanbad",,,,,,,,,,,,,,,,2235,
Niraj kumar Pandit,Niraj kumar,Pandit,https://www.linkedin.com/in/niraj-kumar-pandit-5a6863164,urn:li:member:659037582,niraj-kumar-pandit-5a6863164,New Delhi,Delhi,India,"New Delhi, Delhi, India","Indian Institute of Technology, Roorkee",Junior Research Fellow,6-10yoe_global_indian,member_urn,,,,,,,,,,,,false,https://media.licdn.com/dms/image/v2/D5603AQHXNM0_sWXh2A/profile-displayphoto-scale_200_200/B56Z.0OTiEGQAc-/0/1785435078420?e=1788998400&v=beta&t=GdK8xSMt5_9FOClrhaFefVDZc4JFvN9a3HhBc7sGKSY,false,,3795,2026-09-01 17:03:38.642 +0530,"Junior Research Fellow at Indian Institute of Technology, Roorkee;  Project Trainee at VSSC ISRO, Trivandrum , Kerala; Intern at IIT(ISM) Dhanbad",,,,,,,,,,,,,,,,1992,
Dr. Nikita Singh,Dr. Nikita,Singh,https://www.linkedin.com/in/dr-nikita-singh-301005b4,urn:li:member:406102897,dr-nikita-singh-301005b4,Ranchi,Jharkhand,India,"Ranchi, Jharkhand, India","Department of Management Studies and Industrial Engineering, IIT(ISM) Dhanbad",Research Scholar,6-10yoe_global_indian,member_urn,,,,,,,,,,,,false,https://media.licdn.com/dms/image/v2/C5603AQETSWb7JENwaQ/profile-displayphoto-shrink_100_100/profile-displayphoto-shrink_100_100/0/1621762779734?e=1788998400&v=beta&t=-_z3NYdhU77GamesSuvTxa-mXPXqUhSSEgBRmK5QYTw,false,,3785,2026-09-01 17:03:38.642 +0530,--,,,,,,,,,,,,,,,,1745,
Dr. Sigma Dwivedy,Dr. Sigma,Dwivedy,https://www.linkedin.com/in/dr-sigma-dwivedy-0b7787103,urn:li:member:440859595,dr-sigma-dwivedy-0b7787103,Dhanbad,Jharkhand,India,"Dhanbad, Jharkhand, India","Indian Institute of Technology (Indian School of Mines), Dhanbad",Researcher,6-10yoe_global_indian,member_urn,,,,,,,,,,,,false,https://media.licdn.com/dms/image/v2/D5603AQEmIduIqvaNmw/profile-displayphoto-shrink_200_200/B56ZSeOXvjHsAY-/0/1737821356894?e=1788998400&v=beta&t=O6MCLp64l0y7PFGo2c4gTp7xvXxAUQqqbnVKrIF-y3g,false,,3756,2026-09-01 17:03:38.642 +0530,ASSOCIATE CONSULTANT,,,,,,,,,,,,,,,,1988,
vijay vardhan reddy,vijay vardhan,reddy,https://www.linkedin.com/in/vijay-vardhan-reddy-b96881148,urn:li:member:599356770,vijay-vardhan-reddy-b96881148,Adilabad,Telangana,India,"Adilabad, Telangana, India",SMS Limited,,6-10yoe_global_indian,member_urn,,,,,,,,,,,,false,https://media.licdn.com/dms/image/v2/C5103AQHwZkTklhyDXQ/profile-displayphoto-shrink_100_100/profile-displayphoto-shrink_100_100/0/1551512430956?e=1788998400&v=beta&t=JVs0zcrG-iv53oWh7cmw-uQmDnHb8RQ1ii1De9LTpRI,false,,3774,2026-09-01 17:03:38.642 +0530,Manager at SMS Limited,,,,,,,,,,,,,,,,2482,
Sneha Bandyopadhyay,Sneha,Bandyopadhyay,https://www.linkedin.com/in/sneha-bandyopadhyay-a94b0a228,urn:li:member:958270864,sneha-bandyopadhyay-a94b0a228,West Bengal,,India,"West Bengal, India","Indian Institute of Technology (Indian School of Mines), Dhanbad",Research Scholar,6-10yoe_global_indian,member_urn,,,,,,,,,,,,false,https://media.licdn.com/dms/image/v2/D4D03AQGcODkkAucSAw/profile-displayphoto-scale_100_100/B4DZqEIyOqHsAg-/0/1763153488644?e=1788998400&v=beta&t=LRkG97oGhBhi9D3o2Km9ky22S0CqkhlNiJ7edm-TV8w,false,,3779,2026-09-01 17:03:38.642 +0530,"Ph.D. Indian Institute of Technology (Indian School of Mines), Dhanbad",,,,,,,,,,,,,,,,1988,
Arpit Khandelwal,Arpit,Khandelwal,https://www.linkedin.com/in/arpit-khandelwal-76318430,urn:li:member:107918139,arpit-khandelwal-76318430,Varanasi,Uttar Pradesh,India,"Varanasi, Uttar Pradesh, India",Bank of India,,6-10yoe_global_indian,member_urn,,,,,,,,,,,,false,https://media.licdn.com/dms/image/v2/C4D03AQEs_x4OCyMyyA/profile-displayphoto-shrink_100_100/profile-displayphoto-shrink_100_100/0/1652892143200?e=1788998400&v=beta&t=bMHQ9m3u1jUfB5ltWDElCIZCdMdPiw37zi2FJtrJjfc,false,,3784,2026-09-01 17:03:38.642 +0530,"IIT(ISM)Dhanbad, Bank Of India,CFA Level 2 candidate",,,,,,,,,,,,,,,,903,
Ekta Bindal,Ekta,Bindal,https://www.linkedin.com/in/ekta-bindal-93a8071b0,urn:li:member:826135678,ekta-bindal-93a8071b0,Panipat,Haryana,India,"Panipat, Haryana, India","Indian Institute of Technology (Indian School of Mines), Dhanbad",Senior Research Fellow,6-10yoe_global_indian,member_urn,,,,,,,,,,,,false,https://media.licdn.com/dms/image/v2/D5603AQHliC6pFfCDiw/profile-displayphoto-shrink_100_100/B56ZWFB9A9HQAY-/0/1741693638152?e=1788998400&v=beta&t=tggG0G4jeEOVcuqh39loiBlo3J2geSuxhKXtvJMBY1E,false,,3783,2026-09-01 17:03:38.642 +0530,"Completed Ph.D. at Indian Institute of Technology (Indian School of Mines), Dhanbad",,,,,,,,,,,,,,,,1988,
NARENDRA PRASAD,NARENDRA,PRASAD,https://www.linkedin.com/in/narendra-prasad-aa8627231,urn:li:member:971992928,narendra-prasad-aa8627231,Patna,Bihar,India,"Patna, Bihar, India",Starex Minerals,Senior Project Manager,6-10yoe_global_indian,member_urn,,,,,,,,,,,,false,,false,"With over eight years of experience, my expertise lies in project management, minerals, and iron ore, with a focus on optimizing workflows and enhancing operational efficiency. Most recently, as Senior Project Manager at Starex Minerals, I contributed to cost reduction strategies, streamlined project execution, and improved financial and operational processes. My professional journey has involved managing mining operations, addressing regulatory compliance, and ensuring environmental sustainability, with strong skills in project management and minerals. I am passionate about developing and implementing strategies that enhance efficiency, reduce costs, and deliver high-quality outcomes in the mining and mineral sectors.",3776,2026-09-01 17:03:38.642 +0530,Mining Engineer,,,,,,,,,,,,,,,,2513,
MOUSOMA KHATUN,MOUSOMA,KHATUN,https://www.linkedin.com/in/mousoma-khatun-95650071,urn:li:member:255054162,mousoma-khatun-95650071,,,India,India,"Indian Institute of Technology (Indian School of Mines), Dhanbad",Ph.D,6-10yoe_global_indian,member_urn,,,,,,,,,,,,false,https://media.licdn.com/dms/image/v2/C5103AQFFqq5mbUU_4g/profile-displayphoto-shrink_100_100/profile-displayphoto-shrink_100_100/0/1534491262184?e=1788998400&v=beta&t=9tNa-0Kd5hBCa9EXDUDctIwkjz4yq4Zw-KX9oM3o8FA,false,,3794,2026-09-01 17:03:38.642 +0530,--,,,,,,,,,,,,,,,,1988,
Piyush Kumar,Piyush,Kumar,https://www.linkedin.com/in/piyush-kumar-832437187,urn:li:member:738608870,piyush-kumar-832437187,Dhanbad,Jharkhand,India,"Dhanbad, Jharkhand, India",Unacademy,Faculty Member,6-10yoe_global_indian,member_urn,,,,,,,,,,,,false,https://media.licdn.com/dms/image/v2/D4D03AQFOnKB-tWRrPg/profile-displayphoto-shrink_100_100/profile-displayphoto-shrink_100_100/0/1700801038757?e=1788998400&v=beta&t=U3mSuOo__rK6fUrhDCBsBYlkOitMVBA3Cl8gLEoiFyI,false,,3778,2026-09-01 17:03:38.642 +0530,Researcher | Engineer | Educator,,,,,,,,,,,,,,,,2613,
"Vikas Vats, PhD",Vikas,"Vats, PhD",https://www.linkedin.com/in/vikas-vats-geo,urn:li:member:823109095,vikas-vats-geo,Kanpur,Uttar Pradesh,India,"Kanpur, Uttar Pradesh, India",Reliance Industries Limited,Senior Geophysicist,6-10yoe_global_indian,member_urn,,,,,,,,,,,,true,https://media.licdn.com/dms/image/v2/D5603AQEimNdW2sHViQ/profile-displayphoto-scale_200_200/B56Z5e7eLjHsAg-/0/1779709112858?e=1788998400&v=beta&t=-S5WV1RhTwMWonfrb7oQT7v_nQgMkPneszpk8uPRBnA,false,,3802,2026-09-01 17:03:38.642 +0530,Senior Geophysicist @ Reliance Industries Limited | PhD in Computational Geophysics,,,,,,,,,,,,,,,,2354,
Sambeet Subhankar Behera,Sambeet,Subhankar Behera,https://www.linkedin.com/in/sambeet-subhankar-behera-01856816a,urn:li:member:676214804,sambeet-subhankar-behera-01856816a,Gurugram,Haryana,India,"Gurugram, Haryana, India",Vedanta | FACOR,,6-10yoe_global_indian,member_urn,,,,,,,,,,,,false,,false,"Mining professional and PGDM–Business Management candidate at MDI Gurgaon, with nearly five years of experience at Vedanta Resources Limited.I began my professional journey with Vedanta in 2021 as a Graduate Engineer Trainee and progressed to positions of increasing responsibility, including Assistant Manager and Mines Manager (Youngest ever Mines Manager across entire Vedanta Group). During my tenure, I contributed to the safe and efficient operation of a large-scale open-pit mine, with responsibilities spanning mine operations, workforce management, production planning, safety compliance, cross-functional coordination, logistics, liaisoning and operational improvement.My experience in the natural resources sector has strengthened my capabilities in team leadership, problem-solving, decision-making, stakeholder management, and execution in complex operating environments. It has also given me a practical understanding of the balance required between productivity, safety, sustainability, and community impact.I am pursuing the PGDM–Business Management programme at MDI Gurgaon to complement my technical and operational experience with broader capabilities in strategy, supply chain, marketing, finance, leadership, and business management.I look forward to exploring opportunities at the intersection of operations, strategy, sustainability, and business transformation, while continuing to learn, collaborate, and create meaningful impact.",3786,2026-09-01 17:03:38.642 +0530,MDI GURGAON?28| IIT(ISM) | VEDANTA(FACOR),,,,,,,,,,,,,,,,2639,
Sharique E.,Sharique,E.,https://www.linkedin.com/in/shariqueeliyas,urn:li:member:381943457,shariqueeliyas,,,Greater Bengaluru Area,Greater Bengaluru Area,Pure Storage,Member of Technical Staff,6-10yoe_global_indian,member_urn,,,,,,,,,,,,false,https://media.licdn.com/dms/image/v2/D5603AQEcbeg4auYbVw/profile-displayphoto-scale_100_100/B56ZolOBzpH8Ac-/0/1761561026526?e=1788998400&v=beta&t=iKtJQhZeKK_7vEFHKW0vTaYMBFm1N0gvOPxsTD8KH2M,false,,3782,2026-09-01 17:03:38.642 +0530,"Backend & DevOps Engineer | Go, Kubernetes, PostgreSQL",,,,,,,,,,,,,,,,2326,
Alok Shukla,Alok,Shukla,https://www.linkedin.com/in/alok-shukla-54428213,urn:li:member:45457540,alok-shukla-54428213,Hyderabad,Telangana,India,"Hyderabad, Telangana, India",GlobalData Plc,Director - Mining,10+yoe_global,member_urn,"In a world drowning in data, we deliver clarity. We exist to help leaders cut through the noise, uncover hidden opportunities, and deliver results that matter. GlobalData operates an intelligence platform that empowers leaders to act decisively in a world of complexity and change. By uniting proprietary data, human expertise, and purpose-built AI into a single, connected platform, we help organisations see what’s coming, move faster, and lead with confidence. Our solutions are used by over 5,000 organizations across the world’s largest industries, providing tailored intelligence that supports strategic planning, innovation, risk management, and sustainable growth.",3150,,Information Services,516464,https://uk.linkedin.com/company/globaldataplc,"London, England, United Kingdom",,https://www.globaldata.com/,"Managing Business Intelligence, Market Research & Analysis practice in mining sector - Market Research and Business Intelligence in mining & minerals sector - Commodity (coal, iron ore and metals) market analysis (demand and supply analysis) - Product Development- Cost Curves, Mining Equipment Modelling and Forecast, Cost Analysis, Cost Curve Modelling (Coal, Iron Ore, Base Metals and Precious Metals), mining assets database - Consulting projects",4/2019,false,https://media.licdn.com/dms/image/v2/C5103AQEOgMQB5bowGA/profile-displayphoto-shrink_100_100/profile-displayphoto-shrink_100_100/0/1549126183890?e=1788998400&v=beta&t=RQMG9JbeTyO0qouUMQPpy7w205CkfGVlO1WNAWJvz2U,false,"I am an experienced senior management professional with more than 17 years of diversified experience in metals & mining sector, currently working as Director-Mining at GlobalData Plc. I am managing business intelligence and market research practice in my current role. GlbalData offers mining sector business intelligence services through Mining Intelligence Center, a comprehensive source of information of 34k+ mines and projects, mining equipment, mining cost, commodity (100+) market analysis, mining companies and many more. Prior to GlobalData, I was working in the corporate office of Aditya Birla Group. I was responsible for evaluating mining projects and companies in Australia and Canada for M&A purpose. I worked in the area of mining cost analysis- CAPEX & OPEX, technical and economic evaluation (asset valuation, financial modelling) of mining projects in this role. Prior to my MBA (Finance) course I worked as a mining engineer in open pit iron ore mines at Steel Authority of India Ltd. (SAIL), a Govt of India enetrprises. I was responsible for running production shift for ore production and mining operation. I worked for more than 5 years in SAIL. Courses- PGDM - Finance (Full time)- MDI Gurgaon Btech - Mining Engineering- IIT (ISM) Dhanbad Specialties: Management-Leadership, General Management, Project Management, Sales & Operations and Product Development. Technical - Mining Sector Analysis, Commodity (Coal, Iron Ore and Metals) - Demand & Supply Analysis, Evaluating Mining Projects for M&A, Mining Cost Analysis and Cost Curve Modelling, Financial Modelling, Asset Valuation, Sustainability, Climate Risk, ESG, Energy Transition, Business and Market Research & Analysis.",1101,2026-09-01 21:00:56.853 +0530,,,,,,,,,,,,alok.shukla@timetric.com,alok.shukla@timetric.com,,,,362,
"Harshita Gupta, PhD",Harshita,"Gupta, PhD",https://www.linkedin.com/in/harshitaguptalinked,urn:li:member:357406757,harshitaguptalinked,,,India,India,SVKM's Narsee Monjee Institute of Management Studies (NMIMS),Assistant Professor,6-10yoe_global_indian,member_urn,,,,,,,,,,,,false,https://media.licdn.com/dms/image/v2/D5603AQE8jK4ar4OjFQ/profile-displayphoto-shrink_100_100/profile-displayphoto-shrink_100_100/0/1718283392866?e=1788998400&v=beta&t=vHz4YNRko2pME5t9j8BPJh8gnU8Ic4sCeI1ul1TJWyM,false,,3775,2026-09-01 17:03:38.642 +0530,"Assistant Professor | Marketing Management | Ph.D, IIT Dhanbad | Passionate about merging academia with industry insights.",,,,,,,,,,,,,,,,2541,
Sujay Dey,Sujay,Dey,https://www.linkedin.com/in/sujay-dey1,urn:li:member:596930257,sujay-dey1,Ranchi,Jharkhand,India,"Ranchi, Jharkhand, India",Tata Steel,,6-10yoe_global_indian,member_urn,,,,,,,,,,,,true,https://media.licdn.com/dms/image/v2/D4D03AQE6KWIvFFxh8Q/profile-displayphoto-shrink_100_100/profile-displayphoto-shrink_100_100/0/1699517080993?e=1788998400&v=beta&t=YmjJBHcmdjGyv976X18DpB3TiG2yx_GBQTOae-FS7jE,false,,3805,2026-09-01 17:03:38.642 +0530,IIT ISM DHANBAD | TATA STEEL | FMC (R),,,,,,,,,,,,,,,,2557,
Vipin Dixit,Vipin,Dixit,https://www.linkedin.com/in/vipindixit,urn:li:member:400621529,vipindixit,Ahmedabad,Gujarat,India,"Ahmedabad, Gujarat, India",Poptin,Customer Success Manager,6-10yoe_global_indian,member_urn,,,,,,,,,,,,false,https://media.licdn.com/dms/image/v2/C4D03AQGGjyjeeKTSnQ/profile-displayphoto-shrink_100_100/profile-displayphoto-shrink_100_100/0/1517996857858?e=1788998400&v=beta&t=m6h1Nw_OVd0c9rZupjbfJyYe545vIgAmTAXM_TZ4s2E,false,,3803,2026-09-01 17:03:38.642 +0530,Customer Success Manager | IIT (ISM) Dhanbad | 6+ Years of Experience,,,,,,,,,,,,,,,,2304,
Reshma Singh,Reshma,Singh,https://www.linkedin.com/in/singhreshma1,urn:li:member:175920973,singhreshma1,Mohali district,,India,"Mohali district, India",Indian Oil Corp Limited,,6-10yoe_global_indian,member_urn,,,,,,,,,,,,false,https://media.licdn.com/dms/image/v2/D4D03AQGZ2qbTuyJw9g/profile-displayphoto-scale_200_200/B4DZ0qypNnIIAc-/0/1774539413577?e=1788998400&v=beta&t=IGp2T7QnC4ZGKP0dTJQUiVYv_ysmYq3qet8PVVJN5NE,false,,3806,2026-09-01 17:03:38.642 +0530,"ISB Co?27 | Ex-Indian Oil Corporation | Operations, Supply Chain & Logistics Leader | Business Transformation & Strategy",,,,,,,,,,,,,,,,1995,
Sanjay Srivastava,Sanjay,Srivastava,https://www.linkedin.com/in/sanjay-srivastava-3896a4231,urn:li:member:972152601,sanjay-srivastava-3896a4231,Vadodara,Gujarat,India,"Vadodara, Gujarat, India",Gujarat Engineering Research Institute,Seismologist,10+yoe_global,member_urn,,,,,,,,,,,,false,https://media.licdn.com/dms/image/v2/C5603AQGVTVRVHKez_A/profile-displayphoto-shrink_100_100/profile-displayphoto-shrink_100_100/0/1644679138282?e=1788998400&v=beta&t=BHBFU5zLhujHhb6bTq2etC4e66H9Xq-TcvJEj0ajdkQ,false,,3961,2026-09-01 17:03:38.642 +0530,Seismologist at Gujarat Engineering Research Institute,,,,,,,,,,,,,,,,1916,
ARUN DAS,ARUN,DAS,https://www.linkedin.com/in/arun-das-45969a24,urn:li:member:85305093,arun-das-45969a24,Mumbai,Maharashtra,India,"Mumbai, Maharashtra, India",Oil and Natural Gas Corporation Ltd,,10+yoe_global,member_urn,,,,,,,,,,,,false,https://media.licdn.com/dms/image/v2/C4D03AQEdh6thocQl8Q/profile-displayphoto-shrink_100_100/profile-displayphoto-shrink_100_100/0/1517226591345?e=1788998400&v=beta&t=eNp5OfAn9SdJRJIAamRGKpHCGI25dKffQuG-Yk6aSLg,false,,3969,2026-09-01 17:03:38.642 +0530,experienced petroleum geologist,,,,,,,,,,,,,,,,2245,
Deepender Choudhary,Deepender,Choudhary,https://www.linkedin.com/in/deepender-choudhary-46b32971,urn:li:member:254612819,deepender-choudhary-46b32971,Bikaner,Rajasthan,India,"Bikaner, Rajasthan, India",Groww,,10+yoe_indian,member_urn,,,,,,,,,,,,false,https://media.licdn.com/dms/image/v2/C4E03AQEPhsA0Pitp9Q/profile-displayphoto-shrink_100_100/profile-displayphoto-shrink_100_100/0/1516433112055?e=1788998400&v=beta&t=KX4kWp3X0yJxn2moad2tTr7exCSD9PwGGU01CoXfi6A,false,,3916,2026-09-01 17:03:38.642 +0530,Groww,,,,,,,,,,,,,,,,1911,
Santosh Prasad Sarangi,Santosh Prasad,Sarangi,https://www.linkedin.com/in/santosh-prasad-sarangi-7534a117a,urn:li:member:711869679,santosh-prasad-sarangi-7534a117a,Bokaro,Jharkhand,India,"Bokaro, Jharkhand, India",Coal India Limited,Chief Manager Mining,10+yoe_global,member_urn,,,,,,,,,,,,false,https://media.licdn.com/dms/image/v2/C5103AQFDvnfoa6jGLA/profile-displayphoto-shrink_100_100/profile-displayphoto-shrink_100_100/0/1549624560811?e=1788998400&v=beta&t=E_M0srOuvnoUPOzC3L0tb5uz2pFBkDh7CQ2Tn4d0xWw,false,,3977,2026-09-01 17:03:38.642 +0530,Chief Manager (Mining) at Coal India Limited,,,,,,,,,,,,,,,,956,
Sri Ram M,Sri Ram,M,https://www.linkedin.com/in/sri-ram-m-b44b832a9,urn:li:member:1248065188,sri-ram-m-b44b832a9,Hyderabad,Telangana,India,"Hyderabad, Telangana, India",NTPC Limited,Retired General Manager,10+yoe_global,member_urn,,,,,,,,,,,,false,https://media.licdn.com/dms/image/v2/D5603AQE-eutMj44stg/profile-displayphoto-shrink_100_100/profile-displayphoto-shrink_100_100/0/1705077253295?e=1788998400&v=beta&t=VAjKG-lXJZ5uE1deeqS7xVwDafm87kG14xvgvirX2pA,false,,3971,2026-09-01 17:03:38.642 +0530,--,,,,,,,,,,,,,,,,2240,
Raj Kumar,Raj,Kumar,https://www.linkedin.com/in/mr-raj,urn:li:member:1038269318,mr-raj,Bengaluru,Karnataka,India,"Bengaluru, Karnataka, India",Truemeds,Senior Product Manager,6-10yoe_global_indian,member_urn,,,,,,,,,,,,true,https://media.licdn.com/dms/image/v2/D5603AQEt0lTcMmmPTQ/profile-displayphoto-scale_100_100/B56Z3.w6bTJIAY-/0/1778095732548?e=1788998400&v=beta&t=iylgazq9PE4ofIrHVCzEkeOlcW3Q2mnnl9oFhx4SFjY,false,,3825,2026-09-01 17:03:38.642 +0530,"Product @ Truemeds | Ex-ShareChat, Myntra | IIT Dhanbad",,,,,,,,,,,,,,,,2600,
Bhushan Tamhankar,Bhushan,Tamhankar,https://www.linkedin.com/in/bhushan-tamhankar-76117992,urn:li:member:328868857,bhushan-tamhankar-76117992,Bengaluru,Karnataka,India,"Bengaluru, Karnataka, India",Moove,Senior Operations Manager,6-10yoe_global_indian,member_urn,,,,,,,,,,,,false,https://media.licdn.com/dms/image/v2/C5103AQEk6WYLEwdXWw/profile-displayphoto-shrink_100_100/profile-displayphoto-shrink_100_100/0/1539961584908?e=1788998400&v=beta&t=PBQF0odl1m2_3qUnuPw8O2rcINHtgtSyRy5_Ip1LMrM,false,,3810,2026-09-01 17:03:38.642 +0530,Moove | Log9 | Ex- Udaan | Ex- OYO,,,,,,,,,,,,,,,,2177,
Mohit Bhatt,Mohit,Bhatt,https://www.linkedin.com/in/mohit-bhatt-3894797b,urn:li:member:284825049,mohit-bhatt-3894797b,Bengaluru,Karnataka,India,"Bengaluru, Karnataka, India",Zepto,Product manager II,6-10yoe_global_indian,member_urn,,,,,,,,,,,,false,https://media.licdn.com/dms/image/v2/D4D03AQHD5U8NgKqKjw/profile-displayphoto-shrink_400_400/B4DZXS9ZKzHYAs-/0/1743001066800?e=1788998400&v=beta&t=o-k5YShcFb3TopGm9FVqk53PCgxWhkDGNiQ1pJaDod0,false,,3809,2026-09-01 17:03:38.642 +0530,Figuring out,,,,,,,,,,,,,,,,2689,
Samiksha Patil,Samiksha,Patil,https://www.linkedin.com/in/samikshapatil,urn:li:member:696770709,samikshapatil,,,Greater Bengaluru Area,Greater Bengaluru Area,Swiggy,Category Manager,6-10yoe_global_indian,member_urn,,,,,,,,,,,,false,https://media.licdn.com/dms/image/v2/D5603AQEe9R_iM2Fp_Q/profile-displayphoto-scale_400_400/B56Z4dPXtAKEAg-/0/1778607031119?e=1788998400&v=beta&t=NO5Ku0trIIBbdHBOmjmWFz_FITW3VN-NfdDAUu_VM0s,false,,3826,2026-09-01 17:03:38.642 +0530,ISB Co ?27 | Ex Swiggy | Ex Flipkart | IIT ISM Dhanbad,,,,,,,,,,,,,,,,2544,
SUYOG GUPTA,SUYOG,GUPTA,https://www.linkedin.com/in/suyog-gupta-59697bb5,urn:li:member:411484290,suyog-gupta-59697bb5,Kanpur,Uttar Pradesh,India,"Kanpur, Uttar Pradesh, India",Harcourt Butler Technical University,Teaching Faculty,6-10yoe_global_indian,member_urn,,,,,,,,,,,,false,https://media.licdn.com/dms/image/v2/D5603AQGaVUTaEGQlEw/profile-displayphoto-scale_100_100/B56ZgMz6KGHcAc-/0/1752561593489?e=1788998400&v=beta&t=newkZPDVwexL6gLiehBQPjnkCI-lDhZ_r-f8CbFbh9o,false,,3808,2026-09-01 17:03:38.642 +0530,"Attended Indian Institute of Technology, Dhanbad",,,,,,,,,,,,,,,,1926,
Turanga Rao Devarakonda,Turanga Rao,Devarakonda,https://www.linkedin.com/in/turanga-rao-devarakonda-b840332b0,urn:li:member:1254182356,turanga-rao-devarakonda-b840332b0,Hyderabad,Telangana,India,"Hyderabad, Telangana, India",National Institute Of Rock Mechanics (NIRM),Senior Scientist,10+yoe_global,member_urn,,,,,,,,,,,,false,https://media.licdn.com/dms/image/v2/D4D03AQFnTJmyFPwXDA/profile-displayphoto-shrink_100_100/profile-displayphoto-shrink_100_100/0/1705852871289?e=1788998400&v=beta&t=db6T0awoxz-wBIH7sHw81Ob2dR6TmOQN8OL4u2a4H-w,false,,3981,2026-09-01 17:03:38.642 +0530,Senior Scientist at National Institute Of Rock Mechanics (NIRM),,,,,,,,,,,,,,,,2197,
Suna Ram Hembrom,Suna Ram,Hembrom,https://www.linkedin.com/in/suna-ram-hembrom-32a81534,urn:li:member:121459858,suna-ram-hembrom-32a81534,Ahmedabad,Gujarat,India,"Ahmedabad, Gujarat, India",Oil & Natural Gas Corporation Limited (Ongc),Ex Chief General Manager(Reservoir),10+yoe_global,member_urn,,,,,,,,,,,,false,https://media.licdn.com/dms/image/v2/C5603AQHGwNiKi397Ig/profile-displayphoto-shrink_100_100/profile-displayphoto-shrink_100_100/0/1516567680279?e=1788998400&v=beta&t=saHpYrQ1ucmqE5FTX23-dPvjBCgB99EYc23w4jz1Sls,false,,3986,2026-09-01 17:03:38.642 +0530,Ex-Chief General Manager (Reservoir) at ONGC,,,,,,,,,,,,,,,,2249,
Sudip Guha,Sudip,Guha,https://www.linkedin.com/in/guhasudip,urn:li:member:67168937,guhasudip,,,India,India,Jumbo Supermarkten,"Analyst (SAP S/4 HANA, IS Retail, SD, CAR)",10+yoe_global,member_urn,,,,,,,,,,,,false,,false,"Certified SAP functional consultant with experience of working as SAP Solution Architect and Workstream Lead in the areas of Sales & Distribution, Retail, AFS, POSDM & CAR. The knowledge in supply chain has been enriched with the working in different projects. A certification in Blockchain with relation to Supply Chain Management helps couple this experience with present day upcoming technologies. Leveraging skill and experience helps in understanding Business requirement and mapping the same in SAP with integration points of other technologies involved in the landscape. Coordination with Business to deliver as seamlessly as possible with end to end ownership.",3972,2026-09-01 17:03:38.642 +0530,"SAP Solution Architect II Workstream lead II SAP Functional Consultant (S/4 HANA, IS Retail, SD, CAR). SAP Certified Application Associate - SAP S/4HANA Sales 2020 Upskilling, SAP Activate Project Manager, SAP Joule.",,,,,,,,,,,,,,,,2057,
Ravinder Kumar,Ravinder,Kumar,https://www.linkedin.com/in/ravinder-kumar-57783775,urn:li:member:267818347,ravinder-kumar-57783775,Jammu & Kashmir,,India,"Jammu & Kashmir, India",HLS Asia Limited,Senior Field Engineer,10+yoe_global,member_urn,,,,,,,,,,,,false,https://media.licdn.com/dms/image/v2/C4E03AQF1JGEfxPeeHw/profile-displayphoto-shrink_100_100/profile-displayphoto-shrink_100_100/0/1516558162576?e=1788998400&v=beta&t=Og229Ht3IREmjxLbMVu8EhnYRfE6QbuASF7UqkdzgiQ,false,,4014,2026-09-01 17:03:38.642 +0530,FSM at HLS ASIA ltd,,,,,,,,,,,,,,,,1943,
Nitin Kumar Jain,Nitin Kumar,Jain,https://www.linkedin.com/in/nitin-kumar-jain-209297a2,urn:li:member:364986729,nitin-kumar-jain-209297a2,Noida,Uttar Pradesh,India,"Noida, Uttar Pradesh, India",Tata Consultancy Services,,10+yoe_global,member_urn,,,,,,,,,,,,false,,false,"A total of 12 years diversified IT experience including 8 years as Project Lead/ QA Lead/Manager with Large Canadian Banks on various QA/Testing projects. Expertise in entire Testing Methodologies - Planning through closure. Expertise in developing Test Cases, Test Plans, Test requirements and testing standards. Experience in Defect Management tools (Quality Centre 10.0,11.0+ version, HP Service Desk) Analysed End-User requirements and created solutions in relation to Business and Technical specifications. Experience in Unit, Integration, Functional, Regression, Acceptance and System testing using Black Box. Expertise in Analysis of Problem Severity, Defect tracking system, Defects reporting system and production support 24 x 7 at the production site. Holds ISTQB Advanced Test Manager, Advanced Level Test Analyst, Tester Certifications & Sun Certified Java Developer.",4051,2026-09-01 17:03:38.642 +0530,IT QA Manager,,,,,,,,,,,,,,,,2554,
Sahil Arora,Sahil,Arora,https://www.linkedin.com/in/sahilarora01,urn:li:member:124713286,sahilarora01,New Delhi,Delhi,India,"New Delhi, Delhi, India",Chegg Inc.,Health and well-being,10+yoe_global,member_urn,,,,,,,,,,,,false,https://media.licdn.com/dms/image/v2/C4D03AQHYQgGL9J_uEA/profile-displayphoto-shrink_100_100/profile-displayphoto-shrink_100_100/0/1601842865332?e=1788998400&v=beta&t=SxfIPMaI6ADY6vKdxZRGMCh4iTsLlkP8DQ45f7ZBYgE,false,,4044,2026-09-01 17:03:38.642 +0530,"Product | Innovation | Strategy #CMS #AI-ML #AR. Consumer-tech, e-comm, retail",,,,,,,,,,,,,,,,1659,
Ashok Agrawal,Ashok,Agrawal,https://www.linkedin.com/in/ashok-agrawal-3760061b,urn:li:member:68688522,ashok-agrawal-3760061b,Ahmedabad,Gujarat,India,"Ahmedabad, Gujarat, India",Oil and Natural Gas Corporation Ltd,General Manager Production,10+yoe_global,member_urn,,,,,,,,,,,,false,https://media.licdn.com/dms/image/v2/C4D03AQFIG5-kYG5TvQ/profile-displayphoto-shrink_100_100/profile-displayphoto-shrink_100_100/0/1516859785231?e=1788998400&v=beta&t=717ARjue2U3FoAJA2MP3yE-MYcX8V0W1x4YAL3qgepM,false,,4040,2026-09-01 17:03:38.642 +0530,Oil & Gas Consultant,,,,,,,,,,,,,,,,2245,kk
soumen sarkar,soumen,sarkar,https://www.linkedin.com/in/soumen-sarkar-ab924b17,urn:li:member:57334893,soumen-sarkar-ab924b17,West Bengal,,India,"West Bengal, India",GODAVARI COMMODITIES LIMITED,Chief Mining Advisor,10+yoe_global,member_urn,,,,,,,,,,,,false,https://media.licdn.com/dms/image/v2/C4E03AQEQdFjFvY6jvA/profile-displayphoto-shrink_100_100/profile-displayphoto-shrink_100_100/0/1655389304036?e=1788998400&v=beta&t=6RSDRdFmTPu2xhkWHInFbOYWdONosvzyzZ2h4Voc4jI,false,,4028,2026-09-01 17:03:38.642 +0530,Consultant | Opencast Mining Planning & Designing,,,,,,,,,,,,,,,,1879,
RAJIV KUMAR,RAJIV,KUMAR,https://www.linkedin.com/in/rajiv-kumar-541481199,urn:li:member:780505537,rajiv-kumar-541481199,Sundargarh,Odisha,India,"Sundargarh, Odisha, India",Coal India Limited,General Manager(Mining),10+yoe_global,member_urn,,,,,,,,,,,,false,https://media.licdn.com/dms/image/v2/C5103AQH-5tF4-macRg/profile-displayphoto-shrink_100_100/profile-displayphoto-shrink_100_100/0/1575700356058?e=1788998400&v=beta&t=ZHpLkojdhgLeaomP50EUvzexrAaMHXvPjUgWGuTPPvg,false,,4020,2026-09-01 17:03:38.642 +0530,Ex-General Manager(Mining) at Coal India Limited,,,,,,,,,,,,,,,,956,
Jwala Prasad,Jwala,Prasad,https://www.linkedin.com/in/jwala-prasad-50319878,urn:li:member:275160531,jwala-prasad-50319878,,,India,India,Coal India Limited,,10+yoe_global,member_urn,,,,,,,,,,,,false,https://media.licdn.com/dms/image/v2/C4E03AQGTgGqP6Ecz6g/profile-displayphoto-shrink_100_100/profile-displayphoto-shrink_100_100/0/1516642233169?e=1788998400&v=beta&t=w9igr8f1ci8h2iazuGHjntocPqe39E8qlqTENwPIKw8,false,,4059,2026-09-01 17:03:38.642 +0530,Retired Director(Technical) at Coal India Limited,,,,,,,,,,,,,,,,956,
Wing Commander PK Gupta,Wing Commander PK,Gupta,https://www.linkedin.com/in/wing-commander-pk-gupta-95b81923,urn:li:member:82649879,wing-commander-pk-gupta-95b81923,Delhi,,India,"Delhi, India",University of Petroleum and Energy Studies,Ex - Senior Associate Director & Head - Centre for Continuing Education,10+yoe_global,member_urn,,,,,,,,,,,,false,https://media.licdn.com/dms/image/v2/C4D03AQFOt51mhjWFWw/profile-displayphoto-shrink_100_100/profile-displayphoto-shrink_100_100/0/1517042631244?e=1788998400&v=beta&t=T1zjKQQunVzTszpx_0L_4i3AXEWi2ho9h72ju08HXF4,false,,4050,2026-09-01 17:03:38.642 +0530,Ex- Senior Associate Director at UPES,,,,,,,,,,,,,,,,2621,
Sukumar Saha,Sukumar,Saha,https://www.linkedin.com/in/sukumar-saha-188352137,urn:li:member:559232888,sukumar-saha-188352137,Kolkata,West Bengal,India,"Kolkata, West Bengal, India",Central Road Research Institute (crri),Sr. Principal Scientist,10+yoe_global,member_urn,,,,,,,,,,,,false,,false,"I worked as Sr. Principal Scientist in CSIR-CRRI, New Delhi. I worked there for 32 years and mainly in R&D problems in Computational Geomechanics. I sloved many slope stability analysis problems in connection with natural and man made slopes, which are related with embankments and natural landslides in hilly areas due to which the road network of hills blocked. To solve these problem I developed deterministic models using conventional slope stability analysis and using FEM analysis of slopes . Besides these I also used stress analysis method to compute stresses and displacements in soil media due to load.",4068,2026-09-01 17:03:38.642 +0530,Scientist at Central Road Research Institute (CSIR-CRRI),,,,,,,,,,,,,,,,1642,
Anindya Mukerji,Anindya,Mukerji,https://www.linkedin.com/in/anindya-mukerji-0175b76,urn:li:member:19400275,anindya-mukerji-0175b76,Pune,Maharashtra,India,"Pune, Maharashtra, India",Transforma,Director,10+yoe_global,member_urn,"TransForma provides Business Transformation opportunities, managing relevant professional networks. We match industry leaders with organizational fulfillment in both mature and high-growth markets. TransForma assists clients in establishing lasting relationships with superior resources. TransForma Serves Medical and Dental industry Manufacturers, Distributors, Providers, and Laboratories since 2009. Focused in Advanced Healthcare industries with global retained clients and a 10,000+ Proprietary Professional Database & 12,000+ Leading Industry 1st Connections. TransForma leverages an extensive, professional network. Clients are given access to relevant pools of talent, matched to unique organizational needs. Client Value: Extensive referral networks, spanning diverse business competencies of multiple levels, enabling access to global talent and centers of influence. Appropriate talent is presented to specific requirements, while affording meaningful opportunities which meet the interests of qualified candidates. Specialties: Business Transformation through Strategic Recruiting, Business Consulting, and Personnel Solutions",27,2009,Business Consulting and Services,150079,https://lb.linkedin.com/company/transforma,"Winter Park, Florida, United States",‏Medical Industry Recruitment‏,,"Early identification of talent : obvious as well as non-obvious ones, preparing them for higher responsibilities, installing them successfully into these higher responsibilities : ensuring extraordinary performance delivery",8/2003,false,https://media.licdn.com/dms/image/v2/C4E03AQGQNG6n1wTy4Q/profile-displayphoto-shrink_100_100/profile-displayphoto-shrink_100_100/0/1517690449095?e=1788998400&v=beta&t=ZXOw7hvq8vNB3bv_v1GOiR5rtJQwDhd4w3Hga_fb1YY,false,"Perpetually looking for 'Ekalavyas' : ordinary people capable of extraordinary deeds, and working with them to overcome their accidents of birth",1156,2026-09-01 21:00:56.853 +0530,,,,,,,,,,,,anindya@cyberqindia.com,,,,,336,
ALAM MOHAMMAD IQUEBAL,ALAM,MOHAMMAD IQUEBAL,https://www.linkedin.com/in/alam-mohammad-iquebal-183a43249,urn:li:member:1032741171,alam-mohammad-iquebal-183a43249,Ranchi,Jharkhand,India,"Ranchi, Jharkhand, India",Coal India Limited,General Manager,10+yoe_global,member_urn,,,,,,,,,,,,false,https://media.licdn.com/dms/image/v2/C4E03AQF6vCbw4DnM7Q/profile-displayphoto-shrink_100_100/profile-displayphoto-shrink_100_100/0/1661312639628?e=1788998400&v=beta&t=hfGZV2LC62Hj04a9ZcEK_JPk5inqebN-1NyMvNZMSpA,false,,4058,2026-09-01 17:03:38.642 +0530,"Chairman , The Institution of Engineers (India), Jharkhand State Centre, Ranchi  General Manager (retired)  Coal India Limited",,,,,,,,,,,,,,,,956,
MinKetan Mishra,MinKetan,Mishra,https://www.linkedin.com/in/minketan-mishra-18339846,urn:li:member:162190323,minketan-mishra-18339846,Chennai,Tamil Nadu,India,"Chennai, Tamil Nadu, India",Oil and Natural Gas Corporation Ltd,Dy.General Manager (Geology),10+yoe_global,member_urn,,,,,,,,,,,,false,https://media.licdn.com/dms/image/v2/C5103AQGbcfiMIhE6WQ/profile-displayphoto-shrink_100_100/profile-displayphoto-shrink_100_100/0/1526127551618?e=1788998400&v=beta&t=UrE6BpUkeZhc0FNxEEjWHUbSuPreVwY0IUld4xTy0Wo,false,,4070,2026-09-01 17:03:38.642 +0530,"Retd. Dy. General Manager (Geology), ONGC",,,,,,,,,,,,,,,,2245,
Pritam Panja,Pritam,Panja,https://www.linkedin.com/in/pritam-panja-4496b342,urn:li:member:151026105,pritam-panja-4496b342,Kolkata metropolitan area,West Bengal,India,"Kolkata metropolitan area, West Bengal, India",Geological Survey of India,,10+yoe_global,member_urn,,,,,,,,,,,,false,https://media.licdn.com/dms/image/v2/C5603AQHUhRwdnaSVsg/profile-displayphoto-shrink_100_100/profile-displayphoto-shrink_100_100/0/1516976977903?e=1788998400&v=beta&t=_wCx-jXUHGgJVRm2nMR_QfNKoY_2b-3SWO3wcUWJ5To,false,,4071,2026-09-01 17:03:38.642 +0530,Senior Geologist at Geological Survey of India (GSI),,,,,,,,,,,,,,,,1867,
"Bisweswar Das, PhD",Bisweswar,"Das, PhD",https://www.linkedin.com/in/bisweswar-das-phd-23796a281,urn:li:member:1151985355,bisweswar-das-phd-23796a281,Bhubaneswar,Odisha,India,"Bhubaneswar, Odisha, India",CSIR India,Scientist B to Chief Scientist,10+yoe_global,member_urn,,,,,,,,,,,,false,https://media.licdn.com/dms/image/v2/D4E03AQHeRAte_-5rvQ/profile-displayphoto-shrink_100_100/profile-displayphoto-shrink_100_100/0/1688406094903?e=1788998400&v=beta&t=ygQJS6jBVafJ4NfwG0feAl_CeN2Y_pD-7m7dYqNHT_0,false,,4064,2026-09-01 17:03:38.642 +0530,"Independant Consultant, Mineral Processing | Formerly Chief Scientist at CSIR-IMMT Bhubaneswar",,,,,,,,,,,,,,,,1710,
Amit Dubey,Amit,Dubey,https://www.linkedin.com/in/amit-dubey-248581b3,urn:li:member:404519960,amit-dubey-248581b3,Patna,Bihar,India,"Patna, Bihar, India",Sasan Power Limited,General Manager Coal,10+yoe_global,member_urn,,,,,,,,,,,,false,https://media.licdn.com/dms/image/v2/C4E03AQF4TGb0R8H3HQ/profile-displayphoto-shrink_100_100/profile-displayphoto-shrink_100_100/0/1517606990284?e=1788998400&v=beta&t=pdnhAFH9YbqNSqtOpuKJCum7WU6kYxMexPD713F4lso,false,,4079,2026-09-01 17:03:38.642 +0530,"General Manager Coal at Talabira-1, GMR Chhattisgarh Energy Ltd",,,,,,,,,,,,,,,,2412,
Pranjali,Pranjali,,https://www.linkedin.com/in/it-is-pranjali,urn:li:member:471840628,it-is-pranjali,Bokaro Steel City,,India,"Bokaro Steel City, India",Steel Authority of India Limited,,10+yoe_global,member_urn,,,,,,,,,,,,false,,false,,4108,2026-09-01 17:03:38.642 +0530,General Manager (HR) at Steel Authority of India Limited,,,,,,,,,,,,,,,,2520,
Manoj Kumar Yadav,Manoj Kumar,Yadav,https://www.linkedin.com/in/manoj-kumar-yadav-b3176b86,urn:li:member:306457237,manoj-kumar-yadav-b3176b86,Allahabad,Uttar Pradesh,India,"Allahabad, Uttar Pradesh, India",Hindustan Aeronautics Limited,Chief Manager,10+yoe_global,member_urn,,,,,,,,,,,,false,https://media.licdn.com/dms/image/v2/D4D03AQHt1mrvaUgBYg/profile-displayphoto-shrink_100_100/profile-displayphoto-shrink_100_100/0/1715693628497?e=1788998400&v=beta&t=SR8WOjCqaNSHyc3c5NTY-RhTG_XZUvTU5gHnBl-CTUc,false,,4078,2026-09-01 17:03:38.642 +0530,--,,,,,,,,,,,,,,,,1939,
yogesh chandra,yogesh,chandra,https://www.linkedin.com/in/yogesh-chandra-ab163353,urn:li:member:189678949,yogesh-chandra-ab163353,Gorakhpur,Uttar Pradesh,India,"Gorakhpur, Uttar Pradesh, India",Coal India Limited,general manager,10+yoe_global,member_urn,,,,,,,,,,,,false,,false,,4113,2026-09-01 17:03:38.642 +0530,Government Relations Professional,,,,,,,,,,,,,,,,956,
Suman Kumar,Suman,Kumar,https://www.linkedin.com/in/suman-kumar-em,urn:li:member:9295262,suman-kumar-em,Bengaluru,Karnataka,India,"Bengaluru, Karnataka, India",Chargebee,Senior Engineering Manager,10+yoe_global,member_urn,,,,,,,,,,,,false,https://media.licdn.com/dms/image/v2/D4E03AQG7SKY3ImC3uQ/profile-displayphoto-shrink_100_100/profile-displayphoto-shrink_100_100/0/1707830148316?e=1788998400&v=beta&t=iYFFJcAhZh-evjl3wpiT_MZTx7SlVcB1fNIa5r9tuuM,false,,4080,2026-09-01 17:03:38.642 +0530,Senior engineering manager,,,,,,,,,,,,,,,,1655,
Arjun Sekhar,Arjun,Sekhar,https://www.linkedin.com/in/arjun-sekhar-531b9118,urn:li:member:62645941,arjun-sekhar-531b9118,Kolkata,West Bengal,India,"Kolkata, West Bengal, India",Halliburton,,10+yoe_global,member_urn,,,,,,,,,,,,true,https://media.licdn.com/dms/image/v2/C4D03AQFvb1cZz5iPIQ/profile-displayphoto-shrink_100_100/profile-displayphoto-shrink_100_100/0/1630308686272?e=1788998400&v=beta&t=yRbsm9LNGBy2e7oeW-Jv2jRm0CZU9ycR9Ki7mwYJSmU,false,,4089,2026-09-01 21:00:56.853 +0530,Country Manager  | Driving Business Development Success | Operations & Strategy Leader |,,,,,,,,,,,arjun.sekhar@halliburton.com,arjun.sekhar@halliburton.com,,,,1923,
Ashis Bhattacherjee,Ashis,Bhattacherjee,https://www.linkedin.com/in/ashis-bhattacherjee-7936ab6b,urn:li:member:249557151,ashis-bhattacherjee-7936ab6b,Kolkata,West Bengal,India,"Kolkata, West Bengal, India","Indian Institute of Technology, Kharagpur",,10+yoe_global,member_urn,,,,,,,,,,,,false,https://media.licdn.com/dms/image/v2/C4E03AQHKtLiI4M89Kw/profile-displayphoto-shrink_100_100/profile-displayphoto-shrink_100_100/0/1646979523036?e=1788998400&v=beta&t=-LPDmuoAIOkp_2w8_nGG3hxYNkGdWX9Ib4dV0l0U0lE,false,"Research Interests: I am a former Professor at the mining engineering department and Centre of Excellence in Safety Engineering and Data Analytics (Joint faculty of CoE SEA since 2020) of Indian Institute of Technology Kharagpur, India since 2003. I was the head of the department of mining engineering during 2003-2006. I received my Bachelor’s degree in mining engineering in 1980 and Master’s degree in industrial engineering and management in 1983 from Indian Institute of Technology (ISM Dhanbad) India. I was awarded the M.S degree in operations research from Florida Institute of Technology, Florida, USA in 1984. I was also awarded the dual-title Ph. D. degree in mining engineering and operations research from the Pennsylvania State University, University Park Campus, USA in 1991. I was a Postdoctoral Research Fellow at the Pennsylvania State University during the period 1991-1992 and worked on several funded research projects of NIOSH. I have investigated several funded research projects in India, the USA and France on occupational health and safety, injury epidemiology and operations research during the past 25 years. I have guided over 75 graduate students including 10 doctoral students. I have published over 150 research papers in technical journals, and conference proceedings. I am also the co-author of over 25 technical reports. I was the co-coordinator of the dual degree program in mine safety engineering at our department since 2005. I developed the safety engineering and human factors laboratory at our department. I was also the co-coordinator of a proposed safety center at our institute. My current research interests include occupational health and safety, injury epidemiology, ergonomics, safety data analytics, and operations research .",2600,2026-09-01 21:00:56.853 +0530,"Former Professor at Indian Institute of Technology, Kharagpur",,,,,,,,,,,ashisb@mining.iitkgp.ernet.in,,,,,1990,
"Ashish Pruthi, PhD",Ashish,"Pruthi, PhD",https://www.linkedin.com/in/ashishpruthi,urn:li:member:5864906,ashishpruthi,Gurugram,Haryana,India,"Gurugram, Haryana, India",Self-employed,Executive Advisor | Management Educator | Executive Coach,10+yoe_global,member_urn,,,,,,,,,,"Following a 25+ year corporate leadership journey spanning industrial, automotive, retail and consumer businesses, I now partner with organisations, leadership teams and business schools on growth, transformation and leadership development. My executive portfolio enables me to stay closely connected to evolving business challenges while contributing through strategic advisory, executive education, coaching and governance. These engagements complement my corporate leadership experience while allowing me to work across diverse industries, ownership models and stages of growth. My current portfolio spans: Executive Advisory on enterprise growth, commercial strategy, business transformation and market expansion. Management Education through executive and postgraduate programmes at leading business schools, including Altera Institute and IMT Ghaziabad (IMT-CDL), focusing on B2B Marketing, Commercial Strategy, Business Leadership and Executive Development. Executive Coaching for senior leaders and high-potential executives, helping strengthen leadership capability, strategic thinking and organisational effectiveness. Governance & Board Readiness as a Certified Independent Director (IICA), supporting organisations in creating long-term value through sound governance and strategic oversight. Expert Advisory for global consulting, investment and research firms, providing commercial and industry insights across industrial, retail and consumer sectors. Leadership Philosophy This portfolio brings together executive leadership, governance, education and coaching into a single professional practice. Across these engagements, one belief has remained constant: Sustainable business growth is created by aligning commercial strategy, customer value and organisational capability with disciplined execution.",1/2026,true,https://media.licdn.com/dms/image/v2/D5603AQFougWpiKMopA/profile-displayphoto-scale_100_100/B56Zj_wHByHMAc-/0/1756637459517?e=1788998400&v=beta&t=IbT1en8ziJfb24E4hLDOWhRsw6lzrwLH_6wfrSNvzGE,false,"I believe sustainable business growth is created when commercial strategy, customer value and organisational capability work together. Over the last 25+ years, I have had the opportunity to build, scale and transform businesses across industrial, automotive, retail and consumer sectors, partnering with leadership teams to drive profitable growth, market expansion and enterprise transformation across India and international markets. My experience spans leadership roles with SKF, Stanley Black & Decker, Walmart India (Best Price & Flipkart Wholesale), Veetee Fine Foods, AkzoNobel and Henkel, where I have worked at the intersection of business strategy, commercial excellence, customer growth and organisational capability. Some of the opportunities I have been privileged to lead include: Driving enterprise transformation and commercial strategy across 12+ countries spanning South Asia, Southeast Asia, Oceania and the Middle East. Building and scaling businesses from ₹10 Cr to ₹100 Cr, while contributing to overall business growth from ₹100 Cr to ₹400 Cr. Supporting 25x business growth through commercial transformation, omnichannel expansion and customer growth initiatives. Leading the commercialisation of 100+ products across India and South Asia while strengthening portfolio performance and market expansion. Building customer platforms, distribution ecosystems and commercial capabilities that create sustainable competitive advantage. Today, alongside executive leadership, I contribute as a Certified Independent Director (IICA), Management Educator and ICF-ACC Executive Coach, supporting organisations and leaders in navigating growth, transformation and leadership challenges. These portfolio roles complement my executive experience and allow me to contribute across business, governance and leadership development. I am particularly interested in opportunities involving: Enterprise & Business Leadership Commercial Strategy & Growth Business Transformation Market Expansion Governance & Boards Executive Education If you're looking to discuss business growth, commercial transformation, leadership, governance or potential collaboration, I'd be pleased to connect.",5,2026-09-01 21:00:56.853 +0530,,,,,,,,,,,,pruthiashish@hotmail.com,,,,,2433,
Ashutosh Dixit,Ashutosh,Dixit,https://www.linkedin.com/in/ashutosh-dixit-9a154b1,urn:li:member:4333513,ashutosh-dixit-9a154b1,Mumbai,Maharashtra,India,"Mumbai, Maharashtra, India",Accenture,Managing Director - Operations | Apr 2022 ? Nov 2022,10+yoe_global,member_urn,,,,,,,,,,,,false,https://media.licdn.com/dms/image/v2/C5103AQGJILNTAIpXNg/profile-displayphoto-shrink_100_100/profile-displayphoto-shrink_100_100/0/1516283890241?e=1788998400&v=beta&t=45A59ogd19Xklv1zIIAbEAXQOqRiUrqtaUJEgP80j2I,false,"Twenty-seven years of experience in running businesses by effective management to deliver the top line growth with an eye on growing the bottom line in healthy proportion. Leading as a Leader of Leaders to deliver Result with Respect. Extensive experience in leading multi-disciplinary and multi-cultural teams, keeping them motivated and engaged with a focus on developing and serving the evolving Supply Chain needs of customers.",2760,2026-09-01 21:00:56.853 +0530,Global Supply Chain Lead,,,,,,,,,,,ashutosh.dixit@damco.com,ashutosh.dixit@damco.com,,,,1492,
Atanu Mukherjee,Atanu,Mukherjee,https://www.linkedin.com/in/atanu-mukherjee-78110515,urn:li:member:51020305,atanu-mukherjee-78110515,Bangalore Urban,Karnataka,India,"Bangalore Urban, Karnataka, India",Freelance,Project Management Consultant,10+yoe_global,member_urn,,,,,,,,,,"a) Free-lance independent Project Management consultant for oil industry clients advising on project execution & field development strategy. Conduct/ facilitate Project Risk assessment, independent project review, Lessons learnt workshops, review of Project Execution Plans etc in an independent capacity for Oil Companies (such as ADNOC group/ ONGC etc) / EPC contractor clients. b) Deliver lectures to Petroleum Engineering Students such as those enrolled with Presidency University, Bangalore, & interns with Caliche India ( an oil & gas start up company on various oil industry and project management subjects.",1/2019,false,https://media.licdn.com/dms/image/v2/D5603AQGWLoHESmJaZw/profile-displayphoto-shrink_100_100/profile-displayphoto-shrink_100_100/0/1666498334044?e=1788998400&v=beta&t=XkMcnvVGREVjWWx3qtOiIf1T-Dno0_U1HzTlYtNvRTo,false,"1. Consultant/ Advisor in Project Management (Brownfield / Greenfield) experience with major oil companies in UAE ( 24 years in ADNOC offshore, ADMA OPCO, Al Dhafra Petroleum) and India (15 years in ONGC, CH2M/ Jacobs Engineering). Hands on experience as a Senior Project/ Programme Manager executing major upstream Offshore & Onshore oil industry projects ( particularly brownfield projects) with various contracting models. Led teams which followed international project management practices & environment having worked with major EPC Contractors, Consultants, PMC's and 3rd parties. 2. Conduct knowledge transfer/ independent review workshops on Project Management / Project Governance Best practices/ Lessons Learned etc in oil/ gas industry with leaders such as ONGC/ ADNOC group/ Boston Consulting Group/ start ups such as Caliche & academic institutions (such as Presidency University Bangalore) & oil industry start ups. 3. Associate Pro bono role in Dhwani Foundation, an apex body of 23 NGOs in Bangalore India.",251,2026-09-01 21:00:56.853 +0530,,,,,,,,,,,,atanu.mithu@gmail.com,,,,,1840,
Atul Garg,Atul,Garg,https://www.linkedin.com/in/atul-garg-037aa626,urn:li:member:92285611,atul-garg-037aa626,Noida,Uttar Pradesh,India,"Noida, Uttar Pradesh, India",Essence Institute,Managing Director,10+yoe_global,member_urn,,,,,,,,,,,11/2023,false,https://media.licdn.com/dms/image/v2/C5603AQHdpBIhiZv8aA/profile-displayphoto-shrink_100_100/profile-displayphoto-shrink_100_100/0/1614102744743?e=1788998400&v=beta&t=I7waZG3ovSq5VZVN0xYKm59lHwVVqQ7NHoa94eYxyqo,false,"Experienced Program Manager with a demonstrated history of working in the education management industry. Strong program and project management professional skilled in E-Learning, Microsoft Excel, Microsoft Word, Employee Engagement, and Strategy.",198,2026-09-01 21:00:56.853 +0530,,,,,,,,,,,,atul.garg@gradeup.co,atul.garg@gradeup.co,,,,1810,
Chinmoy Sarkar,Chinmoy,Sarkar,https://www.linkedin.com/in/axell,urn:li:member:22122790,axell,Kolkata,West Bengal,India,"Kolkata, West Bengal, India",AXELL Rhythm Of Life,Storyteller,10+yoe_global,member_urn,,,,,,,,,,"Storytelling is the art of using words, images, sounds, or any other medium to convey a narrative or a sequence of events to an audience. It is a means of transmitting information, ideas, and values from one person to another through a story. Storytelling has been an important part of human communication for thousands of years, and it has played a vital role in preserving cultures, traditions, and histories. Storytelling can take many forms, including oral storytelling, written storytelling, visual storytelling, and performance storytelling. In each form, the storyteller uses their skills to engage their audience and draw them into the story, creating an emotional connection and conveying a message or moral lesson. Storytelling can be used for entertainment, education, persuasion, or any other purpose that requires effective communication.",1/2017,false,https://media.licdn.com/dms/image/v2/D5603AQGR2btIus-h9A/profile-displayphoto-scale_200_200/B56ZtlIPI7KgAY-/0/1766928218250?e=1788998400&v=beta&t=ImuQhssNR1Gi6haQ8pfoVyV2Ir2JzNiubFsUeRycY2M,false,"An integrative systems thinker who seeks to understand reality by identifying fundamental patterns, synthesizing knowledge across disciplines, and constructing coherent frameworks that explain complex phenomena.Details:We live in a world where information is expanding faster than human understanding. Artificial Intelligence can process enormous amounts of data. Traditional IQ can measure analytical ability. Emotional Intelligence can help us manage relationships.But one fundamental question remains: How well do we understand reality itself? This is the foundation of Reality IQ. It is the capacity to develop a deeper relationship with reality — to perceive accurately, understand deeply, respond wisely, and continuously evolve through experience. It is not about knowing more facts. It is about seeing more clearly.A person with higher Reality IQ develops the ability to: Perceive Reality — observe without distortion from assumptions, biases, and conditioning. Understand Reality — discover patterns, connections, systems, and deeper causes behind visible events. Respond to Reality — make decisions aligned with actual conditions rather than imagined beliefs. Grow through Reality — learn, adapt, and transform through continuous feedback from life.Reality IQ connects knowledge with wisdom, intelligence with awareness, and action with purpose. The journey is:Reality Reality Cognition Reality IQ Wise Action Human Potential ExcellenceThis community explores the deeper questions: How does the human mind construct reality? How can we improve the quality of our perception? How do science, philosophy, psychology, systems thinking, AI, and human potential connect? How can individuals and organizations make better decisions by developing a stronger relationship with reality?The future belongs not only to those who know more, but to those who can see more clearly, think more deeply, and act more wisely.Welcome to the exploration of Reality IQ, the intelligence of understanding and navigating reality.I would suggest using this as the LinkedIn group “About” section. For stronger positioning, the group could also have a short tagline such as: “Developing the intelligence to see reality clearly, understand deeply, and create wisely.”",220,2026-09-01 21:00:56.853 +0530,,,,,,,,,,,,chinmoy.sarkar@yahoo.com,,,,,1563,
Beenoo yadav,Beenoo,yadav,https://www.linkedin.com/in/beenoo-yadav-aa18baa8,urn:li:member:384443545,beenoo-yadav-aa18baa8,,,Mumbai Metropolitan Region,Mumbai Metropolitan Region,EyeMyEye,Mumbai Metropolitan Region | Professional Profile,6-10yoe_global_indian,member_urn,,,,,,,,,,,,false,https://media.licdn.com/dms/image/v2/C4E03AQE0ABGP3fVpyQ/profile-displayphoto-shrink_100_100/profile-displayphoto-shrink_100_100/0/1517512921708?e=1788998400&v=beta&t=wkvc6ntQ3ouyb0F9nOws1iw3sXkMFgCrF5nS2UENma4,false,"Experienced backend developer with over 6 years in scalable system architecture, API optimization, and database management using Python, Django, PostgreSQL, Redis, and Elasticsearch.",1607,2026-09-01 21:00:56.853 +0530,Mumbai Metropolitan Region | Professional Profile,,1167,,,,{},,,,,beenoo1996@gmail.com,,,,,1824,
chandan kumar,chandan,kumar,https://www.linkedin.com/in/chandan-kumar-92ab7b29,urn:li:member:101440114,chandan-kumar-92ab7b29,Bengaluru,Karnataka,India,"Bengaluru, Karnataka, India",Tata Communications,Senior Manager,10+yoe_global,member_urn,,,,,,,,,,,,false,https://media.licdn.com/dms/image/v2/D5603AQF9t2-y05WVSQ/profile-displayphoto-scale_400_400/B56ZvUmFQmJEAg-/0/1768798313900?e=1788998400&v=beta&t=gEeiyEJjrMYc88nuKs-gTpirdYESvULOmjTmRxqRxjs,false,"A Sales & marketing professional with more than 17 years of experience in Solution Design and Implementation, Strategic Marketing, Brand Management, Business Development, Demand Generation, Lead Generation, Corporate Communication, Public Relations, Partner Relations and Knowledge Management. Proficient at grasping new business concepts quickly and utilizing the same in a productive manner. Distinction of understanding & exploring new markets for business development and set up/streamline operations. An Out-of-the-Box thinker with a flair for charting out competitive marketing strategies. Professional Specialty Channel Development & Management Product/Brand Management Market Research Market and Enterprise Strategy Planning Business Development Competitive Analysis Relationship Management Strong people Skills",2746,2026-09-01 21:00:56.853 +0530,Mobility & IoT,,,,,,,,,,,rahulasmi@gmail.com,,,,,2552,
Debabrata Datta,Debabrata,Datta,https://www.linkedin.com/in/debabrata-datta-20a6505,urn:li:member:16526890,debabrata-datta-20a6505,Bengaluru,Karnataka,India,"Bengaluru, Karnataka, India",Larsen & Toubro,,10+yoe_global,member_urn,,,,,,,,,,,,false,https://media.licdn.com/dms/image/v2/C4E03AQGPYTTxn3-w2Q/profile-displayphoto-shrink_100_100/profile-displayphoto-shrink_100_100/0/1517751905144?e=1788998400&v=beta&t=yemxbur6Bbr7d2Ltwzr5Am3t2SlKcnpqo7pRnxvLZ70,false,,4052,2026-09-01 21:00:56.853 +0530,Consultant at Larsen & Toubro,,,,,,,,,,,debabrata.datta@larsentoubro.com,debabrata.datta@larsentoubro.com,,,,2094,
Debananda Tripathy,Debananda,Tripathy,https://www.linkedin.com/in/debananda-tripathy-61424917,urn:li:member:57330736,debananda-tripathy-61424917,Bhubaneshwar,Odisha,India,"Bhubaneshwar, Odisha, India",Jindal Africa Mozambique,Head-Exploration,10+yoe_global,member_urn,,,,,,,,,,,,false,https://media.licdn.com/dms/image/v2/C5603AQGLQdZnNXH1FA/profile-displayphoto-shrink_100_100/profile-displayphoto-shrink_100_100/0/1521108700691?e=1788998400&v=beta&t=d_oBceR8Go4lmc7YMcDl-YE39UhefEXKAiwL6nyOV7Q,false,,3475,2026-09-01 21:00:56.853 +0530,Mineral Exploration,,,,,,,,,,,"debananda@etaascon.com, dntbbsr@yahoo.com",debananda@etaascon.com,,,,2042,
Debdulal Mandal,Debdulal,Mandal,https://www.linkedin.com/in/debdulal-mandal-b18618,urn:li:member:1529156,debdulal-mandal-b18618,Kolkata,West Bengal,India,"Kolkata, West Bengal, India",Codebucket Solutions Private Limited,"Head IT at BIPARD, Gaya",10+yoe_global,member_urn,,,,,,,,,,,,false,https://media.licdn.com/dms/image/v2/C4D03AQEiFj663YeBlA/profile-displayphoto-shrink_100_100/profile-displayphoto-shrink_100_100/0/1516244549872?e=1788998400&v=beta&t=FHHnz9P1Xm7T86bB29G4eBSYvCN070yCfiHAnhPjhYM,false,"Over 20 years of experience in IT Services and management for different business areas spanning Insurance, Banking, Retail, CPG, including Government, and worked in different technology areas as per the need of the services I was associated with. Played key roles in a number of client projects and maintained track records of successful deliveries. Developed new technology skills like GIS, GCP, PYTHON, POSTGRESQL, Power BI. Fully conversant with multiple GIS Software like QGIS, ArcGIS, Datum Workstation, GEE. For last 9 years I am into GIS and Geospatial technology areas and working as Freelance Adviser to support various technical trainings and WEBGIS implementations.",2414,2026-09-01 21:00:56.853 +0530,Sr. Adviser with IT and GIS specialization,,,,,,,,,,,debumandal@hotmail.com,,,,,1689,
Deepak Chawla,Deepak,Chawla,https://www.linkedin.com/in/deepak-chawla-5a62531b,urn:li:member:69285006,deepak-chawla-5a62531b,Noida,Uttar Pradesh,India,"Noida, Uttar Pradesh, India",Liberty Commodities Ltd,Mining Projects Head,10+yoe_global,member_urn,,,,,,,,,,"Examine,assess & evaluate potential mineral assets for acquisition & doing technical,financial & legal due diligence studies of prospective acquistions globaly. Trading of Iron Ore,Chrome ore,Mn Ore & other minerals.",10/2007,false,https://media.licdn.com/dms/image/v2/C4D03AQHNTc4s8cWIug/profile-displayphoto-shrink_100_100/profile-displayphoto-shrink_100_100/0/1516864467589?e=1788998400&v=beta&t=vSqXs2uFbTZrOl2PE6AAye4xXAIGPPWeqCIslqzAUdg,false,"A competent Mining Engineer with over 48 years experience in coal & metal mining industry with expertise in planning,projects,operations,lease matters,forest & environmental matters,evaluation & assessment of minral resources",201,2026-09-01 21:00:56.853 +0530,,,,,,,,,,,,deepakc42@yahoo.com,,,,,2099,
Deepak Chhabra,Deepak,Chhabra,https://www.linkedin.com/in/deepak-chhabra-63b28b5,urn:li:member:15613391,deepak-chhabra-63b28b5,Noida,Uttar Pradesh,India,"Noida, Uttar Pradesh, India",Fiserv,Project Manager Scrum Master,10+yoe_global,member_urn,,,,,,,,,,,,false,https://media.licdn.com/dms/image/v2/D4D03AQGQFmQB8j4t_Q/profile-displayphoto-shrink_100_100/B4DZRwHh76GUAY-/0/1737047810661?e=1788998400&v=beta&t=qysJIJLzalOJkReCvbjWnp9ZjbES8adbOzjZNSaFagY,false,"As a seasoned IT professional with over 25 years of experience, I bring a unique blend of technical expertise and leadership to Agile project management, quality assurance, and software delivery. My journey includes spearheading global projects, managing cross-functional teams, and ensuring excellence in QA and Scrum methodologies. Key accomplishments include: 1. Certified Scrum Master with a proven track record in Agile transformations, sprint planning, and team coaching. 2. Successfully led geographically distributed teams across India and the USA to deliver high-impact projects in the payments domain. 3. Built and maintained automated regression testing environments, reducing testing cycles and increasing efficiency. 4. Proficient in managing audits, stakeholder engagement, and client communication to ensure seamless project delivery. Core Competencies: 1. Agile & Scrum Leadership 2. Quality Assurance & Testing (ISTQB Certified) 3. Project Management & Stakeholder Engagement 4. Regression Testing & Automated QA Processes 5. Cross-Functional Team Management",2412,2026-09-01 21:00:56.853 +0530,Certified Scrum Master | QA & Testing Leader | Agile Project Management Expert | 25+ Years Driving Innovation in IT and Financial Services,,,,,,,,,,,"deepak.chhabra@fiserv.co.in, deepak.kchhabra@gmail.com, deepak.chhabra@fiserv.com","deepak.chhabra@fiserv.co.in, deepak.chhabra@fiserv.com",,,,1833,
Gaurav Srivastava,Gaurav,Srivastava,https://www.linkedin.com/in/gaurav-srivastava-54075412,urn:li:member:43656960,gaurav-srivastava-54075412,Bengaluru,Karnataka,India,"Bengaluru, Karnataka, India",Swiggy,Senior Fulfilment Expert,6-10yoe_global_indian,member_urn,,,,,,,,,,,,false,https://media.licdn.com/dms/image/v2/D5603AQHjpbd2EXs6jQ/profile-displayphoto-shrink_100_100/profile-displayphoto-shrink_100_100/0/1668912093142?e=1788998400&v=beta&t=Ihi0h_T6JgNQ-0H1S0COc07LrgBisVstW92QaU7nPcs,false,"Seeking challenging assignments for a career encompassing personal & professional enhancement in across the industry Specialties: 1). Languages - C++ 2). Software Testing : Manual Testing 3). Automated Tools : QTP 9.5version n QTP 11.0version 4). Scripting Languages : VB Script 5). Microsoft Technologies - ASP.NET 6). Database - SQL 7). Hardware Exposure - System Integrating,Trouble Shooting and Hardware Assembling 8). Word Processing & Documentation : Ms-Word 9). Operating System : Windows XP,Windows 7,MS-DOS",2339,2026-09-01 21:00:56.853 +0530,Haptik Inc.,,,,,,,,,,,srvstvgaurav@yahoo.co.in,,,,,2544,
Vijay Kumar,Vijay,Kumar,https://www.linkedin.com/in/geotechdelhi,urn:li:member:15667347,geotechdelhi,Delhi,,India,"Delhi, India","Sawangeen - NGO, Delhi",Advisor cum Convener Social Sector (Water Resources Development & Environ.),10+yoe_global,member_urn,,,,,,,,,,"To address ""Swachh Grameen India"" with An Integrated Approach"" on Water (rural surface drainage / rural runoff to groundwater) / Air / Soil (top soil to sub soils) with Solid Waste Management for SAFE & CLEAN Environment in Rural India",2/2015,false,https://media.licdn.com/dms/image/v2/D5603AQHr_7r2Z2zd_Q/profile-displayphoto-scale_200_200/B56Zgamv3zHcAg-/0/1752793023881?e=1788998400&v=beta&t=1mYaEt7cO-h2OeFZ4LgdePdUFUhUSQx-lTQgqPRY88Y,false,"Geotechnical, Environmental, Water Resources Planning, Exploration & Development Expert Specialties: (1) Rainwater Harvesting Feasibility Studies & Design Layout for Industry / Residential Complex / Institution / Farm House (2) High Yield Tube Well Site Selection for Industries / Irrigation / Residential Complexes / Institutions (3) The Sub-Surface Assessments for Landfills that influence the groundwater quality, extension of pollutants and leakage around hazardous waste sites for Industry / Residential Complex (4) Geophysics in Engineering",152,2026-09-01 21:00:56.853 +0530,,,,,,,,,,,,vj2001kumar@hotmail.com,,,,,2417,
Gunadhar Pandey,Gunadhar,Pandey,https://www.linkedin.com/in/gunadhar-pandey-99384244,urn:li:member:157349631,gunadhar-pandey-99384244,Ranchi,Jharkhand,India,"Ranchi, Jharkhand, India",Northern Coalfields Limited,Director Of Technical Operations,10+yoe_global,member_urn,,,,,,,,,,,,false,https://media.licdn.com/dms/image/v2/C5603AQF23vlQCOrYMg/profile-displayphoto-shrink_100_100/profile-displayphoto-shrink_100_100/0/1618047034844?e=1788998400&v=beta&t=01tGswYlPaa75bV1rD53MQxixsrMfff-2UnIfPKuFo4,false,"Offering an experience of 38 years in Mining Industry with expertise in production & planing , procurement , liasioning and land acquisition . Served as functional director of board for more than 5 years in PSU company and help the organization to achieved the highest production from highly mechanized mines .",2727,2026-09-01 21:00:56.853 +0530,Ex -Director Technical Operations at  Northern Coalfields Limited- A Coal India Company,,,,,,,,,,,gunadharpandey@gmail.com,,,,,2232,
Atulya Anand,Atulya,Anand,https://www.linkedin.com/in/incrediblejoy,urn:li:member:246991986,incrediblejoy,Bengaluru,Karnataka,India,"Bengaluru, Karnataka, India",DvSum,Data Engineer,6-10yoe_global_indian,member_urn,,,,,,,,,,,,false,https://media.licdn.com/dms/image/v2/D4D03AQGcmJuWlKPOyQ/profile-displayphoto-shrink_100_100/B4DZR01CulHcAU-/0/1737126849914?e=1788998400&v=beta&t=IxPAVymh1uCy0nEXI_k2kR-bMmsqnDNuutW8NVEBUSY,false,"Experience: DvSum · Education: Indian Institute of Technology (Indian School of Mines), Dhanbad · Location: Bengaluru · 189 connections on LinkedIn. View Atulya Anand’s profile on LinkedIn, a professional community of 1 billion members.",1295,2026-09-01 21:00:56.853 +0530,DvSum,https://www.linkedin.com/company/dvsum-llc,189,,2011,2015,"{""Indian Institute of Technology (Indian School of Mines), Dhanbad""}",,,,,atulyaanand@gmail.com,,,,,1776,
Indrajit Hazra,Indrajit,Hazra,https://www.linkedin.com/in/indrajit-hazra-707a7414,urn:li:member:50417143,indrajit-hazra-707a7414,,,Greater Kolkata Area,Greater Kolkata Area,Danieli India Limited,General Manager Procurement,10+yoe_global,member_urn,,,,,,,,,,"Project Management for Integrated Steel Plant Project Responsibility: 1. To Manage & co-ordinate the projects activities during it’s various phases like Basic Engineer, Detail engineering, Procurement & delivery, Erection and commissioning. 2. Earlier responsibility as Planning Engineer in Planning Activities and producing progress reports for Clients as well as for Internal Monitoring at Kolkata or Head Office in Italy.  2.1 Making & updating L2 & L3 schedules with resources  2.2 Work Breakdown structure, Resource loading & resource smoothing  2.3 Monthly Executive summery of Indian Operation  2.4 S-Curve for various projects  2.5 Cash in-flow & outflow planning & its monitoring on monthly basis  2.6 Billing schedule preparation  2.7 Additional responsibility as Key User for ERP (ONE WORLD) implementation",11/2025,false,https://media.licdn.com/dms/image/v2/D5603AQG4raBoBqGx9w/profile-displayphoto-shrink_800_800/B56ZdU3M16HEAc-/0/1749475447498?e=1788998400&v=beta&t=yaD-zCeoC1PbSmVkkelqJibIx5aQjqkzaYxeXBeptqE,false,"More than twenty two years of experience in Project Purchase and Project Management of EPC Projects of Steel Plants (Both Project Office & Site Office) Specialties: Sourcing and Purchase, Supplier development, Project Management, Project Planning & Project Control for both Green field & brown field projects",15,2026-09-01 21:00:56.853 +0530,,,,,,,,,,,,inhaz@rediffmail.com,,,,,1727,
Jayanta Paul,Jayanta,Paul,https://www.linkedin.com/in/jayanta-paul-34b83b2,urn:li:member:8044331,jayanta-paul-34b83b2,Bengaluru,Karnataka,India,"Bengaluru, Karnataka, India",Wipro Technologies,Global Transformation,10+yoe_global,member_urn,,,,,,,,,,,,false,https://static.licdn.com/aero-v1/sc/h/bgaqk7x4ntjz0wg67d8u723eb,false,"Experience: Wipro Technologies · Education: ASQ · Location: Bengaluru · 300 connections on LinkedIn. View Jayanta Paul’s profile on LinkedIn, a professional community of 1 billion members.",1370,2026-09-01 21:00:56.853 +0530,Wipro Technologies,https://in.linkedin.com/company/wipro,298,,,,{ASQ},,,,,jayantapaul@hotmail.com,,,,,2668,
